cutoff_radius_over_r0,radius_squared,shell_multiplicity,shell_charge,shell_madelung_contribution,direct_madelung_sum,local_charge,delta_q,image_charge_correction,neutralized_madelung_sum,reference,direct_error,neutralized_error
1.0,1,6,-6,-6.0,-6.0,-5,5,5.0,-1.0,-1.7475645946331821,-4.252435405366818,0.7475645946331821
1.4142135623730951,2,12,12,8.485281374238571,2.4852813742385713,7,-7,-4.949747468305833,-2.4644660940672614,-1.7475645946331821,4.232845968871754,-0.7169014994340792
1.7320508075688772,3,8,-8,-4.618802153517007,-2.1335207792784354,-1,1,0.5773502691896258,-1.5561705100888097,-1.7475645946331821,-0.3859561846452533,0.19139408454437246
2.0,4,6,6,3.0,0.8664792207215646,5,-5,-2.5,-1.6335207792784354,-1.7475645946331821,2.614043815354747,0.11404381535474672
2.23606797749979,5,24,-24,-10.733126291998996,-9.86664707127743,-19,19,8.497058314499201,-1.3695887567782297,-1.7475645946331821,-8.119082476644248,0.3779758378549525
2.449489742783178,6,24,24,9.797958971132713,-0.06868810014471727,5,-5,-2.041241452319315,-2.1099295524640325,-1.7475645946331821,1.6788764944884649,-0.3623649578308503
2.8284271247461903,8,12,12,4.242640687119286,4.173952586974568,17,-17,-6.010407640085654,-1.8364550531110853,-1.7475645946331821,5.921517181607751,-0.08889045847790311
3.0,9,30,-30,-10.0,-5.826047413025432,-13,13,4.333333333333333,-1.4927140796920986,-1.7475645946331821,-4.078482818392249,0.2548505149410836
3.1622776601683795,10,24,24,7.589466384404111,1.7634189713786794,11,-11,-3.478505426185217,-1.7150864548065377,-1.7475645946331821,3.510983566011862,0.03247813982664449
3.3166247903554,11,24,-24,-7.236272269866324,-5.472853298487645,-13,13,3.9196474795109273,-1.5532058189767177,-1.7475645946331821,-3.7252887038544626,0.19435877565646442
3.4641016151377544,12,8,8,2.3094010767585034,-3.1634522217291416,-5,5,1.4433756729740645,-1.720076548755077,-1.7475645946331821,-1.4158876270959595,0.02748804587810505
3.605551275463989,13,24,-24,-6.656402354702748,-9.81985457643189,-29,29,8.043152845265823,-1.7767017311660673,-1.7475645946331821,-8.072289981798708,-0.02913713653288519
3.7416573867739413,14,48,48,12.828539611796364,3.008685035364474,19,-19,-5.077963596336064,-2.06927856097159,-1.7475645946331821,4.756249629997656,-0.32171396633840765
4.0,16,6,6,1.5,4.508685035364474,25,-25,-6.25,-1.7413149646355262,-1.7475645946331821,6.256249629997656,0.006249629997655992
4.123105625617661,17,48,-48,-11.641710001743974,-7.1330249663795,-23,23,5.578319375835658,-1.5547055905438416,-1.7475645946331821,-5.385460371746317,0.19285900408934054
4.242640687119285,18,36,36,8.485281374238568,1.352256407859068,13,-13,-3.0641293851417064,-1.7118729772826384,-1.7475645946331821,3.0998210024922503,0.035691617350543714
4.358898943540674,19,24,-24,-5.505977612893482,-4.153721205034414,-11,11,2.523573072576179,-1.6301481324582352,-1.7475645946331821,-2.406156610401232,0.11741646217494695
4.47213595499958,20,24,24,5.366563145999498,1.2128419409650837,13,-13,-2.9068883707497264,-1.6940464297846427,-1.7475645946331821,2.960406535598266,0.05351816484853944
4.58257569495584,21,48,-48,-10.474458731327642,-9.26161679036256,-35,35,7.637626158259733,-1.6239906321028261,-1.7475645946331821,-7.514052195729377,0.12357396253035602
4.69041575982343,22,24,24,5.116817192534648,-4.1447995978279115,-11,11,2.345207879911715,-1.7995917179161967,-1.7475645946331821,-2.397235003194729,-0.05202712328301451
4.898979485566356,24,24,24,4.898979485566357,0.7541798877384451,13,-13,-2.65361388801511,-1.8994340002766648,-1.7475645946331821,2.5017444823716275,-0.1518694056434826
5.0,25,30,-30,-6.000000000000003,-5.2458201122615575,-17,17,3.4,-1.8458201122615576,-1.7475645946331821,-3.498255517628375,-0.09825551762837548
5.0990195135927845,26,72,72,14.12036172994923,8.874541617687672,55,-55,-10.786387432600122,-1.91184581491245,-1.7475645946331821,10.622106212320855,-0.16428122027926784
5.196152422706632,27,32,-32,-6.158402871356006,2.7161387463316666,23,-23,-4.426352063787131,-1.7102133174554641,-1.7475645946331821,4.463703340964849,0.03735127717771802
5.385164807134504,29,72,-72,-13.370064348747722,-10.653925602416056,-49,49,9.099071570675541,-1.5548540317405148,-1.7475645946331821,-8.906361007782873,0.1927105628926673
5.477225575051661,30,48,48,8.76356092008266,-1.890364682333395,-1,1,0.18257418583505536,-1.7077904964983397,-1.7475645946331821,-0.1428000877002129,0.03977409813484245
5.656854249492381,32,12,12,2.121320343559643,0.23095566122624778,11,-11,-1.9445436482630056,-1.7135879870367579,-1.7475645946331821,1.97852025585943,0.03397660759642429
5.744562646538029,33,48,-48,-8.355727485873503,-8.124771824647254,-37,37,6.44087327036082,-1.6838985542864346,-1.7475645946331821,-6.377207230014072,0.0636660403467475
5.830951894845301,34,48,48,8.231932086840413,0.10716026219315822,11,-11,-1.8864844365675972,-1.779324174374439,-1.7475645946331821,1.8547248568263404,-0.03175957974125687
5.916079783099616,35,48,-48,-8.113480845393763,-8.006320583200605,-37,37,6.254141484991022,-1.7521790982095826,-1.7475645946331821,-6.258755988567422,-0.004614503576400475
6.0,36,30,30,5.0,-3.006320583200605,-7,7,1.1666666666666667,-1.839653916533938,-1.7475645946331821,-1.2587559885674227,-0.09208932190075592
6.082762530298219,37,24,-24,-3.945575695328575,-6.95189627852918,-31,31,5.0963686064660765,-1.8555276720631033,-1.7475645946331821,-5.204331683895997,-0.10796307742992117
6.164414002968976,38,72,72,11.679942321414917,4.728046042885737,41,-41,-6.651078266361265,-1.923032223475528,-1.7475645946331821,6.475610637518919,-0.1754676288423458
6.324555320336759,40,24,24,3.7947331922020555,8.522779235087793,65,-65,-10.277402395547233,-1.75462316045944,-1.7475645946331821,10.270343829720975,-0.0070585658262578566
6.4031242374328485,41,96,-96,-14.992681141306198,-6.469901906218405,-31,31,4.841386618546788,-1.6285152876716174,-1.7475645946331821,-4.722337311585223,0.1190493069615648
6.48074069840786,42,48,48,7.406560798180409,0.9366588919620034,17,-17,-2.6231569493555624,-1.686498057393559,-1.7475645946331821,2.6842234865951857,0.061066537239623075
6.557438524302,43,24,-24,-3.659965687982513,-2.7233067960205095,-7,7,1.0674899923282326,-1.655816803692277,-1.7475645946331821,-0.9757422013873274,0.09174779094090524
6.6332495807108,44,24,24,3.618136134933162,0.8948293389126527,17,-17,-2.5628464289109907,-1.668017089998338,-1.7475645946331821,2.6423939335458346,0.07954750463484417
6.708203932499369,45,72,-72,-10.733126291998992,-9.83829695308634,-55,55,8.198915917499228,-1.6393810355871121,-1.7475645946331821,-8.090732358453158,0.10818355904607002
6.782329983125268,46,48,48,7.077213895435064,-2.761083057651276,-7,7,1.03209369308428,-1.728989364566996,-1.7475645946331821,-1.0135184630180938,0.01857523006618611
6.928203230275509,48,8,8,1.1547005383792517,-1.6063825192720242,1,-1,-0.14433756729740646,-1.7507200865694308,-1.7475645946331821,0.1411820753611579,-0.0031554919362486444
7.0,49,54,-54,-7.714285714285722,-9.320668233557747,-53,53,7.571428571428571,-1.7492396621291757,-1.7475645946331821,-7.5731036389245645,-0.001675067495993554
7.0710678118654755,50,84,84,11.879393923933986,2.5587256903762388,31,-31,-4.384062043356595,-1.8253363529803561,-1.7475645946331821,4.306290285009421,-0.07777175834717398
7.14142842854285,51,48,-48,-6.721344403334452,-4.1626187129582135,-17,17,2.3804761428476167,-1.7821425701105968,-1.7475645946331821,-2.415054118325031,-0.0345779754774147
7.211102550927978,52,24,24,3.328201177351374,-0.8344175356068395,7,-7,-0.9707253433941511,-1.8051428790009907,-1.7475645946331821,0.9131470590263426,-0.05757828436780854
7.280109889280518,53,72,-72,-9.889960604305614,-10.724378139912453,-65,65,8.928436656664786,-1.7959414832476668,-1.7475645946331821,-8.97681354527927,-0.04837688861448464
7.3484692283495345,54,96,96,13.063945294843602,2.3395671549311494,31,-31,-4.218565668126584,-1.8789985131954348,-1.7475645946331821,4.087131749564332,-0.13143391856225262
7.483314773547883,56,48,48,6.414269805898182,8.753836960829332,79,-79,-10.556819055540764,-1.8029820947114317,-1.7475645946331821,10.501401555462515,-0.055417500078249526
7.54983443527075,57,48,-48,-6.357755313912206,2.3960816469171267,31,-31,-4.106050306901635,-1.7099686599845088,-1.7475645946331821,4.143646241550309,0.03759593464867339
7.615773105863909,58,24,24,3.151354388633343,5.5474360355504695,55,-55,-7.221853807284741,-1.6744177717342712,-1.7475645946331821,7.295000630183652,0.07314682289891095
7.681145747868608,59,72,-72,-9.373601590619312,-3.826165555068843,-17,17,2.213211486674006,-1.6129540683948371,-1.7475645946331821,-2.0786009604356606,0.13461052623834502
7.810249675906654,61,72,-72,-9.218655355168519,-13.044820910237362,-89,89,11.395282314027742,-1.64953859620962,-1.7475645946331821,-11.29725631560418,0.09802599842356208
7.874007874011811,62,96,96,12.192012192018295,-0.8528087182190678,7,-7,-0.8890008890013334,-1.7418096072204012,-1.7475645946331821,0.8947558764141144,0.00575498741278091
8.0,64,6,6,0.75,-0.10280871821906779,13,-13,-1.625,-1.7278087182190678,-1.7475645946331821,1.6447558764141144,0.01975587641411436
8.06225774829855,65,96,-96,-11.907334520564019,-12.010143238783087,-83,83,10.294882970904302,-1.7152602678787847,-1.7475645946331821,-10.262578644149905,0.03230432675439743
8.12403840463596,66,96,96,11.816783134015921,-0.1933601047671658,13,-13,-1.6001893827313254,-1.7935494874984912,-1.7475645946331821,1.5542044898660163,-0.045984892865309046
8.18535277187245,67,24,-24,-2.932066664551325,-3.1254267693184907,-11,11,1.3438638879193574,-1.7815628813991333,-1.7475645946331821,-1.3778621746853086,-0.03399828676595118
8.246211251235321,68,48,48,5.820855000871987,2.695428231553496,37,-37,-4.48690906317216,-1.7914808316186637,-1.7475645946331821,4.4429928261866785,-0.04391623698548153
8.306623862918075,69,96,-96,-11.557041896233851,-8.861613664680355,-59,59,7.1027653320603825,-1.7588483326199729,-1.7475645946331821,-7.114049070047173,-0.01128373798679072
8.366600265340756,70,48,48,5.737097324805089,-3.1245163398752664,-11,11,1.314751470267833,-1.8097648696074335,-1.7475645946331821,-1.3769517452420843,-0.0622002749742514
8.48528137423857,72,36,36,4.242640687119284,1.1181243472440174,25,-25,-2.946278254943948,-1.8281539076999307,-1.7475645946331821,2.8656889418772,-0.08058931306674855
8.54400374531753,73,48,-48,-5.617975065414261,-4.499850718170244,-23,23,2.6919463855110033,-1.8079043326592403,-1.7475645946331821,-2.7522861235370613,-0.06033973802605819
8.602325267042627,74,120,120,13.949716649258349,9.449865931088105,97,-97,-11.27602095815047,-1.8261550270623648,-1.7475645946331821,11.197430525721288,-0.07859043242918262
8.660254037844387,75,56,-56,-6.466323014923812,2.9835429161642937,41,-41,-4.73427220735493,-1.7507292911906367,-1.7475645946331821,4.731107510797476,-0.0031646965574545494
8.717797887081348,76,24,24,2.752988806446741,5.736531722611035,65,-65,-7.456011350793257,-1.7194796281822216,-1.7475645946331821,7.484096317244218,0.02808496645096059
8.774964387392123,77,96,-96,-10.940215340125237,-5.203683617514201,-31,31,3.532777870248776,-1.6709057472654254,-1.7475645946331821,-3.456119022881019,0.07665884736775674
8.831760866327848,78,48,48,5.4349297638940595,0.23124614637985808,17,-17,-1.9248709580458125,-1.6936248116659545,-1.7475645946331821,1.9788107410130402,0.05393978296722768
8.94427190999916,80,24,24,2.683281572999749,2.914527719379607,41,-41,-4.583939353874569,-1.6694116344949617,-1.7475645946331821,4.6620923140127895,0.07815296013822048
9.0,81,102,-102,-11.333333333333309,-8.418805613953701,-61,61,6.777777777777778,-1.6410278361759234,-1.7475645946331821,-6.671241019320519,0.10653675845725874
9.055385138137417,82,48,48,5.300713251592638,-3.118092362361063,-13,13,1.435609838973005,-1.6824825233880578,-1.7475645946331821,-1.3705277677278807,0.06508207124512433
9.1104335791443,83,72,-72,-7.903026719257709,-11.021119081618771,-85,85,9.32996209912368,-1.691156982495091,-1.7475645946331821,-9.273554486985589,0.0564076121380912
9.16515138991168,84,48,48,5.237229365663821,-5.78388971595495,-37,37,4.037030969365859,-1.7468587465890906,-1.7475645946331821,-4.0363251213217675,0.0007058480440915726
9.219544457292887,85,48,-48,-5.206330987647747,-10.990220703602697,-85,85,9.219544457292887,-1.7706762463098098,-1.7475645946331821,-9.242656108969515,-0.023111651676627654
9.273618495495704,86,120,120,12.939932784412639,1.9497120808099417,35,-35,-3.7741470621203446,-1.8244349813104028,-1.7475645946331821,3.697276675443124,-0.07687038667722068
9.38083151964686,88,24,24,2.558408596267324,4.508120677077265,59,-59,-6.289421132490507,-1.7813004554132421,-1.7475645946331821,6.255685271710448,-0.03373586078005997
9.433981132056603,89,144,-144,-15.263969472091587,-10.755848795014321,-85,85,9.00998198005406,-1.7458668149602605,-1.7475645946331821,-9.008284200381139,0.0016977796729216177
9.486832980505138,90,120,120,12.649110640673541,1.8932618456592198,35,-35,-3.689323936863109,-1.7960620912038894,-1.7475645946331821,3.640826440292402,-0.04849749657070723
9.539392014169456,91,48,-48,-5.031767216265208,-3.138505370605988,-13,13,1.3627702877384937,-1.7757350828674943,-1.7475645946331821,-1.3909407759728059,-0.02817048823431212
9.643650760992955,93,48,-48,-4.977368134706041,-8.11587350531203,-61,61,6.325405337855594,-1.7904681674564351,-1.7475645946331821,-6.368308910678847,-0.04290357282325297
9.695359714832659,94,96,96,9.901643964084425,1.7857704587723955,35,-35,-3.6099743619057767,-1.8242039031333812,-1.7475645946331821,3.533335053405578,-0.07663930850019907
9.797958971132712,96,24,24,2.4494897427831783,4.235260201555574,59,-59,-6.02166228434198,-1.786402082786406,-1.7475645946331821,5.982824796188757,-0.038837488153223854
9.848857801796104,97,48,-48,-4.87366159264137,-0.6384013910857957,11,-11,-1.116880781646981,-1.7552821727327768,-1.7475645946331821,1.1091632035473864,-0.007717578099594613
9.899494936611665,98,108,108,10.90964748116388,10.271246090078083,119,-119,-12.020815280171307,-1.749569190093224,-1.7475645946331821,12.018810684711266,-0.002004595460041836
9.9498743710662,99,72,-72,-7.236272269866321,3.0349738202117624,47,-47,-4.723677731718297,-1.6887039115065345,-1.7475645946331821,4.782538414844945,0.058860683126647606
10.0,100,30,30,3.0000000000000013,6.034973820211764,77,-77,-7.7,-1.665026179788236,-1.7475645946331821,7.782538414844947,0.08253841484494617
10.04987562112089,101,168,-168,-16.71662479552785,-10.681650975316085,-91,91,9.054838430910902,-1.6268125444051833,-1.7475645946331821,-8.934086380682903,0.12075205022799884
10.099504938362077,102,48,48,4.752708206288035,-5.92894276902805,-43,43,4.2576344347997,-1.6713083342283506,-1.7475645946331821,-4.181378174394868,0.07625626040483158
10.198039027185569,104,72,72,7.060180864974615,1.131238095946565,29,-29,-2.8436839595036685,-1.7124458635571034,-1.7475645946331821,2.8788026905797475,0.03511873107607877
10.246950765959598,105,96,-96,-9.368640700305903,-8.237402604359339,-67,67,6.538530488755173,-1.698872115604166,-1.7475645946331821,-6.4898380097261565,0.04869247902901619
10.295630140987,106,72,72,6.993258208972296,-1.2441443953870426,5,-5,-0.48564293117863205,-1.7297873265656747,-1.7475645946331821,0.5034201992461396,0.017777268067507457
10.344080432788601,107,72,-72,-6.960502721128786,-8.20464711651583,-67,67,6.477134476605945,-1.7275126399098841,-1.7475645946331821,-6.457082521882647,0.020051954723298016
10.392304845413264,108,32,32,3.079201435678003,-5.125445680837826,-35,35,3.367876570272817,-1.7575691105650093,-1.7475645946331821,-3.377881086204644,-0.010004515931827163
10.44030650891055,109,72,-72,-6.896349253592286,-12.021794934430112,-107,107,10.248741251866319,-1.773053682563793,-1.7475645946331821,-10.27423033979693,-0.025489087930610888
10.488088481701515,110,144,144,13.729861285136534,1.7080663507064227,37,-37,-3.5278115802086916,-1.819745229502269,-1.7475645946331821,3.455630945339605,-0.07218063486908677
10.63014581273465,113,96,-96,-9.030920336482515,-7.322853985776092,-59,59,5.550253123463223,-1.7726008623128688,-1.7475645946331821,-5.57528939114291,-0.025036267679686697
10.677078252031311,114,96,96,8.991223791184263,1.6683698054081706,37,-37,-3.4653675028522675,-1.7969976974440969,-1.7475645946331821,3.415934400041353,-0.04943310281091473
10.723805294763608,115,48,-48,-4.476023079553509,-2.8076532741453386,-11,11,1.025755289064345,-1.7818979850809935,-1.7475645946331821,-1.0600886795121565,-0.03433339044781136
10.770329614269007,116,72,72,6.685032174373861,3.877378900228522,61,-61,-5.663707814400082,-1.78632891417156,-1.7475645946331821,5.6249434948617045,-0.03876431953837778
10.816653826391969,117,120,-120,-11.0940039245046,-7.216625024276078,-59,59,5.454551929548086,-1.7620730947279917,-1.7475645946331821,-5.469060429642895,-0.014508500094809529
10.862780491200215,118,72,72,6.628137248867935,-0.5884877754081428,13,-13,-1.1967470032678205,-1.7852347786759633,-1.7475645946331821,1.1590768192250394,-0.03767018404278111
10.954451150103322,120,48,48,4.38178046004133,3.7932926846331876,61,-61,-5.5685126679691885,-1.775219983336001,-1.7475645946331821,5.54085727926637,-0.027655388702818806
11.0,121,78,-78,-7.090909090909086,-3.297616406275899,-17,17,1.5454545454545454,-1.7521618608213534,-1.7475645946331821,-1.5500518116427167,-0.004597266188171245
11.045361017187261,122,120,120,10.864289525102246,7.566673118826347,103,-103,-9.325181842379408,-1.758508723553061,-1.7475645946331821,9.314237713459528,-0.010944128919878837
11.090536506409418,123,48,-48,-4.328014246403674,3.238658872422673,55,-55,-4.959182990670877,-1.7205241182482043,-1.7475645946331821,4.986223467055855,0.027040476384977863
11.180339887498949,125,144,-144,-12.879751550398831,-9.641092677976157,-89,89,7.960401999899251,-1.6806906780769069,-1.7475645946331821,-7.893528083342975,0.06687391655627528
11.224972160321824,126,144,144,12.82853961179635,3.1874469338201923,55,-55,-4.8997894350611135,-1.7123425012409212,-1.7475645946331821,4.935011528453375,0.0352220933922609
11.313708498984761,128,12,12,1.0606601717798214,4.248107105600013,67,-67,-5.922019292437335,-1.6739121868373221,-1.7475645946331821,5.995671700233196,0.07365240779586002
11.357816691600547,129,144,-144,-12.678493051088955,-8.430385945488942,-77,77,6.779471978707304,-1.650913966781638,-1.7475645946331821,-6.682821350855759,0.09665062785154421
11.40175425099138,130,48,48,4.209878492673739,-4.220507452815203,-29,29,2.5434682559903847,-1.677039196824818,-1.7475645946331821,-2.4729428581820203,0.0705253978083642
11.445523142259598,131,120,-120,-10.484448679932461,-14.704956132747665,-149,149,13.018190444249464,-1.6867656884982,-1.7475645946331821,-12.957391538114482,0.06079890613498207
11.489125293076057,132,48,48,4.177863742936752,-10.527092389810914,-101,101,8.79092162576274,-1.7361707640481736,-1.7475645946331821,-8.779527795177732,0.011393830585008535
11.532562594670797,133,48,-48,-4.162127853715772,-14.689220243526686,-149,149,12.919938545909387,-1.7692816976172985,-1.7475645946331821,-12.941655648893503,-0.021717102984116332
11.575836902790225,134,168,168,14.51298954976688,-0.1762306937598055,19,-19,-1.6413500086045842,-1.8175807023643897,-1.7475645946331821,1.5713339008733767,-0.07001610773120759
11.661903789690601,136,48,48,4.115966043420206,3.939735349660401,67,-67,-5.745202602274046,-1.8054672526136448,-1.7475645946331821,5.687299944293583,-0.05790265798046268
11.704699910719626,137,96,-96,-8.201833514080892,-4.262098164420491,-29,29,2.477637207378607,-1.7844609570418846,-1.7475645946331821,-2.514533569787309,-0.03689636240870242
11.74734012447073,138,96,96,8.172062695283987,3.909964530863496,67,-67,-5.703418756083616,-1.7934542252201204,-1.7475645946331821,5.657529125496678,-0.04588963058693829
11.789826122551595,139,72,-72,-6.106960293695783,-2.1969957628322874,-5,5,0.4240944648399855,-1.772901297992302,-1.7475645946331821,-0.4494311681991052,-0.02533670335911986
11.832159566199232,140,48,48,4.0567404226968815,1.8597446598645941,43,-43,-3.634163295332621,-1.774418635468027,-1.7475645946331821,3.6073092544977765,-0.026854040834844772
11.874342087037917,141,96,-96,-8.08465844223858,-6.224913782373985,-53,53,4.463405181652551,-1.7615086007214344,-1.7475645946331821,-4.477349187740803,-0.013944006088252303
11.916375287812984,142,48,48,4.0280705198241105,-2.1968432625498746,-5,5,0.4195906791483446,-1.77725258340153,-1.7475645946331821,-0.44927866791669246,-0.029687988768347884
12.0,144,30,30,2.5,0.3031567374501254,25,-25,-2.0833333333333335,-1.780176595883208,-1.7475645946331821,2.0507213320833078,-0.032612001250025946
12.041594578792296,145,96,-96,-7.972366065959046,-7.669209328508921,-71,71,5.896229069615537,-1.7729802588933836,-1.7475645946331821,-5.9216447338757385,-0.025415664260201476
12.083045973594572,146,192,192,15.890033061165513,8.22082373265659,121,-121,-10.014031252088651,-1.7932075194320607,-1.7475645946331821,9.968388327289773,-0.04564292479887855
12.12435565298214,147,56,-56,-4.6188021535170005,3.60202157913959,65,-65,-5.361109642475096,-1.759088063335506,-1.7475645946331821,5.349586173772773,-0.011523468702323791
12.165525060596439,148,24,24,1.9727878476642875,5.574809426803878,89,-89,-7.3157549350884,-1.740945508284522,-1.7475645946331821,7.32237402143706,0.0066190863486601526
12.206555615733702,149,168,-168,-13.763096264719923,-8.188286837916046,-79,79,6.47193217210042,-1.7163546658156257,-1.7475645946331821,-6.440722243282863,0.031209928817556465
12.24744871391589,150,120,120,9.797958971132712,1.609672133216666,41,-41,-3.347635981803677,-1.737963848587011,-1.7475645946331821,3.3572367278498483,0.009600746046171116
12.328828005937952,152,72,72,5.839971160707458,7.449643293924124,113,-113,-9.165510293888085,-1.7158669999639606,-1.7475645946331821,9.197207888557307,0.03169759466922151
12.36931687685298,153,144,-144,-11.641710001743963,-4.192066707819839,-31,31,2.5062014587087744,-1.6858652491110644,-1.7475645946331821,-2.4445021131866564,0.061699345522117754
12.409673645990857,154,96,96,7.735900454643644,3.543833746823805,65,-65,-5.237849266164972,-1.6940155193411668,-1.7475645946331821,5.291398341456987,0.05354907529201536
12.449899597988733,155,96,-96,-7.710905557463998,-4.167071810640193,-31,31,2.4899799195977463,-1.6770918910424468,-1.7475645946331821,-2.419507216007011,0.07047270359073532
12.529964086141668,157,72,-72,-5.746225568166885,-9.913297378807078,-103,103,8.220294910016507,-1.6930024687905707,-1.7475645946331821,-8.165732784173896,0.05456212584261144
12.569805089976535,158,96,96,7.637349928087025,-2.275947450720053,-7,7,0.556890098923011,-1.7190573517970418,-1.7475645946331821,-0.5283828560868706,0.028507242836140367
12.649110640673518,160,24,24,1.8973665961010278,-0.378580854619025,17,-17,-1.343968005571561,-1.722548860190586,-1.7475645946331821,1.3689837400141571,0.025015734442596083
12.68857754044952,161,192,-192,-15.1317197997907,-15.510300654409725,-175,175,13.79193210918426,-1.7183685452254647,-1.7475645946331821,-13.762736059776543,0.029196049407717473
12.727922061357855,162,108,108,8.485281374238554,-7.025019280171172,-67,67,5.2640171488331875,-1.7610021313379844,-1.7475645946331821,-5.27745468553799,-0.0134375367048023
12.767145334803704,163,24,-24,-1.8798250799710972,-8.904844360142269,-91,91,7.127670094890412,-1.7771742652518565,-1.7475645946331821,-7.157279765509086,-0.029609670618674366
12.806248474865697,164,96,96,7.496340570653099,-1.4085037894891697,5,-5,-0.3904344047215152,-1.7989381942106848,-1.7475645946331821,0.3390608051440125,-0.05137359957750265
12.84523257866513,165,96,-96,-7.473589863950621,-8.88209365343979,-91,91,7.084340391869858,-1.797753261569932,-1.7475645946331821,-7.134529058806608,-0.05018866693674995
12.884098726725126,166,120,120,9.31380630847599,0.4317126550361987,29,-29,-2.2508365245483652,-1.8191238695121665,-1.7475645946331821,2.179277249669381,-0.07155927487898439
12.96148139681572,168,48,48,3.7032803990902043,4.134993054126403,77,-77,-5.940678973540538,-1.8056859194141355,-1.7475645946331821,5.882557648759585,-0.05812132478095333
13.0,169,78,-78,-5.9999999999999964,-1.8650069458735938,-1,1,0.07692307692307693,-1.788083868950517,-1.7475645946331821,-0.11744235124041169,-0.04051927431733482
13.038404810405298,170,144,144,11.044295839402114,9.17928889352852,143,-143,-10.967599340517397,-1.788310446988877,-1.7475645946331821,10.926853488161703,-0.040745852355694945
13.076696830622021,171,120,-120,-9.176629354822465,0.0026595387060552866,23,-23,-1.758853959674307,-1.7561944209682516,-1.7475645946331821,1.7502241333392374,-0.00862982633506948
13.114877048604,172,24,24,1.8299828439912564,1.8326423826973117,47,-47,-3.5837164028162096,-1.751074020118898,-1.7475645946331821,3.580206977330494,-0.003509425485715756
13.152946437965905,173,168,-168,-12.772803477331053,-10.94016109463374,-121,121,9.199459647363437,-1.740701447270304,-1.7475645946331821,-9.192596500000558,0.006863147362878186
13.19090595827292,174,144,144,10.91661182753619,-0.02354926709755034,23,-23,-1.7436255002314778,-1.7671747673290281,-1.7475645946331821,1.7240153275356318,-0.019610172695845973
13.2664991614216,176,24,24,1.809068067466581,1.7855188003690308,47,-47,-3.5427582987887227,-1.757239498419692,-1.7475645946331821,3.5330833950022127,-0.009674903786509814
13.30413469565007,177,48,-48,-3.607900934413581,-1.8223821340445503,-1,1,0.07516460280028289,-1.7472175312442675,-1.7475645946331821,-0.07481753941136815,0.00034706338891465904
13.341664064126334,178,96,96,7.195504214360287,5.373122080315737,95,-95,-7.120551045460683,-1.7474289651449464,-1.7475645946331821,7.120686674948919,0.0001356294882357556
13.379088160259652,179,120,-120,-8.96922111302323,-3.596099032707494,-25,25,1.8685877318798396,-1.7275113008276546,-1.7475645946331821,-1.848534438074312,0.02005329380552756
13.416407864998739,180,72,72,5.366563145999496,1.770464113292002,47,-47,-3.50317316474967,-1.7327090514576682,-1.7475645946331821,3.5180287079251844,0.014855543175513963
13.45362404707371,181,120,-120,-8.919529754965989,-7.149065641673987,-73,73,5.426047267604314,-1.7230183740696727,-1.7475645946331821,-5.401501047040805,0.024546220563509413
13.490737563232042,182,144,144,10.673990159919864,3.524924518245877,71,-71,-5.2628701482938185,-1.7379456300479417,-1.7475645946331821,5.272489112879059,0.009618964585240475
13.564659966250536,184,48,48,3.538606947717532,7.063531465963409,119,-119,-8.77279639121638,-1.7092649252529704,-1.7475645946331821,8.811096060596592,0.03829966938021179
13.601470508735444,185,192,-192,-14.116120744201147,-7.052589278237738,-73,73,5.3670667412847965,-1.6855225369529414,-1.7475645946331821,-5.305024683604556,0.062042057680240736
13.638181696985855,186,144,144,10.558592281537432,3.5060030032996945,71,-71,-5.205972583258042,-1.6999695799583474,-1.7475645946331821,5.253567597932877,0.047595014674834735
13.674794331177344,187,48,-48,-3.5101076358102237,-0.0041046325105291714,23,-23,-1.6819265754924004,-1.6860312080029296,-1.7475645946331821,1.743459962122653,0.06153338663025254
13.74772708486752,189,192,-192,-13.965944975103524,-13.970049607614053,-169,169,12.292941149960903,-1.6771084576531496,-1.7475645946331821,-12.22248501298087,0.0704561369800325
13.784048752090222,190,48,48,3.4822860005280583,-10.487763607085995,-121,121,8.778262626331141,-1.7095009807548536,-1.7475645946331821,-8.740199012452813,0.03806361387832857
13.856406460551018,192,8,8,0.5773502691896258,-9.910413337896369,-113,113,8.155072552303464,-1.7553407855929049,-1.7475645946331821,-8.162848743263186,-0.007776190959722706
13.892443989449804,193,48,-48,-3.4551156035937347,-13.365528941490103,-161,161,11.589033587053983,-1.7764953544361202,-1.7475645946331821,-11.61796434685692,-0.028930759802938022
13.92838827718412,194,240,240,17.23099580682575,3.8654668653356463,79,-79,-5.671869453080131,-1.8064025877444845,-1.7475645946331821,5.613031459968829,-0.058837993111302334
13.96424004376894,195,96,-96,-6.874702790778574,-3.009235925442928,-17,17,1.217395285867036,-1.791840639575892,-1.7475645946331821,-1.2616713308097458,-0.04427604494270976
14.0,196,54,54,3.857142857142861,0.8479069316999333,37,-37,-2.642857142857143,-1.7949502111572095,-1.7475645946331821,2.5954715263331156,-0.047385616524027396
14.035668847618199,197,120,-120,-8.549645998549144,-7.7017390668492105,-83,83,5.9135051489965,-1.7882339178527102,-1.7475645946331821,-5.954174472216028,-0.0406693232195281
14.071247279470288,198,120,120,8.528028654224405,0.8262895873751948,37,-37,-2.6294755017191953,-1.8031859143440006,-1.7475645946331821,2.573854182008377,-0.05562131971081841
14.142135623730951,200,84,84,5.939696961966993,6.765986549342188,121,-121,-8.555992052357224,-1.7900055030150366,-1.7475645946331821,8.51355114397537,-0.042440908381854436
14.177446878757825,201,144,-144,-10.156976868363799,-3.3909903190216113,-23,23,1.622294916474776,-1.7686954025468353,-1.7475645946331821,-1.6434257243884292,-0.021130807913653182
14.212670403551895,202,72,72,5.065902322058097,1.6749120030364857,49,-49,-3.44762796917843,-1.7727159661419445,-1.7475645946331821,3.422476597669668,-0.025151371508762344
14.247806848775006,203,96,-96,-6.737879100898542,-5.062967097862057,-47,47,3.298753309814903,-1.7642137880471536,-1.7475645946331821,-3.3154025032288743,-0.01664919341397142
14.2828568570857,204,48,48,3.360672201667226,-1.7022948961948305,1,-1,-0.07001400420140048,-1.7723089003962311,-1.7475645946331821,0.0452696984383516,-0.02474430576304898
14.317821063276353,205,96,-96,-6.704930839387938,-8.407225735582768,-95,95,6.635087809810993,-1.7721379257717755,-1.7475645946331821,-6.659661140949586,-0.02457333113859339
14.352700094407323,206,240,240,16.721592342998893,8.314366607416124,145,-145,-10.102628707228456,-1.7882620998123322,-1.7475645946331821,10.061931202049307,-0.04069750517915005
14.422205101855956,208,24,24,1.664100588675687,9.978467196091811,169,-169,-11.718041645257966,-1.7395744491661542,-1.7475645946331821,11.726031790724994,0.00799014546702792
14.45683229480096,209,240,-240,-16.601147132785716,-6.622679936693904,-71,71,4.91117269344913,-1.7115072432447747,-1.7475645946331821,-4.875115342060722,0.03605735138840749
14.491376746189438,210,96,96,6.624629369686601,0.0019494329926965648,25,-25,-1.7251638983558857,-1.7232144653631891,-1.7475645946331821,1.7495140276258787,0.024350129269993026
14.52583904633395,211,72,-72,-4.956684413914901,-4.954734980922204,-47,47,3.235613436861117,-1.7191215440610872,-1.7475645946331821,-3.2071703862890217,0.028443050572094952
14.560219778561036,212,72,72,4.944980302152807,-0.009754678769397174,25,-25,-1.717007049358613,-1.72676172812801,-1.7475645946331821,1.737809915863785,0.020802866505172046
14.594519519326424,213,96,-96,-6.5778116143443155,-6.587566293113713,-71,71,4.864839839775475,-1.7227264533382378,-1.7475645946331821,-4.84000169848053,0.024838141294944327
14.628738838327793,214,72,72,4.921818674577574,-1.6657476185361384,1,-1,-0.06835859270246633,-1.7341062112386048,-1.7475645946331821,0.08181697609704375,0.013458383394577389
14.696938456699069,216,96,96,6.531972647421801,4.866225028885663,97,-97,-6.600014029165785,-1.7337890002801224,-1.7475645946331821,6.613789623518845,0.01377559435305975
14.730919862656235,217,96,-96,-6.5169046397004475,-1.6506796108147848,1,-1,-0.06788442333021306,-1.718564034144998,-1.7475645946331821,0.09688498381839739,0.029000560488184224
14.7648230602334,218,120,120,8.12742553774318,6.476745926928396,121,-121,-8.195154083891016,-1.71840815696262,-1.7475645946331821,8.224310521561577,0.029156437670562196
14.798648586948742,219,96,-96,-6.487078832635064,-0.010332905706668782,25,-25,-1.6893434459987149,-1.6996763517053837,-1.7475645946331821,1.7372316889265134,0.047888242927798474
14.866068747318506,221,192,-192,-12.915317644729246,-12.925650550435915,-167,167,11.233635659738418,-1.6920148906974966,-1.7475645946331821,-11.178085955802732,0.05554970393568559
14.89966442575134,222,144,144,9.664647195081955,-3.26100335535396,-23,23,1.543658926992256,-1.717344428361704,-1.7475645946331821,-1.513438760720778,0.030220166271478055
14.966629547095765,224,48,48,3.207134902949091,-0.05386845240486915,25,-25,-1.6703827619526523,-1.7242512143575215,-1.7475645946331821,1.693696142228313,0.023313380275660656
15.0,225,150,-150,-9.999999999999984,-10.053868452404853,-125,125,8.333333333333334,-1.7205351190715188,-1.7475645946331821,-8.30630385777167,0.027029475561663352
15.033296378372908,226,96,96,6.385825010282307,-3.6680434421225456,-29,29,1.929051305189444,-1.7389921369331016,-1.7475645946331821,-1.9204788474893635,0.008572457700080527
15.066519173319364,227,120,-120,-7.964679739199681,-11.632723181322227,-149,149,9.889477342839582,-1.743245838482645,-1.7475645946331821,-9.885158586689045,0.0043187561505371175
15.0996688705415,228,48,48,3.178877656956103,-8.453845524366123,-101,101,6.688888403178471,-1.7649571211876518,-1.7475645946331821,-6.706280929732941,-0.017392526554469656
15.132745950421556,229,120,-120,-7.929823205461089,-16.383668729827214,-221,221,14.604091070057484,-1.7795776597697301,-1.7475645946331821,-14.636104135194032,-0.032013065136548
15.165750888103101,230,240,240,15.825131361498855,-0.5585373683283592,19,-19,-1.2528228994519952,-1.8113602677803544,-1.7475645946331821,1.189027226304823,-0.06379567314717227
15.231546211727817,232,24,24,1.5756771943166714,1.0171398259883122,43,-43,-2.823088306484035,-1.8059484804957227,-1.7475645946331821,2.764704420621494,-0.05838388586254051
15.264337522473747,233,144,-144,-9.433753661958043,-8.41661383596973,-101,101,6.616729999012226,-1.7998838369575045,-1.7475645946331821,-6.669049241336548,-0.05231924232432239
15.297058540778355,234,216,216,14.120361729949217,5.703747893979486,115,-115,-7.517785180297055,-1.8140372863175687,-1.7475645946331821,7.451312488612668,-0.06647269168438652
15.329709716755891,235,48,-48,-3.131174750656525,2.572573143322961,67,-67,-4.3705980894580625,-1.7980249461351017,-1.7475645946331821,4.320137737956143,-0.05046035150191952
15.362291495737216,236,72,72,4.686800795309656,7.259373938632617,139,-139,-9.048129313167259,-1.7887553745346416,-1.7475645946331821,9.0069385332658,-0.04119077990145947
15.394804318340652,237,144,-144,-9.353805155447485,-2.0944312168148684,-5,5,0.32478490123081544,-1.769646315584053,-1.7475645946331821,-0.3468666221816863,-0.022081720950870798
15.427248620541512,238,96,96,6.222755746100771,4.128324529285902,91,-91,-5.8986538843246965,-1.7703293550387942,-1.7475645946331821,5.875889123919085,-0.02276476040561204
15.524174696260024,241,144,-144,-9.275855420171952,-5.14753089088605,-53,53,3.4140301199244036,-1.7335007709616463,-1.7475645946331821,-3.3999662962528676,0.014063823671535802
15.556349186104045,242,132,132,8.485281374238577,3.3377504833525267,79,-79,-5.078312337612478,-1.7405618542599512,-1.7475645946331821,5.085315077985709,0.007002740373230898
15.588457268119896,243,104,-104,-6.6716031106356795,-3.333852627283153,-25,25,1.6037507477489603,-1.7301018795341925,-1.7475645946331821,-1.5862880326499706,0.017462715098989667
15.620499351813308,244,72,72,4.609327677584259,1.2754750503011065,47,-47,-3.0088666784230553,-1.7333916281219488,-1.7475645946331821,3.023039644934289,0.014172966511233343
15.652475842498529,245,168,-168,-10.733126291998976,-9.45765124169787,-121,121,7.730406436499273,-1.7272448051985982,-1.7475645946331821,-7.7100866470646885,0.0203197894345839
15.684387141358123,246,144,144,9.181104668112082,-0.2765465735857884,23,-23,-1.466426440045678,-1.7429730136314663,-1.7475645946331821,1.4710180210473938,0.004591581001715861
15.748015748023622,248,96,96,6.096006096009147,5.819459522423359,119,-119,-7.556507556511335,-1.7370480340879757,-1.7475645946331821,7.567024117056541,0.010516560545206444
15.7797338380595,249,144,-144,-9.12562920755247,-3.3061696851291105,-25,25,1.5843106263111948,-1.7218590588179157,-1.7475645946331821,-1.5586050904959283,0.025705535815266467
15.811388300841896,250,144,144,9.107359661284953,5.801189976155842,119,-119,-7.526220831200743,-1.725030855044901,-1.7475645946331821,7.548754570789025,0.0225337395882812
15.84297951775486,251,168,-168,-10.604065972043067,-4.8028759958872245,-49,49,3.0928525751792355,-1.710023420707989,-1.7475645946331821,-3.055311401254042,0.03754117392519318
15.905973720586866,253,48,-48,-3.0177341446172723,-7.820610140504497,-97,97,6.098337750580735,-1.722272389923762,-1.7475645946331821,-6.073045545871315,0.025292204709420174
15.937377450509228,254,192,192,12.047151458652683,4.226541318148186,95,-95,-5.960830148812506,-1.7342888306643198,-1.7475645946331821,5.9741059127813685,0.01327576396886232
16.0,256,6,6,0.375,4.601541318148186,101,-101,-6.3125,-1.7109586818518139,-1.7475645946331821,6.3491059127813685,0.036605912781368266
16.0312195418814,257,192,-192,-11.976630941794634,-7.375089623646447,-91,91,5.676424040121428,-1.6986655835250195,-1.7475645946331821,-5.627525029013265,0.04889901110816264
16.06237840420901,258,96,96,5.976698941101036,-1.3983906825454113,5,-5,-0.3112864031823452,-1.7096770857277566,-1.7475645946331821,0.3491739120877708,0.03788750890542558
16.09347693943108,259,96,-96,-5.965149753611512,-7.363540436156923,-91,91,5.65446487061092,-1.7090755655460033,-1.7475645946331821,-5.615975841523741,0.03848902908717888
16.1245154965971,260,96,96,5.9536672602820095,-1.409873175874914,5,-5,-0.31008683647302115,-1.719960012347935,-1.7475645946331821,0.33769141875826825,0.027604582285247092
16.15549442140351,261,216,-216,-13.370064348747698,-14.779937524622612,-211,211,13.060572118452649,-1.7193654061699633,-1.7475645946331821,-13.03237292998943,0.028199188463218894
16.186414056238647,262,72,72,4.448174855149546,-10.331762669473067,-139,139,8.587448678691494,-1.7443139907815723,-1.7475645946331821,-8.584198074839884,0.0032506038516098013
16.24807680927192,264,96,96,5.9083915670079605,-4.423371102465106,-43,43,2.646467056055654,-1.7769040464094523,-1.7475645946331821,-2.6758065078319238,-0.029339451776270176
16.278820596099706,265,96,-96,-5.897233121605922,-10.320604224071028,-139,139,8.538702123991921,-1.7819021000791064,-1.7475645946331821,-8.573039629437845,-0.03433750544592429
16.30950643030009,266,240,240,14.715344147639257,4.394739923568229,101,-101,-6.192707328798155,-1.797967405229926,-1.7475645946331821,6.142304518201412,-0.050402810596743786
16.34013463836819,267,48,-48,-2.937552294538101,1.4571876290301282,53,-53,-3.2435473252191542,-1.786359696189026,-1.7475645946331821,3.20475222366331,-0.03879510155584387
16.3707055437449,268,24,24,1.4660333322756625,2.9232209613057907,77,-77,-4.7035236077177505,-1.7803026464119598,-1.7475645946331821,4.670785555938973,-0.032738051778777644
16.401219466856727,269,264,-264,-16.096364086431926,-13.173143125126135,-187,187,11.401591227889247,-1.771551897236888,-1.7475645946331821,-11.425578530492952,-0.02398730260370585
16.431676725154983,270,192,192,11.684747893443502,-1.4883952316826328,5,-5,-0.3042903097250923,-1.792685541407725,-1.7475645946331821,0.2591693629505494,-0.045120946774542814
16.492422502470642,272,48,48,2.9104275004359934,1.4220322687533606,53,-53,-3.2135970317314118,-1.7915647629780511,-1.7475645946331821,3.169596863386543,-0.04400016834486897
16.522711641858304,273,96,-96,-5.810184313620511,-4.388152044867151,-43,43,2.602478390475851,-1.7856736543912999,-1.7475645946331821,-2.6405874502339683,-0.038109059758117736
16.55294535724685,274,144,144,8.69935814395456,4.31120609908741,101,-101,-6.101633142634787,-1.7904270435473775,-1.7475645946331821,6.058770693720592,-0.04286244891419533
16.583123951777,275,120,-120,-7.236272269866338,-2.925066170778928,-19,19,1.1457431093955017,-1.7793230613834263,-1.7475645946331821,-1.177501576145746,-0.031758466750244185
16.61324772583615,276,96,96,5.778520948116926,2.8534547773379977,77,-77,-4.634855343802114,-1.7814005664641162,-1.7475645946331821,4.60101937197118,-0.03383597183093401
16.64331697709324,277,72,-72,-4.326060730507991,-1.4726059531699933,5,-5,-0.30042088406305484,-1.7730268372330482,-1.7475645946331821,0.2749586414631888,-0.02546224259986607
16.673332000533065,278,168,168,10.075970417588321,8.603364464418327,173,-173,-10.375850489540362,-1.772486025122035,-1.7475645946331821,10.35092905905151,-0.024921430488852758
16.73320053068151,280,48,48,2.8685486624025445,11.471913126820871,221,-221,-13.207276133145049,-1.735363006324178,-1.7475645946331821,13.219477721454053,0.012201588309004086
16.76305461424021,281,240,-240,-14.317199670525486,-2.8452865437046153,-19,19,1.1334449739165977,-1.7118415697880176,-1.7475645946331821,-1.0977219490714332,0.03572302484516454
16.792855623746664,282,96,96,5.71671680808398,2.8714302643793648,77,-77,-4.585283273150686,-1.7138530087713209,-1.7475645946331821,4.618994859012547,0.03371158586186129
16.822603841260722,283,72,-72,-4.279955747599892,-1.4085254832205276,5,-5,-0.29721914913888203,-1.7057446323594097,-1.7475645946331821,0.3390391114126545,0.04181996227377249
16.881943016134134,285,192,-192,-11.373098452974569,-12.781623936195096,-187,187,11.076924014095026,-1.7046999221000707,-1.7475645946331821,-11.034059341561914,0.042864672533111436
16.911534525287763,286,144,144,8.514898502242806,-4.26672543395229,-43,43,2.542643302753055,-1.7240821311992351,-1.7475645946331821,-2.519160839319108,0.023482463433947
16.97056274847714,288,36,36,2.121320343559642,-2.1454050903926483,-7,7,0.41247895569215276,-1.7329261347004956,-1.7475645946331821,-0.3978404957594661,0.014638459932686532
17.0,289,102,-102,-5.999999999999986,-8.145405090392634,-109,109,6.411764705882353,-1.7336403845102808,-1.7475645946331821,-6.397840495759452,0.013924210122901348
17.029386365926403,290,240,240,14.093285268352794,5.94788017796016,131,-131,-7.692584875642615,-1.7447046976824554,-1.7475645946331821,7.695444772593342,0.002859896950726748
17.05872210923198,291,96,-96,-5.627619664901267,0.32026051305889336,35,-35,-2.0517363361619223,-1.731475823103029,-1.7475645946331821,2.0678251076920757,0.0160887715301532
17.08800749063506,292,48,48,2.8089875327071305,3.129248045766024,83,-83,-4.857207608639419,-1.7279595628733948,-1.7475645946331821,4.876812640399206,0.01960503175978734
17.11724276862369,293,216,-216,-12.61885473727886,-9.489606691512837,-133,133,7.769942963231913,-1.7196637282809233,-1.7475645946331821,-7.742042096879654,0.027900866352258857
17.146428199482248,294,168,168,9.797958971132696,0.308352279619859,35,-35,-2.0412414523193148,-1.7328891726994557,-1.7475645946331821,2.0559168742530414,0.014675421933726396
17.204650534085253,296,120,120,6.974858324629174,7.283210604249033,155,-155,-9.009192002645994,-1.7259813983969607,-1.7475645946331821,9.030775198882216,0.021583196236221402
17.233687939614086,297,192,-192,-11.140969981164638,-3.857759376915604,-37,37,2.1469577567869402,-1.710801620128664,-1.7475645946331821,-2.110194782282422,0.03676297450451815
17.26267650163207,298,72,72,4.17084801381714,0.31308863690153554,35,-35,-2.027495562272223,-1.7144069253706875,-1.7475645946331821,2.060653231534718,0.03315766926249464
17.291616465790582,299,192,-192,-11.103646693751788,-10.790558056850251,-157,157,9.079544431869971,-1.7110136249802803,-1.7475645946331821,-9.04299346221707,0.03655096965290183
17.320508075688775,300,56,56,3.233161507461906,-7.557396549388345,-101,101,5.83123771881522,-1.7261588305731257,-1.7475645946331821,-5.809831954755163,0.021405764060056454
17.349351572897472,301,96,-96,-5.53334800996066,-13.090744559349005,-197,197,11.354891228773429,-1.7358533305755763,-1.7475645946331821,-11.343179964715823,0.011711264057605808
17.378147196982766,302,144,144,8.286268862137494,-4.804475697211512,-53,53,3.049807289536711,-1.7546684076748007,-1.7475645946331821,-3.0569111025783293,-0.007103813041618556
17.435595774162696,304,24,24,1.3764944032233706,-3.4279812939881413,-29,29,1.6632640705615727,-1.7647172234265687,-1.7475645946331821,-1.6804166993549592,-0.017152628793386526
17.46424919657298,305,192,-192,-10.993888018826263,-14.421869312814405,-221,221,12.654423188336489,-1.7674461244779156,-1.7475645946331821,-12.674304718181222,-0.01988152984473346
17.4928556845359,306,240,240,13.719886811400645,-0.7019825014137595,19,-19,-1.086157705902556,-1.7881402073163155,-1.7475645946331821,1.0455820932194226,-0.040575612683133366
17.52141546793523,307,72,-72,-4.10925704785451,-4.81123954926827,-53,53,3.024869771337353,-1.7863697779309167,-1.7475645946331821,-3.063674954635087,-0.038805183297734525
17.549928774784245,308,96,96,5.470107670062618,0.6588681207943488,43,-43,-2.450152393882216,-1.791284273087867,-1.7475645946331821,2.406432715427531,-0.04371967845468494
17.578395831246947,309,144,-144,-8.191873785435488,-7.53300566464114,-101,101,5.7456892522846,-1.7873164123565397,-1.7475645946331821,-5.785441070007957,-0.03975181772335756
17.60681686165901,310,96,96,5.452433608771826,-2.0805720558693137,-5,5,0.2839809171235324,-1.7965911387457814,-1.7475645946331821,-0.33300746123613156,-0.04902654411259921
17.663521732655695,312,48,48,2.7174648819470297,0.636892826077716,43,-43,-2.4343956234108806,-1.7975027973331645,-1.7475645946331821,2.3844574207108984,-0.04993820269998239
17.69180601295413,313,96,-96,-5.426240821864529,-4.789347995786813,-53,53,2.995737120404374,-1.7936108753824391,-1.7475645946331821,-3.041783401153631,-0.046046280749256985
17.72004514666935,314,312,312,17.6071786170727,12.81783062128589,259,-259,-14.6162155827623,-1.79838496147641,-1.7475645946331821,14.565395215919072,-0.05082036684322788
17.74823934929885,315,144,-144,-8.113480845393763,4.704349775892126,115,-115,-6.479515952918627,-1.7751661770265006,-1.7475645946331821,6.451914370525309,-0.027601582393318447
17.804493814764857,317,120,-120,-6.739871475620755,-2.035521699728629,-5,5,0.2808279781508652,-1.7546937215777638,-1.7475645946331821,-0.2879571050954468,-0.007129126944581676
17.832554500127006,318,144,144,8.075119018925436,6.039597319196807,139,-139,-7.794732941879416,-1.7551356226826087,-1.7475645946331821,7.78716191382999,-0.007571028049426554
17.88854381999832,320,24,24,1.3416407864998745,7.381238105696681,163,-163,-9.111977008311642,-1.730738902614961,-1.7475645946331821,9.128802700329864,0.01682569201822104
17.916472867168917,321,240,-240,-13.395493732462718,-6.014255626766037,-77,77,4.297720905831796,-1.7165347209342405,-1.7475645946331821,-4.266691032132854,0.031029873698941612
17.944358444926362,322,96,96,5.349870840723384,-0.6643847860426524,19,-19,-1.0588286038931702,-1.7232133899358226,-1.7475645946331821,1.0831798085905298,0.02435120469735952
17.97220075561143,323,96,-96,-5.341582887116713,-6.005967673159366,-77,77,4.28439460737486,-1.7215730657845052,-1.7475645946331821,-4.258403078526183,0.025991528848676948
18.0,324,102,102,5.6666666666666545,-0.3393010064927111,25,-25,-1.3888888888888888,-1.7281898953816,-1.7475645946331821,1.408263588140471,0.019374699251582195
18.027756377319946,325,168,-168,-9.318963296583862,-9.658264303076573,-143,143,7.932212806020777,-1.7260514970557956,-1.7475645946331821,-7.91069970844339,0.02151309757738651
18.05547008526779,326,264,264,14.621607676413133,4.96334337333656,121,-121,-6.701570185022707,-1.7382268116861468,-1.7475645946331821,6.710907967969742,0.009337782947035356
18.110770276274835,328,48,48,2.650356625796319,7.613699999132879,169,-169,-9.331463953324532,-1.7177639541916525,-1.7475645946331821,9.36126459376606,0.029800640441529636
18.138357147217054,329,288,-288,-15.877953976895135,-8.264253977762255,-119,119,6.560682372397658,-1.7035716053645968,-1.7475645946331821,-6.516689383129073,0.0439929892685853
18.16590212458495,330,96,96,5.284626072606532,-2.9796279051557235,-23,23,1.2661083298953146,-1.7135195752604089,-1.7475645946331821,-1.2320633105225414,0.034045019372773266
18.193405398660254,331,72,-72,-3.957477911491055,-6.9371058166467785,-95,95,5.22167224432847,-1.7154335723183083,-1.7475645946331821,-5.189541222013596,0.03213102231487386
18.2208671582886,332,72,72,3.9515133596288545,-2.985592457017924,-23,23,1.262288989881439,-1.723303467136485,-1.7475645946331821,-1.2380278623847418,0.024261127496697066
18.24828759089466,333,120,-120,-6.575959492214302,-9.561551949232227,-143,143,7.836351728222031,-1.725200221010196,-1.7475645946331821,-7.813987354599044,0.022364373622986156
18.275666882497067,334,144,144,7.8793294343700175,-1.6822225148622092,1,-1,-0.054717565516458275,-1.7369400803786674,-1.7475645946331821,0.06534207977097295,0.010624514254514716
18.33030277982336,336,48,48,2.6186146828319106,0.9363921679697014,49,-49,-2.673169155390907,-1.7367769874212056,-1.7475645946331821,2.6839567626028833,0.01078760721197658
18.35755975068582,337,96,-96,-5.2294532227473045,-4.293061054777603,-47,47,2.5602531403033635,-1.7328079144742392,-1.7475645946331821,-2.5454964601444203,0.014756680158942936
18.384776310850235,338,180,180,9.790709277967585,5.497648223189982,133,-133,-7.234246299831602,-1.73659807664162,-1.7475645946331821,7.245212817823164,0.01096651799156212
18.411952639521967,339,144,-144,-7.821006430947396,-2.3233582077574138,-11,11,0.5974379912529253,-1.7259202165044885,-1.7475645946331821,-0.5757936131242316,0.021644378128693686
18.439088914585774,340,48,48,2.6031654938238735,0.27980728606645977,37,-37,-2.0066067348225696,-1.7267994487561098,-1.7475645946331821,2.0273718806996417,0.020765145877072344
18.466185312619388,341,336,-336,-18.195420132082447,-17.915612846015986,-299,299,16.191757796109084,-1.723855049906902,-1.7475645946331821,-16.168048251382803,0.023709544726280063
18.49324200890693,342,216,216,11.679942321414932,-6.235670524601053,-83,83,4.4881259846177635,-1.7475445399832896,-1.7475645946331821,-4.488105929967871,2.005464989252026e-05
18.547236990991408,344,120,120,6.469966392206319,0.23429586760526622,37,-37,-1.9949063042636106,-1.7606104366583444,-1.7475645946331821,1.9818604622384484,-0.013045842025162235
18.57417562100671,345,96,-96,-5.168466259758388,-4.9341703921531215,-59,59,3.1764532221431767,-1.7577171700099448,-1.7475645946331821,-3.186605797519939,-0.010152575376762618
18.601075237738275,346,120,120,6.451239966845652,1.5170695746925302,61,-61,-3.279380316479869,-1.762310741787339,-1.7475645946331821,3.2646341693257126,-0.014746147154156786
18.627936010197157,347,120,-120,-6.4419375251402125,-4.924867950447682,-59,59,3.167285949860612,-1.7575820005870701,-1.7475645946331821,-3.1773033558145,-0.010017405953888003
18.681541692269406,349,168,-168,-8.992833823212788,-13.91770177366047,-227,227,12.151031415888696,-1.7666703577717744,-1.7475645946331821,-12.170137179027288,-0.019105763138592247
18.708286933869708,350,240,240,12.828539611796359,-1.0891621618641114,13,-13,-0.6948792289723034,-1.7840413908364148,-1.7475645946331821,0.6584024327690707,-0.03647679620323263
18.76166303929372,352,24,24,1.279204298133662,0.19004213626955058,37,-37,-1.9721066262893965,-1.782064490019846,-1.7475645946331821,1.9376067309027327,-0.03449989538666376
18.788294228055936,353,192,-192,-10.219128871917146,-10.029086735647596,-155,155,8.249817578891417,-1.779269156756179,-1.7475645946331821,-8.281522141014413,-0.03170456212299677
18.81488772222678,354,192,192,10.204684866292489,0.17559813064489305,37,-37,-1.9665278127751153,-1.7909296821302223,-1.7475645946331821,1.9231627252780752,-0.043365087497040156
18.841443681416774,355,96,-96,-5.095150967369048,-4.919552836724155,-59,59,3.131394865362224,-1.7881579713619313,-1.7475645946331821,-3.171988242090973,-0.040593376728749186
18.867962264113206,356,144,144,7.631984736045793,2.712431899321638,85,-85,-4.50499099002703,-1.7925590907053923,-1.7475645946331821,4.4599964939548205,-0.04499449607221018
18.894443627691185,357,96,-96,-5.080858790639642,-2.3684268913180038,-11,11,0.5821817364274594,-1.7862451548905445,-1.7475645946331821,-0.6208622966848216,-0.03868056025736233
18.920887928424502,358,72,72,3.8053182425881635,1.4368913512701598,61,-61,-3.2239501777483084,-1.7870588264781486,-1.7475645946331821,3.184455945903342,-0.039494231844966476
18.973665961010276,360,120,120,6.324555320336771,7.76144667160693,181,-181,-9.53953760817461,-1.77809093656768,-1.7475645946331821,9.509011266240112,-0.03052634193449788
19.0,361,126,-126,-6.6315789473684115,1.129867724238519,55,-55,-2.8947368421052633,-1.7648691178667444,-1.7475645946331821,2.8774323188717013,-0.01730452323356224
19.026297590440446,362,216,216,11.352707954516939,12.482575678755458,271,-271,-14.243443776268956,-1.760868097513498,-1.7475645946331821,14.23014027338864,-0.013303502880315898
19.05255888325765,363,104,-104,-5.458584363247365,7.023991315508093,167,-167,-8.765226814060682,-1.741235498552589,-1.7475645946331821,8.771555910141275,0.006329096080593066
19.078784028338912,364,48,48,2.515883608132604,9.539874923640697,215,-215,-11.269061994760621,-1.7291870711199238,-1.7475645946331821,11.28743951827388,0.018377523513258387
19.1049731745428,365,240,-240,-12.562174142165086,-3.022299218524388,-25,25,1.3085598064755344,-1.7137394120488538,-1.7475645946331821,-1.274734623891206,0.03382518258432832
19.131126469708992,366,144,144,7.527000578246148,4.50470135972176,119,-119,-6.220229644522869,-1.7155282848011089,-1.7475645946331821,6.252265954354942,0.032036309832073284
19.209372712298546,369,288,-288,-14.992681141306141,-10.487979781584382,-169,169,8.797788586391475,-1.6901911951929076,-1.7475645946331821,-8.7404151869512,0.05737339944027453
19.235384061671343,370,144,144,7.486203526704544,-3.0017762548798386,-25,25,1.299688112275091,-1.7020881426047476,-1.7475645946331821,-1.2542116602466564,0.04547645202843453
19.261360284258224,371,192,-192,-9.96814332770236,-12.9699195825822,-217,217,11.266078656830281,-1.7038409257519191,-1.7475645946331821,-11.222354987949018,0.043723668881263
19.28730152198591,372,48,48,2.4886840673530206,-10.48123551522918,-169,169,8.762241820472093,-1.7189936947570867,-1.7475645946331821,-8.733670920595998,0.0285708998760954
19.313207915827967,373,120,-120,-6.213364476941975,-16.694599992171156,-289,289,14.963852781968583,-1.7307472102025727,-1.7475645946331821,-14.947035397537974,0.016817384430609428
19.339079605813716,374,336,336,17.374146383832603,0.6795463916614466,47,-47,-2.43031214297659,-1.7507657513151433,-1.7475645946331821,2.427110986294629,-0.0032011566819611925
19.390719429665317,376,96,96,4.950821982042212,5.630368373703659,143,-143,-7.374661910750373,-1.7442935370467136,-1.7475645946331821,7.377932968336841,0.0032710575864685065
19.4164878389476,377,192,-192,-9.88850309039242,-4.258134716688762,-49,49,2.523628392860563,-1.7345063238281986,-1.7475645946331821,-2.5105701220555794,0.013058270804983563
19.44222209522358,378,192,192,9.875414397573875,5.6172796808851135,143,-143,-7.355126348193047,-1.7378466673079336,-1.7475645946331821,7.364844275518296,0.009717927325248565
19.467922333931785,379,72,-72,-3.6983915779500953,1.9188881029350182,71,-71,-3.6470250282563503,-1.7281369253213321,-1.7475645946331821,3.6664526975682,0.019427669311850027
19.519221295943137,381,240,-240,-12.29557246988549,-10.376684366950473,-169,169,8.658132280877663,-1.71855208607281,-1.7475645946331821,-8.62911977231729,0.029012508560372074
19.544820285692065,382,96,96,4.911787296927853,-5.464897070022619,-73,73,3.735004923705551,-1.7298921463170682,-1.7475645946331821,-3.717332475389437,0.01767244831611392
19.595917942265423,384,24,24,1.2247448713915892,-4.24015219863103,-49,49,2.500520779091161,-1.7396314195398688,-1.7475645946331821,-2.4925876039978476,0.007933175093313372
19.621416870348583,385,96,-96,-4.892613037801217,-9.132765236432247,-145,145,7.389884275845571,-1.7428809605866764,-1.7475645946331821,-7.385200641799065,0.004683634046505736
19.6468827043885,386,240,240,12.215678365422882,3.0829131289906346,95,-95,-4.8353726863132325,-1.7524595573225978,-1.7475645946331821,4.830477723623817,-0.004894962689415694
19.672315572906,387,120,-120,-6.099942813304188,-3.0170296843135533,-25,25,1.2708214194383722,-1.746208264875181,-1.7475645946331821,-1.2694650896803712,0.0013563297580010403
19.697715603592208,388,48,48,2.436830796320685,-0.5801988879928683,23,-23,-1.167648089903662,-1.7478469778965304,-1.7475645946331821,1.1673657066403138,-0.0002823832633482848
19.72308292331602,389,264,-264,-13.385331341273586,-13.965530229266454,-241,241,12.21918505017779,-1.7463451790886637,-1.7475645946331821,-12.217965634633272,0.0012194155445184318
19.748417658131498,390,192,192,9.722297924003213,-4.243232305263241,-49,49,2.4812114493549835,-1.7620208559082577,-1.7475645946331821,-2.495667710630059,-0.0144562612750756
19.79898987322333,392,108,108,5.45482374058194,1.2115914353186987,59,-59,-2.979950006429022,-1.7683585711103231,-1.7475645946331821,2.959156029951881,-0.020793976477140985
19.82422760159901,393,144,-144,-7.263839121196602,-6.052247685877903,-85,85,4.287682814595206,-1.7645648712826976,-1.7475645946331821,-4.304683091244721,-0.017000276649515422
19.849433241279208,394,120,120,6.045512662318548,-0.006735023559355291,35,-35,-1.7632745265095744,-1.7700095500689297,-1.7475645946331821,1.7408295710738269,-0.022444955435747538
19.87460691435179,395,192,-192,-9.66056842419127,-9.667303447750626,-157,157,7.8995273051980535,-1.7677761425525729,-1.7475645946331821,-7.919738853117444,-0.020211547919390727
19.8997487421324,396,72,72,3.6181361349331604,-6.049167312817466,-85,85,4.271410714851651,-1.7777565979658148,-1.7475645946331821,-4.3016027181842835,-0.03019200333263261
19.924858845171276,397,72,-72,-3.613576415245166,-9.662743728062631,-157,157,7.87960412768738,-1.783139600375251,-1.7475645946331821,-7.915179133429449,-0.035575005742068955
19.949937343260004,398,240,240,12.03011297081008,2.367369242747449,83,-83,-4.16041406907181,-1.793044826324361,-1.7475645946331821,4.114933837380631,-0.045480231691178874
20.0,400,30,30,1.5000000000000007,3.8673692427474498,113,-113,-5.65,-1.7826307572525506,-1.7475645946331821,5.614933837380632,-0.03506616261936846
20.024984394500787,401,240,-240,-11.985028066534083,-8.117658823786634,-127,127,6.342077351874313,-1.7755814719123206,-1.7475645946331821,-6.370094229153452,-0.028016877279138486
20.049937655763422,402,192,192,9.576089626633314,1.4584308028466797,65,-65,-3.2419053423498068,-1.783474539503127,-1.7475645946331821,3.205995397479862,-0.03590994486994492
20.074859899884732,403,48,-48,-2.391050310656247,-0.9326195078095671,17,-17,-0.8468303183574204,-1.7794498261669875,-1.7475645946331821,0.814945086823615,-0.0318852315338054
20.09975124224178,404,168,168,8.358312397763925,7.425692889954357,185,-185,-9.2040940094424,-1.7784011194880431,-1.7475645946331821,9.17325748458754,-0.03083652485486099
20.12461179749811,405,216,-216,-10.73312629199905,-3.3074334020446923,-31,31,1.5404023844998551,-1.7670310175448372,-1.7475645946331821,-1.5598688074115101,-0.019466422911655012
20.149441679609886,406,192,192,9.528800006120942,6.22136660407625,161,-161,-7.990295838465988,-1.7689292343897378,-1.7475645946331821,7.9689311987094325,-0.02136463975655567
20.199009876724155,408,48,48,2.3763541031440174,8.597720707220267,209,-209,-10.347041824106247,-1.7493211168859801,-1.7475645946331821,10.34528530185345,-0.0017565222527979873
20.223748416156685,409,192,-192,-9.49378898753568,-0.8960682803154132,17,-17,-0.8405958999380528,-1.7366641802534661,-1.7475645946331821,0.851496314317769,0.010900414379716006
20.248456731316587,410,192,192,9.48220412783609,8.586135847520676,209,-209,-10.321774284988212,-1.7356384374675358,-1.7475645946331821,10.333700442153859,0.011926157165646378
20.273134932713294,411,144,-144,-7.102996180804665,1.4831396667160117,65,-65,-3.2062135538354353,-1.7230738871194236,-1.7475645946331821,3.230704261349194,0.02449070751375859
20.322401432901575,413,240,-240,-11.809627951322883,-10.32648828460687,-175,175,8.61118704783965,-1.7153012367672211,-1.7475645946331821,-8.578923689973688,0.03226335786596102
20.346989949375804,414,240,240,11.795356492391816,1.4688682077849453,65,-65,-3.194575716689438,-1.7257075089044926,-1.7475645946331821,3.2164328024181277,0.021857085728689496
20.396078054371138,416,72,72,3.5300904324873077,4.998958640272253,137,-137,-6.7169776284828036,-1.7180189882105505,-1.7475645946331821,6.746523234905435,0.0295456064226316
20.42057785666214,417,144,-144,-7.051710338991221,-2.052751698718968,-7,7,0.3427914748120742,-1.7099602239068936,-1.7475645946331821,-0.30518710408578564,0.03760437072628853
20.445048300260872,418,96,96,4.695513485227373,2.642761786508405,89,-89,-4.3531322935962145,-1.7103705070878092,-1.7475645946331821,4.390326381141588,0.0371940875453729
20.46948949045872,419,216,-216,-10.552290524914271,-7.909528738405866,-127,127,6.2043560030746,-1.7051727353312662,-1.7475645946331821,-6.161964143772684,0.04239185930191591
20.493901531919196,420,96,96,4.684320350152952,-3.2252083882529146,-31,31,1.5126451130702265,-1.712563275182688,-1.7475645946331821,-1.4776437936197324,0.03500131945049412
20.518284528683193,421,120,-120,-5.848442145942948,-9.073650534195863,-151,151,7.359289700311548,-1.7143608338843155,-1.7475645946331821,-7.326085939562681,0.03320376074886666
20.54263858417414,422,120,120,5.841508602134835,-3.2321419320610287,-31,31,1.5090563888848298,-1.7230855431761989,-1.7475645946331821,-1.4845773374278466,0.02447905145698326
20.591260281974,424,72,72,3.496629104486148,0.26448717242511943,41,-41,-1.9911360178323916,-1.7266488454072721,-1.7475645946331821,2.012051767058302,0.020915749225909996
20.615528128088304,425,336,-336,-16.29839400244143,-16.03390683001631,-295,295,14.309601877143646,-1.7243049528726644,-1.7475645946331821,-14.286342235383128,0.023259641760517757
20.639767440550294,426,288,288,13.95364559361153,-2.0802612364047803,-7,7,0.33915110817805644,-1.7411101282267238,-1.7475645946331821,-0.3326966417715982,0.0064544664064583035
20.663978319771825,427,48,-48,-2.322882808779971,-4.403144045184751,-55,55,2.66163655172705,-1.7415074934577013,-1.7475645946331821,-2.655579450551569,0.006057101175480861
20.688160865577203,428,72,72,3.480251360564393,-0.9228926846203582,17,-17,-0.821726015688814,-1.7446187003091722,-1.7475645946331821,0.8246719100128239,0.0029458943240099345
20.71231517720798,429,192,-192,-9.269847352037143,-10.1927400366575,-175,175,8.449079617742182,-1.7436604189153186,-1.7475645946331821,-8.445175442024318,0.0039041757178635006
20.73644135332772,430,144,144,6.944296639253923,-3.2484433974035776,-31,31,1.4949527487282777,-1.7534906486753,-1.7475645946331821,-1.5008788027703954,-0.005926054042117768
20.784609690826528,432,32,32,1.5396007178390014,-1.7088426795645761,1,-1,-0.048112522432468816,-1.756955201997045,-1.7475645946331821,0.038721915068606005,-0.009390607363862769
20.808652046684813,433,144,-144,-6.920198371183859,-8.629041050748436,-143,143,6.872141438050642,-1.7568996126977936,-1.7475645946331821,-6.881476456115253,-0.009335018064611456
20.83266665599966,434,288,288,13.824442389234859,5.195401338486423,145,-145,-6.96022273069113,-1.7648213922047065,-1.7475645946331821,6.942965933119606,-0.017256797571524318
20.85665361461421,435,96,-96,-4.602847694259682,0.592553644226741,49,-49,-2.349370177278382,-1.7568165330516412,-1.7475645946331821,2.3401182388599233,-0.00925193841845906
20.8806130178211,436,72,72,3.448174626796143,4.040728271022884,121,-121,-5.794849025587966,-1.7541207545650819,-1.7475645946331821,5.788292865656066,-0.00655615993189973
20.904544960366874,437,240,-240,-11.480756957638514,-7.44002868661563,-119,119,5.692541991495784,-1.7474866951198456,-1.7475645946331821,-5.692464091982448,7.789951333658784e-05
20.92844953645635,438,96,96,4.587057432647973,-2.852971253967657,-23,23,1.0989825099052422,-1.7539887440624147,-1.7475645946331821,-1.1054066593344747,-0.0064241494292325285
20.97617696340303,440,144,144,6.864930642568267,4.01195938860061,121,-121,-5.768448664935834,-1.7564892763352233,-1.7475645946331821,5.759523983233793,-0.008924681702041193
21.0,441,270,-270,-12.85714285714282,-8.84518346854221,-149,149,7.095238095238095,-1.749945373304115,-1.7475645946331821,-7.097618873909028,-0.0023807786709328926
21.02379604162864,442,96,96,4.566254343883144,-4.278929124659066,-53,53,2.5209529190188187,-1.7579762056402473,-1.7475645946331821,-2.5313645300258836,-0.010411611007065114
21.047565179849187,443,120,-120,-5.701372057746953,-9.98030118240602,-173,173,8.219478049918532,-1.760823132487488,-1.7475645946331821,-8.232736587772838,-0.013258537854305752
21.095023109728988,445,96,-96,-4.550836446143788,-14.531137628549807,-269,269,12.751822958465386,-1.7793146700844211,-1.7475645946331821,-12.783573033916625,-0.03175007545123898
21.118712081942874,446,384,384,18.182926994318372,3.6517893657685647,115,-115,-5.445407823819352,-1.793618458050787,-1.7475645946331821,5.399353960401747,-0.04605386341760487
21.18962010041709,449,240,-240,-11.326300276392203,-7.674510910623638,-125,125,5.899114727287609,-1.7753961833360297,-1.7475645946331821,-5.926946315990456,-0.02783158870284752
21.213203435596427,450,252,252,11.87939392393401,4.204883013310372,127,-127,-5.986837414046102,-1.7819544007357297,-1.7475645946331821,5.952447607943554,-0.034389806102547604
21.236760581595302,451,144,-144,-6.7806951746113535,-2.5758121613009815,-17,17,0.8004987358916189,-1.7753134254093625,-1.7475645946331821,-0.8282475666677993,-0.0277488307761804
21.2602916254693,452,96,96,4.515460168241257,1.939648006940276,79,-79,-3.715847430115209,-1.776199423174933,-1.7475645946331821,3.6872126015734583,-0.028634828541750812
21.283796653792763,453,144,-144,-6.765710194583155,-4.826062187642879,-65,65,3.053966407277107,-1.7720957803657722,-1.7475645946331821,-3.078497593009697,-0.024531185732590055
21.307275752662516,454,168,168,7.884630674994077,3.058568487351198,103,-103,-4.8340295209785005,-1.7754610336273027,-1.7475645946331821,4.80613308198438,-0.02789643899412053
21.354156504062622,456,96,96,4.495611895592131,7.554180382943329,199,-199,-9.319028825237854,-1.7648484422945252,-1.7475645946331821,9.301744977576512,-0.017283847661343055
21.37755832643195,457,96,-96,-4.490690589359879,3.06348979358345,103,-103,-4.818136778167377,-1.7546469845839265,-1.7475645946331821,4.811054388216633,-0.007082389950744394
21.400934559032695,458,312,312,14.578802581699161,17.64229237528261,415,-415,-19.391676510913907,-1.7493841356312956,-1.7475645946331821,19.389856969915794,-0.0018195409981134336
21.42428528562855,459,192,-192,-8.961792537779264,8.680499837503348,223,-223,-10.408748624608206,-1.7282487871048584,-1.7475645946331821,10.42806443213653,0.019315807528323736
21.447610589527216,460,48,48,2.2380115397767546,10.918511377280103,271,-271,-12.635440151656253,-1.71692877437615,-1.7475645946331821,12.666075971913285,0.030635820257032043
21.470910553583888,461,360,-360,-16.766871581974453,-5.84836020469435,-89,89,4.145143252210339,-1.703216952484011,-1.7475645946331821,-4.1007956100611676,0.044347642149171085
21.494185260204677,462,96,96,4.466324209912662,-1.3820359947816883,7,-7,-0.3256694736394648,-1.707705468421153,-1.7475645946331821,0.3655285998514939,0.03985912621202914
21.540659228538015,464,72,72,3.3425160871869304,1.9604800924052421,79,-79,-3.6674829289967743,-1.7070028365915322,-1.7475645946331821,3.7080446870384245,0.040561758041649965
21.563858652847824,465,192,-192,-8.903786798595204,-6.943306706189962,-113,113,5.2402495220899015,-1.7030571841000608,-1.7475645946331821,-5.19574211155678,0.04450741053312135
21.587033144922902,466,96,96,4.447114124275968,-2.496192581913994,-17,17,0.7875097928405351,-1.708682789073459,-1.7475645946331821,-0.7486279872808119,0.03888180555972309
21.61018278497431,467,168,-168,-7.774112864830145,-10.270305446744139,-185,185,8.560779047580828,-1.7095263991633107,-1.7475645946331821,-8.522740852110957,0.038038195469871416
21.633307652783937,468,120,120,5.5470019622523,-4.723303484491839,-65,65,3.0046260628866577,-1.7186774216051814,-1.7475645946331821,-2.9757388898586568,0.0288871730280007
21.656407827707714,469,192,-192,-8.865736253560529,-13.589039738052367,-257,257,11.867157381067981,-1.721882356984386,-1.7475645946331821,-11.841475143419185,0.02568223764879618
21.6794833886788,470,240,240,11.070374496346604,-2.5186652417057633,-17,17,0.7841515268245522,-1.734513714881211,-1.7475645946331821,-0.7711006470725812,0.013050879751971056
21.72556098240043,472,72,72,3.3140686244339674,0.7954033827282041,55,-55,-2.5315801992203895,-1.7361768164921854,-1.7475645946331821,2.5429679773613865,0.011387778140996785
21.748563170931547,473,144,-144,-6.6211270541525105,-5.825723671424306,-89,89,4.092224359858156,-1.7334993115661508,-1.7475645946331821,-4.078159076791124,0.014065283067031364
21.77154105707724,474,240,240,11.023565092191053,5.197841420766746,151,-151,-6.935659703836843,-1.737818283070097,-1.7475645946331821,6.945406015399929,0.009746311563085142
21.79449471770337,475,120,-120,-5.505977612893493,-0.3081361921267467,31,-31,-1.422377549997483,-1.7305137421242296,-1.7475645946331821,1.4394284025064354,0.017050852508952552
21.840329667841555,477,216,-216,-9.889960604305646,-10.198096796432392,-185,185,8.470568110169156,-1.727528686263236,-1.7475645946331821,-8.45053220179921,0.020035908369946176
21.863211109075447,478,96,96,4.3909377959649385,-5.807159000467453,-89,89,4.070765248342499,-1.736393752124954,-1.7475645946331821,-4.059594405834271,0.011170842508228196
21.908902300206645,480,48,48,2.190890230020665,-3.616268770446788,-41,41,1.8713854048093175,-1.7448833656374705,-1.7475645946331821,-1.8687041758136058,0.0026812289957116597
21.93171219946131,481,192,-192,-8.754446449681037,-12.370715220127824,-233,233,10.62388553528999,-1.7468296848378344,-1.7475645946331821,-10.623150625494642,0.0007349097953477379
21.95449840010015,482,240,240,10.931700448182635,-1.439014771945189,7,-7,-0.31884126307199384,-1.7578560350171828,-1.7475645946331821,0.30854982268799325,-0.01029144038400065
21.97726097583591,483,96,-96,-4.36815124985558,-5.807166021800769,-89,89,4.049640221220281,-1.7575258005804875,-1.7475645946331821,-4.059601427167586,-0.009961205947305318
22.0,484,78,78,3.545454545454543,-2.2617114763462256,-11,11,0.5,-1.7617114763462256,-1.7475645946331821,-0.5141468817130435,-0.014146881713043458
22.02271554554524,485,240,-240,-10.89783862047599,-13.159550096822215,-251,251,11.397322890581146,-1.7622272062410698,-1.7475645946331821,-11.411985502189033,-0.014662611607887621
22.045407685048602,486,312,312,14.152607402747163,0.9930573059249479,61,-61,-2.7670161909217383,-1.7739588849967904,-1.7475645946331821,2.7406219005581303,-0.026394290363608297
22.090722034374522,488,120,120,5.432144762551123,6.425202068476071,181,-181,-8.193485016847927,-1.7682829483718558,-1.7475645946331821,8.172766663109252,-0.0207183537386737
22.11334438749598,489,240,-240,-10.853175159507206,-4.427973091031135,-59,59,2.668072226712194,-1.7599008643189413,-1.7475645946331821,-2.680408496397953,-0.012336269685759182
22.135943621178654,490,168,168,7.589466384404125,3.16149329337299,109,-109,-4.92411807083362,-1.7626247774606298,-1.7475645946331821,4.909057888006172,-0.015060182827447699
22.15851980616034,491,216,-216,-9.747943539980952,-6.586450246607962,-107,107,4.828842401749809,-1.7576078448581525,-1.7475645946331821,-4.838885651974779,-0.010043250224970324
22.181073012818835,492,48,48,2.164007123201837,-4.422443123406125,-59,59,2.659925422268925,-1.7625177011371997,-1.7475645946331821,-2.6748785287729424,-0.0149531065040176
22.20360331117452,493,144,-144,-6.485433827199035,-10.90787695060516,-203,203,9.142660186954213,-1.7652167636509475,-1.7475645946331821,-9.160312355971978,-0.01765216901776534
22.22611077089287,494,336,336,15.117354694372565,4.209477743767405,133,-133,-5.9839528998557725,-1.7744751560883678,-1.7475645946331821,5.957042338400587,-0.026910561455185666
22.293496809607955,497,288,-288,-12.91856555566811,-8.709087811900705,-155,155,6.952700212251977,-1.7563875996487281,-1.7475645946331821,-6.961523217267523,-0.008823005015546004
22.315913604421397,498,96,96,4.301862863502922,-4.407224948397783,-59,59,2.643853218194503,-1.7633717302032799,-1.7475645946331821,-2.6596603537646004,-0.01580713557009772
22.338307903688676,499,72,-72,-3.2231626634580883,-7.6303876118558716,-131,131,5.8643654015695725,-1.766022210286299,-1.7475645946331821,-5.882823017222689,-0.018457615653116877
22.360679774997898,500,144,144,6.439875775199416,-1.190511836656456,13,-13,-0.5813776741499453,-1.7718895108064014,-1.7475645946331821,0.5570527579767262,-0.024324916173219302
22.38302928559939,501,192,-192,-8.5779273908884,-9.768439227544857,-179,179,7.997130223796988,-1.7713090037478683,-1.7475645946331821,-8.020874632911674,-0.023744409114686116
22.40535650240808,502,168,168,7.498206956981174,-2.2702322705636826,-11,11,0.49095402694519696,-1.7792782436184855,-1.7475645946331821,-0.5226676759305005,-0.03171364898530338
22.44994432064365,504,144,144,6.414269805898175,4.144037535334492,133,-133,-5.924290862392073,-1.780253327057581,-1.7475645946331821,5.891602129967675,-0.03268873242439896
22.47220505424423,505,96,-96,-4.271943931103852,-0.1279063957693598,37,-37,-1.6464783901129438,-1.7743847858823036,-1.7475645946331821,1.6196581988638223,-0.026820191249121494
22.494443758403985,506,336,336,14.937021942339316,14.809115546569956,373,-373,-16.581872572894635,-1.7727570263246797,-1.7475645946331821,16.556680141203138,-0.02519243169149754
22.516660498395403,507,104,-104,-4.618802153516998,10.190313393052957,269,-269,-11.94670941630841,-1.7563960232554532,-1.7475645946331821,11.93787798768614,-0.008831428622271043
22.561028345356956,509,360,-360,-15.956719458405775,-5.766406065352818,-91,91,4.03350408531922,-1.7329019800335983,-1.7475645946331821,-4.018841470719636,0.014662614599583845
22.58317958127243,510,192,192,8.501902901184932,2.735496835832114,101,-101,-4.4723551719774814,-1.7368583361453673,-1.7475645946331821,4.4830614304652965,0.010706258487814813
22.627416997969522,512,12,12,0.5303300858899107,3.2658269217220246,113,-113,-4.993941642129991,-1.7281147204079668,-1.7475645946331821,5.013391516355207,0.01944987422521538
22.64950330581225,513,192,-192,-8.477007085216242,-5.211180163494217,-79,79,3.487935206937949,-1.7232449565562682,-1.7475645946331821,-3.4636155688610346,0.024319638076913952
22.67156809750927,514,192,192,8.468756954711626,3.257576791217409,113,-113,-4.984216332720909,-1.7266395415034994,-1.7475645946331821,5.0051413858505915,0.020925053129682736
22.693611435820433,515,144,-144,-6.345398149044949,-3.08782135782754,-31,31,1.3660232126416185,-1.7217981451859214,-1.7475645946331821,-1.3402567631943578,0.025766449447260698
22.715633383201094,516,144,144,6.339246525544477,3.2514251677169375,113,-113,-4.9745476207397745,-1.723122453022837,-1.7475645946331821,4.99898976235012,0.02444214161034508
22.737634001804146,517,144,-144,-6.333112758723025,-3.0816875910060872,-31,31,1.3633784411139815,-1.7183091498921057,-1.7475645946331821,-1.334122996372905,0.029255444741076442
22.759613353482084,518,192,192,8.435995683143924,5.3543080921378365,161,-161,-7.073933880136323,-1.7196257879984866,-1.7475645946331821,7.101872686771019,0.0279388066346955
22.80350850198276,520,48,48,2.1049392463368695,7.459247338474706,209,-209,-9.165256301758456,-1.7060089632837503,-1.7475645946331821,9.206811933107888,0.041555631349431854
22.825424421026653,521,384,-384,-16.823345446591738,-9.364098108117032,-175,175,7.666889200920662,-1.6972089071963703,-1.7475645946331821,-7.61653351348385,0.05035568743681185
22.847319317591726,522,120,120,5.252257314388902,-4.11184079372813,-55,55,2.4072846024282466,-1.7045561912998837,-1.7475645946331821,-2.364276199094948,0.04300840333329847
22.869193252058544,523,120,-120,-5.247233633359513,-9.359074427087643,-175,175,7.652215715315956,-1.7068587117716874,-1.7475645946331821,-7.611509832454461,0.04070588286149479
22.891046284519195,524,120,120,5.2422243399662305,-4.116850087121413,-55,55,2.4026861558178543,-1.7141639313035584,-1.7475645946331821,-2.3692854924882303,0.03340066332962377
22.9128784747792,525,240,-240,-10.474458731327688,-14.5913088184491,-295,295,12.874855523923552,-1.7164532945255484,-1.7475645946331821,-12.843744223815918,0.031111300107633744
22.93468988235943,526,144,144,6.278698370836051,-8.31261044761305,-151,151,6.5839128749739055,-1.7286975726391445,-1.7475645946331821,-6.565045852979868,0.01886702199403767
22.978250586152114,528,48,48,2.088931871468376,-6.223678576144675,-103,103,4.48249964085922,-1.741178935285455,-1.7475645946331821,-4.476113981511492,0.006385659347727168
23.0,529,150,-150,-6.521739130434801,-12.745417706579476,-253,253,11.0,-1.7454177065794756,-1.7475645946331821,-10.997853111946293,0.0021468880537065527
23.021728866442675,530,336,336,14.594907356839096,1.8494896502596205,83,-83,-3.605289614933476,-1.7557999646738556,-1.7475645946331821,3.597054244892803,-0.008235370040673429
23.043437243605826,531,216,-216,-9.373601590619305,-7.524111940359685,-133,133,5.771708386816524,-1.7524035535431608,-1.7475645946331821,-5.776547345726502,-0.004838958909978652
23.065125189341593,532,48,48,2.081063926857886,-5.443048013501799,-85,85,3.6852173704775097,-1.7578306430242892,-1.7475645946331821,-3.6954834188686165,-0.010266048391107008
23.08679276123039,533,144,-144,-6.23733237826863,-11.680380391770429,-229,229,9.919091073774409,-1.7612893179960203,-1.7475645946331821,-9.932815797137247,-0.013724723362838143
23.108440016582687,534,240,240,10.385815737789992,-1.2945646539804372,11,-11,-0.47601655464870696,-1.7705812086291441,-1.7475645946331821,0.45299994065274496,-0.023016613995962
23.15167380558045,536,168,168,7.25649477488344,5.961930120903003,179,-179,-7.731622408953173,-1.7696922880501704,-1.7475645946331821,7.709494715536185,-0.02212769341698828
23.173260452512935,537,144,-144,-6.214058668830279,-0.2521285479272759,35,-35,-1.5103614820073608,-1.7624900299346367,-1.7475645946331821,1.4954360467059062,-0.014925435301454515
23.194827009486403,538,120,120,5.173567362710725,4.921438814783449,155,-155,-6.682524510168016,-1.7610856953845673,-1.7475645946331821,6.669003409416631,-0.013521100751385129
23.2163735324878,539,216,-216,-9.303778632685312,-4.382339817901863,-61,61,2.6274560027490828,-1.75488381515278,-1.7475645946331821,-2.6347752232686803,-0.007319220519597769
23.259406699226016,541,120,-120,-5.1592029647081725,-9.541542782610035,-181,181,7.781797805101494,-1.7597449775085412,-1.7475645946331821,-7.793978187976853,-0.012180382875359053
23.280893453645632,542,288,288,12.370659252121712,2.8291164695116766,107,-107,-4.596043541586868,-1.766927072075191,-1.7475645946331821,4.576681064144859,-0.01936247744200892
23.323807579381203,544,48,48,2.057983021710103,4.88709949122178,155,-155,-6.645570174272217,-1.7584706830504375,-1.7475645946331821,6.634664085854962,-0.010906088417255377
23.345235059857504,545,384,-384,-16.448752776119814,-11.561653284898036,-229,229,9.809282254508933,-1.752371030389103,-1.7475645946331821,-9.814088690264853,-0.004806435755920768
23.366642891095847,546,288,288,12.325262184314285,0.7636088994162495,59,-59,-2.524966905814386,-1.7613580063981367,-1.7475645946331821,2.511173494049432,-0.013793411764954522
23.388031127053,547,72,-72,-3.078497698624893,-2.3148887992086435,-13,13,0.5558398622517166,-1.759048936956927,-1.7475645946331821,-0.5673242045754614,-0.011484342323744956
23.40939982143925,548,96,96,4.100916757040446,1.7860279578318026,83,-83,-3.545584279524558,-1.7595563216927554,-1.7475645946331821,3.5335925524649845,-0.011991727059573298
23.430749027719962,549,360,-360,-15.364425591947535,-13.578397634115733,-277,277,11.822071913804063,-1.7563257203116702,-1.7475645946331821,-11.83083303948255,-0.00876112567848808
23.45207879911715,550,168,168,7.163544069548477,-6.414853564567256,-109,109,4.647775616552307,-1.7670779480149488,-1.7475645946331821,-4.667288969934074,-0.01951335338176663
23.49468024894146,552,96,96,4.086031347641994,-2.3288222169252624,-13,13,0.5533167449931866,-1.7755054719320758,-1.7475645946331821,-0.5812576222920802,-0.027940877298893607
23.515952032609693,553,96,-96,-4.082335253400604,-6.4111574703258665,-109,109,4.635151485631929,-1.7760059846939376,-1.7475645946331821,-4.663592875692684,-0.02844139006075541
23.53720459187964,554,264,264,11.216285220679083,4.805127750353217,155,-155,-6.585318974262354,-1.7801912239091378,-1.7475645946331821,6.552692344986399,-0.03262662927595561
23.558437978779494,555,96,-96,-4.074973055788883,0.7301546945643338,59,-59,-2.504410523870252,-1.7742558293059183,-1.7475645946331821,2.477719289197516,-0.026691234672736153
23.57965224510319,556,72,72,3.0534801468478916,3.7836348414122254,131,-131,-5.55563748940381,-1.7720026479915845,-1.7475645946331821,5.531199436045408,-0.024438053358402323
23.600847442411894,557,216,-216,-9.152213729911951,-5.368578888499726,-85,85,3.601565588159804,-1.7670133003399218,-1.7475645946331821,-3.6210142938665433,-0.019448705706739622
23.62202362203543,558,288,288,12.192012192018332,6.823433303518606,203,-203,-8.593675260346224,-1.7702419568276175,-1.7475645946331821,8.570997898151788,-0.02267736219443539
23.664319132398465,560,48,48,2.0283702113484408,8.851803514867047,251,-251,-10.606685896842883,-1.7548823819758361,-1.7475645946331821,10.59936810950023,-0.007317787342653981
23.68543856465402,561,192,-192,-8.10624635367841,0.7455571611886374,59,-59,-2.4909819524324197,-1.7454247912437824,-1.7475645946331821,2.4931217558218197,0.002139803389399786
23.706539182259394,562,96,96,4.049515589852146,4.795072751040784,155,-155,-6.538280379448766,-1.7432076284079825,-1.7475645946331821,6.542637345673966,0.004356966225199654
23.727621035409346,563,216,-216,-9.103314642359567,-4.308241891318784,-61,61,2.570843486962646,-1.7373984043561377,-1.7475645946331821,-2.5606772966856015,0.010166190277044462
23.748684174075834,564,96,96,4.04232922111929,-0.26591267019949427,35,-35,-1.4737658618664082,-1.7396785320659025,-1.7475645946331821,1.4816519244336879,0.00788606256727964
23.769728648009426,565,144,-144,-6.0581255315280815,-6.324038201727576,-109,109,4.585664464837216,-1.7383737368903596,-1.7475645946331821,-4.576473607094393,0.009190857742822578
23.790754506740637,566,360,360,15.131928661531123,8.807890459803549,251,-251,-10.550316927900885,-1.742426468097337,-1.7475645946331821,10.555455054436731,0.005138126535845222
23.83275057562597,568,48,48,2.0140352599120552,10.821925719715605,299,-299,-12.545761306535502,-1.723835586819897,-1.7475645946331821,12.569490314348787,0.02372900781328524
23.853720883753127,569,384,-384,-16.09811743297223,-5.276191713256626,-85,85,3.5633853692777078,-1.7128063439789183,-1.7475645946331821,-3.5286271186234437,0.034758250654263856
23.874672772626646,570,192,192,8.041995039200568,2.765803325943942,107,-107,-4.481736818721141,-1.7159334927771992,-1.7475645946331821,4.513367920577124,0.031631101855982946
23.895606290697042,571,120,-120,-5.021843703824239,-2.2560403778802973,-13,13,0.5440330679142934,-1.7120073099660038,-1.7475645946331821,-0.5084757832471152,0.035557284667178335
23.93741840717165,573,192,-192,-8.02091506837166,-10.276955446251957,-205,205,8.563997859459315,-1.7129575867926423,-1.7475645946331821,-8.529390851618775,0.03460700784053983
23.958297101421877,574,192,192,8.013925162844965,-2.2630302834069926,-13,13,0.5426095162342934,-1.7204207671726992,-1.7475645946331821,-0.5154656887738105,0.02714382746048294
24.0,576,30,30,1.25,-1.0130302834069926,17,-17,-0.7083333333333334,-1.7213636167403261,-1.7475645946331821,0.7345343112261895,0.026200977892856026
24.020824298928627,577,96,-96,-3.996532292369403,-5.009562575776396,-79,79,3.288813032262325,-1.7207495435140712,-1.7475645946331821,-3.261997981143214,0.026815051119110977
24.041630560342615,578,204,204,8.485281374238598,3.4757187984622018,125,-125,-5.199314567548144,-1.723595769085942,-1.7475645946331821,5.223283393095384,0.023968825547240113
24.06241883103193,579,192,-192,-7.979247695264445,-4.503528896802243,-67,67,2.784424976993332,-1.7191039198089113,-1.7475645946331821,-2.755964302169061,0.028460674824270837
24.08318915758459,580,96,96,3.986183032979523,-0.5173458638227202,29,-29,-1.2041594578792296,-1.7215053217019498,-1.7475645946331821,1.230218730810462,0.026059272931232336
24.1039415863879,581,336,-336,-13.939628869236435,-14.456974733059155,-307,307,12.736506139451093,-1.7204685936080626,-1.7475645946331821,-12.709410138425973,0.027096001025119554
24.124676163629637,582,192,192,7.958656053980916,-6.498318679078239,-115,115,4.76690336566565,-1.7314153134125894,-1.7475645946331821,-4.750754084445057,0.01614928122059278
24.166091947189145,584,192,192,7.945016530582756,1.446697851504517,77,-77,-3.1862826711191166,-1.7395848196145995,-1.7475645946331821,3.1942624461376994,0.007979775018582602
24.186773244895647,585,288,-288,-11.907334520563936,-10.460636669059419,-211,211,8.723776332774328,-1.7368603362850905,-1.7475645946331821,-8.713072074426236,0.010704258348091633
24.20743687382041,586,216,216,8.92287775553794,-1.537758913521479,5,-5,-0.2065480961930069,-1.744307009714486,-1.7475645946331821,0.20980568111170306,0.0032575849186962103
24.228082879171435,587,168,-168,-6.934102084669146,-8.471860998190625,-163,163,6.727729998815918,-1.7441309993747067,-1.7475645946331821,-6.724296403557442,0.0034335952584754192
24.24871130596428,588,56,56,2.3094010767585003,-6.1624599214321245,-107,107,4.412605628806426,-1.7498542926256988,-1.7475645946331821,-4.414895326798942,-0.0022896979925166594
24.269322199023193,589,192,-192,-7.911222176931192,-14.073682098363317,-299,299,12.32008036928342,-1.7536017290798966,-1.7475645946331821,-12.326117503730135,-0.006037134446714498
24.289915602982237,590,240,240,9.880643635111424,-4.193038463251893,-59,59,2.428991560298224,-1.7640469029536692,-1.7475645946331821,-2.445473868618711,-0.016482308320487027
24.331050121192877,592,24,24,0.9863939238321437,-3.2066445394197496,-35,35,1.4384911389218764,-1.7681534004978732,-1.7475645946331821,-1.4590799447865674,-0.02058880586469103
24.351591323771842,593,288,-288,-11.82674249788583,-15.03338703730558,-323,323,13.264020232003885,-1.7693668053016953,-1.7475645946331821,-13.285822442672398,-0.021802210668513178
24.372115213907882,594,384,384,15.755710845354551,0.7223238080489711,61,-61,-2.5028603165797656,-1.7805365085307945,-1.7475645946331821,2.4698884026821535,-0.03297191389761234
24.392621835300936,595,96,-96,-3.9356162961157874,-3.2132924880668163,-35,35,1.4348601079588785,-1.7784323801079378,-1.7475645946331821,-1.4657278934336342,-0.03086778547475566
24.413111231467404,596,168,168,6.881548132359962,3.6682556442931453,133,-133,-5.44789227145162,-1.7796366271584745,-1.7475645946331821,5.415820238926328,-0.03207203252529234
24.43358344574123,597,144,-144,-5.89352766530441,-2.225272021011265,-11,11,0.4502000299885319,-1.7750719910227333,-1.7475645946331821,-0.47770742637808294,-0.02750739638955113
24.454038521274967,598,96,96,3.925731936525744,1.7004599155144788,85,-85,-3.4759084854655056,-1.7754485699510267,-1.7475645946331821,3.448024510147661,-0.02788397531784459
24.49489742783178,600,120,120,4.898979485566356,6.599439401080835,205,-205,-8.369089954509192,-1.7696505534283578,-1.7475645946331821,8.347003995714017,-0.02208595879517561
24.515301344262525,601,240,-240,-9.789804197376089,-3.1903647962952544,-35,35,1.4276797787840074,-1.762685017511247,-1.7475645946331821,-1.4428002016620722,-0.01512042287806481
24.535688292770594,602,288,288,11.738003701524834,8.54763890522958,253,-253,-10.311510196131163,-1.7638712909015837,-1.7475645946331821,10.295203499862762,-0.016306696268401533
24.55605831561735,603,120,-120,-4.886777774252205,3.6608611309773744,133,-133,-5.416178699796198,-1.7553175688188238,-1.7475645946331821,5.408425725610557,-0.007752974185641692
24.596747752497688,605,312,-312,-12.68460379963522,-9.023742668657846,-179,179,7.277384872226588,-1.7463577964312575,-1.7475645946331821,-7.2761780740246635,0.001206798201924597
24.61706725018234,606,144,144,5.849600138657177,-3.174142530000669,-35,35,1.4217778114791781,-1.7523647185214908,-1.7475645946331821,-1.4265779353674868,-0.004800123888308638
24.657656011875904,608,72,72,2.919985580353729,-0.2541569496469398,37,-37,-1.5005481454595535,-1.7547050951064933,-1.7475645946331821,1.4934076449862423,-0.007140500473311162
24.677925358506133,609,192,-192,-7.780232625341807,-8.034389574988747,-155,155,6.280916963166585,-1.7534726118221622,-1.7475645946331821,-6.286824980355565,-0.0059080171889800415
24.698178070456937,610,144,144,5.830389577288182,-2.2039999977005653,-11,11,0.44537698159840383,-1.7586230161021614,-1.7475645946331821,-0.45643540306738317,-0.011058421468979285
24.71841418861655,611,240,-240,-9.709360728752857,-11.913360726453423,-251,251,10.154373095487323,-1.7589876309661001,-1.7475645946331821,-10.16579613182024,-0.011423036332917968
24.73863375370596,612,144,144,5.8208550008719815,-6.092505725581441,-107,107,4.325218646481272,-1.7672870791001696,-1.7475645946331821,-4.344941130948259,-0.019722484466987433
24.758836806279895,613,120,-120,-4.846754350332108,-10.939260075913548,-227,227,9.16844364604492,-1.7708164298686278,-1.7475645946331821,-9.191695481280366,-0.023251835235445606
24.779023386727733,614,408,408,16.465539970333573,5.526279894420025,181,-181,-7.304565526054919,-1.778285631634894,-1.7475645946331821,7.273844489053207,-0.030721037001711915
24.819347291981714,616,96,96,3.867950227321822,9.394230121741847,277,-277,-11.160648051751517,-1.7664179300096698,-1.7475645946331821,11.14179471637503,-0.0188533353764877
24.839484696748443,617,144,-144,-5.797221712044998,3.5970084096968495,133,-133,-5.354378386819356,-1.7573699771225062,-1.7475645946331821,5.344573004330032,-0.009805382489324055
24.859605789312106,618,144,144,5.7925295043057154,9.389537914002565,277,-277,-11.142574115921446,-1.7530362019188814,-1.7475645946331821,11.137102508635747,-0.005471607285699287
24.879710609249457,619,120,-120,-4.823207226348848,4.566330687653717,157,-157,-6.3103627878064055,-1.7440321001526886,-1.7475645946331821,6.313895282286899,0.003532494480493531
24.899799195977465,620,96,96,3.855452778731999,8.421783466385715,253,-253,-10.16072451061661,-1.738941044230895,-1.7475645946331821,10.169348061018898,0.008623550402287128
24.919871588754223,621,384,-384,-15.409389194978347,-6.987605728592632,-131,131,5.256848918078589,-1.730756810514043,-1.7475645946331821,-5.2400411339594495,0.01680778411913919
24.939927826679853,622,144,144,5.773873966305291,-1.213731762287341,13,-13,-0.5212525108470065,-1.7349842731343474,-1.7475645946331821,0.5338328323458412,0.012580321498834701
25.0,625,150,-150,-6.000000000000004,-7.213731762287345,-137,137,5.48,-1.733731762287345,-1.7475645946331821,-5.466167167654163,0.01383283234583721
25.019992006393608,626,432,432,17.26619256671234,10.052460804424996,295,-295,-11.790571312917114,-1.7381105084921185,-1.7475645946331821,11.800025399058178,0.009454086141063689
25.03996805109783,627,96,-96,-3.8338707063881774,6.2185900980368185,199,-199,-7.947294485117173,-1.728704387080355,-1.7475645946331821,7.966154692670001,0.018860207552827246
25.059928172283335,628,72,72,2.8731127840834425,9.091702882120261,271,-271,-10.81407728453628,-1.722374402416019,-1.7475645946331821,10.839267476753443,0.02519019221716312
25.079872407968907,629,432,-432,-17.224968013104355,-8.133265130984094,-161,161,6.419490393772644,-1.71377473721145,-1.7475645946331821,-6.385700536350912,0.03378985742173213
25.099800796022265,630,240,240,9.561828874675166,1.4285637436910719,79,-79,-3.1474353379139033,-1.7188715942228314,-1.7475645946331821,3.1761283383242542,0.028693000410350722
25.13961017995307,632,96,96,3.8186749640435127,5.247238707734585,175,-175,-6.961126236537638,-1.7138875288030526,-1.7475645946331821,6.994803302367767,0.03367706583012953
25.15949125081825,633,240,-240,-9.539143602205947,-4.291904894471362,-65,65,2.583518058930784,-1.7083868355405776,-1.7475645946331821,-2.544340299838179,0.03917775909260457
25.179356624028344,634,168,168,6.672132354632118,2.3802274601607563,103,-103,-4.090652574566119,-1.7104251144053624,-1.7475645946331821,4.127792054793939,0.037139480227819766
25.199206336708304,635,240,-240,-9.524109481590553,-7.143882021429797,-137,137,5.436679162407934,-1.707202859021863,-1.7475645946331821,-5.396317426796615,0.04036173561131906
25.238858928247925,637,168,-168,-6.656402354702743,-13.80028437613254,-305,305,12.084539989192491,-1.7157443869400488,-1.7475645946331821,-12.052719781499357,0.03182020769313332
25.25866188063018,638,240,240,9.501690989578726,-4.298593386553813,-65,65,2.5733746430109115,-1.7252187435429018,-1.7475645946331821,-2.551028791920631,0.02234585109028031
25.298221281347036,640,24,24,0.9486832980505139,-3.3499100885032993,-41,41,1.6206673008362944,-1.729242787667005,-1.7475645946331821,-1.6023454938701172,0.018321806966177245
25.317977802344327,641,336,-336,-13.271202092960593,-16.621112181463893,-377,377,14.890604729303917,-1.7305074521599764,-1.7475645946331821,-14.87354758683071,0.017057142473205777
25.337718918639855,642,192,192,7.5776355644530335,-9.04347661701086,-185,185,7.3013676011656905,-1.7421090158451698,-1.7475645946331821,-7.295912022377678,0.005455578788012394
25.357444666211933,643,72,-72,-2.839402824210355,-11.882879441221215,-257,257,10.135090636417521,-1.7477888048036938,-1.7475645946331821,-10.135314846588033,-0.0002242101705116628
25.37715508089904,644,192,192,7.56585989989535,-4.317019541325865,-65,65,2.561358820277077,-1.755660721048788,-1.7475645946331821,-2.569454946692683,-0.008096126415605864
25.39685019840059,645,192,-192,-7.55999261719829,-11.877012158524156,-257,257,10.119365117812327,-1.757647040711829,-1.7475645946331821,-10.129447563890974,-0.010082446078646834
25.41653005427767,646,192,192,7.554138963500466,-4.32287319502369,-65,65,2.5573907949350594,-1.7654824000886307,-1.7475645946331821,-2.5753086003905077,-0.01791780545544852
25.45584412271571,648,108,108,4.242640687119277,-0.08023250790441327,43,-43,-1.6891995328345302,-1.7694320407389434,-1.7475645946331821,1.6673320867287689,-0.0218674461057613
25.475478405713993,649,240,-240,-9.420824063746343,-9.501056571650757,-197,197,7.7329264189917675,-1.7681301526589897,-1.7475645946331821,-7.753491977017575,-0.020565558025807507
25.495097567963924,650,360,360,14.120361729949312,4.619305158298555,163,-163,-6.3933860055048,-1.7740808472062444,-1.7475645946331821,6.366869752931738,-0.026516252573062227
25.514701644346147,651,192,-192,-7.525073296028372,-2.905768137729817,-29,29,1.1365996124209499,-1.7691685253088671,-1.7475645946331821,-1.1582035430966349,-0.021603930675685
25.534290669607408,652,24,24,0.9399125399855486,-1.9658555977442684,-5,5,0.19581511249698935,-1.770040485247279,-1.7475645946331821,-0.2182910031110863,-0.02247589061409694
25.553864678361276,653,168,-168,-6.574348033636565,-8.540203631380834,-173,173,6.7700131536853,-1.7701904776955342,-1.7475645946331821,-6.7926390367476515,-0.022625883062352026
25.573423705088842,654,336,336,13.138639701696933,4.598436070316099,163,-163,-6.373804379097066,-1.7753683087809673,-1.7475645946331821,6.3460006649492815,-0.027803714147785152
25.612496949731394,656,96,96,3.7481702853265495,8.346606355642649,259,-259,-10.112251082287242,-1.7656447266445934,-1.7475645946331821,10.094170950275831,-0.018080132011411232
25.632011235952593,657,240,-240,-9.363291775690401,-1.016685420047752,19,-19,-0.7412605989088269,-1.757946018956579,-1.7475645946331821,0.7308791745854302,-0.010381424323396837
25.65151067676132,658,96,96,3.7424696428101676,2.7257842227624156,115,-115,-4.48316675961634,-1.7573825368539246,-1.7475645946331821,4.473348817395598,-0.009817942220742504
25.67099530598687,659,264,-264,-10.283979910137333,-7.558195687374917,-149,149,5.804215934130568,-1.7539797532443497,-1.7475645946331821,-5.810631092741735,-0.006415158611167593
25.69046515733026,660,96,96,3.7367949319753104,-3.821400755399607,-53,53,2.0630222020280358,-1.7583785533715712,-1.7475645946331821,-2.073836160766425,-0.010813958738389085
25.709920264364882,661,216,-216,-8.401426289111695,-12.222827044511302,-269,269,10.462887369310367,-1.7599396752009344,-1.7475645946331821,-10.47526244987812,-0.012375080567752272
25.729360660537214,662,264,264,10.26065138124142,-1.962175663269882,-5,5,0.19433051858411793,-1.767845144685764,-1.7475645946331821,-0.21461106863669976,-0.02028055005258178
25.768197453450252,664,120,120,4.656903154237995,2.6947274909681127,115,-115,-4.462865522811414,-1.7681380318433009,-1.7475645946331821,4.442292085601295,-0.020573437210118728
25.787593916455254,665,288,-288,-11.168160974344518,-8.473433483376406,-173,173,6.708652251950014,-1.764781231426392,-1.7475645946331821,-6.725868888743223,-0.01721663679320984
25.80697580112788,666,360,360,13.949716649258237,5.476283165881831,187,-187,-7.246102815031402,-1.7698196491495706,-1.7475645946331821,7.223847760515014,-0.02225505451638843
25.826343140289914,667,96,-96,-3.7171348447793635,1.7591483211024679,91,-91,-3.523534071613767,-1.7643857505112992,-1.7475645946331821,3.5067129157356502,-0.016821155878117056
25.865034312755125,669,144,-144,-5.567361645794819,-3.8082133246923515,-53,53,2.0490983835217067,-1.7591149411706448,-1.7475645946331821,-2.060648730059169,-0.011550346537462675
25.88435821108957,670,144,144,5.563205346861034,1.7549920221686826,91,-91,-3.515636712252464,-1.7606446900837813,-1.7475645946331821,3.502556616801865,-0.013080095450599183
25.92296279363144,672,48,48,1.8516401995451022,3.6066322217137845,139,-139,-5.362041411182694,-1.7554091894689092,-1.7475645946331821,5.354196816346967,-0.007844594835727081
25.942243542145693,673,144,-144,-5.550792080340237,-1.9441598586264526,-5,5,0.19273583612292494,-1.7514240225035276,-1.7475645946331821,-0.19659526399327043,-0.0038594278703454332
25.96150997149434,674,288,288,11.093345507107404,9.149185648480952,283,-283,-10.900752703164537,-1.7515670546835853,-1.7475645946331821,10.896750243114134,-0.004002460050403167
25.98076211353316,675,224,-224,-8.621764019898377,0.5274216285825748,59,-59,-2.270911058812528,-1.7434894302299533,-1.7475645946331821,2.274986223215757,0.004075164403228859
26.0,676,78,78,2.9999999999999982,3.527421628582573,137,-137,-5.269230769230769,-1.7418091406481961,-1.7475645946331821,5.274986223215755,0.005755453984986003
26.019223662515376,677,360,-360,-13.835923956433657,-10.308502327851084,-223,223,8.57058622856858,-1.7379160992825042,-1.7475645946331821,-8.560937733217902,0.00964849535067791
26.038433132583073,678,240,240,9.217144471710835,-1.0913578561402488,17,-17,-0.6528810667461833,-1.7442389228864321,-1.7475645946331821,0.6562067384929333,0.003325671746750025
26.076809620810597,680,144,144,5.522147919701057,4.430790063560808,161,-161,-6.174068160221331,-1.7432780966605232,-1.7475645946331821,6.1783546581939905,0.004286497972658898
26.095976701399778,681,240,-240,-9.196819982872176,-4.766029919311368,-79,79,3.027286577695422,-1.7387433416159461,-1.7475645946331821,-3.0184653246781856,0.00882125301723602
26.115129714401192,682,144,144,5.514044983685885,0.7480150643745169,65,-65,-2.4889786384693213,-1.7409635740948044,-1.7475645946331821,2.4955796590076993,0.006601020538377744
26.13426869074396,683,120,-120,-4.591672390760283,-3.843657326385766,-55,55,2.1045165124317977,-1.7391408139539681,-1.7475645946331821,-2.0960927317525835,0.00842378067921401
26.153393661244042,684,120,120,4.5883146774112324,0.7446573510254666,65,-65,-2.4853371169310856,-1.740679765905619,-1.7475645946331821,2.492221945658649,0.00688482872756313
26.1725046566048,685,144,-144,-5.501957183286255,-4.757299832260788,-79,79,3.018434843608437,-1.738864988652351,-1.7475645946331821,-3.0097352376276056,0.008699605980831082
26.19160170741759,686,384,384,14.6611881277674,9.903888295506611,305,-305,-11.64495411189849,-1.7410658163918793,-1.7475645946331821,11.651452890139794,0.006498778241302849
26.229754097208,688,24,24,0.9149914219956282,10.81887971750224,329,-329,-12.543007409856735,-1.7241276923544948,-1.7475645946331821,12.566444312135422,0.023436902278687333
26.248809496813376,689,480,-480,-18.286543626227143,-7.467663908724903,-151,151,5.7526418490839175,-1.7150220596409858,-1.7475645946331821,-5.720099314091721,0.03254253499219639
26.267851073127396,690,192,192,7.309315081218086,-0.158348827506817,41,-41,-1.5608433246351059,-1.719192152141923,-1.7475645946331821,1.5892157671263651,0.028372442491259253
26.28687885618983,691,120,-120,-4.565015141451205,-4.723363968958022,-79,79,3.005301634788707,-1.718062334169315,-1.7475645946331821,-2.97579937432484,0.029502260463867058
26.30589287593181,692,168,168,6.386401738665526,1.663037769707504,89,-89,-3.3832723496501895,-1.7202345799426855,-1.7475645946331821,3.4106023643406864,0.027330014690496673
26.324893162176366,693,288,-288,-10.940215340125237,-9.277177570417733,-199,199,7.559384905155984,-1.717792665261749,-1.7475645946331821,-7.52961297578455,0.029771929371433137
26.343879744638983,694,120,120,4.555137708006738,-4.722039862410995,-79,79,2.998798991104437,-1.7232408713065577,-1.7475645946331821,-2.9744752677778123,0.02432372332662447
26.38181191654584,696,144,144,5.458305913768095,0.7362660513571004,65,-65,-2.463818641631436,-1.7275525902743354,-1.7475645946331821,2.483830645990283,0.020012004358846758
26.40075756488817,697,96,-96,-3.636259291577144,-2.8999932402200437,-31,31,1.1742087295717838,-1.7257845106482599,-1.7475645946331821,-1.1524286455868615,0.02178008398492226
26.419689627245813,698,312,312,11.809374160029614,8.909380919809571,281,-281,-10.636006855667727,-1.7266259358581557,-1.7475645946331821,10.656945514442754,0.02093865877502643
26.43860813280457,699,240,-240,-9.077633693666805,-0.16825277385723325,41,-41,-1.5507624226680792,-1.7190151965253124,-1.7475645946331821,1.579311820775949,0.028549398107869717
26.476404589747453,701,408,-408,-15.409947321850291,-15.578200095707524,-367,367,13.861398693919137,-1.7168014017883877,-1.7475645946331821,-13.830635501074342,0.03076319284479445
26.49528259898354,702,192,192,7.246573018525399,-8.331627077182127,-175,175,6.604949365843475,-1.7266777113386516,-1.7475645946331821,-6.584062482548944,0.02088688329453059
26.5329983228432,704,24,24,0.9045340337332906,-7.427093043448836,-151,151,5.691026628905289,-1.7360664145435472,-1.7475645946331821,-5.679528448815653,0.01149818008963499
26.551836094703507,705,288,-288,-10.846707511027804,-18.27380055447664,-439,439,16.533696518545874,-1.7401040359307665,-1.7475645946331821,-16.526235959843458,0.007460558702415687
26.570660511172846,706,288,288,10.839022984727759,-7.434777569748881,-151,151,5.682959967687109,-1.751817602061772,-1.7475645946331821,-5.687212975115699,-0.004253007428589806
26.589471600616662,707,144,-144,-5.415677384001123,-12.850454953750004,-295,295,11.094616863057873,-1.7558380906921318,-1.7475645946331821,-11.102890359116822,-0.00827349605894967
26.60826939130014,708,48,48,1.8039504672067905,-11.046504486543213,-247,247,9.282828445834937,-1.763676040708276,-1.7475645946331821,-9.298939891910031,-0.01611144607509396
26.627053911388696,709,120,-120,-4.506694597132076,-15.553199083675288,-367,367,13.782974309562272,-1.7702247741130162,-1.7475645946331821,-13.805634489042106,-0.02266017947983401
26.645825188948457,710,384,384,14.41126320078342,-1.1419358828918682,17,-17,-0.6379986312846813,-1.7799345141765495,-1.7475645946331821,0.6056287117413139,-0.03236991954336732
26.68332812825267,712,96,96,3.5977521071801437,2.4558162242882755,113,-113,-4.234854042826617,-1.7790378185383418,-1.7475645946331821,4.203380818921458,-0.03147322390515961
26.70205984563738,713,288,-288,-10.785684762333224,-8.329868538044948,-175,175,6.553801504889959,-1.7760670331549893,-1.7475645946331821,-6.582303943411766,-0.028502438521807116
26.720778431774775,714,288,288,10.778129115337675,2.448260577292727,113,-113,-4.228918715392926,-1.7806581381001996,-1.7475645946331821,4.195825171925909,-0.03309354346701743
26.739483914241877,715,96,-96,-3.5901964416324725,-1.1419358643397457,17,-17,-0.6357639532057509,-1.7776998175454966,-1.7475645946331821,0.6056287302934364,-0.030135222912314408
26.758176320519304,716,120,120,4.484610556511615,3.3426746921718697,137,-137,-5.11993038535076,-1.7772556931788905,-1.7475645946331821,5.090239286805052,-0.029691098545708394
26.77685567799177,717,192,-192,-7.170371394943383,-3.8276967027715134,-55,55,2.0540126391764955,-1.773684063595018,-1.7475645946331821,-2.080132108138331,-0.026119468961835812
26.795522013948524,718,144,144,5.374032270206935,1.5463355674354213,89,-89,-3.321450500336238,-1.7751149329008165,-1.7475645946331821,3.2939001620686037,-0.02755033826763431
26.832815729997478,720,72,72,2.683281572999748,4.2296171404351695,161,-161,-6.000115739624436,-1.770498599189266,-1.7475645946331821,5.977181735068352,-0.022934004556083964
26.851443164195103,721,192,-192,-7.150453658149066,-2.920836517713896,-31,31,1.154500330221981,-1.7663361874919152,-1.7475645946331821,-1.173271923080714,-0.018771592858733088
26.870057685088806,722,228,228,8.485281374238564,5.564444856524668,197,-197,-7.331580836513151,-1.767135979988483,-1.7475645946331821,7.31200945115785,-0.019571385355300785
26.888659319497503,723,96,-96,-3.5702784158668974,1.9941664406577706,101,-101,-3.756230416693289,-1.7620639760355186,-1.7475645946331821,3.741731035290953,-0.01449938140233642
26.90724809414742,724,120,120,4.4597648774829945,6.453931318140765,221,-221,-8.213400316031189,-1.7594689978904237,-1.7475645946331821,8.201495912773947,-0.011904403257241514
26.92582403567252,725,360,-360,-13.370064348747638,-6.916133030606873,-139,139,5.162330401322042,-1.7538026292848308,-1.7475645946331821,-5.1685684359736905,-0.006238034651648627
26.94438717061496,726,264,264,9.797958971132699,2.881825940525826,125,-125,-4.639185118907534,-1.7573591783817077,-1.7475645946331821,4.629390535159009,-0.009794583748525598
26.981475126464083,728,144,144,5.336995079959932,8.218821020485759,269,-269,-9.96980330909181,-1.7509822886060515,-1.7475645946331821,9.966385615118941,-0.0034176939728693956
27.0,729,318,-318,-11.777777777777727,-3.558956757291968,-49,49,1.8148148148148149,-1.7441419424771532,-1.7475645946331821,-1.8113921626587859,0.0034226521560289935
27.018512172212592,730,144,144,5.329679113422757,1.770722356130789,95,-95,-3.516107748438625,-1.7453853923078362,-1.7475645946331821,3.5182869507639714,0.0021792023253459636
27.03701166919155,731,288,-288,-10.652064788956443,-8.881342432825654,-193,193,7.138362862043733,-1.7429795707819213,-1.7475645946331821,-7.133777838192472,0.0045850238512608055
27.073972741361768,733,168,-168,-6.205221583286208,-15.086564016111861,-361,361,13.333839235513775,-1.7527247805980863,-1.7475645946331821,-13.338999421478679,-0.005160185964904196
27.09243436828813,734,480,480,17.717123292613714,2.6305592765018524,119,-119,-4.392370149627095,-1.7618108731252429,-1.7475645946331821,4.378123871135035,-0.014246278492060727
27.129319932501073,736,48,48,1.769303473858766,4.399862750360619,167,-167,-6.155701669466955,-1.7558389191063366,-1.7475645946331821,6.147427344993801,-0.00827432447315446
27.147743920996454,737,240,-240,-8.840513624205077,-4.440650873844458,-73,73,2.688989560695714,-1.7516613131487437,-1.7475645946331821,-2.6930862792112755,-0.004096718515561593
27.16615541441225,738,240,240,8.83452208598778,4.393871212143322,167,-167,-6.147354951499791,-1.7534837393564686,-1.7475645946331821,6.141435806776505,-0.0059191447232864736
27.184554438136374,739,120,-120,-4.414271356666254,-0.020400144522931818,47,-47,-1.7289229480276178,-1.7493230925505496,-1.7475645946331821,1.7271644501102503,-0.0017584979173674853
27.202941017470888,740,192,192,7.058060372100574,7.037660227577642,239,-239,-8.785814734021002,-1.7481545064433606,-1.7475645946331821,8.785224822210823,-0.0005899118101784229
27.2213151776324,741,288,-288,-10.579944360537317,-3.542284132959675,-49,49,1.8000599780080804,-1.7422241549515944,-1.7475645946331821,-1.7947195383264927,0.005340439681587705
27.23967694375247,742,96,96,3.5242708714288855,-0.018013261530789304,47,-47,-1.7254242808037281,-1.7434375423345174,-1.7475645946331821,1.7295513331023928,0.004127052298664724
27.27636339397171,744,144,144,5.279296140768716,5.2612828792379265,191,-191,-7.00239974226962,-1.741116863031693,-1.7475645946331821,7.008847473871109,0.006447731601489037
27.294688127912362,745,192,-192,-7.034335732294165,-1.7730528530562388,-1,1,0.03663716527236558,-1.7364156877838732,-1.7475645946331821,-0.025488258423056687,0.011148906849308915
27.313000567495326,746,312,312,11.423131604636156,9.650078751579917,311,-311,-11.386519003339204,-1.7364402517592872,-1.7475645946331821,11.3976433462131,0.011124342873894966
27.331300737432898,747,216,-216,-7.903026719257735,1.7470520323221823,95,-95,-3.475868233006861,-1.7288162006846788,-1.7475645946331821,3.4946166269553647,0.01874839394850336
27.349588662354687,748,48,48,1.7550538179051118,3.502105850227294,143,-143,-5.228597832508984,-1.72649198228169,-1.7475645946331821,5.2496704448604765,0.02107261235149216
27.367864366808018,749,384,-384,-14.031054628643837,-10.528948778416542,-241,241,8.805948347664529,-1.7230004307520126,-1.7475645946331821,-8.78138418378336,0.024564163881169554
27.386127875258307,750,288,288,10.516273104099199,-0.012675674317343066,47,-47,-1.7161973468495204,-1.7288730211668635,-1.7475645946331821,1.734888920315839,0.018691573466318667
27.440845468024488,753,144,-144,-5.2476517229688255,-5.260327397286169,-97,97,3.534876507833167,-1.7254508894530014,-1.7475645946331821,-3.5127628026529862,0.022113705180180743
27.459060435491963,754,240,240,8.740284488750708,3.4799570914645397,143,-143,-5.207752841213993,-1.7277957497494532,-1.7475645946331821,5.227521686097722,0.019768844883728987
27.477263328068172,755,288,-288,-10.48139316355447,-7.0014360720899305,-145,145,5.277090308039583,-1.724345764050348,-1.7475645946331821,-5.253871477456748,0.02321883058283425
27.49545416973504,756,192,192,6.982972487551762,-0.018463584538168654,47,-47,-1.7093734735152737,-1.7278370580534423,-1.7475645946331821,1.7291010100950135,0.0197275365797398
27.51363298439521,757,120,-120,-4.361474185108879,-4.379937769647047,-73,73,2.6532301292745712,-1.7267076403724761,-1.7475645946331821,-2.632373175013865,0.020856954260705995
27.53179979587241,758,264,264,9.588911802256318,5.20897403260927,191,-191,-6.937432402390013,-1.7284583697807427,-1.7475645946331821,6.956538627242453,0.019106224852439402
27.568097504180443,760,48,48,1.7411430002640291,6.950117032873299,239,-239,-8.66944118881464,-1.7193241559413401,-1.7475645946331821,8.697681627506482,0.028240438691842007
27.586228448267445,761,480,-480,-17.39998640626601,-10.44986937339271,-241,241,8.736243174812685,-1.713626198580025,-1.7475645946331821,-8.702304778759528,0.03393839605315718
27.60434748368452,762,144,144,5.216569603215957,-5.233299770176753,-97,97,3.5139392466107595,-1.7193605235659937,-1.7475645946331821,-3.485735175543571,0.028204071067188474
27.622454633866266,763,96,-96,-3.475433348428791,-8.708733118605544,-193,193,6.987069127570367,-1.721663991035177,-1.7475645946331821,-6.961168523972361,0.025900603598005167
27.65863337187866,765,240,-240,-8.677218312746263,-17.385951431351806,-433,433,15.655148039246354,-1.730803392105452,-1.7475645946331821,-15.638386836718624,0.016761202527730168
27.676705006196094,766,288,288,10.405862978830877,-6.9800884525209295,-145,145,5.23906295809195,-1.7410254944289791,-1.7475645946331821,-5.232523857887747,0.006539100204203008
27.712812921102035,768,8,8,0.2886751345948129,-6.691413317926116,-137,137,4.943561679936171,-1.7478516379899451,-1.7475645946331821,-4.943848723292934,-0.00028704335676299486
27.730849247724095,769,240,-240,-8.654621351695406,-15.346034669621522,-377,377,13.594967706621565,-1.751066962999957,-1.7475645946331821,-13.59847007498834,-0.003502368366774755
27.748873851023216,770,384,384,13.838399427003697,-1.507635242617825,7,-7,-0.2522624895547565,-1.7598977321725815,-1.7475645946331821,0.23992935201535714,-0.012333137539399353
27.76688675382964,771,144,-144,-5.186033323672451,-6.693668566290276,-137,137,4.933934481549495,-1.7597340847407805,-1.7475645946331821,-4.946103971657093,-0.01216949010759838
27.784887978899608,772,48,48,1.7275578017968674,-4.966110764493409,-89,89,3.2031800908316908,-1.7629306736617179,-1.7475645946331821,-3.2185461698602262,-0.015366079028535706
27.80287754891569,773,312,-312,-11.22186001974348,-16.18797078423689,-401,401,14.422967525375409,-1.76500325886148,-1.7475645946331821,-14.440406189603706,-0.017438664228297762
27.820855486487112,774,360,360,12.939932784412665,-3.2480379998242235,-41,41,1.4737145671136582,-1.7743234327105653,-1.7475645946331821,-1.5004734051910413,-0.026758838077383107
27.85677655436824,776,240,240,8.615497903412875,5.367459903588651,199,-199,-7.143683678246494,-1.7762237746578426,-1.7475645946331821,7.115024498221834,-0.028659180024660502
27.874719729532707,777,192,-192,-6.887961632008067,-1.5205017284194158,7,-7,-0.25112360116696136,-1.771625329586377,-1.7475645946331821,0.22706286621376637,-0.02406073495319494
27.892651361962706,778,168,168,6.023091810809414,4.5025900823899985,175,-175,-6.274053969593154,-1.7714638872031552,-1.7475645946331821,6.250154677023181,-0.02389929256997303
27.910571473905726,779,240,-240,-8.598892366800197,-4.096302284410198,-65,65,2.3288666826750606,-1.7674356017351376,-1.7475645946331821,-2.348737689777016,-0.01987100710195544
27.92848008753788,780,96,96,3.437351395389287,-0.658950889020911,31,-31,-1.109978054761121,-1.7689289437820321,-1.7475645946331821,1.088613705612271,-0.021364349148849993
27.94637722496424,781,240,-240,-8.587875203574137,-9.246826092595049,-209,209,7.478607989779163,-1.7682181028158857,-1.7475645946331821,-7.499261497961866,-0.020653508182703506
27.964262908219126,782,288,288,10.298858973871003,1.052032881275954,79,-79,-2.8250342324159985,-1.7730013511400444,-1.7475645946331821,2.7995974759091364,-0.02543675650686228
28.0,784,54,54,1.9285714285714306,2.9806043098473847,133,-133,-4.75,-1.7693956901526153,-1.7475645946331821,4.728168904480567,-0.021831095519433186
28.0178514522438,785,192,-192,-6.8527738583832125,-3.872169548535828,-59,59,2.1058003002323367,-1.7663692483034912,-1.7475645946331821,-2.1246049539026455,-0.018804653670309035
28.035691537752374,786,192,192,6.848413200061656,2.976243651525828,133,-133,-4.743952893792704,-1.7677092422668759,-1.7475645946331821,4.7238082461590105,-0.020144647633693724
28.053520278211074,787,120,-120,-4.277538034797107,-1.301294383271279,13,-13,-0.4633999537696874,-1.7646943370409665,-1.7475645946331821,0.44627021136190304,-0.01712974240778431
28.071337695236398,788,120,120,4.274822999274572,2.9735286160032928,133,-133,-4.737928824195992,-1.7644002081926988,-1.7475645946331821,4.721093210636475,-0.016835613559516682
28.089143810376278,789,384,-384,-13.67076200657088,-10.697233390567588,-251,251,8.93583662408675,-1.7613967664808374,-1.7475645946331821,-8.949668795934405,-0.013832171847655284
28.106938645110393,790,192,192,6.831053442862289,-3.866179947705299,-59,59,2.099125797546219,-1.7670541501590797,-1.7475645946331821,-2.1186153530721166,-0.019489555525897595
28.142494558940577,792,120,120,4.264014327112203,0.3978343794069037,61,-61,-2.1675406162820394,-1.7697062368751357,-1.7475645946331821,2.145398974040086,-0.022141642241953585
28.160255680657446,793,96,-96,-3.4090599562964923,-3.0112255768895886,-35,35,1.2428864423997612,-1.7683391344898274,-1.7475645946331821,-1.2636609822564064,-0.020774539856645236
28.178005607210743,794,504,504,17.886290712889455,14.875065135999867,469,-469,-16.644187191161006,-1.769122055161139,-1.7475645946331821,16.622629730633047,-0.02155746052795693
28.19574435974337,795,96,-96,-3.4047691302331584,11.47029600576671,373,-373,-13.228946724760096,-1.7586507189933869,-1.7475645946331821,13.217860600399892,-0.01108612436020473
28.231188426986208,797,360,-360,-12.751854245564683,-1.281558239797974,13,-13,-0.4604836255342794,-1.7420418653322534,-1.7475645946331821,0.46600635483520825,0.005522729300928786
28.24889378365107,798,192,192,6.796726323885947,5.515168084087973,205,-205,-7.256921335399084,-1.7417532513111107,-1.7475645946331821,7.2627326787211555,0.0058113433220714494
28.284271247461902,800,84,84,2.9698484809834964,8.485016565071469,289,-289,-10.217692988145611,-1.7326764230741425,-1.7475645946331821,10.232581159704651,0.014888171559039654
28.30194339616981,801,432,-432,-15.263969472091492,-6.778952907020024,-143,143,5.05265656136365,-1.7262963456563742,-1.7475645946331821,-5.0313883123868415,0.021268248976807902
28.319604517012593,802,144,144,5.084816771134428,-1.6941361358855955,1,-1,-0.035311227577322434,-1.729447363462918,-1.7475645946331821,0.053428458747586616,0.018117231170264203
28.337254630609507,803,240,-240,-8.469416078886992,-10.163552214772587,-239,239,8.434126845224997,-1.7294253695475899,-1.7475645946331821,-8.415987620139404,0.018139225085592292
28.35489375751565,804,144,144,5.078488434181899,-5.085063780590687,-95,95,3.350391675328342,-1.7346721052623453,-1.7475645946331821,-3.3374991859575047,0.012892489370836868
28.372521918222215,805,192,-192,-6.767110817762311,-11.852174598352999,-287,287,10.115420857800963,-1.736753740552036,-1.7475645946331821,-10.104610003719817,0.010810854081146237
28.39013913315678,806,336,336,11.835095221762666,-0.017079376590332984,49,-49,-1.72595138650705,-1.743030763097383,-1.7475645946331821,1.7304852180428492,0.0045338315357992265
28.42534080710379,808,72,72,2.5329511610290485,2.5158717844387155,121,-121,-4.256765145618266,-1.74089336117955,-1.7475645946331821,4.263436379071898,0.006671233453632075
28.442925306655784,809,384,-384,-13.500721035545013,-10.984849251106297,-263,263,9.246587584240384,-1.7382616668659132,-1.7475645946331821,-9.237284656473115,0.009302927767268931
28.460498941515414,810,408,408,14.335658726096693,3.3508094749903954,145,-145,-5.0947806747157225,-1.743971199725327,-1.7475645946331821,5.098374069623578,0.003593394907855041
28.478061731796284,811,168,-168,-5.899277892653227,-2.548468417662832,-23,23,0.8076392353037171,-1.740829182359115,-1.7475645946331821,-0.8009038230296499,0.006735412274067043
28.495613697550013,812,96,96,3.368939550449271,0.8204711327864391,73,-73,-2.561797783154127,-1.741326650367688,-1.7475645946331821,2.5680357274196215,0.0062379442654940664
28.513154858766505,813,144,-144,-5.05030049158964,-4.229829358803201,-71,71,2.490078714603225,-1.739750644199976,-1.7475645946331821,-2.4822647641700186,0.007813950433206207
28.53068523537421,814,144,144,5.047197388076018,0.8173680292728172,73,-73,-2.558648675899653,-1.7412806466268358,-1.7475645946331821,2.5649326239059995,0.0062839480063463515
28.5657137141714,816,48,48,1.680336100833613,2.49770413010643,121,-121,-4.235847254184729,-1.7381431240782987,-1.7475645946331821,4.245268724739613,0.009421470554883404
28.583211855912904,817,144,-144,-5.037922285497508,-2.540218155391078,-23,23,0.8046681428225175,-1.7355500125685606,-1.7475645946331821,-0.792653560757896,0.012014582064621582
28.600699292150182,818,336,336,11.747964501421091,9.207746346030014,313,-313,-10.943788359954777,-1.736042013924763,-1.7475645946331821,10.955310940663196,0.011522580708419161
28.61817604250837,819,240,-240,-8.386278693775314,0.8214676522547002,73,-73,-2.5508264360233346,-1.7293587837686344,-1.7475645946331821,2.5690322468878826,0.018205810864547756
28.635642126552707,820,96,96,3.352465419693969,4.173933071948669,169,-169,-5.901735999252936,-1.7278029273042668,-1.7475645946331821,5.9214976665818515,0.019761667328915378
28.653097563788805,821,360,-360,-12.564086629675918,-8.390153557727249,-191,191,6.665945961855861,-1.7242075958713876,-1.7475645946331821,-6.642588963094067,0.023356998761794534
28.6705423736629,822,240,240,8.370961276981902,-0.01919228074534729,49,-49,-1.7090712607171317,-1.728263541462479,-1.7475645946331821,1.7283723138878349,0.019301053170703186
28.705400188814647,824,240,240,8.360796171499446,8.341603890754099,289,-289,-10.067792056513875,-1.7261881657597762,-1.7475645946331821,10.089168485387281,0.02137642887340596
28.722813232690143,825,336,-336,-11.698018480222895,-3.3564145894687964,-47,47,1.6363299659835597,-1.7200846234852367,-1.7475645946331821,-1.6088499948356143,0.027479971147945426
28.74021572639983,826,144,144,5.010400804602393,1.653986215133597,97,-97,-3.375061653100222,-1.721075437966625,-1.7475645946331821,3.4015508097667793,0.026489156666557045
28.75760768909681,827,168,-168,-5.841932396334041,-4.187946181200444,-71,71,2.468911905593559,-1.719034275606885,-1.7475645946331821,-2.440381586567262,0.028530319026297102
28.792360097775937,829,264,-264,-9.169098993742901,-13.357045174943345,-335,335,11.635030920090397,-1.7220142548529473,-1.7475645946331821,-11.609480580310162,0.0255503397802348
28.809720581775867,830,240,240,8.330521614007491,-5.026523560935853,-95,95,3.2974981388779607,-1.7290254220578927,-1.7475645946331821,-3.278958966302671,0.018539172575289475
28.844410203711913,832,24,24,0.8320502943378435,-4.19447326659801,-71,71,2.461482120749454,-1.7329911458485556,-1.7475645946331821,-2.4469086719648274,0.01457344878462652
28.861739379323623,833,336,-336,-11.64171000174394,-15.83618326834195,-407,407,14.101714198541075,-1.7344690698008751,-1.7475645946331821,-14.088618673708767,0.013095524832307026
28.879058156387302,834,192,192,6.648416266218664,-9.187767002123286,-215,215,7.44484113144277,-1.7429258706805157,-1.7475645946331821,-7.440202407490103,0.0046387239526664015
28.89636655359978,835,144,-144,-4.983325489483083,-14.17109249160637,-359,359,12.42370729669739,-1.7473851949089791,-1.7475645946331821,-12.423527896973187,0.00017939972420299988
28.91366458960192,836,240,240,8.300573566392858,-5.870518925213512,-119,119,4.115701060003144,-1.7548178652103674,-1.7475645946331821,-4.122954330580329,-0.007253270577185278
28.930952282978865,837,192,-192,-6.636490846274736,-12.507009771488248,-311,311,10.749732568705408,-1.7572772027828396,-1.7475645946331821,-10.759445176855065,-0.009712608149657465
28.948229652260256,838,168,168,5.803463701169145,-6.703546070319103,-143,143,4.939853031352287,-1.7636930389668155,-1.7475645946331821,-4.95598147568592,-0.016128444333633363
28.982753492378876,840,96,96,3.3123146848433005,-3.3912313854758023,-47,47,1.6216540644545325,-1.7695773210212697,-1.7475645946331821,-1.6436667908426201,-0.0220127263880876
29.0,841,174,-174,-5.999999999999984,-9.391231385475786,-221,221,7.620689655172414,-1.7705417303033721,-1.7475645946331821,-7.6436667908426035,-0.022977135670189996
29.017236257093817,842,312,312,10.75223006201104,1.3609986765352549,91,-91,-3.136067101419878,-1.7750684248846231,-1.7475645946331821,3.1085632711684372,-0.027503830251440986
29.03446228191595,843,144,-144,-4.959623450291691,-3.598624773756436,-53,53,1.8254169643434703,-1.7732078094129655,-1.7475645946331821,-1.8510601791232537,-0.025643214779783374
29.0516780926679,844,72,72,2.4783422069574503,-1.1202825667989855,19,-19,-0.6540069712804385,-1.7742895380794241,-1.7475645946331821,0.6272820278341966,-0.02672494344624199
29.068883707497267,845,360,-360,-12.384376490768075,-13.50465905756706,-341,341,11.730756620421973,-1.7739024371450878,-1.7475645946331821,-11.757094462933878,-0.02633784251190563
29.086079144497972,846,480,480,16.50273994014071,2.9980808825736496,139,-139,-4.778918440999076,-1.7808375584254268,-1.7475645946331821,4.745645477206832,-0.03327296379224465
29.120439557122072,848,72,72,2.4724901510764035,5.470571033650053,211,-211,-7.2457697482933465,-1.7751987146432935,-1.7475645946331821,7.218135628283235,-0.02763412001011134
29.13760456866693,849,336,-336,-11.5314901473169,-6.060919113666847,-125,125,4.289988894091127,-1.7709302195757202,-1.7475645946331821,-4.313354519033664,-0.02336562494253802
29.154759474226502,850,240,240,8.231932086840473,2.1710129731736263,115,-115,-3.9444674582777033,-1.773454485104077,-1.7475645946331821,3.9185775678068087,-0.02588989047089485
29.171904291629644,851,240,-240,-8.227094042292721,-6.056081069119095,-125,125,4.284944813694131,-1.7711362554249641,-1.7475645946331821,-4.308516474485913,-0.023571660791781968
29.189039038652847,852,96,96,3.2889058071721577,-2.7671752619469374,-29,29,0.9935236292499209,-1.7736516326970166,-1.7475645946331821,-1.0196106673137553,-0.0260870380638345
29.206163733020468,853,120,-120,-4.108721744387403,-6.875897006334341,-149,149,5.101662832614361,-1.7742341737199805,-1.7475645946331821,-5.128332411701159,-0.026669579086798345
29.223278392404914,854,528,528,18.06778804588977,11.19189103955543,379,-379,-12.969113010212485,-1.777221970657056,-1.7475645946331821,12.939455634188612,-0.02965737602387386
29.257477676655586,856,72,72,2.460909337288787,13.652800376844215,451,-451,-15.414862654406157,-1.7620622775619417,-1.7475645946331821,15.400364971477398,-0.014497682928759525
29.274562336608895,857,384,-384,-13.117190125154872,0.5356102516893433,67,-67,-2.2886764020452692,-1.753066150355926,-1.7475645946331821,2.2831748463225257,-0.0055015557227438006
29.29163703175362,858,192,192,6.554771923189649,7.090382174878992,259,-259,-8.842114208885999,-1.7517320340070066,-1.7475645946331821,8.837946769512174,-0.004167439373824466
29.30870177950569,859,168,-168,-5.732086029053516,1.3582961458254763,91,-91,-3.104879932403979,-1.7465837865785026,-1.7475645946331821,3.1058607404586587,0.0009808080546795939
29.34280150224242,861,288,-288,-9.815013742910368,-8.456717597084893,-197,197,6.71374203942132,-1.7429755576635726,-1.7475645946331821,-6.7091530024517105,0.00458903696960955
29.359836511806396,862,96,96,3.2697729757928298,-5.186944621292064,-101,101,3.440073651615367,-1.7468709696766966,-1.7475645946331821,-3.439380026658881,0.0006936249564855057
29.393876913398138,864,96,96,3.2659863237109006,-1.920958297581163,-5,5,0.17010345435994292,-1.75085484322122,-1.7475645946331821,-0.17339370294798084,-0.0032902485880379473
29.410882339705484,865,192,-192,-6.528195848813262,-8.449154146394424,-197,197,6.698200949042753,-1.750953197351671,-1.7475645946331821,-6.701589551761241,-0.0033886027184888423
29.427877939124322,866,528,528,17.94217038320761,9.493016236813187,331,-331,-11.24783787280618,-1.7548216359929931,-1.7475645946331821,11.240580831446369,-0.007257041359810978
29.444863728670914,867,152,-152,-5.162190642166055,4.3308255946471315,179,-179,-6.079158716761354,-1.7483331221142224,-1.7475645946331821,6.078390189280314,-0.000768527481040282
29.46183972531247,868,96,96,3.2584523198502238,7.589277914497355,275,-275,-9.334108207904297,-1.7448302934069417,-1.7475645946331821,9.336842509130538,0.00273430122624041
29.478805945967352,869,384,-384,-13.026307805812829,-5.437029891315474,-109,109,3.6975717469625327,-1.739458144352941,-1.7475645946331821,-3.6894652966822914,0.00810645028024104
29.49576240750525,870,192,192,6.509409634759794,1.07237974344432,83,-83,-2.8139635400263634,-1.7415837965820433,-1.7475645946331821,2.8199443380775024,0.005980798051138825
29.5296461204668,872,120,120,4.06371276887159,5.13609251231591,203,-203,-6.874447434007753,-1.738354921691843,-1.7475645946331821,6.883657106949093,0.00920967294133912
29.546573405388315,873,240,-240,-8.122769321068917,-2.986676808753007,-37,37,1.2522602703314634,-1.7344165384215435,-1.7475645946331821,-1.2391122141198248,0.013148056211638615
29.563490998188964,874,240,240,8.118121097900836,5.131444289147829,203,-203,-6.866577428641144,-1.735133139493315,-1.7475645946331821,6.879008883781012,0.012431455139867209
29.58039891549808,875,288,-288,-9.736177014472506,-4.604732725324677,-85,85,2.8735244660769563,-1.7312082592477207,-1.7475645946331821,-2.8571681306914947,0.01635633538546144
29.597297173897484,876,96,96,3.243539416317532,-1.3611933090071449,11,-11,-0.3716555581197173,-1.732848867126862,-1.7475645946331821,0.3863712856260373,0.014715727506320109
29.614185789921695,877,120,-120,-4.052112080719055,-5.413305389726199,-109,109,3.6806684733198,-1.732636916406399,-1.7475645946331821,-3.6657407950930168,0.014927678226783092
29.631064780058107,878,240,240,8.099607684753948,2.6863022950277493,131,-131,-4.421035861261517,-1.7347335662337677,-1.7475645946331821,4.433866889660932,0.012831028399414413
29.68164415931166,881,480,-480,-16.171610892700986,-13.485308597673237,-349,349,11.7581087532347,-1.7271998444385375,-1.7475645946331821,-11.737744003040055,0.020364750194644676
29.698484809834994,882,324,324,10.909647481163796,-2.5756611165094405,-25,25,0.8417937871268424,-1.7338673293825981,-1.7475645946331821,-0.8280965218762584,0.013697265250584012
29.715315916207253,883,72,-72,-2.422992917289835,-4.9986540337992755,-97,97,3.264309902459913,-1.7343441313393626,-1.7475645946331821,-3.251089439166093,0.01322046329381954
29.732137494637012,884,192,192,6.457658822364623,1.4590047885653474,95,-95,-3.195195771482484,-1.7361909829171367,-1.7475645946331821,3.20656938319853,0.01137361171604545
29.748949561287034,885,288,-288,-9.681014094520522,-8.222009305955176,-193,193,6.487624028619658,-1.7343852773355177,-1.7475645946331821,-6.474444711321993,0.013179317297664417
29.765752132274432,886,216,216,7.256661919380716,-0.96534738657446,23,-23,-0.7727001117859053,-1.7380474983603653,-1.7475645946331821,0.7822172080587222,0.009517096272816827
29.79932885150268,888,144,144,4.832323597540977,3.8669762109665173,167,-167,-5.604153061037103,-1.7371768500705853,-1.7475645946331821,5.6145408055997,0.010387744562596835
29.816103031751148,889,192,-192,-6.43947332069315,-2.5724971097266325,-25,25,0.838473088631922,-1.7340240210947104,-1.7475645946331821,-0.8249325150934503,0.013540573538471712
29.832867780352597,890,288,288,9.653781933417525,7.0812848236908925,263,-263,-8.81578002947498,-1.7344952057840883,-1.7475645946331821,8.828849418324074,0.01306938884909381
29.8496231131986,891,216,-216,-7.236272269866342,-0.15498744617544968,47,-47,-1.574559243906099,-1.7295466900815486,-1.7475645946331821,1.5925771484577325,0.018017904551633546
29.88310559496787,893,336,-336,-11.243811287692356,-11.398798733867807,-289,289,9.671016256378179,-1.7277824774896278,-1.7475645946331821,-9.651234139234624,0.01978211714355438
29.899832775452108,894,336,336,11.23752104312285,-0.16127769074495646,47,-47,-1.57191514591303,-1.7331928366579865,-1.7475645946331821,1.5862869038882257,0.014371757975195631
29.93325909419153,896,48,48,1.6035674514745455,1.442289760729589,95,-95,-3.1737272477100396,-1.7314374869804505,-1.7475645946331821,3.189854355362771,0.01612710765273162
29.949958263743873,897,192,-192,-6.410693407624076,-4.968403646894487,-97,97,3.2387357319767625,-1.7296679149177243,-1.7475645946331821,-3.2208390522613044,0.01789667971545783
29.966648127543394,898,144,144,4.805342238715203,-0.16306140817928405,47,-47,-1.5684103140250998,-1.7314717222043838,-1.7475645946331821,1.584503186453898,0.01609287242879831
29.9833287011299,899,336,-336,-11.20622741221322,-11.369288820392505,-289,289,9.638689649195262,-1.7305991711972428,-1.7475645946331821,-9.621724225759323,0.01696542343593932
30.0,900,150,150,4.999999999999992,-6.369288820392513,-139,139,4.633333333333334,-1.7359554870591793,-1.7475645946331821,-4.621724225759331,0.011609107574002797
30.01666203960727,901,288,-288,-9.594671106999957,-15.96395992739247,-427,427,14.22543250933663,-1.73852741805584,-1.7475645946331821,-14.216395332759287,0.009037176577342043
30.033314835362415,902,336,336,11.18757625796201,-4.776383669430459,-91,91,3.0299685698647223,-1.7464150995657364,-1.7475645946331821,-3.0288190747972763,0.0011494950674457716
30.066592756745816,904,96,96,3.1929125051411535,-1.5834711642893051,5,-5,-0.16629752630943484,-1.74976869059874,-1.7475645946331821,0.16409343034387702,-0.0022040959655578174
30.083217912982647,905,288,-288,-9.573443932529317,-11.156915096818622,-283,283,9.40723830870065,-1.7496767881179718,-1.7475645946331821,-9.40935050218544,-0.0021121934847896373
30.099833886584822,906,336,336,11.16285230230961,0.005937205490987196,53,-53,-1.760807059590503,-1.7548698540995158,-1.7475645946331821,1.7535018001241693,-0.007305259466333647
30.116440692751194,907,72,-72,-2.39072076061531,-2.3847835551243226,-19,19,0.6308846451623734,-1.7538989099619493,-1.7475645946331821,-0.6372189604911405,-0.006334315328767159
30.133038346638727,908,120,120,3.9823398695998407,1.597556314475518,101,-101,-3.3518027235798584,-1.7542464091043404,-1.7475645946331821,3.3451209091087,-0.006681814471158232
30.14962686336267,909,504,-504,-16.716624795527867,-15.119068481052349,-403,403,13.366666255154188,-1.7524022258981606,-1.7475645946331821,-13.371503886419166,-0.0048376312649784925
30.166206257996713,910,192,192,6.3647380236652715,-8.754330457387077,-211,211,6.994581890590446,-1.759748566796631,-1.7475645946331821,-7.006765862753895,-0.012183972163448908
30.199337741083,912,48,48,1.5894388284780514,-7.164891628909025,-163,163,5.397469355040053,-1.7674222738689718,-1.7475645946331821,-5.417327034275843,-0.019857679235789627
30.215889859476256,913,144,-144,-4.765704424714763,-11.930596053623788,-307,307,10.160217072134952,-1.770378981488836,-1.7475645946331821,-10.183031458990605,-0.022814386855653845
30.23243291566195,914,432,432,14.28928995576157,2.358693902137782,125,-125,-4.1346325103476405,-1.7759386082098585,-1.7475645946331821,4.106258496770964,-0.02837401357667635
30.24896692450835,915,192,-192,-6.347324207109967,-3.988630304972185,-67,67,2.214951676439409,-1.773678628532776,-1.7475645946331821,-2.2410657103390026,-0.02611403389959377
30.265491900843113,916,120,120,3.9649116027305444,-0.02371870224164052,53,-53,-1.7511692912059877,-1.7748879934476283,-1.7475645946331821,1.7238458923915416,-0.02732339881444612
30.28200785945344,917,240,-240,-7.925498240205878,-7.949216942447518,-187,187,6.175284045493777,-1.773932896953741,-1.7475645946331821,-6.201652347814336,-0.026368302320558756
30.298514815086232,918,192,192,6.336944275050713,-1.6122726673968053,5,-5,-0.1650245904961124,-1.7772972578929176,-1.7475645946331821,0.13529192723637684,-0.029732663259735448
30.331501776206203,920,240,240,7.912565680749427,6.300293013352622,245,-245,-8.077410799098391,-1.7771177857457694,-1.7475645946331821,8.047857607985804,-0.02955319111258725
30.347981810987037,921,240,-240,-7.908268875827274,-1.6079758624746523,5,-5,-0.16475560157973418,-1.7727314640543865,-1.7475645946331821,0.13958873215852985,-0.025166869421204385
30.364452901377952,922,216,216,7.113581156938859,5.505605294464207,221,-221,-7.2782473874235665,-1.7726420929593596,-1.7475645946331821,7.253169889097389,-0.02507749832617745
30.380915061926625,923,240,-240,-7.899696224119624,-2.394090929655417,-19,19,0.6253926177428015,-1.7686983119126154,-1.7475645946331821,-0.6465263350222348,-0.02113371727943325
30.4138126514911,925,168,-168,-5.523805973460008,-7.917896903115425,-187,187,6.148522125220363,-1.7693747778950621,-1.7475645946331821,-6.170332308482243,-0.02181018326188
30.430248109405877,926,480,480,15.77377871761846,7.855881814503036,293,-293,-9.628577425546352,-1.772695611043316,-1.7475645946331821,9.603446409136218,-0.025131016410133933
30.463092423455635,928,24,24,0.7878385971583357,8.643720411661372,317,-317,-10.406034804133013,-1.762314392471641,-1.7475645946331821,10.391285006294554,-0.014749797838458756
30.479501308256342,929,432,-432,-14.173460242375254,-5.529739830713883,-115,115,3.773027610817523,-1.7567122198963596,-1.7475645946331821,-3.7821752360807004,-0.009147625263177472
30.495901363953813,930,288,288,9.443892035288897,3.9141522045750143,173,-173,-5.672893479531193,-1.7587412749561784,-1.7475645946331821,5.661716799208197,-0.011176680322996235
30.512292604784715,931,168,-168,-5.5059776128934965,-1.5918254083184822,5,-5,-0.16386838133611553,-1.7556937896545977,-1.7475645946331821,0.15573918631469996,-0.008129195021415514
30.528675044947494,932,144,144,4.716876830979022,3.1250514226605395,149,-149,-4.880657276499117,-1.7556058538385777,-1.7475645946331821,4.872616017293722,-0.008041259205395557
30.54504869860253,933,192,-192,-6.2857978029278465,-3.160746380267307,-43,43,1.40775679961405,-1.752989580653257,-1.7475645946331821,-1.4131817856341249,-0.005424986020074796
30.56141357987225,934,312,312,10.208951859657502,7.0482054793901945,269,-269,-8.801948878999609,-1.753743399609414,-1.7475645946331821,8.795770074023377,-0.006178804976231911
30.59411708155671,936,216,216,7.060180864974608,14.108386344364803,485,-485,-15.852720923669875,-1.7443345793050717,-1.7475645946331821,15.855950938997985,0.0032300153281104027
30.610455730027933,937,240,-240,-7.840458244617654,6.267928099747149,245,-245,-8.003801124713814,-1.735873024966665,-1.7475645946331821,8.015492694380331,0.011691569666517188
30.62678566222711,938,192,192,6.269022225104042,12.53695032485119,437,-437,-14.26855579359621,-1.7316054687450197,-1.7475645946331821,14.284514919484373,0.015959125888162395
30.643106892089126,939,192,-192,-6.2656831983824155,6.271267126468775,245,-245,-7.9952728312692605,-1.7240057048004855,-1.7475645946331821,8.018831721101957,0.023558889832696606
30.659419433511783,940,48,48,1.5655873753282625,7.8368545017970375,293,-293,-9.556606270232928,-1.7197517684358905,-1.7475645946331821,9.584419096430219,0.02781282619729164
30.675723300355934,941,552,-552,-17.99468571923109,-10.157831217434051,-259,259,8.443158697972569,-1.714672519461482,-1.7475645946331821,-8.410266622800869,0.03289207517170012
30.692018506445613,942,144,144,4.691773529647745,-5.466057687786306,-115,115,3.7469024715936787,-1.7191552161926276,-1.7475645946331821,-3.718493093153124,0.028409378440554578
30.72458299147443,944,72,72,2.343400397654828,-3.122657290131478,-43,43,1.3995307930438567,-1.7231264970876214,-1.7475645946331821,-1.375092695498296,0.0244380975455607
30.740852297878796,945,384,-384,-12.491520933741162,-15.61417822387264,-427,427,13.890311038300789,-1.7238671855718515,-1.7475645946331821,-13.866613629239458,0.023697409061330665
30.757112998459398,946,192,192,6.242458452118583,-9.371719771754059,-235,235,7.640509042957673,-1.7312107287963858,-1.7475645946331821,-7.624155177120876,0.016353865836796322
30.773365106858236,947,120,-120,-3.8994760431076965,-13.271195814861755,-355,355,11.535949960860268,-1.7352458540014872,-1.7475645946331821,-11.523631220228573,0.012318740631694913
30.789608636681304,948,144,144,4.676902577723743,-8.594293237138013,-211,211,6.852961415970206,-1.7413318211678064,-1.7475645946331821,-6.84672864250483,0.006232773465375763
30.805843601498726,949,144,-144,-4.674437806760597,-13.26873104389861,-355,355,11.52378764861122,-1.7449433952873896,-1.7475645946331821,-11.521166449265428,0.0026211993457925242
30.822070014844883,950,504,504,16.351919249980718,3.0831882060821076,149,-149,-4.834198349696724,-1.7510101436146162,-1.7475645946331821,4.83075280071529,-0.00344554898143401
30.854497241083024,952,96,96,3.1113778730503854,6.194566079132493,245,-245,-7.940495613514014,-1.7459295343815215,-1.7475645946331821,7.942130673765675,0.0016350602516606028
30.870698080866262,953,384,-384,-12.43898012912138,-6.244414049988887,-139,139,4.502651661322572,-1.7417623886663147,-1.7475645946331821,-4.496849455355704,0.005802205966867424
30.886890422961002,954,360,360,11.655430348287119,5.411016298298232,221,-221,-7.155139186031846,-1.7441228877336137,-1.7475645946331821,7.158580892931415,0.003441706899568464
30.903074280724887,955,96,-96,-3.106487048114757,2.3045292501834753,125,-125,-4.044905010566085,-1.7403757603826095,-1.7475645946331821,4.052093844816658,0.0071888342505725955
30.93541659651604,957,192,-192,-6.206478564818254,-3.901949314634779,-67,67,2.1658024158480402,-1.7361468987867386,-1.7475645946331821,-2.1543847200015964,0.011417695846443587
30.95157508108432,958,192,192,6.203238429611916,2.301289114977137,125,-125,-4.0385666859452405,-1.7372775709681036,-1.7475645946331821,4.048853709610319,0.010287023665078499
31.0,961,198,-198,-6.387096774193544,-4.085807659216407,-73,73,2.3548387096774195,-1.7309689495389873,-1.7475645946331821,-2.3382430645832244,0.016595645094194866
31.016124838541646,962,336,336,10.833074787681932,6.747267128465525,263,-263,-8.479460324881968,-1.7321931964164428,-1.7475645946331821,8.494831723098708,0.015371398216739385
31.0322412983658,963,216,-216,-6.960502721128768,-0.213235592663243,47,-47,-1.5145538328382064,-1.7277894255014494,-1.7475645946331821,1.5343290019699392,0.019775169131732717
31.04834939252005,964,144,144,4.637927710085976,4.424692117422733,191,-191,-6.151695782127934,-1.727003664705201,-1.7475645946331821,6.1722567120559155,0.020560929927981197
31.064449134018133,965,528,-528,-16.996921391462646,-12.572229274039913,-337,337,10.848413842657111,-1.7238154313828016,-1.7475645946331821,-10.82466467940673,0.023749163250380567
31.080540535840107,966,288,288,9.266248110064163,-3.3059811639757495,-49,49,1.5765491576150779,-1.7294320063606716,-1.7475645946331821,-1.5584165693425673,0.01813258827251052
31.11269837220809,968,132,132,4.242640687119288,0.9366595231435388,83,-83,-2.6677210381128837,-1.731061514969345,-1.7475645946331821,2.684224117776721,0.01650307966383724
31.12876483254676,969,288,-288,-9.251892953326612,-8.315233430183074,-205,205,6.585548803583165,-1.7296846265999095,-1.7475645946331821,-6.567668835549892,0.01787996803327263
31.144823004794873,970,144,144,4.623561353289135,-3.691672076893939,-61,61,1.9585919621572034,-1.7330801147367354,-1.7475645946331821,-1.9441074822607567,0.014484479896446745
31.160872901765767,971,360,-360,-11.55294978850219,-15.244621865396129,-421,421,13.510532947109564,-1.7340889182865649,-1.7475645946331821,-13.497057270762946,0.013475676346617282
31.176914536239792,972,104,104,3.3358015553178397,-11.908820310078289,-317,317,10.16777974072841,-1.7410405693498792,-1.7475645946331821,-10.161255715445106,0.006524025283302981
31.192947920964443,973,144,-144,-4.616428058190024,-16.525248368268315,-461,461,14.778981491844409,-1.7462668764239062,-1.7475645946331821,-14.777683773635133,0.0012977182092759332
31.20897306865447,974,432,432,13.842172860019176,-2.6830755082491393,-29,29,0.9292199373624022,-1.7538555708867372,-1.7475645946331821,-0.9355109136159572,-0.006290976253555014
31.240998703626616,976,72,72,2.3046638387921297,-0.37841166945700966,43,-43,-1.3763964592786317,-1.7548081287356414,-1.7475645946331821,1.3691529251761725,-0.007243534102459259
31.25699921617557,977,240,-240,-7.678280257811789,-8.056691927268798,-197,197,6.302588378287192,-1.7541035489816057,-1.7475645946331821,-6.309127332635615,-0.0065389543484235535
31.272991542223778,978,288,288,9.209224503231493,1.1525325759626952,91,-91,-2.909859131229411,-1.7573265552667157,-1.7475645946331821,2.9000971705958776,-0.009761960633533517
31.28897569432403,979,192,-192,-6.136346612165667,-4.983814036202972,-101,101,3.227973999107995,-1.755840037094977,-1.7475645946331821,-3.2362494415697896,-0.00827544246179479
31.304951684997057,980,168,168,5.366563145999488,0.38274910979651633,67,-67,-2.1402364927497985,-1.7574873829532822,-1.7475645946331821,2.1303137044296987,-0.009922788320100073
31.32091952673165,981,360,-360,-11.49391542265387,-11.111166312857353,-293,293,9.354770052326579,-1.7563962605307744,-1.7475645946331821,-9.36360171822417,-0.008831665897592211
31.336879231984796,982,120,120,3.829353877635622,-7.281812435221731,-173,173,5.520651840258014,-1.7611605949637168,-1.7475645946331821,-5.534247840588549,-0.013596000330534652
31.368774282716245,984,144,144,4.590552334056041,-2.69126010116569,-29,29,0.9244862339418405,-1.7667738672238493,-1.7475645946331821,-0.9436955065325077,-0.01920927259066718
31.38470965295043,985,288,-288,-9.176443025431169,-11.867703126596858,-317,317,10.100459857853084,-1.7672432687437745,-1.7475645946331821,-10.120138531963676,-0.01967867411059232
31.400636936215164,986,528,528,16.814945539879755,4.947242413282897,211,-211,-6.719608918398985,-1.7723665051160884,-1.7475645946331821,6.694807007916079,-0.024801910482906253
31.416556144810016,987,192,-192,-6.1114273351606005,-1.1641849218777036,19,-19,-0.6047766633752688,-1.7689615852529723,-1.7475645946331821,0.5833796727554785,-0.021396990619790168
31.448370387032774,989,432,-432,-13.736800816175997,-14.9009857380537,-413,413,13.132635965464647,-1.768349772589053,-1.7475645946331821,-13.153421143420518,-0.02078517795587076
31.464265445104548,990,432,432,13.72986128513661,-1.1711244529170894,19,-19,-0.6038596398555418,-1.7749840927726313,-1.7475645946331821,0.5764401417160927,-0.027419498139449106
31.496031496047245,992,96,96,3.0480030480045737,1.8768785950874842,115,-115,-3.6512536512554767,-1.7743750561679925,-1.7475645946331821,3.624443189720666,-0.02681046153481037
31.51190251317746,993,144,-144,-4.569701875022719,-2.692823279935235,-29,29,0.9202871831642965,-1.7725360967709387,-1.7475645946331821,-0.945258685302053,-0.024971502137756563
31.52776554086889,994,192,192,6.089870205077319,3.397046925142084,163,-163,-5.170046059518742,-1.7729991343766582,-1.7475645946331821,5.144611519775266,-0.025434539743476092
31.54362059117501,995,192,-192,-6.086809199503133,-2.689762274361049,-29,29,0.91936180617495,-1.770400468186099,-1.7475645946331821,-0.9421976797278668,-0.02283587355291683
31.559467676119,996,144,144,4.562814603776235,1.8730523294151857,115,-115,-3.643914440515748,-1.7708621111005622,-1.7475645946331821,3.6206169240483677,-0.023297516467380097
31.575306807693888,997,168,-168,-5.320613383844094,-3.4475610544289084,-53,53,1.6785268413317713,-1.769034213097137,-1.7475645946331821,-1.6999964597957262,-0.021469618463954898
31.591137997862628,998,312,312,9.876187430193491,6.428626375764583,259,-259,-8.198501744936294,-1.7698753691717108,-1.7475645946331821,8.176190970397766,-0.0223107745385287
31.622776601683793,1000,144,144,4.553679830642476,10.98230620640706,403,-403,-12.743978970478569,-1.761672764071509,-1.7475645946331821,12.729870801040242,-0.014108169438326934
31.63858403911275,1001,480,-480,-15.171348989784393,-4.189042783377333,-77,77,2.4337372337779035,-1.7553055495994299,-1.7475645946331821,-2.441478188744151,-0.007740954966247715
31.654383582688826,1002,192,192,6.065510626622999,1.8764678432456652,115,-115,-3.63298813573774,-1.7565202924920746,-1.7475645946331821,3.6240324378788475,-0.008955697858892497
31.670175244226233,1003,96,-96,-3.0312430941632265,-1.1547752509175613,19,-19,-0.5999335290531389,-1.7547087799707002,-1.7475645946331821,0.5927893437156209,-0.007144185337518039
31.68595903550972,1004,168,168,5.302032986021533,4.147257735103972,187,-187,-5.90166766896446,-1.7544099338604875,-1.7475645946331821,5.8948223297371545,-0.006845339227305347
31.701734968294716,1005,192,-192,-6.056450859614532,-1.9091931245105602,-5,5,0.15772007446912795,-1.7514730500414322,-1.7475645946331821,-0.16162852987737808,-0.003908455408250022
31.71750305430741,1006,240,240,7.566799933433207,5.657606808922647,235,-235,-7.409158268153322,-1.7515514592306758,-1.7475645946331821,7.405171403555829,-0.0039868645974936445
31.76476034853718,1009,240,-240,-7.555542600246679,-1.8979357913240325,-5,5,0.15740713750513965,-1.7405286538188929,-1.7475645946331821,-0.1503711966908503,0.007035940814289265
31.78049716414141,1010,336,336,10.572521828862877,8.674586037538845,331,-331,-10.415192634980995,-1.7406065974421505,-1.7475645946331821,10.422150632172027,0.0069579971910316285
31.796226191169293,1011,288,-288,-9.057678677603164,-0.3830926400643193,43,-43,-1.3523617470032439,-1.7354543870675632,-1.7475645946331821,1.3644719545688628,0.01211020756561898
31.811947441173732,1012,48,48,1.5088670723086361,1.1257744322443168,91,-91,-2.860560491251788,-1.7347860590074713,-1.7475645946331821,2.873339026877499,0.012778535625710852
31.827660925679098,1013,312,-312,-9.802793888264492,-8.677019456020176,-221,221,6.943645670853979,-1.7333737851661972,-1.7475645946331821,-6.9294548613869935,0.014190809466984922
31.843366656181317,1014,360,360,11.3053372743839,2.6283178183637244,139,-139,-4.365116336498227,-1.7367985181345027,-1.7475645946331821,4.375882412996907,0.010766076498679444
31.874754901018456,1016,192,192,6.023575729326342,8.651893547690065,331,-331,-10.384393575036524,-1.7325000273464592,-1.7475645946331821,10.399458142323248,0.015064567286722896
31.89043743820395,1017,288,-288,-9.030920336482538,-0.37902678879247276,43,-43,-1.3483665780164893,-1.727393366808962,-1.7475645946331821,1.3685378058407094,0.020171227824220095
31.906112267087632,1018,216,216,6.769862720717985,6.390835931925512,259,-259,-8.117566873453534,-1.7267309415280216,-1.7475645946331821,8.138400526558694,0.0208336531051605
31.921779399024736,1019,312,-312,-9.773891238955539,-3.383055307030027,-53,53,1.6603084476430923,-1.7227468593869346,-1.7475645946331821,-1.6354907123968447,0.02481773524624753
31.953090617340916,1021,264,-264,-8.262111579802184,-11.645166886832211,-317,317,9.920793071201832,-1.7243738156303792,-1.7475645946331821,-9.897602292199029,0.023190779002802975
31.96873472629156,1022,384,384,12.011735944125135,0.3665690572929243,67,-67,-2.0957976777510123,-1.729228620458088,-1.7475645946331821,2.1141336519261067,0.01833597417509414
32.0,1024,6,6,0.1875,0.5540690572929243,73,-73,-2.28125,-1.7271809427070757,-1.7475645946331821,2.3016336519261067,0.020383651926106472
32.01562118716424,1025,480,-480,-14.99268114130605,-14.438612084013126,-407,407,12.712544217732534,-1.7260678662805926,-1.7475645946331821,-12.691047489379944,0.021496728352589534
32.03123475609393,1026,384,384,11.988298388245752,-2.450313695767374,-23,23,0.7180491222126322,-1.7322645735547417,-1.7475645946331821,-0.7027491011341918,0.015300021078440418
32.046840717924134,1027,96,-96,-2.99561510118863,-5.445928796956004,-119,119,3.7133145525150644,-1.7326142444409394,-1.7475645946331821,-3.6983642023228214,0.014950350192242778
32.0624390837628,1028,192,192,5.988315470897317,0.542386673941313,73,-73,-2.2768074446640894,-1.7344207707227763,-1.7475645946331821,2.2899512685744954,0.013143823910405805
32.07802986469088,1029,384,-384,-11.970809978660089,-11.428423304718777,-311,311,9.695109123341947,-1.73331418137683,-1.7475645946331821,-9.680858710085595,0.014250413256352124
32.09361307176243,1030,144,144,4.486874060518247,-6.94154924420053,-167,167,5.203527556295461,-1.7380216879050696,-1.7475645946331821,-5.193984649567348,0.009542906728112532
32.12475680841802,1032,96,96,2.988349470550518,-3.953199773650012,-71,71,2.210133462594651,-1.7430663110553613,-1.7475645946331821,-2.20563517901683,0.004498283577820894
32.14031735997639,1033,144,-144,-4.480354017266805,-8.433553790916818,-215,215,6.689417456335843,-1.7441363345809755,-1.7475645946331821,-6.685989196283636,0.003428260052206644
32.155870381627054,1034,528,528,16.42001891827771,7.986465127360891,313,-313,-9.733836972388072,-1.7473718450271818,-1.7475645946331821,9.734029721994073,0.00019274960600035307
32.17141588429082,1035,240,-240,-7.460038465922494,0.5264266614383963,73,-73,-2.2690950333847635,-1.7426683719463671,-1.7475645946331821,2.2739912560715787,0.004896222686814999
32.18695387886216,1036,96,96,2.982574876805756,3.5090015382441524,169,-169,-5.25057452271014,-1.741572984465988,-1.7475645946331821,5.256566132877334,0.0059916101671941835
32.202484376209235,1037,240,-240,-7.452841128534415,-3.943839590290263,-71,71,2.204798833858106,-1.739040756432157,-1.7475645946331821,-2.196274995657081,0.008523838201025091
32.218007387174026,1038,144,144,4.469550157758238,0.5257105674679754,73,-73,-2.265813621641333,-1.7401030541733578,-1.7475645946331821,2.2732751621011573,0.0074615404598243895
32.2490309931942,1040,96,96,2.9768336301410048,3.50254419760898,169,-169,-5.240467536394058,-1.7379233387850777,-1.7475645946331821,5.2501087922421625,0.00964125584810449
32.264531609803356,1041,432,-432,-13.389315711272987,-9.886771513664007,-263,263,8.151365814964729,-1.735405698699278,-1.7475645946331821,-8.139206919030824,0.012158895933904068
32.28002478313795,1042,144,144,4.460963117823298,-5.425808395840709,-119,119,3.686490354312299,-1.7393180415284095,-1.7475645946331821,-3.6782438012075263,0.008246553104772625
32.29551052391029,1043,192,-192,-5.945098773337289,-11.370907169177997,-311,311,9.629821450561934,-1.7410857186160626,-1.7475645946331821,-9.623342574544814,0.006478876017119495
32.31098884280702,1044,216,216,6.685032174373849,-4.685874994804148,-95,95,2.9401761878033215,-1.7456988070008261,-1.7475645946331821,-2.9383104001709652,0.0018657876323560085
32.32645975048923,1045,192,-192,-5.9394069589415714,-10.62528195374572,-287,287,8.878176027167854,-1.7471059265778663,-1.7475645946331821,-8.877717359112538,0.0004586680553158029
32.341923257592455,1046,504,504,15.583488835398393,4.958206881652673,217,-217,-6.709557693018704,-1.7513508113660308,-1.7475645946331821,6.705771476285856,-0.003786216732848624
32.37282811247729,1048,72,72,2.224087427574773,7.182294309227446,289,-289,-8.927239813459863,-1.7449455042324171,-1.7475645946331821,8.929858903860628,0.002619090400765023
32.38826948140329,1049,528,-528,-16.30219855689306,-9.119904247665614,-239,239,7.37921487707854,-1.7406893705870745,-1.7475645946331821,-7.372339653032432,0.006875224046107631
32.4037034920393,1050,336,336,10.36918511745255,1.2492808697869364,97,-97,-2.993484989264583,-1.7442041194776468,-1.7475645946331821,2.996845464420119,0.0033604751555353918
32.41913015489465,1051,120,-120,-3.7015181908538217,-2.4522373210668853,-23,23,0.7094576532469812,-1.7427796678199041,-1.7475645946331821,-0.7046727264337032,0.004784926813278023
32.449961479175904,1053,408,-408,-12.573204447771941,-15.025441768838826,-431,431,13.28198803183743,-1.7434537370013956,-1.7475645946331821,-13.277877174205644,0.004110857631786535
32.46536616149585,1054,192,192,5.913994594883481,-9.111447173955344,-239,239,7.361691188422685,-1.7497559855326594,-1.7475645946331821,-7.363882579322162,-0.0021913908994772857
32.49615361854384,1056,96,96,2.9541957835039803,-6.157251390451364,-143,143,4.400520802511145,-1.7567305879402193,-1.7475645946331821,-4.409686795818182,-0.009165993307037157
32.51153641401772,1057,192,-192,-5.905596018440289,-12.062847408891653,-335,335,10.304034719674489,-1.758812689217164,-1.7475645946331821,-10.31528281425847,-0.011248094583981905
32.526911934581186,1058,300,300,9.223131928520214,-2.8397154803714386,-35,35,1.076032058327355,-1.7636834220440836,-1.7475645946331821,-1.0921508857382565,-0.016118827410901426
32.54228019054596,1059,144,-144,-4.425012603813614,-7.264728084185053,-179,179,5.500536500573869,-1.7641915836111837,-1.7475645946331821,-5.51716348955187,-0.016626988978001522
32.55764119219941,1060,96,96,2.948616560802961,-4.316111523382092,-83,83,2.5493247348608974,-1.7667867885211943,-1.7475645946331821,-2.5685469287489093,-0.019222193888012162
32.57299494980466,1061,312,-312,-9.578486733590056,-13.894598256972149,-395,395,12.126609806948956,-1.7679884500231928,-1.7475645946331821,-12.147033662338966,-0.02042385539001068
32.58834147360065,1062,360,360,11.046895414779968,-2.847702842192181,-35,35,1.074003720881377,-1.7736991213108038,-1.7475645946331821,-1.1001382475589987,-0.026134526677621617
32.61901286060018,1064,240,240,7.357672073819629,4.509969231627448,205,-205,-6.2846782297209,-1.7747089980934518,-1.7475645946331821,6.25753382626063,-0.027144403460269695
32.63433774416144,1065,192,-192,-5.883373565144596,-1.373404333517148,13,-13,-0.3983534184733321,-1.7717577519904801,-1.7475645946331821,0.3741602611160342,-0.02419315735729799
32.64965543462902,1066,240,240,7.350766701980287,5.977362368463139,253,-253,-7.748933231670863,-1.7715708632077236,-1.7475645946331821,7.724926963096322,-0.024006268574541467
32.66496594212215,1067,288,-288,-8.816785558885782,-2.839423190422642,-35,35,1.0714843561145972,-1.7679388343080449,-1.7475645946331821,-1.09185859578946,-0.020374239674862737
32.68026927673638,1068,48,48,1.4687761472690506,-1.3706470431535915,13,-13,-0.397793539885368,-1.7684405830389596,-1.7475645946331821,0.3769175514795906,-0.020875988405777424
32.69556544854363,1069,360,-360,-11.010667503719157,-12.381314546872748,-347,347,10.613060066084788,-1.7682544807879594,-1.7475645946331821,-10.633749952239565,-0.020689886154777293
32.71085446759225,1070,432,432,13.20662535514013,0.8253108082673819,85,-85,-2.5985258221919083,-1.7732150139245264,-1.7475645946331821,2.5728754029005643,-0.025650419291344262
32.7414110874898,1072,24,24,0.7330166661378312,1.5583274744052131,109,-109,-3.329117358709317,-1.770789884304104,-1.7475645946331821,3.3058920690383955,-0.023225289670921745
32.7566787083184,1073,288,-288,-8.792100156566397,-7.233772682161184,-179,179,5.46453447231034,-1.769238209850844,-1.7475645946331821,-5.486208087528001,-0.021673615217661757
32.77193921634788,1074,384,384,11.717341395789123,4.48356871362794,205,-205,-6.255351526397872,-1.7717828127699322,-1.7475645946331821,6.231133308261122,-0.02421821813675007
32.78719262151,1075,168,-168,-5.123951963175523,-0.6403832495475834,37,-37,-1.1284894204612745,-1.768872670008858,-1.7475645946331821,1.1071813450855987,-0.021308075375675806
32.802438933713454,1076,264,264,8.048182043215963,7.40779879366838,301,-301,-9.176146950787869,-1.7683481571194894,-1.7475645946331821,9.155363388301561,-0.020783562486307305
32.817678162843876,1077,288,-288,-8.77575794883842,-1.3679591551700403,13,-13,-0.3961279629684034,-1.7640871181384437,-1.7475645946331821,0.37960543946314185,-0.01652252350526151
32.83291031876401,1078,216,216,6.578764961830238,5.210805806660198,229,-229,-6.974709149347827,-1.7639033426876294,-1.7475645946331821,6.95837040129338,-0.01633874805444724
32.863353450309965,1080,192,192,5.842373946721751,11.053179753381949,421,-421,-12.810622039426386,-1.7574422860444372,-1.7475645946331821,12.800744348015131,-0.009877691411255052
32.87856444554719,1081,192,-192,-5.839671020855756,5.213508732526193,229,-229,-6.965024290499822,-1.7515155579736295,-1.7475645946331821,6.961073327159375,-0.003950963340447311
32.89376840679705,1082,264,264,8.025836284098366,13.239345016624558,493,-493,-14.987641242653373,-1.748296226028815,-1.7475645946331821,14.98690961125774,-0.0007316313956329257
32.90896534380867,1083,152,-152,-4.618802153517016,8.620542863107541,341,-341,-10.361917989140126,-1.741375126032585,-1.7475645946331821,10.368107457740724,0.006189468600597214
32.93933818400121,1085,384,-384,-11.657793421803248,-3.037250558695707,-43,43,1.30542999254567,-1.7318205661500368,-1.7475645946331821,-1.2896859640625247,0.015744028483145378
32.95451410656816,1086,336,336,10.195871767777996,7.158621209082289,293,-293,-8.891042940354026,-1.732421731271737,-1.7475645946331821,8.906185803715472,0.015142863361445213
32.984845004941285,1088,48,48,1.4552137502179967,8.613834959300286,341,-341,-10.338081017173693,-1.7242460578734065,-1.7475645946331821,10.361399553933468,0.023318536759775688
33.0,1089,390,-390,-11.81818181818192,-3.2043468588816335,-49,49,1.4848484848484849,-1.7194983740331486,-1.7475645946331821,-1.4567822642484514,0.028066220600033498
33.015148038438355,1090,144,144,4.361634236270759,1.1572873773891255,95,-95,-2.877467030873068,-1.7201796534839424,-1.7475645946331821,2.904851972022308,0.027384941149239728
33.03028912982749,1091,408,-408,-12.352298776324066,-11.195011398934941,-313,313,9.476150776934926,-1.7188606220000153,-1.7475645946331821,-9.447446804301759,0.02870397263316682
33.04542328371661,1092,96,96,2.9050921568102557,-8.289919242124686,-217,217,6.566718729456507,-1.7232005126681793,-1.7475645946331821,-6.5423546474915035,0.024364081965002837
33.06055050963308,1093,120,-120,-3.6297036241134184,-11.919622866238104,-337,337,10.193417677718523,-1.7262051885195806,-1.7475645946331821,-10.172058271604921,0.021359406113601542
33.075670817082454,1094,312,312,9.432915260447652,-2.4867076057904516,-25,25,0.7558425689461257,-1.730865036844326,-1.7475645946331821,-0.7391430111572694,0.016699557788856234
33.1058907144937,1096,144,144,4.34967907197728,1.8629714661868286,119,-119,-3.594526455314553,-1.7315549891277242,-1.7475645946331821,3.610536060820011,0.016009605505457936
33.12099032335839,1097,432,-432,-13.043088258606096,-11.180116792419266,-313,313,9.450200520702985,-1.7299162717162808,-1.7475645946331821,-9.432552197786084,0.017648322916901327
33.13608305156178,1098,360,360,10.864289525102276,-0.3158272673169904,47,-47,-1.4183933546661236,-1.734220621983114,-1.7475645946331821,1.4317373273161917,0.013343972650068148
33.15116890850155,1099,144,-144,-4.343738237328681,-4.659565504645672,-97,97,2.925990340422794,-1.7335751642228776,-1.7475645946331821,-2.9120009100124893,0.013989430410304537
33.166247903554,1100,120,120,3.618136134933169,-1.0414293697125028,23,-23,-0.6934760925288562,-1.7349054622413589,-1.7475645946331821,0.7061352249206794,0.012659132391823258
33.18132004607411,1101,336,-336,-10.12617941460572,-11.167608784318222,-313,313,9.433018323724976,-1.734590460593246,-1.7475645946331821,-9.42004418968504,0.01297413403993608
33.19638534539566,1102,240,240,7.229702797545342,-3.93790598677288,-73,73,2.1990346009200397,-1.7388713858528404,-1.7475645946331821,-2.1903413921396977,0.008693208780341743
33.2264954516723,1104,96,96,2.889260474058463,-1.0486455127144172,23,-23,-0.6922186552431729,-1.7408641679575902,-1.7475645946331821,0.698919081918765,0.006700426675591897
33.24154027718932,1105,192,-192,-5.775905640923396,-6.824551153637813,-169,169,5.084000277687779,-1.740550875950034,-1.7475645946331821,-5.076986559004631,0.00701371868314804
33.25657829663178,1106,576,576,17.319881644538786,10.495330490900972,407,-407,-12.238180259248766,-1.742849768347794,-1.7475645946331821,12.242895085534155,0.004714826285388218
33.27160951922825,1107,192,-192,-5.770685661871584,4.724644829029389,215,-215,-6.461965715116598,-1.7373208860872094,-1.7475645946331821,6.472209423662571,0.010243708545972785
33.28663395418648,1108,72,72,2.1630303652539955,6.887675194283384,287,-287,-8.622079372609674,-1.7344041783262902,-1.7475645946331821,8.635239788916566,0.013160416306891909
33.301651610693426,1109,600,-600,-18.017124406146234,-11.12944921186285,-313,313,9.398933231872896,-1.7305159799899545,-1.7475645946331821,-9.381884617229668,0.0170486146432276
33.31666249791537,1110,192,192,5.7628821618015875,-5.366567050061263,-121,121,3.631816362385368,-1.7347506876758945,-1.7475645946331821,-3.61900245542808,0.01281390695728768
33.34666400106613,1112,168,168,5.037985208794161,-0.328581841267102,47,-47,-1.4094363381745578,-1.7380181794416598,-1.7475645946331821,1.4189827533660802,0.009546415191522328
33.36165463522455,1113,192,-192,-5.755110233569736,-6.083692074836838,-145,145,4.34630720764381,-1.737384867193028,-1.7475645946331821,-4.336127480203656,0.010179727440154052
33.37663853655727,1114,264,264,7.9097240337981605,1.8260319589613223,119,-119,-3.5653680303862796,-1.7393360714249573,-1.7475645946331821,3.5735965535945047,0.00822852320822487
33.391615714128,1115,240,-240,-7.187432978825755,-5.361401019864433,-121,121,3.6236641268246528,-1.7377368930397799,-1.7475645946331821,-3.6138364252312503,0.009827701593402294
33.421549934136806,1117,168,-168,-5.026696856700983,-10.388097876565416,-289,289,8.647115426110597,-1.740982450454819,-1.7475645946331821,-8.640533281932234,0.006582144178363114
33.436506994600975,1118,432,432,12.920009858378837,2.531911981813421,143,-143,-4.2767625225652415,-1.7448505407518207,-1.7475645946331821,4.279476576446603,0.002714053881361478
33.46640106136302,1120,48,48,1.4342743312012722,3.966186313014693,191,-191,-5.70721660957173,-1.741030296557037,-1.7475645946331821,5.713750907647875,0.00653429807614514
33.481338085566414,1121,528,-528,-15.769979044762705,-11.803792731748011,-337,337,10.065308594858056,-1.738484136889955,-1.7475645946331821,-10.056228137114829,0.009080457743227077
33.49626844888845,1122,192,192,5.731981766654721,-6.07181096509329,-145,145,4.3288403966923585,-1.7429705684009313,-1.7475645946331821,-4.3242463704601075,0.004594026232250803
33.51119216023208,1123,120,-120,-3.5808931961067323,-9.652704161200022,-265,265,7.907805808069013,-1.744898353131009,-1.7475645946331821,-7.90513956656684,0.0026662415021732055
33.52610922848042,1124,240,240,7.158599835262743,-2.494104325937279,-25,25,0.745687482839867,-1.748416843097412,-1.7475645946331821,-0.7465397313040969,-0.0008522484642299322
33.54101966249684,1125,432,-432,-12.879751550398774,-15.373855876336053,-457,457,13.62510754289872,-1.7487483334373337,-1.7475645946331821,-13.626291281702871,-0.0011837388041515684
33.555923471125034,1126,264,264,7.867463407084396,-7.506392469251657,-193,193,5.751592566542746,-1.7547999027089114,-1.7475645946331821,-5.758827874618475,-0.007235308075729252
33.58571124749333,1128,96,96,2.85835840404199,-4.648034065209667,-97,97,2.8881329707507564,-1.7599010944589106,-1.7475645946331821,-2.9004694705764846,-0.012336499825728486
33.60059523282288,1129,192,-192,-5.714184486007071,-10.362218551216738,-289,289,8.601038106541909,-1.7611804446748298,-1.7475645946331821,-8.614653956583556,-0.01361585004164767
33.61547262794322,1130,528,528,15.707052696950411,5.344834145733673,239,-239,-7.10982120183932,-1.7649870561056469,-1.7475645946331821,7.092398740366855,-0.017422461472464734
33.63034344160047,1131,192,-192,-5.709129921120498,-0.3642957753868252,47,-47,-1.3975474286076235,-1.7618432039944487,-1.7475645946331821,1.383268819246357,-0.01427860936126657
33.645207682521445,1132,72,72,2.139977873799946,1.775682098413121,119,-119,-3.536907874752696,-1.7612257763395749,-1.7475645946331821,3.5232466930463033,-0.013661181706392744
33.66006535941367,1133,336,-336,-9.982155305174762,-8.206473206761641,-217,217,6.446808634592026,-1.7596645721696156,-1.7475645946331821,-6.458908612128459,-0.012099977536433437
33.67491648096547,1134,432,432,12.828539611796417,4.622066405034776,215,-215,-6.38457411235236,-1.7625077073175843,-1.7475645946331821,6.369630999667958,-0.014943112684402182
33.71943060017473,1137,240,-240,-7.117557910327093,-2.4954915052923177,-25,25,0.7414122823257416,-1.754079222966576,-1.7475645946331821,-0.7479269106591355,-0.00651462833339389
33.734255586866,1138,144,144,4.268658000447021,1.7731664951547037,119,-119,-3.527571542036076,-1.7544050468813723,-1.7475645946331821,3.520731089787886,-0.0068404522481901875
33.74907406137241,1139,384,-384,-11.378089938162427,-9.604923443007724,-265,265,7.852067275033967,-1.752856167973757,-1.7475645946331821,-7.857358848374542,-0.005291573340574951
33.76388603226827,1140,192,192,5.686549226487284,-3.91837421652044,-73,73,2.162073403820687,-1.7563008126997528,-1.7475645946331821,-2.1708096218872575,-0.008736218066570656
33.77869150810907,1141,288,-288,-8.526085148409662,-12.4444593649301,-361,361,10.687210897832934,-1.7572484670971669,-1.7475645946331821,-10.696894770296918,-0.009683872463984722
33.793490497431605,1142,216,216,6.391763526659577,-6.052695838270523,-145,145,4.29076718224832,-1.761928656022203,-1.7475645946331821,-4.305131243637341,-0.014364061389020799
33.823069050575526,1144,144,144,4.257449251121403,-1.79524658714912,-1,1,0.02956561979945413,-1.765680967349666,-1.7475645946331821,-0.047681992515937965,-0.01811637271648392
33.83784863137726,1145,288,-288,-8.511179393743829,-10.30642598089295,-289,289,8.540732099972077,-1.7656938809208729,-1.7475645946331821,-8.558861386259768,-0.018129286287690727
33.85262175962151,1146,384,384,11.343286872333884,1.0368608914409343,95,-95,-2.8062819085201083,-1.769421017079174,-1.7475645946331821,2.7844254860741167,-0.02185642244599184
33.8673884437522,1147,144,-144,-4.251877886573934,-3.2150169951329994,-49,49,1.4468195586258568,-1.7681974365071427,-1.7475645946331821,-1.4674524004998173,-0.020632841873960528
33.896902513356586,1149,192,-192,-5.664234362545241,-8.87925135767824,-241,241,7.109794173819789,-1.769457183858452,-1.7475645946331821,-7.131686763045058,-0.02189258922526993
33.91164991562634,1150,240,240,7.077213895435094,-1.8020374622431472,-1,1,0.029488391230979426,-1.7725490710121679,-1.7475645946331821,-0.05447286760996506,-0.02498447637898571
33.94112549695428,1152,36,36,1.060660171779821,-0.7413772904633262,35,-35,-1.0311973892303818,-1.772574679693708,-1.7475645946331821,1.006187304169856,-0.025010085060525933
33.95585369269929,1153,192,-192,-5.654400614916085,-6.395777905379411,-157,157,4.623650502822019,-1.772127402557392,-1.7475645946331821,-4.648213310746229,-0.02456280792420995
33.97057550292606,1154,672,672,19.781825596157894,13.386047690778483,515,-515,-15.160178842293691,-1.774131151515208,-1.7475645946331821,15.133612285411665,-0.026566556882025916
33.98529093593286,1155,192,-192,-5.649502908830414,7.736544781948069,323,-323,-9.50411166433447,-1.7675668823864008,-1.7475645946331821,9.484109376581252,-0.02000228775321866
34.0,1156,102,102,2.999999999999993,10.736544781948062,425,-425,-12.5,-1.7634552180519378,-1.7475645946331821,12.484109376581245,-0.01589062341875569
34.0147027033899,1157,336,-336,-9.878081338235983,0.858463443712079,89,-89,-2.6165155925684536,-1.7580521488563745,-1.7475645946331821,2.6060280383452614,-0.010487554223192364
34.02939905434711,1158,288,288,8.463270231132991,9.32173367484507,377,-377,-11.078655823392799,-1.7569221485477282,-1.7475645946331821,11.069298269478253,-0.009357553914546068
34.058772731852805,1160,240,240,7.046642634176397,16.368376309021468,617,-617,-18.1157437720286,-1.7473674630071336,-1.7475645946331821,18.11594090365465,0.00019713162604850787
34.07345007480164,1161,576,-576,-16.90465740145192,-0.5362810924304533,41,-41,-1.2032829053116858,-1.739563997742139,-1.7475645946331821,1.2112835022027288,0.008000596891043044
34.08812109811862,1162,144,144,4.2243454717117705,3.6880643792813173,185,-185,-5.427110501851932,-1.739046122570615,-1.7475645946331821,5.4356289739145,0.008518472062567062
34.10278580995987,1163,168,-168,-4.926283762745695,-1.2382193834643775,17,-17,-0.4984929998016489,-1.7367123832660265,-1.7475645946331821,0.5093452111688046,0.01085221136715564
34.11744421846396,1164,96,96,2.8138098324506333,1.5755904489862558,113,-113,-3.312088656947103,-1.7364982079608473,-1.7475645946331821,3.3231550436194377,0.011066386672334838
34.132096331752024,1165,240,-240,-7.031504823708584,-5.455914374722328,-127,127,3.7208379692124525,-1.7350764055098753,-1.7475645946331821,-3.7083497800891454,0.012488189123306848
34.14674215792775,1166,432,432,12.651280113400393,7.195365738678065,305,-305,-8.932038043025697,-1.736672304347632,-1.7475645946331821,8.942930333311248,0.010892290285550166
34.17601498127012,1168,48,48,1.4044937663535653,8.599859505031631,353,-353,-10.328881240058523,-1.7290217350268922,-1.7475645946331821,10.347424099664813,0.018542859606289985
34.19064199455752,1169,576,-576,-16.846714960534594,-8.246855455502963,-223,223,6.522252493401477,-1.7246029621014864,-1.7475645946331821,-6.499290860869781,0.022961632531695697
34.20526275297414,1170,240,240,7.016464154456231,-1.2303913010467324,17,-17,-0.4969995442739832,-1.7273908453207156,-1.7475645946331821,0.5171732935864497,0.020173749312466516
34.219877264537345,1171,168,-168,-4.909427310369142,-6.139818611415874,-151,151,4.412640023010367,-1.7271785884055078,-1.7475645946331821,-4.392254016782692,0.02038600622767439
34.23448553724738,1172,216,216,6.30942736863943,0.16960875722355606,65,-65,-1.8986702729702045,-1.7290615157466485,-1.7475645946331821,1.9171733518567382,0.018503078886533686
34.249087579087416,1173,288,-288,-8.40898313962252,-8.239374382398964,-223,223,6.511122361582689,-1.7282520208162744,-1.7475645946331821,-6.491809787765781,0.019312573816907763
34.26368339802363,1174,360,360,10.506751297519996,2.267376915121032,137,-137,-3.998402577111786,-1.731025661990754,-1.7475645946331821,4.014941509754214,0.016538932642428117
34.292856398964496,1176,168,168,4.898979485566348,7.16635640068738,305,-305,-8.893980613677016,-1.7276242129896362,-1.7475645946331821,8.913920995320561,0.019940381643545946
34.307433596816885,1177,144,-144,-4.197341068769434,2.9690153319179453,161,-161,-4.692860500499166,-1.7238451685812208,-1.7475645946331821,4.716579926551128,0.023719426051961312
34.322004603461025,1178,192,192,5.594078848781411,8.563094180699355,353,-353,-10.284947050103348,-1.7218528694039925,-1.7475645946331821,10.310658775332538,0.02571172522918963
34.336569426778794,1179,360,-360,-10.484448679932417,-1.9213544992330611,-7,7,0.2038642798875755,-1.7174902193454855,-1.7475645946331821,-0.17378990459987897,0.03007437528769663
34.36568055487916,1181,552,-552,-16.062536550629225,-17.983891049862287,-559,559,16.26622813732215,-1.7176629125401384,-1.7475645946331821,-16.236326455229104,0.02990168209304378
34.38022687534217,1182,240,240,6.980756725957832,-11.003134323904455,-319,319,9.278589148252244,-1.72454517565221,-1.7475645946331821,-9.255569729271272,0.02301941898097204
34.40930106817051,1184,120,120,3.487429162314587,-7.515705161589867,-199,199,5.78332002750501,-1.7323851340848577,-1.7475645946331821,-5.768140566956685,0.01517946054832442
34.42382895611701,1185,192,-192,-5.577531780231638,-13.093236941821505,-391,391,11.358411073284177,-1.7348258685373281,-1.7475645946331821,-11.345672347188323,0.012738726095854025
34.438350715445125,1186,288,288,8.362769819602233,-4.730467122219272,-103,103,2.9908517063160613,-1.7396154159032107,-1.7475645946331821,-2.9829025275860896,0.007949178729971473
34.45286635390443,1187,216,-216,-6.269434820929518,-10.999901943148789,-319,319,9.259026425354266,-1.7408755177945228,-1.7475645946331821,-9.252337348515606,0.00668907683865938
34.46737587922817,1188,192,192,5.570484990582319,-5.42941695256647,-127,127,3.6846437177289375,-1.7447732348375324,-1.7475645946331821,-3.6818523579332876,0.002791359795649706
34.48187929913333,1189,240,-240,-6.960177486788922,-12.389594439355392,-367,367,10.643271406881357,-1.7463230324740344,-1.7475645946331821,-10.64202984472221,0.0012415621591477244
34.49637662132068,1190,480,480,13.914504855658885,1.5249104163034932,113,-113,-3.275706351436334,-1.7507959351328406,-1.7475645946331821,3.2724750109366756,-0.0032313404996584527
34.52535300326414,1192,72,72,2.08542400690857,3.610334423212063,185,-185,-5.3583811288623036,-1.7480467056502405,-1.7475645946331821,5.357899017845245,-0.0004821110170583065
34.539832078341085,1193,432,-432,-12.50729879115121,-8.896964367939148,-247,247,7.151163892162824,-1.7458004757763241,-1.7475645946331821,-7.149399773305966,0.0017641188568580102
34.55430508634199,1194,336,336,9.72382454691032,0.826860178971172,89,-89,-2.5756559067708853,-1.7487957277997133,-1.7475645946331821,2.5744247736043544,-0.0012311331665311176
34.56877203488721,1195,192,-192,-5.554145799747563,-4.727285620776391,-103,103,2.9795677988229143,-1.747717821953477,-1.7475645946331821,-2.979721026143209,-0.00015322732029487973
34.583232931581165,1196,192,192,5.551823346875894,0.8245377260995026,89,-89,-2.573501447249769,-1.7489637211502664,-1.7475645946331821,2.572102320732685,-0.0013991265170842926
34.597687784012386,1197,240,-240,-6.936879756192992,-6.112342030093489,-151,151,4.364453513271404,-1.7478885168220852,-1.7475645946331821,-4.364777435460307,-0.0003239221889030919
34.61213659975356,1198,144,144,4.16039037593031,-1.9519516541631798,-7,7,0.20224119882994568,-1.749710455333234,-1.7475645946331821,-0.2043870595299977,-0.0021458607000519603
34.64101615137755,1200,56,56,1.616580753730953,-0.33537090043222695,49,-49,-1.414508159514583,-1.74987905994681,-1.7475645946331821,1.4121936942009552,-0.002314465313627778
34.655446902326915,1201,192,-192,-5.540254625517717,-5.8756255259499435,-143,143,4.126335476297043,-1.7492900496529007,-1.7475645946331821,-4.128060931316761,-0.001725455019718547
34.66987164671943,1202,288,288,8.306924321343793,2.4312987953938494,145,-145,-4.182305647898767,-1.7510068525049176,-1.7475645946331821,4.178863390027032,-0.0034422578717354657
34.68429039204925,1203,144,-144,-4.151735508275229,-1.72043671288138,1,-1,-0.0288314965852446,-1.7492682094666245,-1.7475645946331821,0.02712788175180214,-0.0017036148334423906
34.698703145794944,1204,96,96,2.76667400498033,1.04623729209895,97,-97,-2.7954935258655396,-1.7492562337665896,-1.7475645946331821,2.7938018867321324,-0.0016916391334074188
34.713109915419565,1205,480,-480,-13.827628845976157,-12.781391553877206,-383,383,11.033295516685222,-1.748096037191985,-1.7475645946331821,-11.033826959244024,-0.0005314425588027749
34.72751070837067,1206,504,504,14.512989549766775,1.7315979958895689,121,-121,-3.484269316511486,-1.7526713206219173,-1.7475645946331821,3.4791625905227512,-0.0051067259887351835
34.75629439396553,1208,144,144,4.143134431068747,5.874732426958316,265,-265,-7.624518223841777,-1.7497857968834616,-1.7475645946331821,7.622297021591498,-0.0022212022502794415
34.77067730142742,1209,480,-480,-13.804735405033268,-7.930002978074953,-215,215,6.183371066837796,-1.7466319112371567,-1.7475645946331821,-6.18243838344177,0.0009326833960254799
34.785054261852174,1210,264,264,7.589466384404157,-0.34053659367079536,49,-49,-1.4086509577113688,-1.7491875513821642,-1.7475645946331821,1.4070280009623868,-0.0016229567489820518
34.79942528261063,1211,336,-336,-9.655331870319754,-9.99586846399055,-287,287,8.247262639231423,-1.748605824759128,-1.7475645946331821,-8.248303869357368,-0.0010412301259459245
34.828149534535996,1213,120,-120,-3.4454888245212874,-13.441357288511838,-407,407,11.685949596501361,-1.7554076920104773,-1.7475645946331821,-11.693792693878656,-0.00784309737729516
34.84250278036869,1214,480,480,13.776277870327126,0.33492058181528783,73,-73,-2.0951422594455638,-1.760221677630276,-1.7475645946331821,2.08248517644847,-0.012657082997093783
34.87119154832539,1216,24,24,0.6882472016116853,1.023167783426973,97,-97,-2.781665773180561,-1.7584979897535882,-1.7475645946331821,2.7707323780601554,-0.010933395120406031
34.88552708502482,1217,384,-384,-11.007430074486122,-9.98426229105915,-287,287,8.2269073733789,-1.7573549176802494,-1.7475645946331821,-8.236697696425967,-0.009790323047067284
34.899856733230294,1218,288,288,8.25218287288198,-1.73207941817717,1,-1,-0.02865341275306264,-1.7607328309302326,-1.7475645946331821,0.015485176456012217,-0.01316823629705044
34.91418050019218,1219,144,-144,-4.12439868090867,-5.85647809908584,-143,143,4.095757023402364,-1.7607210756834757,-1.7475645946331821,-4.108913504452658,-0.013156481050293545
34.92849839314596,1220,192,192,5.496944009413132,-0.3595340896727084,49,-49,-1.4028659190689772,-1.7624000087416856,-1.7475645946331821,1.3880305049604738,-0.01483541410850342
34.942810419312295,1221,384,-384,-10.989385095017061,-11.34891918468977,-335,335,9.587093767788387,-1.7618254169013827,-1.7475645946331821,-9.601354590056587,-0.01426082226820058
34.95711658589707,1222,144,144,4.119332887372478,-7.229586297317292,-191,191,5.46383737144545,-1.7657489258718417,-1.7475645946331821,-5.48202170268411,-0.01818433123865959
34.9857113690718,1224,240,240,6.859943405700323,-0.3696428916169694,49,-49,-1.4005717786638223,-1.7702146702807917,-1.7475645946331821,1.3779217030162128,-0.02265007564760957
35.0,1225,270,-270,-7.714285714285691,-8.08392860590266,-221,221,6.314285714285714,-1.7696428916169458,-1.7475645946331821,-6.3363640112694775,-0.022078296983763623
35.014282800023196,1226,504,504,14.394126045034001,6.310197439131342,283,-283,-8.082416013382188,-1.7722185742508465,-1.7475645946331821,8.057762033764524,-0.024653979617664357
35.02855977627399,1227,96,-96,-2.740620813791608,3.5695766253397334,187,-187,-5.338500960198236,-1.7689243348585029,-1.7475645946331821,5.317141219972916,-0.021359740225320722
35.04283093587046,1228,72,72,2.054628523927255,5.624205149266988,259,-259,-7.390955384682777,-1.7667502354157891,-1.7475645946331821,7.37176974390017,-0.019185640782606983
35.05709628591621,1229,456,-456,-13.00735224278098,-7.383147093513992,-197,197,5.619404368043526,-1.7637427254704665,-1.7475645946331821,-5.63558249888081,-0.016178130837284366
35.07135583350036,1230,288,288,8.211829658575654,0.828682565061662,91,-91,-2.594710065730515,-1.7660275006688528,-1.7475645946331821,2.5762471596948444,-0.01846290603567069
35.09985754956849,1232,96,96,2.735053835031309,3.563736400092971,187,-187,-5.327656949488074,-1.763920549395103,-1.7475645946331821,5.311300994726153,-0.016355954761920755
35.11409973215888,1233,288,-288,-8.201833514080857,-4.638097113987886,-101,101,2.8763374476464283,-1.7617596663414576,-1.7475645946331821,-2.8905325193547036,-0.014195071708275497
35.12833614050059,1234,288,288,8.19850956925785,3.5604124552699634,187,-187,-5.323337810594498,-1.7629253553245343,-1.7475645946331821,5.307977049903146,-0.015360760691352171
35.14256678161116,1235,288,-288,-8.195189662432375,-4.634777207162411,-101,101,2.8740074857835847,-1.7607697213788267,-1.7475645946331821,-2.887212612529229,-0.013205126745644558
35.156791662493895,1236,144,144,4.095936892717744,-0.5388403144446672,43,-43,-1.2230922665754347,-1.7619325810201019,-1.7475645946331821,1.208724280188515,-0.014367986386919718
35.17101079013795,1237,168,-168,-4.776661125903923,-5.31550144034859,-125,125,3.554063337726147,-1.761438102622443,-1.7475645946331821,-3.5679368457154075,-0.013873507989260903
35.185224171518364,1238,504,504,14.324194654640664,9.008693214292073,379,-379,-10.771567012120725,-1.762873797828652,-1.7475645946331821,10.756257808925255,-0.0153092031954698
35.21363372331802,1240,96,96,2.726216804385913,11.734910018677986,475,-475,-13.489093563367788,-1.754183544689802,-1.7475645946331821,13.482474613311169,-0.006618950056619832
35.22782990761707,1241,384,-384,-10.900472751430279,0.8344372672477078,91,-91,-2.583184948906651,-1.7487476816589433,-1.7475645946331821,2.58200186188089,-0.001183087025761198
35.24202037341219,1242,384,384,10.89608359371207,11.730520860959778,475,-475,-13.478228403680188,-1.7477075427204092,-1.7475645946331821,13.47808545559296,-0.000142948087227035
35.25620512760839,1243,96,-96,-2.7229249334275205,9.007595927532257,379,-379,-10.749880726760724,-1.7422847992284662,-1.7475645946331821,10.75516052216544,0.0052797954047159035
35.2845575287547,1245,384,-384,-10.882947864290573,-1.8753519367583156,-5,5,0.14170505031628391,-1.7336468864420316,-1.7475645946331821,-0.12778734212513343,0.013917708191150568
35.298725189445584,1246,192,192,5.4392899168327,3.5639379800743844,187,-187,-5.2976417419151876,-1.733703761840803,-1.7475645946331821,5.311502574707567,0.013860832792379041
35.32704346531139,1248,48,48,1.3587324409735149,4.922670421047899,235,-235,-6.6521275755995,-1.7294571545516009,-1.7475645946331821,6.670235015681081,0.018107440081581272
35.34119409414458,1249,384,-384,-10.865507231506376,-5.942836810458477,-149,149,4.216043170558481,-1.726793639899996,-1.7475645946331821,-4.195272215825295,0.020770954733186242
35.35533905932738,1250,444,444,12.558216433872982,6.615379623414505,295,-295,-8.34386001800126,-1.7284803945867555,-1.7475645946331821,8.362944218047687,0.019084200046426636
35.369478367654786,1251,360,-360,-10.178267156159619,-3.5628875327451137,-65,65,1.8377426809732704,-1.7251448517718433,-1.7475645946331821,-1.8153229381119316,0.022419742861338854
35.38361202590826,1252,96,96,2.7131204109322646,-0.8497671218128491,31,-31,-0.8761117993635433,-1.7258789211763923,-1.7475645946331821,0.8977974728203331,0.021685673456789845
35.397740040855716,1253,384,-384,-10.8481501801186,-11.697917301931449,-353,353,9.972388056202767,-1.7255292457286817,-1.7475645946331821,-9.950352707298267,0.02203534890450043
35.41186241925155,1254,288,288,8.132867924038676,-3.565049377892773,-65,65,1.8355431078559412,-1.729506270036832,-1.7475645946331821,-1.817484783259591,0.01805832459635015
35.4400902933387,1256,312,312,8.80358930853635,5.238539930643578,247,-247,-6.96950820259129,-1.7309682719477122,-1.7475645946331821,6.98610452527676,0.016596322685469955
35.45419580247167,1257,240,-240,-6.769297527918235,-1.5307575972746577,7,-7,-0.1974378445642814,-1.7281954418389391,-1.7475645946331821,0.2168069973585245,0.019369152794243005
35.4682957019364,1258,144,144,4.059963895929142,2.5292062986544845,151,-151,-4.257323251981237,-1.7281169533267526,-1.7475645946331821,4.276770893287667,0.01944764130642951
35.482389998420345,1259,360,-360,-10.145877997959767,-7.616671699305282,-209,209,5.890245837704409,-1.7264258616008732,-1.7475645946331821,-5.8691071046721,0.021138733032308954
35.4964786985977,1260,144,144,4.0567404226968815,-3.559931276608401,-65,65,1.8311675519117858,-1.728763724696615,-1.7475645946331821,-1.8123666819752187,0.018800869936567155
35.510561809129406,1261,240,-240,-6.758552604433822,-10.318483881042223,-305,305,8.588993934801325,-1.7294899462408981,-1.7475645946331821,-8.57091928640904,0.01807464839228401
35.52463933666322,1262,432,432,12.160573845830887,1.8420899647886646,127,-127,-3.5749835148623053,-1.7328935500736407,-1.7475645946331821,3.589654559421847,0.01467104455954149
35.566838487557476,1265,480,-480,-13.49571737077266,-11.653627405983995,-353,353,9.924975483089163,-1.7286519228948318,-1.7475645946331821,-9.906062811350813,0.018912671738350317
35.58089374931439,1266,384,384,10.792309004531464,-0.8613184014525306,31,-31,-0.8712541123449812,-1.7325725137975119,-1.7475645946331821,0.8862461931806516,0.014992080835670274
35.59494346111537,1267,144,-144,-4.045518435991026,-4.9068368374435565,-113,113,3.174608217131837,-1.7322286203117194,-1.7475645946331821,-3.159272242810374,0.01533597432146272
35.608987629529715,1268,120,120,3.3699357378103776,-1.536901099633179,7,-7,-0.19657958470560563,-1.7334806843387844,-1.7475645946331821,0.21066349500000325,0.014083910294397706
35.62302626111375,1269,384,-384,-10.779544589651499,-12.316445689284677,-377,377,10.583042474735922,-1.7334032145487548,-1.7475645946331821,-10.568881094651495,0.014161380084427355
35.63705936241092,1270,240,240,6.734562399195743,-5.581883290088935,-137,137,3.844312702874249,-1.7375705872146856,-1.7475645946331821,-3.834318695455752,0.009994007418496542
35.66510900025401,1272,144,144,4.037559509462718,-1.5443237806262164,7,-7,-0.1962702539322155,-1.7405940345584319,-1.7475645946331821,0.2032408140069657,0.006970560074750276
35.679125549822544,1273,240,-240,-6.726622256054553,-8.270946036680769,-233,233,6.530429106919602,-1.7405169297611671,-1.7475645946331821,-6.523381442047587,0.007047664872015025
35.6931365951495,1274,504,504,14.1203617299492,5.849415693268432,271,-271,-7.592496088921124,-1.7430803956526928,-1.7475645946331821,7.596980287901614,0.004484198980489351
35.70714214271425,1275,240,-240,-6.721344403334422,-0.8719287100659905,31,-31,-0.8681736520973662,-1.7401023621633567,-1.7475645946331821,0.8756358845671917,0.007462232469825469
35.73513677041127,1277,408,-408,-11.417334222653002,-12.289262932718993,-377,377,10.549840691029798,-1.7394222416891942,-1.7475645946331821,-10.54169833808581,0.008142352943987907
35.749125863438955,1278,240,240,6.713450866373497,-5.575812066345495,-137,137,3.8322615362215466,-1.7435505301239487,-1.7475645946331821,-3.828247471712313,0.004014064509233473
35.77708763999664,1280,24,24,0.6708203932499373,-4.904991673095558,-113,113,3.1584460182184526,-1.7465456548771052,-1.7475645946331821,-3.1574270784623755,0.0010189397560769198
35.79106033634656,1281,288,-288,-8.04670208967042,-12.951693762765977,-401,401,11.203915062353607,-1.7477787004123702,-1.7475645946331821,-11.204129168132795,-0.00021410577918801188
35.805027579936315,1282,144,144,4.021781569041209,-8.929912193724768,-257,257,7.1777629391916005,-1.7521492545331672,-1.7475645946331821,-7.182347599091585,-0.004584659899985022
35.81898937714463,1283,264,-264,-7.370392202311945,-16.30030439603671,-521,521,14.545357338653432,-1.75494705738328,-1.7475645946331821,-14.55273980140353,-0.007382462750097796
35.832945734337834,1284,240,240,6.697746866231359,-9.602557529805352,-281,281,7.841945289212563,-1.7606122405927893,-1.7475645946331821,-7.85499293517217,-0.013047645959607168
35.84689665786984,1285,144,-144,-4.017084139092015,-13.619641668897367,-425,425,11.855977493848002,-1.7636641750493656,-1.7475645946331821,-11.872077074264185,-0.016099580416183423
35.86084215408221,1286,696,696,19.408356251353872,5.788714582456505,271,-271,-7.556989287524324,-1.7682747050678191,-1.7475645946331821,7.536279177089687,-0.020710110434636997
35.888716889852724,1288,96,96,2.674935420361692,8.463650002818197,367,-367,-10.226055200757724,-1.7624051979395272,-1.7475645946331821,10.211214597451379,-0.014840603306345068
35.90264614203248,1289,432,-432,-12.032539281115662,-3.5688892782974655,-65,65,1.8104515122048965,-1.758437766092569,-1.7475645946331821,-1.8213246836642834,-0.010873171459386821
35.91656999213594,1290,192,192,5.345722045341173,1.7768327670437074,127,-127,-3.5359723945746238,-1.7591396275309163,-1.7475645946331821,3.5243973616768898,-0.011575032897734205
35.93048844644336,1291,216,-216,-6.011607671906844,-4.234774904863136,-89,89,2.477005012961626,-1.7577698919015101,-1.7475645946331821,-2.487210310229954,-0.010205297268327973
35.94440151122286,1292,96,96,2.6707914435583566,-1.5639834613047796,7,-7,-0.19474520942613002,-1.7587286707309095,-1.7475645946331821,0.18358113332840253,-0.011164076097727405
35.958309192730404,1293,288,-288,-8.009275365434151,-9.57325882673893,-281,281,7.814605478079849,-1.7586533486590818,-1.7475645946331821,-7.825694232105748,-0.011088754025899705
35.9722114972099,1294,336,336,9.340543325396071,-0.23271550134285945,55,-55,-1.5289579848118582,-1.7616734861547176,-1.7475645946331821,1.5148490932903227,-0.014108891521535494
36.0,1296,102,102,2.8333333333333273,2.600617831990468,157,-157,-4.361111111111111,-1.760493279120643,-1.7475645946331821,4.34818242662365,-0.012928684487460762
36.013886210738214,1297,144,-144,-3.998457682610867,-1.3978398506203993,13,-13,-0.3609718741245927,-1.758811724744992,-1.7475645946331821,0.34972474401278286,-0.011247130111809778
36.02776706930364,1298,384,384,10.658445727744715,9.260605877124316,397,-397,-11.019278525819374,-1.7586726486950575,-1.7475645946331821,11.008170471757499,-0.011108054061875317
36.0416425818802,1299,192,-192,-5.327171189931499,3.9334346871928174,205,-205,-5.6878650725830955,-1.754430385390278,-1.7475645946331821,5.680999281826,-0.006865790757095924
36.05551275463989,1300,168,168,4.659481648291931,8.592916335484748,373,-373,-10.345158659600523,-1.752242324115775,-1.7475645946331821,10.34048093011793,-0.004677729482592818
36.069377593742864,1301,600,-600,-16.63460919004292,-8.041692854558171,-227,227,6.293427143566205,-1.7482657109919666,-1.7475645946331821,-6.294128259924989,-0.0007011163587844482
36.08323710533743,1302,192,192,5.321030356547454,-2.720662498010717,-35,35,0.9699794920789632,-1.7506830059317537,-1.7475645946331821,-0.9730979033775349,-0.0031184112985715995
36.11094017053558,1304,264,264,7.310803838206566,4.590141340195849,229,-229,-6.341568480868594,-1.751427140672745,-1.7475645946331821,6.337705934829032,-0.0038625460395629307
36.124783736376884,1305,480,-480,-13.287276776598326,-8.697135436402476,-251,251,6.948138481096245,-1.7489969553062314,-1.7475645946331821,-6.949570841769294,-0.0014323606730493044
36.138621999185304,1306,216,216,5.976984955454874,-2.720150480947602,-35,35,0.9684929325968497,-1.7516575483507524,-1.7475645946331821,-0.9725858863144199,-0.004092953717570236
36.15245496505044,1307,264,-264,-7.302408653996432,-10.022559134944034,-299,299,8.270531013427759,-1.7520281215162754,-1.7475645946331821,-8.274994540310852,-0.004463526883093261
36.180105030251084,1309,288,-288,-7.960175896648044,-17.982735031592078,-587,587,16.224386289348654,-1.7583487422434239,-1.7475645946331821,-16.235170436958896,-0.010784147610241712
36.193922141707716,1310,432,432,11.935705622303495,-6.047029409288584,-155,155,4.282486970965417,-1.7645424383231667,-1.7475645946331821,-4.299464814655401,-0.016977843689984562
36.22154055254967,1312,48,48,1.3251783128981596,-4.721851096390424,-107,107,2.954043322502145,-1.7678077738882787,-1.7475645946331821,-2.9742865017572413,-0.020243179255096555
36.235341863986875,1313,288,-288,-7.948041475116672,-12.669892571507095,-395,395,10.900959662052413,-1.7689329094546817,-1.7475645946331821,-10.922327976873913,-0.02136831482149959
36.24913792078372,1314,576,576,15.89003306116567,3.2201404896585757,181,-181,-4.99322219456762,-1.7730817049090444,-1.7475645946331821,4.967705084291758,-0.02551711027586223
36.26292872893749,1315,144,-144,-3.9709975186060933,-0.7508570289475176,37,-37,-1.0203257513085073,-1.771182780256025,-1.7475645946331821,0.9967075656856645,-0.02361818562284279
36.27671429443411,1316,288,288,7.938976988447568,7.18811995950005,325,-325,-8.958915004324533,-1.7707950448244834,-1.7475645946331821,8.935684554133232,-0.02323045019130121
36.29049462324811,1317,240,-240,-6.613301981457475,0.5748179780425744,85,-85,-2.34221111843287,-1.7673931403902956,-1.7475645946331821,2.3223825726757568,-0.019828545757113458
36.30426972134269,1318,120,120,3.3053963327474474,3.8802143107900218,205,-205,-5.646718735110207,-1.7665044243201855,-1.7475645946331821,5.627778905423204,-0.018939829687003362
36.3318042491699,1320,96,96,2.642313036303266,6.522527347093288,301,-301,-8.284752332575863,-1.7622249854825753,-1.7475645946331821,8.27009194172647,-0.01466039084939319
36.345563690772494,1321,288,-288,-7.923938185421953,-1.4014108383286654,13,-13,-0.3576777653141881,-1.7590886036428535,-1.7475645946331821,0.3461537563045167,-0.011524009009671321
36.359317925395686,1322,504,504,13.861646168229639,12.460235329900973,517,-517,-14.21918862891798,-1.7589532990170067,-1.7475645946331821,14.207799924534156,-0.011388704383824555
36.373066958946424,1323,224,-224,-6.158402871356011,6.301832458544962,293,-293,-8.05541089869335,-1.7535784401483872,-1.7475645946331821,8.049397053178144,-0.006013845515205007
36.38681079732051,1324,72,72,1.9787389557455275,8.28057141429049,365,-365,-10.031107206209956,-1.7505357919194662,-1.7475645946331821,10.028136008923672,-0.002971197286284033
36.40054944640259,1325,504,-504,-13.845944846027907,-5.565373431737417,-139,139,3.8186236777735547,-1.746749753963862,-1.7475645946331821,-3.8178088371042342,0.0008148406693202492
36.41428291206625,1326,480,480,13.181640873146062,7.616267441408645,341,-341,-9.364457370297579,-1.7481899288889338,-1.7475645946331821,9.363832036041828,-0.0006253342557516195
36.4417343165772,1328,72,72,1.9757566798144273,9.592024121223073,413,-413,-11.333159843935528,-1.741135722712455,-1.7475645946331821,11.339588715856255,0.006428871920727053
36.45545226711637,1329,432,-432,-11.850079292245578,-2.258055171022505,-19,19,0.5211840429459826,-1.7368711280765226,-1.7475645946331821,-0.510490576389323,0.010693466556659592
36.46916505762094,1330,288,288,7.897082358341942,5.639027187319437,269,-269,-7.376094286090249,-1.7370670987708126,-1.7475645946331821,7.386591781952619,0.010497495862369588
36.4828726939094,1331,288,-288,-7.894115203490584,-2.255088016171147,-19,19,0.5207923224525007,-1.734295693718646,-1.7475645946331821,-0.5075234215379647,0.013268900914536141
36.49657518178932,1332,120,120,3.287979746107151,1.0328917299360043,101,-101,-2.7673829529735143,-1.73449122303751,-1.7475645946331821,2.7804563245691867,0.013073371595672123
36.51027252705737,1333,240,-240,-6.573492427977343,-5.540600698041339,-139,139,3.807147697870198,-1.7334530001711408,-1.7475645946331821,-3.7930361034081566,0.014111594462041355
36.52396473549935,1334,384,384,10.513645021313115,4.973044323271776,245,-245,-6.707924557869071,-1.734880234597295,-1.7475645946331821,6.720608917904959,0.012684360035887243
36.55133376499413,1336,144,144,3.9396647171850088,8.912709040456786,389,-389,-10.642566492951135,-1.7298574524943486,-1.7475645946331821,10.660273635089968,0.01770714213883351
36.565010597564445,1337,288,-288,-7.876382237919642,1.0363268025371442,101,-101,-2.7622034931593182,-1.725876690622174,-1.7475645946331821,2.7838913971703265,0.021687904011008063
36.578682316343766,1338,240,240,6.561198621765662,7.597525424302806,341,-341,-9.322369708425429,-1.7248442841226224,-1.7475645946331821,9.345090018935988,0.022720310510559782
36.59234892706397,1339,192,-192,-5.246998501864299,2.3505269224385072,149,-149,-4.0718894623842665,-1.7213625399457593,-1.7475645946331821,4.09809151707169,0.02620205468742287
36.61966684720111,1341,504,-504,-13.763096264720046,-11.41256934228154,-355,355,9.694244392808645,-1.718324949472894,-1.7475645946331821,-9.665004747648357,0.029239645160288097
36.6333181680284,1342,240,240,6.551413085191335,-4.8611562570902045,-115,115,3.139218769987531,-1.7219374871026734,-1.7475645946331821,-3.113591662457022,0.025627107530508786
36.66060555964672,1344,48,48,1.3093073414159553,-3.551848915674249,-67,67,1.8275748307264363,-1.7242740849478126,-1.7475645946331821,-1.8042843210410668,0.023290509685369498
36.6742416417845,1345,192,-192,-5.2352820782324425,-8.787130993906692,-259,259,7.0621773867822935,-1.724953607124398,-1.7475645946331821,-7.039566399273509,0.022610987508784097
36.68787265568828,1346,336,336,9.158339682252045,0.37120868834535337,77,-77,-2.0987861771827623,-1.727577488837409,-1.7475645946331821,2.1187732829785357,0.01998710579577323
36.701498607005135,1347,144,-144,-3.923545508098542,-3.552336819753189,-67,67,1.825538535018073,-1.7267982847351158,-1.7475645946331821,-1.8047722251200067,0.020766309898066382
36.71511950137164,1348,96,96,2.6147266113736523,-0.9376102083795366,29,-29,-0.7898653305191228,-1.7274755388986593,-1.7475645946331821,0.8099543862536456,0.020089055734522798
36.72873534441391,1349,672,-672,-18.29630107594201,-19.233911284321547,-643,643,17.506728559272165,-1.7271827250493814,-1.7475645946331821,-17.486346689688364,0.020381869583800727
36.742346141747674,1350,480,480,13.06394529484348,-6.169965989478067,-163,163,4.436298089707311,-1.7336678997707562,-1.7475645946331821,-4.422401394844885,0.013896694862425951
36.76955262170047,1352,180,180,4.895354638983792,-1.2746113504942747,17,-17,-0.462339049237358,-1.7369503997316327,-1.7475645946331821,0.4729532441389075,0.010614194901549467
36.78314831549904,1353,192,-192,-5.219781579139566,-6.4943929296338405,-175,175,4.757613418486573,-1.736779511147268,-1.7475645946331821,-4.746828335000658,0.010785083485914226
36.796738985948195,1354,264,264,7.174548812622123,0.6801558829882826,89,-89,-2.418692592133966,-1.7385367091456834,-1.7475645946331821,2.427720477621465,0.009027885487498777
36.810324638611924,1355,288,-288,-7.823891878907874,-7.143735995919592,-199,199,5.406091957995404,-1.7376440379241878,-1.7475645946331821,-5.396171401286409,0.009920556708994388
36.823905279043935,1356,144,144,3.910503215473698,-3.233232780445894,-55,55,1.4935949781323132,-1.7396378023135806,-1.7475645946331821,-1.4856681858127117,0.007926792319601583
36.837480912787726,1357,192,-192,-5.212082782059853,-8.445315562505748,-247,247,6.705127329004103,-1.7401882335016445,-1.7475645946331821,-6.697750967872565,0.007376361131537612
36.851051545376556,1358,288,288,7.815245099461294,-0.6300704630444534,41,-41,-1.1125869759649771,-1.7426574390094305,-1.7475645946331821,1.1174941315887288,0.004907155623751658
36.87817782917155,1360,48,48,1.3015827469119368,0.6715122838674834,89,-89,-2.41335134323255,-1.7418390593650666,-1.7475645946331821,2.4190768785006656,0.005725535268115589
36.89173349139343,1361,720,-720,-19.516567313595264,-18.84505502972778,-631,631,17.10410274288704,-1.7409522868407414,-1.7475645946331821,-17.0974904350946,0.006612307792440708
36.90528417449187,1362,288,288,7.8037605302890265,-11.041294499438756,-343,343,9.294062020448393,-1.7472324789903624,-1.7475645946331821,-9.293729904805573,0.0003321156428197636
36.91882988394946,1363,144,-144,-3.900448645112776,-14.941743144551532,-487,487,13.191100626180036,-1.750642518371496,-1.7475645946331821,-13.19417854991835,-0.003077923738313837
36.932370625238775,1364,336,336,9.097710066041223,-5.844033078510309,-151,151,4.088554226107812,-1.7554788524024971,-1.7475645946331821,-4.096468483877127,-0.00791425776931498
36.945906403822335,1365,192,-192,-5.196786834823347,-11.040819913333657,-343,343,9.283843147627149,-1.7569767657065078,-1.7475645946331821,-9.293255318700474,-0.009412171073325704
36.959437225152655,1366,216,216,5.844244832088536,-5.196575081245121,-127,127,3.4361995077557745,-1.7603755734893465,-1.7475645946331821,-3.4490104866119387,-0.012810978856164335
36.98648401781386,1368,216,216,5.839971160707466,0.6433960794623452,89,-89,-2.406284413439644,-1.762888333977299,-1.7475645946331821,2.3909606740955276,-0.015323739344116794
37.0,1369,222,-222,-6.000000000000021,-5.356603920537676,-133,133,3.5945945945945947,-1.7620093259430814,-1.7475645946331821,-3.6090393259044937,-0.014444731309899206
37.013511046643494,1370,528,528,14.265061191699226,8.90845727116155,395,-395,-10.671778732426409,-1.7633214612648587,-1.7475645946331821,10.656021865794733,-0.015756866631676525
37.027017163147235,1371,288,-288,-7.778104261842775,1.1303530093187755,107,-107,-2.889781791726298,-1.7594287824075225,-1.7475645946331821,2.877917603951958,-0.011864187774340396
37.05401462729781,1373,216,-216,-5.829327865620071,-4.698974856301295,-109,109,2.9416515618175243,-1.7573232944837711,-1.7475645946331821,-2.951410261668113,-0.00975869985058897
37.067505985701274,1374,336,336,9.064542948468466,4.3655680921671705,227,-227,-6.123962051495044,-1.758393959327874,-1.7475645946331821,6.113132686800353,-0.010829364694691757
37.094473981982816,1376,120,120,3.2349831961031597,7.60055128827033,347,-347,-9.354493075398283,-1.7539417871279532,-1.7475645946331821,9.348115882903512,-0.006377192494771089
37.107950630558946,1377,432,-432,-11.641710001743936,-4.041158713473607,-85,85,2.290614236454256,-1.7505444770193508,-1.7475645946331821,-2.2935941188404243,-0.002979882386168642
37.12142238654117,1378,240,240,6.465269501284395,2.424110787810788,155,-155,-4.175486552912831,-1.7513757651020434,-1.7475645946331821,4.17167538244397,-0.003811170468861258
37.134889255254286,1379,384,-384,-10.34067982162263,-7.916569033811841,-229,229,6.166707497790594,-1.749861536021247,-1.7475645946331821,-6.169004439178659,-0.0022969413880649103
37.14835124201342,1380,96,96,2.584233129879194,-5.3323359039326474,-133,133,3.580239648686801,-1.7520962552458466,-1.7475645946331821,-3.584771309299465,-0.004531660612664412
37.16180835212409,1381,312,-312,-8.395716296786851,-13.7280522007195,-445,445,11.974659461763377,-1.7533927389561228,-1.7475645946331821,-11.980487606086317,-0.005828144322940654
37.17526059088221,1382,456,456,12.266222018409778,-1.461830182309722,11,-11,-0.29589570658444597,-1.7577258888941678,-1.7475645946331821,0.2857344123234602,-0.010161294260985665
37.20215047547655,1384,120,120,3.225619983422826,1.763789801113104,131,-131,-3.5213018152365807,-1.7575120141234768,-1.7475645946331821,3.5113543957462863,-0.009947419490294651
37.21558813185679,1385,576,-576,-15.47738538913331,-13.713595588020207,-445,445,11.957355031535215,-1.7562405564849914,-1.7475645946331821,-11.966030993387024,-0.0086759618518093
37.22902093797257,1386,480,480,12.89316742440605,-0.8204281636141566,35,-35,-0.9401267913629436,-1.7605549549771002,-1.7475645946331821,0.9271364310190255,-0.012990360343918095
37.242448899072144,1387,96,-96,-2.5777037449970654,-3.398131908611222,-61,61,1.637915921300217,-1.760215987311005,-1.7475645946331821,-1.65056731397804,-0.012651392677822892
37.255872020394314,1388,120,120,3.2209687625701062,-0.17716314604111583,59,-59,-1.583642974930306,-1.7608061209714219,-1.7475645946331821,1.5704014485920663,-0.013241526338239717
37.26929030716845,1389,336,-336,-9.015465473872295,-9.19262861991341,-277,277,7.43239266744828,-1.7602359524651305,-1.7475645946331821,-7.445064025280228,-0.012671357831948393
37.282703764614496,1390,240,240,6.437301369429826,-2.7553272504835844,-37,37,0.9924172944537673,-1.7629099560298171,-1.7475645946331821,-1.0077626558504023,-0.015345361396635004
37.322915213043046,1393,192,-192,-5.144292692680729,-7.899619943164313,-229,229,6.1356407636660855,-1.7639791794982278,-1.7475645946331821,-6.152055348531131,-0.016414584865045656
37.33630940518894,1394,576,576,15.427341619360632,7.527721676196319,347,-347,-9.293901982496815,-1.7661803063004955,-1.7475645946331821,9.2752862708295,-0.01861571166731335
37.3496987939662,1395,288,-288,-7.710905557463968,-0.18318388126764873,59,-59,-1.5796646801749143,-1.762848561442563,-1.7475645946331821,1.5643807133655334,-0.015283966809380933
37.36308338453881,1396,168,168,4.496416911606394,4.313233030338745,227,-227,-6.075515707944348,-1.7622826776056026,-1.7475645946331821,6.0607976249719275,-0.014718082972420499
37.376463182061514,1397,288,-288,-7.705383963087829,-3.392150932749084,-61,61,1.6320431310706889,-1.7601078016783953,-1.7475645946331821,-1.644586338115902,-0.012543207045213167
37.389838191679836,1398,240,240,6.418856341919293,3.0267054091702086,179,-179,-4.787397021681467,-1.7606916125112582,-1.7475645946331821,4.774270003803391,-0.01312701787807602
37.416573867739416,1400,240,240,6.414269805898179,9.440975215068388,419,-419,-11.19824603613058,-1.7572708210621926,-1.7475645946331821,11.18853980970157,-0.009706226429010423
37.429934544425805,1401,336,-336,-8.976772310440493,0.4642029046278946,83,-83,-2.217476493352849,-1.7532735887249542,-1.7475645946331821,2.211767499261077,-0.005708994091772057
37.44329045369811,1402,168,168,4.486785161356119,4.9509880659840135,251,-251,-6.703470687502301,-1.7524826215182872,-1.7475645946331821,6.698552660617196,-0.004918026885105009
37.456641600656084,1403,336,-336,-8.970371758959722,-4.019383692975708,-85,85,2.269290474736826,-1.7500932182388822,-1.7475645946331821,-2.271819098342526,-0.0025286236057000533
37.48332962798263,1405,288,-288,-7.683415610575753,-11.702799303551462,-373,373,9.951090356752681,-1.7517089467987805,-1.7475645946331821,-9.95523470891828,-0.004144352165598386
37.49666651850535,1406,528,528,14.081251722454486,2.3784524189030236,155,-155,-4.133700789735653,-1.7552483708326294,-1.7475645946331821,4.126017013536206,-0.0076837761994472675
37.52332607858744,1408,24,24,0.639602149066831,3.0180545679698545,179,-179,-4.770366028456784,-1.7523114604869292,-1.7475645946331821,4.765619162603037,-0.004746865853747062
37.53664875824692,1409,432,-432,-11.508752493656903,-8.490697925687048,-253,253,6.740079585405586,-1.750618340281462,-1.7475645946331821,-6.7431333310538655,-0.00305374564827976
37.54996671103717,1410,384,384,10.226373912793143,1.7356759871060952,131,-131,-3.488684850458064,-1.753008863351969,-1.7475645946331821,3.4832405817392775,-0.005444268718786782
37.5632799419859,1411,96,-96,-2.5556873667120077,-0.8200113796059125,35,-35,-0.9317610191137536,-1.751772398719666,-1.7475645946331821,0.9275532150272696,-0.004207804086483913
37.57658845611187,1412,192,192,5.109564435958573,4.289553056352661,227,-227,-6.040995452930167,-1.7514423965775059,-1.7475645946331821,6.037117650985843,-0.0038778019443237444
37.589892258425,1413,360,-360,-9.577042613611496,-5.287489557258835,-133,133,3.5381851878064583,-1.749304369452377,-1.7475645946331821,-3.539924962625653,-0.0017397748191949614
37.603191353926334,1414,336,336,8.935411806873581,3.647922249614746,203,-203,-5.39847796665279,-1.7505557170380435,-1.7475645946331821,5.3954868442479285,-0.002991122404861324
37.62977544445356,1416,192,192,5.102342433146244,8.75026468276099,395,-395,-10.497006568191495,-1.7467418854305041,-1.7475645946331821,10.497829277394173,0.0008227092026780181
37.64306044943742,1417,192,-192,-5.100541712273809,3.649722970487182,203,-203,-5.392760247872828,-1.7430372773856462,-1.7475645946331821,5.397287565120364,0.004527317247535967
37.656340767525464,1418,408,408,10.834828655254231,14.484551625741414,611,-611,-16.22568703029482,-1.7411354045534075,-1.7475645946331821,16.232116220374596,0.006429190079774605
37.66961640367472,1419,288,-288,-7.6454189741073675,6.8391326516340465,323,-323,-8.574549752210668,-1.7354171005766217,-1.7475645946331821,8.586697246267228,0.01214749405656046
37.68288736283355,1420,96,96,2.547575483684524,9.386708135318571,419,-419,-11.119105496498065,-1.732397361179494,-1.7475645946331821,11.134272729951753,0.01516723345368809
37.69615364994153,1421,648,-648,-17.190082734104212,-7.803374598785641,-229,229,6.074890348934982,-1.7284842498506592,-1.7475645946331821,-6.055810004152459,0.019080344782522962
37.70941526992961,1422,288,288,7.6373499280869765,-0.16602467069866478,59,-59,-1.564595992212269,-1.7306206629109337,-1.7475645946331821,1.5815399239345174,0.016943931722248395
37.73592452822641,1424,144,144,3.8159923680228967,3.649967697324232,203,-203,-5.379489241032277,-1.7295215437080453,-1.7475645946331821,5.397532291957414,0.018043050925136805
37.749172176353746,1425,336,-336,-8.900857439477049,-5.2508897421528165,-133,133,3.5232560697930166,-1.7276336723597998,-1.7475645946331821,-3.503325147519634,0.019930922273382334
37.76241517699841,1426,384,384,10.168841113581557,4.917951371428741,251,-251,-6.64682062372132,-1.7288692522925793,-1.7475645946331821,6.665515966061923,0.018695342340602883
37.77565353504821,1427,360,-360,-9.529947633228778,-4.611996261800037,-109,109,2.8854563667275785,-1.7265398950724586,-1.7475645946331821,-2.864431667166855,0.021024699560723503
37.78888725538237,1428,96,96,2.540429395319821,-2.0715668664802163,-13,13,0.34401648061622603,-1.7275503858639902,-1.7475645946331821,-0.3240022718470341,0.02001420876919191
37.8021163428716,1429,264,-264,-6.9837359793688725,-9.055302845849088,-277,277,7.327632069262024,-1.7276707765870638,-1.7475645946331821,-7.3077382512159055,0.01989381804611834
37.815340802378074,1430,384,384,10.154608998680647,1.0993061528315593,107,-107,-2.8295394866115062,-1.730233333779947,-1.7475645946331821,2.8468707474647417,0.01733126085323522
37.841775856849004,1432,72,72,1.9026591212940818,3.001965274125641,179,-179,-4.730221982106125,-1.7282567079804836,-1.7475645946331821,4.749529868758823,0.019307886652698558
37.8549864614954,1433,432,-432,-11.411970796487108,-8.410005522361466,-253,253,6.683399563683417,-1.7266059586780491,-1.7475645946331821,-6.662440927728284,0.02095863595513303
37.86819245752297,1434,384,384,10.140436473981048,1.7304309516195815,131,-131,-3.4593676512799933,-1.7289366996604119,-1.7475645946331821,3.477995546252764,0.018627894972770287
37.881393849751625,1435,96,-96,-2.53422565127258,-0.8037946996529985,35,-35,-0.9239364353597956,-1.7277311350127942,-1.7475645946331821,0.9437698949801836,0.01983345962038796
37.907782842049734,1437,288,-288,-7.597384452686343,-8.401179152339342,-253,253,6.674091203227962,-1.7270879491113797,-1.7475645946331821,-6.65361455770616,0.020476645521802395
37.92097045171708,1438,192,192,5.063161562398934,-3.3380175899404083,-61,61,1.608608621387164,-1.7294089685532443,-1.7475645946331821,-1.5904529953072262,0.018155626079937814
37.94733192202055,1440,120,120,3.1622776601683853,-0.17573992977202302,59,-59,-1.5547865162494532,-1.7305264460214762,-1.7475645946331821,1.5718246648611591,0.01703814861170594
37.960505792204614,1441,336,-336,-8.851304612200344,-9.027044541972367,-277,277,7.297057671367576,-1.7299868706047912,-1.7475645946331821,-7.279479947339185,0.017577724028390973
37.97367509209505,1442,288,288,7.5842014053559925,-1.442843136616375,11,-11,-0.2896743592323478,-1.7325174958487228,-1.7475645946331821,0.30472145801680717,0.015047098784459312
37.986839826445156,1443,192,-192,-5.054382014329515,-6.49722515094589,-181,181,4.76480804475854,-1.7324171061873495,-1.7475645946331821,-4.7496605563127074,0.01514748844583269
38.0,1444,126,126,3.3157894736842057,-3.181435677261684,-55,55,1.4473684210526316,-1.7340672562090524,-1.7475645946331821,-1.433871082628502,0.013497338424129701
38.01315561749642,1445,456,-456,-11.99584703223421,-15.177282709495893,-511,511,13.442714547086972,-1.7345681624089213,-1.7475645946331821,-13.42971811486271,0.012996432224260834
38.02630668366309,1446,384,384,10.098272314333666,-5.079010395162227,-127,127,3.339793187292678,-1.7392172078695487,-1.7475645946331821,-3.3314458005290444,0.008347386763633446
38.05259518088089,1448,216,216,5.6763539772584695,0.5973435820962427,89,-89,-2.3388680739629835,-1.7415244918667407,-1.7475645946331821,2.344908176729425,0.006040102766441402
38.06573262134856,1449,576,-576,-15.131719799790547,-14.534376217694305,-487,487,12.793658927948067,-1.7407172897462377,-1.7475645946331821,-12.786811623061123,0.006847304886944405
38.07886552931954,1450,168,168,4.411896144086694,-10.122480073607612,-319,319,8.377350416450298,-1.7451296571573138,-1.7475645946331821,-8.37491547897443,0.002434937475868315
38.09199390948182,1451,312,-312,-8.190697518785871,-18.313177592393483,-631,631,16.56516068703172,-1.7480169053617622,-1.7475645946331821,-16.5656129977603,-0.00045231072858009647
38.1051177665153,1452,104,104,2.7292921816236824,-15.5838854107698,-527,527,13.830163266496944,-1.7537221442728566,-1.7475645946331821,-13.836320816136618,-0.006157549639674409
38.118237105091836,1453,168,-168,-4.407339183520603,-19.991224594290404,-695,695,18.232742455635805,-1.7584821386545997,-1.7475645946331821,-18.243659999657222,-0.010917544021417536
38.13135192987524,1454,720,720,18.882099992785594,-1.10912460150481,25,-25,-0.65562847197172,-1.76475307347653,-1.7475645946331821,0.6384399931283722,-0.017188478843347843
38.157568056677825,1456,48,48,1.257941804066302,0.148817202561492,73,-73,-1.913119827017501,-1.764302624456009,-1.7475645946331821,1.8963817971946741,-0.016738029822826794
38.17066936798463,1457,288,-288,-7.545060245696288,-7.396243043134795,-215,215,5.632597058419146,-1.7636459847156498,-1.7475645946331821,-5.648678448501613,-0.016081390082467673
38.18376618407357,1458,324,324,8.48528137423852,1.0890383311037244,109,-109,-2.854616264790136,-1.7655779336864117,-1.7475645946331821,2.8366029257369068,-0.01801333905322955
38.19685850956856,1459,264,-264,-6.911563157317422,-5.822524826213698,-155,155,4.057925338576509,-1.7645994876371889,-1.7475645946331821,-4.074960231580516,-0.017034893004006735
38.2099463490856,1460,240,240,6.281087071082543,0.4585622448688449,85,-85,-2.2245516710084083,-1.7659894261395634,-1.7475645946331821,2.2061268395020273,-0.0184248315063813
38.22302970723278,1461,336,-336,-8.790511965523748,-8.331949720654904,-251,251,6.566721736150192,-1.7652279845047127,-1.7475645946331821,-6.584385126021722,-0.0176633898715306
38.23610858861032,1462,192,192,5.021431497273052,-3.3105182233818526,-59,59,1.5430440538495274,-1.7674741695323253,-1.7475645946331821,-1.5629536287486705,-0.019909574899143134
38.262252939417984,1464,144,144,3.763500289123074,0.45298206574122135,85,-85,-2.221510587329596,-1.7685285215883746,-1.7475645946331821,2.2005466603744033,-0.020963926955192447
38.27531841800928,1465,192,-192,-5.016287465022388,-4.563305399281166,-107,107,2.795535201861428,-1.767770197419738,-1.7475645946331821,-2.8157408046479837,-0.02020560278655581
38.28837943815329,1466,696,696,18.177839078413808,13.614533679132641,589,-589,-15.383257495956544,-1.7687238168239023,-1.7475645946331821,15.362098273765824,-0.021159222190720195
38.301436004411116,1467,120,-120,-3.1330417999518376,10.481491879180805,469,-469,-12.244971701478399,-1.7634798222975938,-1.7475645946331821,12.229056473813987,-0.01591522766441167
38.3275357934736,1469,672,-672,-17.533086489594144,-7.051594610413339,-203,203,5.296453210398326,-1.7551414000150132,-1.7475645946331821,-5.304030015780157,-0.007576805381831031
38.34057902536163,1470,432,432,11.267435468677666,4.215840858264327,229,-229,-5.972784079461097,-1.75694322119677,-1.7475645946331821,5.96340545289751,-0.009378626563587789
38.379682124790975,1473,336,-336,-8.754632175105046,-4.538791316840719,-107,107,2.787933460524531,-1.7508578563161876,-1.7475645946331821,-2.7912267222075364,-0.0032932616830054773
38.39270764090493,1474,192,192,5.000949706277986,0.46215838943726695,85,-85,-2.213962109550149,-1.751803720112882,-1.7475645946331821,2.2097229840704493,-0.004239125479699846
38.40572873934304,1475,360,-360,-9.373601590619241,-8.911443201181974,-275,275,7.160390103945313,-1.7510530972366611,-1.7475645946331821,-7.163878606548792,-0.0034885026034789934
38.41874542459709,1476,288,288,7.496340570653071,-1.4151026305289038,13,-13,-0.3383764840919798,-1.7534791146208837,-1.7475645946331821,0.3324619641042783,-0.005914519987701539
38.43175770115127,1477,192,-192,-4.995868299675738,-6.410970930204642,-179,179,4.657606383551847,-1.7533645466527954,-1.7475645946331821,-4.66340633557146,-0.005799952019613253
38.44476557348217,1478,360,360,9.364083630888732,2.9531127006840903,181,-181,-4.708053158863514,-1.7549404581794237,-1.7475645946331821,4.700677295317273,-0.0073758635462415345
38.47076812334269,1480,144,144,3.743101763352272,6.696214464036363,325,-325,-8.447972729788091,-1.7517582657517288,-1.7475645946331821,8.443779058669545,-0.004193671118546627
38.48376280978771,1481,624,-624,-16.21463065044413,-9.518416186407766,-299,299,7.769510520004407,-1.7489056664033589,-1.7475645946331821,-7.7708515917745835,-0.0013410717701767272
38.49675310984031,1482,288,288,7.481150401912319,-2.037265784495447,-11,11,0.28573838340637214,-1.7515274010890747,-1.7475645946331821,-0.2897011898622648,-0.003962806455892531
38.50973902793941,1483,168,-168,-4.362532809638455,-6.399798594133902,-179,179,4.648174838840968,-1.7516237552929335,-1.7475645946331821,-4.652233999500719,-0.004059160659751315
38.52272056851645,1484,192,192,4.98407166385118,-1.4157269302827213,13,-13,-0.3374631855732573,-1.7531901158559786,-1.7475645946331821,0.3318376643504608,-0.00562552122279647
38.535697735995385,1485,384,-384,-9.964786485267505,-11.380513415550226,-371,371,9.627436942797502,-1.7530764727527242,-1.7475645946331821,-9.632948820917044,-0.005511878119542013
38.54867053479276,1486,240,240,6.2258956449194045,-5.154617770630821,-131,131,3.3983013728518525,-1.7563163977789689,-1.7475645946331821,-3.407053175997639,-0.008751803145786718
38.57460304397182,1488,48,48,1.2443420336765103,-3.9102757369543113,-83,83,2.1516747665656326,-1.7586009703886787,-1.7475645946331821,-2.162711142321129,-0.011036375755496541
38.58756276314948,1489,240,-240,-6.219620593120106,-10.129896330074416,-323,323,8.370572714907508,-1.7593236151669078,-1.7475645946331821,-8.382331735441234,-0.011759020533725684
38.600518131237564,1490,432,432,11.191559619258053,1.0616632891836364,109,-109,-2.823796292822077,-1.7621330036384406,-1.7475645946331821,2.8092278838168188,-0.014568409005258465
38.61346915261564,1491,288,-288,-7.458537301108902,-6.396874011925266,-179,179,4.635688114230852,-1.7611858976944132,-1.7475645946331821,-4.649309417292083,-0.013621303061231105
38.62641583165593,1492,120,120,3.1066822384709876,-3.290191773454278,-59,59,1.5274521005815682,-1.7627396728727098,-1.7475645946331821,-1.542627178821096,-0.015175078239527684
38.63935817272331,1493,264,-264,-6.83241162598723,-10.122603399441507,-323,323,8.35935210300712,-1.7632512964343867,-1.7475645946331821,-8.375038804808325,-0.015686701801204572
38.65229618017538,1494,600,600,15.52301051412648,5.400407114684972,277,-277,-7.166456520688474,-1.7660494060035017,-1.7475645946331821,7.1479717093181545,-0.018484811370319543
38.67815921162743,1496,336,336,8.687073191916301,14.087480306601273,613,-613,-15.848737698347337,-1.7612573917460637,-1.7475645946331821,15.835044901234456,-0.013692797112881516
38.691084244306204,1497,240,-240,-6.202979437964938,7.884500868636335,373,-373,-9.64046387650382,-1.755963007867484,-1.7475645946331821,9.632065463269518,-0.008398413234301794
38.704004960727254,1498,192,192,4.960726937556503,12.845227806192838,565,-565,-14.597972498538653,-1.7527446923458143,-1.7475645946331821,14.59279240082602,-0.00518009771263217
38.71692136521188,1499,312,-312,-8.058491971945347,4.786735834247491,253,-253,-6.5346104772505695,-1.7478746430030787,-1.7475645946331821,6.534300428880673,-0.00031004836989656503
38.742741255621034,1501,288,-288,-7.433650554043224,-2.646914719795733,-35,35,0.9033950326094178,-1.7435196871863152,-1.7475645946331821,-0.8993501251625509,0.004044907446866919
38.7556447501522,1502,288,288,7.431175557951941,4.784260838156208,253,-253,-6.528081306117516,-1.7438204679613074,-1.7475645946331821,6.5318254327893905,0.003744126671874737
38.781438859330635,1504,96,96,2.475410991021106,7.259671829177314,349,-349,-8.999150373607971,-1.739478544430657,-1.7475645946331821,9.007236423810497,0.008086050202525064
38.79432948254165,1505,480,-480,-12.372942293435127,-5.113270464257813,-131,131,3.376782167583359,-1.7364882966744535,-1.7475645946331821,-3.3657058696246303,0.011076297958728665
38.80721582386451,1506,288,288,7.421300237233031,2.3080297729752184,157,-157,-4.045639365436075,-1.7376095924608563,-1.7475645946331821,4.055594367608401,0.00995500217232581
38.82009788756334,1507,96,-96,-2.4729458508334976,-0.16491607785827922,61,-61,-1.571351009383785,-1.7362670872420642,-1.7475645946331821,1.582648516774903,0.0112975073911179
38.8329756778952,1508,192,192,4.94425154519621,4.779335467337932,253,-253,-6.51508146320125,-1.7357459958633186,-1.7475645946331821,6.526900061971114,0.011818598769863575
38.84584919911006,1509,480,-480,-12.356532548424774,-7.577197081086842,-227,227,5.843610184359168,-1.7335868967276742,-1.7475645946331821,-5.82963248645366,0.013977697905507958
38.8587184554509,1510,192,192,4.940976121487819,-2.636220959599023,-35,35,0.9006987721462127,-1.7355221874528104,-1.7475645946331821,-0.888656364965841,0.01204240718037175
38.88444419044716,1512,192,192,4.937707198786938,2.3014862391879145,157,-157,-4.037604324008072,-1.7361180848201574,-1.7475645946331821,4.049050833821097,0.011446509813024752
38.897300677553446,1513,192,-192,-4.9360751685989745,-2.63458892941106,-35,35,0.8998053692758564,-1.7347835601352037,-1.7475645946331821,-0.8870243347778779,0.012781034497978405
38.91015291668744,1514,600,600,15.420139861302642,12.785550931891581,565,-565,-14.520631702726819,-1.7350807708352374,-1.7475645946331821,14.533115526524764,0.01248382379794477
38.92300091205713,1515,288,-288,-7.399223935757439,5.386326996134143,277,-277,-7.116614688211105,-1.7302876920769625,-1.7475645946331821,7.133891590767325,0.01727690255621961
38.93584466786357,1516,72,72,1.8491957889750477,7.235522785109191,349,-349,-8.963462921559621,-1.7279401364504308,-1.7475645946331821,8.983087379742372,0.01962445818275138
38.948684188300895,1517,576,-576,-14.788689579737056,-7.553166794627866,-227,227,5.828181483681148,-1.7249853109467175,-1.7475645946331821,-5.805602199994683,0.02257928368646467
38.961519477556315,1518,288,288,7.391908833686606,-0.16125796094125988,61,-61,-1.5656473571350034,-1.7269053180762632,-1.7475645946331821,1.5863066336919223,0.020659276556918904
39.0,1521,390,-390,-9.99999999999997,-10.16125796094123,-329,329,8.435897435897436,-1.7253605250437936,-1.7475645946331821,-8.413693366308047,0.022204069589388586
39.01281840626232,1522,240,240,6.151824190212172,-4.009433770729058,-89,89,2.2813014705370214,-1.7281323001920366,-1.7475645946331821,-2.2618691760958756,0.01943229444114558
39.02563260217571,1523,168,-168,-4.3048629528335605,-8.314296723562618,-257,257,6.585415350465633,-1.7288813730969856,-1.7475645946331821,-6.566732128929436,0.018683221536196504
39.03844259188627,1524,240,240,6.147786234942745,-2.166510488619873,-17,17,0.43546819164177597,-1.7310422969780972,-1.7475645946331821,-0.418945893986691,0.01652229765508495
39.05124837953327,1525,360,-360,-9.21865535516858,-11.385165843788453,-377,377,9.653980746940357,-1.7311850968480957,-1.7475645946331821,-9.63760124915527,0.016379497785086405
39.06404996924922,1526,576,576,14.745014929415397,3.3598490856269443,199,-199,-5.094197866238922,-1.7343487806119775,-1.7475645946331821,5.107413680260127,0.013215814021204642
39.08964057138413,1528,96,96,2.4558936484639267,5.815742734090871,295,-295,-7.5467565239256,-1.731013789834729,-1.7475645946331821,7.563307328724053,0.016550804798453056
39.102429592034305,1529,624,-624,-15.958087681772065,-10.142344947681195,-329,329,8.413799434780435,-1.7285455129007605,-1.7475645946331821,-8.394780353048013,0.019019081732421617
39.11521443121589,1530,432,432,11.044295839402045,0.9019508917208494,103,-103,-2.633246461709305,-1.7312955699884558,-1.7475645946331821,2.649515486354032,0.01626902464472635
39.1279950930277,1531,264,-264,-6.747087331521434,-5.8451364398005845,-161,161,4.114700986268753,-1.7304354535318316,-1.7475645946331821,-4.097571845167402,0.017129141101350553
39.153543900903784,1533,288,-288,-7.355655997038699,-13.200792436839283,-449,449,11.467672023160992,-1.7331204136782912,-1.7475645946331821,-11.4532278422061,0.014444180954890973
39.16631205513228,1534,240,240,6.127715054257977,-7.073077382581306,-209,209,5.336218526416327,-1.7368588561649787,-1.7475645946331821,-5.325512787948123,0.01070573846820344
39.191835884530846,1536,24,24,0.6123724356957946,-6.460704946885511,-185,185,4.720370858488416,-1.7403340883970948,-1.7475645946331821,-4.713140352252329,0.007230506236087342
39.20459156782532,1537,192,-192,-4.897385543931319,-11.358090490816831,-377,377,9.616220573240172,-1.7418699175766594,-1.7475645946331821,-9.610525896183649,0.005694677056522712
39.21734310225516,1538,528,528,13.463431182048506,2.1053406912316746,151,-151,-3.8503373266843486,-1.744996635452674,-1.7475645946331821,3.852905285864857,0.002567959180508117
39.230090491866065,1539,408,-408,-10.400179935465383,-8.294839244233708,-257,257,6.551093733859374,-1.7437455103743345,-1.7475645946331821,-6.547274649600526,0.0038190842588476936
39.242833740697165,1540,96,96,2.4463065189006086,-5.8485327253331,-161,161,4.102659891072886,-1.7458728342602141,-1.7475645946331821,-4.1009681306999175,0.001691760372968032
39.25557285278104,1541,432,-432,-11.004806925633654,-16.853339650966753,-593,593,15.106135432640595,-1.7472042183261571,-1.7475645946331821,-15.10577505633357,0.0003603763070250121
39.26830783214372,1542,240,240,6.111798884380379,-10.741540766586374,-353,353,8.989437525776093,-1.7521032408102801,-1.7475645946331821,-8.993976171953191,-0.0045386461770979825
39.293765408777,1544,240,240,6.107839182711441,-4.633701583874933,-113,113,2.875774281859975,-1.7579273020149575,-1.7475645946331821,-2.8861369892417503,-0.01036270738177536
39.30648801406709,1545,288,-288,-7.32703465893286,-11.960736242807792,-401,401,10.201878118861426,-1.758858123946366,-1.7475645946331821,-10.21317164817461,-0.011293529313183948
39.319206502675,1546,408,408,10.376608184405878,-1.5841280584019142,7,-7,-0.17803004237951164,-1.7621581007814258,-1.7475645946331821,0.16343653623126797,-0.014593506148243618
39.331920878594275,1547,288,-288,-7.322296841005256,-8.90642489940717,-281,281,7.144324348341946,-1.7621005510652248,-1.7475645946331821,-7.158860304773988,-0.01453595643204264
39.344631145812,1548,120,120,3.049971406652094,-5.856453492755076,-161,161,4.092044970591559,-1.7644085221635173,-1.7475645946331821,-4.108888898121894,-0.016843927530335145
39.35733730830886,1549,216,-216,-5.488176151449107,-11.344629644204183,-377,377,9.578900042112613,-1.7657296020915698,-1.7475645946331821,-9.597065049571,-0.018165007458387672
39.370039370059054,1550,672,672,17.068817068825826,5.724187424621643,295,-295,-7.493007493011239,-1.768820068389596,-1.7475645946331821,7.471752019254826,-0.0212554737564139
39.395431207184416,1552,48,48,1.2184153981603425,6.942602822781986,343,-343,-8.706593366020783,-1.7639905432387977,-1.7475645946331821,8.690167417415168,-0.016425948605615526
39.408120990476064,1553,480,-480,-12.180230570140802,-5.237627747358816,-137,137,3.4764408085609917,-1.7611869387978247,-1.7475645946331821,-3.490063152725634,-0.013622344164642586
39.42080668885405,1554,288,288,7.305786567818502,2.0681588204596855,151,-151,-3.8304644852103995,-1.762305664750714,-1.7475645946331821,3.815723415092868,-0.014741070117531896
39.433488306260706,1555,96,-96,-2.434479020836675,-0.36632020037698965,55,-55,-1.394753605687678,-1.7610738060646676,-1.7475645946331821,1.3812443942561925,-0.013509211431485424
39.44616584663204,1556,264,264,6.692665670636793,6.326345470259803,319,-319,-8.086971018686132,-1.7606255484263285,-1.7475645946331821,8.073910064892985,-0.013060953793146313
39.45883931389772,1557,504,-504,-12.772803477331127,-6.446458007071324,-185,185,4.68842984782985,-1.7580281592414737,-1.7475645946331821,-4.698893412438141,-0.010463564608291565
39.4715087119811,1558,144,144,3.648201061954601,-2.798256945116723,-41,41,1.038723913473187,-1.759533031643536,-1.7475645946331821,-1.0506923504835408,-0.011968437010353883
39.496835316262995,1560,192,192,4.861148962001606,2.0628920168848834,151,-151,-3.8230911107408416,-1.7601990938559582,-1.7475645946331821,3.810456611518066,-0.012634499222776041
39.50949253027682,1561,384,-384,-9.719183300209073,-7.656291283324189,-233,233,5.897316950387252,-1.7589743329369378,-1.7475645946331821,-5.908726688691007,-0.01140973830375569
39.52214569073901,1562,336,336,8.501562709403515,0.8452714260793259,103,-103,-2.606133806751676,-1.76086238067235,-1.7475645946331821,2.5928360207125083,-0.01329778603916787
39.534794801541594,1563,144,-144,-3.6423611333473964,-2.7970897072680705,-41,41,1.037061156022524,-1.7600285512455465,-1.7475645946331821,-1.0495251126348883,-0.012463956612364324
39.56008088970496,1565,336,-336,-8.493410337981345,-11.290500045249416,-377,377,9.529808623270782,-1.7606914219786347,-1.7475645946331821,-9.542935450616234,-0.013126827345452563
39.57271787481876,1566,576,576,14.555482436715023,3.2649823914656064,199,-199,-5.028717022406726,-1.7637346309411193,-1.7475645946331821,5.012546986098789,-0.01617003630793712
39.59797974644666,1568,108,108,2.72741187029097,5.992394261756576,307,-307,-7.752920779438218,-1.7605265176816411,-1.7475645946331821,7.739958856389759,-0.012961923048459001
39.61060464067672,1569,336,-336,-8.482576902018678,-2.490182640262102,-29,29,0.7321271730909017,-1.7580554671712,-1.7475645946331821,-0.7426180456289198,-0.010490872538017948
39.6232255123179,1570,240,240,6.057053581500839,3.5668709412387374,211,-211,-5.325159607069475,-1.7582886658307375,-1.7475645946331821,5.31443553587192,-0.010724071197555363
39.63584236521283,1571,408,-408,-10.29371335773837,-6.726842416499633,-197,197,4.97024885165304,-1.7565935648465931,-1.7475645946331821,-4.979277821866451,-0.00902897021341098
39.64845520319802,1572,144,144,3.631919560598301,-3.0949228559013324,-53,53,1.3367481716090934,-1.758174684292239,-1.7475645946331821,-1.3473582612681503,-0.010610089659056854
39.66106403010388,1573,264,-264,-6.656402354702716,-9.751325210604048,-317,317,7.992725554699893,-1.7585996559041543,-1.7475645946331821,-8.003760615970865,-0.011035061270972202
39.67366884975475,1574,648,648,16.333251216417377,6.5819260058133295,331,-331,-8.343065050361385,-1.761139044548056,-1.7475645946331821,8.329490600446512,-0.013574449914873776
39.698866482558415,1576,120,120,3.022756331159274,9.604682336972603,451,-451,-11.360525877940258,-1.7558435409676552,-1.7475645946331821,11.352246931605785,-0.008278946334473014
39.71145930332956,1577,336,-336,-8.46103381478678,1.1436485221858224,115,-115,-2.8958895497038046,-1.7522410275179823,-1.7475645946331821,2.8912131168190047,-0.00467643288480013
39.72404813208241,1578,192,192,4.833344259416886,5.976992781602708,307,-307,-7.728316081463435,-1.7513232998607267,-1.7475645946331821,7.72455737623589,-0.003758705227544512
39.736632972611055,1579,216,-216,-5.435790197646629,0.5412025839560792,91,-91,-2.2900782777122264,-1.7488756937561472,-1.7475645946331821,2.2887671785892616,-0.0013110991229650093
39.74921382870358,1580,192,192,4.830284212095635,5.371486796051714,283,-283,-7.1196376667867804,-1.7481508707350661,-1.7475645946331821,7.119051390684897,-0.0005862761018839979
39.761790704142086,1581,480,-480,-12.07189091586861,-6.700404119816895,-197,197,4.95450523005439,-1.745898889762505,-1.7475645946331821,-4.9528395251837125,0.001665704870677187
39.774363602702685,1582,192,192,4.827229969480982,-1.8731741503359132,-5,5,0.12570911378856725,-1.7474650365473459,-1.7475645946331821,-0.12560955570273102,9.955808583628212e-05
39.7994974842648,1584,72,72,1.8090680674665802,-0.06410608286933295,67,-67,-1.6834383405591802,-1.7475444234285131,-1.7475645946331821,1.6834585117638492,2.017120466901723e-05
39.81205847478876,1585,288,-288,-7.233989173967888,-7.298095256837222,-221,221,5.5510819703017775,-1.7470132865354442,-1.7475645946331821,-5.550530662204039,0.000551308097737957
39.824615503479755,1586,528,528,13.258131769128127,5.960036512290905,307,-307,-7.70880010061052,-1.7487635883196146,-1.7475645946331821,7.707601106924088,-0.0011989936864325035
39.83716857408418,1587,200,-200,-5.020437123388053,0.9395993889028524,107,-107,-2.6859338610126064,-1.746334472109754,-1.7475645946331821,2.687163983536035,0.0012301225234281343
39.84971769034255,1588,72,72,1.806788207622583,2.7463875965254356,179,-179,-4.491876238395036,-1.7454886418696,-1.7475645946331821,4.493952191158618,0.0020759527635820785
39.8622628559895,1589,624,-624,-15.653903097632307,-12.907515501106872,-445,445,11.163440510330602,-1.7440749907762694,-1.7475645946331821,-11.15995090647369,0.0034896038569127708
39.87480407475377,1590,384,384,9.630141361449905,-3.277374139656967,-61,61,1.5297880808553335,-1.7475860588016334,-1.7475645946331821,-1.5298095450237847,-2.146416845127952e-05
39.89987468652001,1592,240,240,6.01505648540504,2.7376823457480732,179,-179,-4.486229628697915,-1.7485472829498416,-1.7475645946331821,4.485246940381256,-0.0009826883166594857
39.91240408695021,1593,192,-192,-4.810534579218098,-2.072852233470025,-13,13,0.32571327880122586,-1.747138954668799,-1.7475645946331821,-0.32528763883684264,0.0004256399643831621
39.92492955535426,1594,408,408,10.219178957706664,8.146326724236639,395,-395,-9.89356786346608,-1.7472411392294411,-1.7475645946331821,9.893891318869821,0.0003234554037410131
39.93745109543172,1595,384,-384,-9.615035248053797,-1.468708523817158,11,-11,-0.2754306972098739,-1.744139221027032,-1.7475645946331821,0.27885607081602415,0.0034253736061502504
39.96248240537617,1597,168,-168,-4.203943045775326,-5.672651569592484,-157,157,3.928684870159085,-1.7439666994333995,-1.7475645946331821,-3.925086974959302,0.003597895199782597
39.97499218261337,1598,384,384,9.606005630865814,3.93335406127333,227,-227,-5.678550203662851,-1.7451961423895206,-1.7475645946331821,5.680918655906512,0.0023684522436615563
40.0,1600,30,30,0.7500000000000003,4.68335406127333,257,-257,-6.425,-1.7416459387266698,-1.7475645946331821,6.430918655906512,0.0059186559065123046
40.01249804748511,1601,672,-672,-16.79475245965654,-12.111398398383209,-415,415,10.371759331484274,-1.7396390668989348,-1.7475645946331821,-10.363833803750026,0.007925527734247373
40.024992192379,1602,480,480,11.99250702393364,-0.11889137444956788,65,-65,-1.6239853261576997,-1.7428767006072676,-1.7475645946331821,1.6286732201836143,0.0046878940259145185
40.0374824383352,1603,144,-144,-3.5966297386901327,-3.7155211131397006,-79,79,1.9731510371980545,-1.742370075941646,-1.7475645946331821,-1.9679565185065184,0.0051945186915360875
40.049968789001575,1604,240,240,5.9925140332670415,2.276992920127341,161,-161,-4.019978163983325,-1.7429852438559839,-1.7475645946331821,4.024557514760523,0.004579350777198288
40.06245124802026,1605,192,-192,-4.79251753247344,-2.515524612346099,-31,31,0.7737918932639427,-1.741732719082156,-1.7475645946331821,-0.7679600177129167,0.0058318755510260445
40.07492981902776,1606,336,336,8.384294158900007,5.868769546553908,305,-305,-7.610743209715731,-1.741973663161823,-1.7475645946331821,7.616334141187091,0.00559093147135914
40.099875311526844,1608,192,192,4.788044813316657,10.656814359870566,497,-497,-12.39405350113734,-1.7372391412667731,-1.7475645946331821,12.404378954503748,0.010325453366408999
40.11234224026316,1609,336,-336,-8.376474203063097,2.280340156807469,161,-161,-4.0137272223010365,-1.7333870654935675,-1.7475645946331821,4.027904751440651,0.014177529139614675
40.124805295477756,1610,384,384,9.570139896561159,11.850480053368628,545,-545,-13.582620426108932,-1.7321403727403037,-1.7475645946331821,13.59804464800181,0.015424221892878398
40.13726448077895,1611,360,-360,-8.969221113023163,2.8812589403454645,185,-185,-4.609183071970271,-1.7279241316248068,-1.7475645946331821,4.628823534978647,0.019640463008375297
40.149719799769464,1612,48,48,1.1955251553281234,4.076784095673588,233,-233,-5.803278358155263,-1.7264942624816753,-1.7475645946331821,5.8243486903067705,0.021070332151506888
40.162171256046406,1613,504,-504,-12.549122326749725,-8.472338231076137,-271,271,6.7476431558515655,-1.724695075224571,-1.7475645946331821,-6.724773636442954,0.02286951940861104
40.17461885320133,1614,336,336,8.3634894266887,-0.10884880438743672,65,-65,-1.617936942663003,-1.7267857470504397,-1.7475645946331821,1.6387157902457454,0.0207788475827424
40.19950248448356,1616,168,168,4.179156198881962,4.070307394494526,233,-233,-5.796091632973187,-1.7257842384786617,-1.7475645946331821,5.817871989127708,0.021780356154520453
40.2119385257662,1617,336,-336,-8.355727485873476,-4.285420091378951,-103,103,2.561428366205268,-1.7239917251736827,-1.7475645946331821,-2.5378554967457685,0.023572869459499435
40.22437072223753,1618,144,144,3.579919273178132,-0.7055008182008189,41,-41,-1.019282570835438,-1.724783389036257,-1.7475645946331821,1.0420637764323633,0.022781205596925203
40.23679907746142,1619,360,-360,-8.94703376645218,-9.652534584652997,-319,319,7.928066031939587,-1.72446855271341,-1.7475645946331821,-7.904969990019815,0.023096041919772103
40.24922359499622,1620,216,216,5.366563145999525,-4.285971438653473,-103,103,2.559055574249759,-1.7269158644037135,-1.7475645946331821,-2.5384068440202903,0.02064873022946867
40.26164427839479,1621,216,-216,-5.364907565782382,-9.650879004435854,-319,319,7.923173673539752,-1.727705330896102,-1.7475645946331821,-7.903314409802672,0.019859263737080246
40.27406113120453,1622,360,360,8.938755861426404,-0.7121231430094497,41,-41,-1.0180249731068964,-1.7301481161163461,-1.7475645946331821,1.0354414516237325,0.01741647851683603
40.29888335921977,1624,192,192,4.764400003060471,4.0522768600510215,233,-233,-5.781797920380669,-1.7295210603296471,-1.7475645946331821,5.799841454684204,0.018043534303535003
40.311288741492746,1625,576,-576,-14.28880142467687,-10.23652456462585,-343,343,8.508782792819702,-1.7277417718061479,-1.7475645946331821,-8.488959969992667,0.019822822827034292
40.32369030731191,1626,240,240,5.951836207721311,-4.284688356904538,-103,103,2.5543297058137306,-1.7303586510908073,-1.7475645946331821,-2.5371237622713556,0.017205943542374813
40.33608806019741,1627,168,-168,-4.165004790481337,-8.449693147385876,-271,271,6.718549394169329,-1.7311437532165472,-1.7475645946331821,-6.7021285527526935,0.016420841416634913
40.36087214122113,1629,600,-600,-14.865882924943536,-23.315576072329414,-871,871,21.580306712709397,-1.7352693596200162,-1.7475645946331821,-21.56801147769623,0.012295235013165984
40.3732584763727,1630,336,336,8.322340397583556,-14.993235674745858,-535,535,13.25134557353337,-1.741890101212487,-1.7475645946331821,-13.245671080112675,0.005674493420695148
40.39801975344831,1632,48,48,1.1881770515720087,-13.80505862317385,-487,487,12.055046335741011,-1.7500122874328383,-1.7475645946331821,-12.057494028540667,-0.002447692799656176
40.4103947023535,1633,192,-192,-4.751252775781907,-18.556311398955756,-679,679,16.802607472687097,-1.7537039262686598,-1.7475645946331821,-16.808746804322574,-0.006139331635477641
40.422765862815474,1634,768,768,18.999194726219446,0.44288332726369006,89,-89,-2.201729597179056,-1.7588462699153657,-1.7475645946331821,2.1904479218968724,-0.0112816752821836
40.43513323831146,1635,192,-192,-4.748345921563171,-4.305462594299481,-103,103,2.5472897391719145,-1.7581728551275666,-1.7475645946331821,-2.5578979996662987,-0.010608260494384458
40.44749683231337,1636,192,192,4.74689449376784,0.44143189946835903,89,-89,-2.200383385131962,-1.7589514856636028,-1.7475645946331821,2.1889964941015414,-0.011386891030420676
40.45985664828782,1637,456,-456,-11.270430440818155,-10.828998541349796,-367,367,9.070719236360189,-1.7582793049896068,-1.7475645946331821,-9.081433946716613,-0.010714710356424684
40.47221268969612,1638,432,432,10.673990159919935,-0.15500838142986062,65,-65,-1.6060401860990527,-1.7610485675289134,-1.7475645946331821,1.5925562132033215,-0.013483972895731222
40.496913462633174,1640,192,192,4.741102063918045,4.586093682488184,257,-257,-6.346162658473613,-1.7600689759854289,-1.7475645946331821,6.3336582771213665,-0.01250438135224674
40.50925820105819,1641,528,-528,-13.034057483338707,-8.447963800850523,-271,271,6.6898287461832835,-1.7581350546672398,-1.7475645946331821,-6.700399206217341,-0.010570460034057705
40.52159917870962,1642,168,168,4.145937065787597,-4.302026735062927,-103,103,2.5418542724769124,-1.7601724625860142,-1.7475645946331821,-2.5544621404297443,-0.012607867952832086
40.53393639902249,1643,240,-240,-5.920964537897415,-10.222991272960343,-343,343,8.46204515207834,-1.7609461208820019,-1.7475645946331821,-8.47542667832716,-0.01338152624881972
40.54626986542659,1644,144,144,3.5514980904023323,-6.67149318255801,-199,199,4.9079730554865515,-1.7635201270714589,-1.7475645946331821,-4.923928587924828,-0.015955532438276743
40.55859958134649,1645,192,-192,-4.733891258126749,-11.40538444068476,-391,391,9.640372301706067,-1.7650121389786921,-1.7475645946331821,-9.657819846051577,-0.01744754434550999
40.570925550201586,1646,528,528,13.014245863005078,1.6088614223203184,137,-137,-3.376802430363073,-1.7679410080427544,-1.7475645946331821,3.3564260169535007,-0.020376413409572303
40.607881008493905,1649,576,-576,-14.184438727042206,-12.575577304721888,-439,439,10.810709377033854,-1.7648679276880337,-1.7475645946331821,-10.828012710088705,-0.017303333054851544
40.620192023179804,1650,480,480,11.81678313401591,-0.7587941707059773,41,-41,-1.0093502260305283,-1.7681443967365056,-1.7475645946331821,0.9887704239272048,-0.02057980210332344
40.63249930782009,1651,192,-192,-4.725281566990589,-5.484075737696567,-151,151,3.7162370657061374,-1.7678386719904293,-1.7475645946331821,-3.7365111430633844,-0.020274077357247178
40.64480286580315,1652,240,240,5.904813975661441,0.42073823796487453,89,-89,-2.189701849307797,-1.7689636113429223,-1.7475645946331821,2.168302832598057,-0.021399016709740204
40.65710270051225,1653,192,-192,-4.7224220922555,-4.3016838542906255,-103,103,2.533382684907901,-1.7683011693827244,-1.7475645946331821,-2.554119259657443,-0.02073657474954227
40.66939881532551,1654,264,264,6.4913671627847584,2.189683308494133,161,-161,-3.9587504288194726,-1.7690671203253396,-1.7475645946331821,3.9372479031273153,-0.021502525692157493
40.69397989875161,1656,240,240,5.897678246195908,8.087361554690041,401,-401,-9.854037403018959,-1.7666758483289176,-1.7475645946331821,9.834926149323223,-0.01911125369573541
40.70626487409524,1657,192,-192,-4.716718681850484,3.370642872839557,209,-209,-5.134344815139351,-1.763701942299794,-1.7475645946331821,5.11820746747274,-0.01613734766661179
40.718546143004666,1658,504,504,12.377652144797437,15.748295017636995,713,-713,-17.51044837150924,-1.7621533538722467,-1.7475645946331821,17.495859612270177,-0.014588759239064553
40.7308237088326,1659,192,-192,-4.71387471494626,11.034420302690734,521,-521,-12.791295450453156,-1.7568751477624218,-1.7475645946331821,12.781984897323916,-0.009310553129239674
40.755367744629666,1661,576,-576,-14.133107658583295,-3.0986873558925616,-55,55,1.3495154882327702,-1.7491718676597914,-1.7475645946331821,-1.3511227612593795,-0.001607273026609235
40.76763422127902,1662,240,240,5.887022992242465,2.7883356363499034,185,-185,-4.537913556520228,-1.7495779201703243,-1.7475645946331821,4.535900230983086,-0.0020133255371421743
40.792156108742276,1664,72,72,1.7650452162436538,4.553380852593557,257,-257,-6.300230841314162,-1.746849988720605,-1.7475645946331821,6.30094544722674,0.0007146059125771043
40.80441152620633,1665,576,-576,-14.116120744200956,-9.562739891607398,-319,319,7.817782148264156,-1.7449577433432424,-1.7475645946331821,-7.815175296974216,0.00260685128993976
40.8166632639171,1666,336,336,8.23193208684047,-1.3308078047669287,17,-17,-0.4164965639175215,-1.7473043686844503,-1.7475645946331821,0.4167567898662534,0.00026022594873187366
40.82891132518721,1667,312,-312,-7.641643871300752,-8.972451676067681,-295,295,7.225272250108113,-1.747179425959568,-1.7475645946331821,-7.224887081434499,0.0003851686736140447
40.84115571332428,1668,144,144,3.5258551694956104,-5.446596506572071,-151,151,3.6972509069016577,-1.7493455996704133,-1.7475645946331821,-3.6990319119388886,-0.0017810050372311093
40.85339643163099,1669,312,-312,-7.6370639225097925,-13.083660429081863,-463,463,11.333207038852697,-1.7504533902291666,-1.7475645946331821,-11.336095834448681,-0.002888795595984428
40.8656334834051,1670,336,336,8.222067575104282,-4.861592853977582,-127,127,3.1077457798757173,-1.7538470741018646,-1.7475645946331821,-3.1140282593443995,-0.006282479468682434
40.890096600521744,1672,96,96,2.3477567426136865,-2.5138361113638954,-31,31,0.7581297814690037,-1.7557063298948918,-1.7475645946331821,-0.7662715167307133,-0.008141735261709693
40.90232267243512,1673,384,-384,-9.388219908078336,-11.902056019442231,-415,415,10.14612307774093,-1.7559329417013014,-1.7475645946331821,-10.154491424809049,-0.008368347068119286
40.91454509095757,1674,576,576,14.078123042049828,2.1760670226075973,161,-161,-3.9350309197396465,-1.7589638971320491,-1.7475645946331821,3.9236316172407797,-0.011399302498867003
40.92676385936225,1675,168,-168,-4.104893330371865,-1.9288263077642673,-7,7,0.17103722209882732,-1.75778908566544,-1.7475645946331821,-0.1812617131310852,-0.010224491032257754
40.93897898091744,1676,216,216,5.276145262457136,3.3473189546928683,209,-209,-5.105159073396029,-1.757840118703161,-1.7475645946331821,5.094883549326051,-0.010275524069978781
40.95119045888654,1677,192,-192,-4.688508388852829,-1.3411894341599604,17,-17,-0.41512834692967865,-1.756317781089639,-1.7475645946331821,0.40637516047322175,-0.008753186456456952
40.963398296528084,1678,240,240,5.858888910111288,4.517699475951328,257,-257,-6.2738935412441705,-1.756194065292843,-1.7475645946331821,6.26526407058451,-0.008629470659660798
40.98780306383839,1680,96,96,2.342160175076476,6.859859651027803,353,-353,-8.612318143770805,-1.7524584927430018,-1.7475645946331821,8.607424245660985,-0.004893898109819661
41.0,1681,246,-246,-6.000000000000004,0.8598596510277989,107,-107,-2.6097560975609757,-1.7498964465331768,-1.7475645946331821,2.6074242456609813,-0.0023318518999946303
41.012193308819754,1682,372,372,9.070473193151566,9.930332844179365,479,-479,-11.67945338580539,-1.7491205416260254,-1.7475645946331821,11.677897438812547,-0.0015559469928432268
41.02438299353203,1683,240,-240,-5.850179393017071,4.080153451162293,239,-239,-5.825803645546141,-1.7456501943838472,-1.7475645946331821,5.827718045795476,0.0019144002493349799
41.036569057366385,1684,120,120,2.924221072971474,7.004374524133768,359,-359,-8.748294709972999,-1.7439201858392313,-1.7475645946331821,8.75193911876695,0.003644408793950893
41.048751503547585,1685,624,-624,-15.201436758583943,-8.197062234450176,-265,265,6.455738367026771,-1.7413238674234046,-1.7475645946331821,-6.449497639816993,0.00624072720977753
41.060930335295616,1686,528,528,12.858939037388007,4.661876802937831,263,-263,-6.4051154674868025,-1.7432386645489713,-1.7475645946331821,6.409441397571014,0.004325930084210894
41.08527716834828,1688,120,120,2.9207543010674173,7.582631104005248,383,-383,-9.322074144240158,-1.7394430402349101,-1.7475645946331821,9.33019569863843,0.008121554398272002
41.09744517606904,1689,432,-432,-10.51160231856823,-2.9289712145629814,-49,49,1.1922882259487169,-1.7366829886142645,-1.7475645946331821,-1.1814066199297992,0.010881606018917633
41.10960958218893,1690,312,312,7.589466384404066,4.660495169841084,263,-263,-6.397530958648336,-1.737035788807252,-1.7475645946331821,6.408059764474267,0.010528805825930077
41.12177038990418,1691,432,-432,-10.505384274653187,-5.844889104812102,-169,169,4.109745237074989,-1.7351438677371132,-1.7475645946331821,-4.09732451017892,0.01242072689606899
41.14608122288197,1693,264,-264,-6.416163876456496,-12.261052981268598,-433,433,10.523480903430533,-1.737572077838065,-1.7475645946331821,-10.513488386635416,0.009992516795117146
41.15823125451335,1694,624,624,15.16100135939591,2.899948378127311,191,-191,-4.6406270186611875,-1.7406786405338766,-1.7475645946331821,4.647512972760493,0.006885954099305591
41.182520563948,1696,72,72,1.748314552243074,4.648262930370385,263,-263,-6.3862045449990115,-1.7379416146286264,-1.7475645946331821,6.395827525003567,0.009622980004555748
41.19465984809196,1697,336,-336,-8.156396999975822,-3.508134069605437,-73,73,1.7720743482090238,-1.7360597213964133,-1.7475645946331821,-1.760569474972255,0.011504873236768853
41.20679555607303,1698,192,192,4.659425645916375,1.1512915763109381,119,-119,-2.887873186791926,-1.7365816104809877,-1.7475645946331821,2.8988561709441205,0.010982984152194453
41.2189276910499,1699,264,-264,-6.404824549992482,-5.253532973681544,-145,145,3.517801362685247,-1.735731610996297,-1.7475645946331821,-3.505968379048362,0.01183298363688512
41.23105625617661,1700,336,336,8.149197001220715,2.895664027539171,191,-191,-4.63243043819396,-1.7367664106547887,-1.7475645946331821,4.643228622172353,0.010798183978393494
41.24318125460256,1701,624,-624,-15.129773723028682,-12.234109695489511,-433,433,10.498705163576078,-1.7354045319134332,-1.7475645946331821,-10.486545100856329,0.012160062719748899
41.255302689472536,1702,240,240,5.817433986764603,-6.416675708724909,-193,193,4.678186497689894,-1.7384892110350147,-1.7475645946331821,-4.669111114091726,0.009075383598167397
41.27953488110059,1704,288,288,6.976822796805765,0.5601470880808561,95,-95,-2.301382519779669,-1.7412354316988128,-1.7475645946331821,2.3077116827140385,0.006329162934369359
41.291645644125154,1705,192,-192,-4.649851005086235,-4.089703917005379,-97,97,2.3491434765279418,-1.7405604404774375,-1.7475645946331821,-2.342139322372197,0.007004154155744624
41.30375285612676,1706,696,696,16.850769043296648,12.761065126291268,599,-599,-14.502314162262564,-1.7412490359712969,-1.7475645946331821,14.50862972092445,0.006315558661885268
41.31585652022719,1707,240,-240,-5.808907770857983,6.952157355433284,359,-359,-8.689157873908355,-1.737000518475071,-1.7475645946331821,8.699721950066467,0.010564076158111169
41.32795663954365,1708,48,48,1.1614414043899854,8.113598759823269,407,-407,-9.848055241390085,-1.7344564815668164,-1.7475645946331821,9.861163354456451,0.013108113066365723
41.340053217188775,1709,504,-504,-12.191566308638386,-4.077967548815117,-97,97,2.3463927220990706,-1.7315748267160465,-1.7475645946331821,-2.3304029541819347,0.01598976791713569
41.352146256270665,1710,240,240,5.803810000880107,1.72584245206499,143,-143,-3.4581034588577224,-1.7322610067927324,-1.7475645946331821,3.4734070466981724,0.015303587840449717
41.376321731154405,1712,72,72,1.7401256802821965,3.4659681323471867,215,-215,-5.196208628620441,-1.7302404962732547,-1.7475645946331821,5.213532726980369,0.01732409835992743
41.38840417314975,1713,432,-432,-10.437706131232183,-6.971737998884996,-217,217,5.243014422401341,-1.728723576483655,-1.7475645946331821,-5.224173404251814,0.0188410181495271
41.400483088968905,1714,240,240,5.79703380475644,-1.174704194128556,23,-23,-0.5555490729558253,-1.7302532670843815,-1.7475645946331821,0.572860400504626,0.017311327548800604
41.41255848169731,1715,384,-384,-9.27254953759295,-10.447253731721506,-361,361,8.717162455914128,-1.7300912758073785,-1.7475645946331821,-8.699689137088324,0.017473318825803608
41.42463035441596,1716,192,192,4.6349236760185715,-5.812330055702935,-169,169,4.079698443995511,-1.7326316117074239,-1.7475645946331821,-4.064765461069753,0.014932982925758287
41.43669871020132,1717,192,-192,-4.633573763749948,-10.445903819452884,-361,361,8.712084003717344,-1.73381981573554,-1.7475645946331821,-8.698339224819701,0.01374477889764214
41.44876355212541,1718,552,552,13.317646962033429,2.871743142580545,191,-191,-4.608098858239787,-1.7363557156592417,-1.7475645946331821,4.6193077372137274,0.011208878973940406
41.47288270665544,1720,144,144,3.4721483196269616,6.343891462207507,335,-335,-8.077567271354404,-1.733675809146897,-1.7475645946331821,8.09145605684069,0.013888785486285249
41.48493702538308,1721,624,-624,-15.04160412773929,-8.697712665531784,-289,289,6.966383963007385,-1.7313287025243982,-1.7475645946331821,-6.950148070898601,0.016235892108783956
41.49698784249286,1722,288,288,6.940262775051052,-1.7574498904807312,-1,1,0.024098134635593994,-1.7333517558451372,-1.7475645946331821,-0.009885295847549047,0.014212838788044913
41.50903516103452,1723,120,-120,-2.890936865539256,-4.648386756019987,-121,121,2.915028006085419,-1.7333587499345686,-1.7475645946331821,-2.900822161386805,0.014205844698613523
41.53311931459037,1725,480,-480,-11.557041896233846,-16.205428652253833,-601,601,14.470379540909459,-1.7350491113443738,-1.7475645946331821,-14.45786405762065,0.01251548328880836
41.54515615568198,1726,288,288,6.932216090866997,-9.273212561386835,-313,313,7.53397095986585,-1.7392416015209848,-1.7475645946331821,-7.525647966753652,0.008322993112197308
41.569219381653056,1728,32,32,0.7698003589195007,-8.503412202467334,-281,281,6.759809401761868,-1.7436028007054665,-1.7475645946331821,-6.755847607834152,0.003961793927715673
41.58124577258358,1729,288,-288,-6.926199411511876,-15.42961161397921,-569,569,13.684053698438438,-1.7455579155407719,-1.7475645946331821,-13.682047019346028,0.0020066790924102573
41.593268686170845,1730,432,432,10.386295995621925,-5.043315618357285,-137,137,3.293802202315263,-1.749513416042022,-1.7475645946331821,-3.295751023724103,-0.0019488214088398959
41.60528812542944,1731,192,-192,-4.614797989649033,-9.658113608006317,-329,329,7.907648638513163,-1.7504649694931542,-1.7475645946331821,-7.910549013373135,-0.002900374859972077
41.617304093369626,1732,144,144,3.4600991855919294,-6.1980144224143885,-185,185,4.445266314822968,-1.7527481075914206,-1.7475645946331821,-4.450449827781206,-0.00518351295823849
41.6293165929973,1733,408,-408,-9.800785441398133,-15.998799863812522,-593,593,14.24476903614968,-1.7540308276628416,-1.7475645946331821,-14.25123526917934,-0.0064662330296594295
41.641325627314025,1734,456,456,10.95066002656004,-5.0481398372524815,-137,137,3.290000929032308,-1.7581389082201735,-1.7475645946331821,-3.300575242619299,-0.010574313586991346
41.66533331199932,1736,288,288,6.9122211946174295,1.864081357364948,151,-151,-3.6241159735667607,-1.7600346162018128,-1.7475645946331821,3.6116459519981303,-0.01247002156863064
41.677331968349414,1737,240,-240,-5.758526005989568,-3.89444464862462,-89,89,2.135453393887794,-1.7589912547368258,-1.7475645946331821,-2.1468800539914374,-0.011426660103643682
41.689327171351664,1738,192,192,4.605495291656796,0.7110506430321761,103,-103,-2.470656328336721,-1.7596056853045448,-1.7475645946331821,2.4586152376653585,-0.012041090671362609
41.701318923986086,1739,480,-480,-11.510427305068152,-10.799376662035975,-377,377,9.040481445855523,-1.758895216180452,-1.7475645946331821,-9.051812067402793,-0.011330621547269937
41.71330722922842,1740,96,96,2.301423847129841,-8.497952814906133,-281,281,6.736459385869647,-1.761493429036486,-1.7475645946331821,-6.750388220272951,-0.013928834403303947
41.72529209005013,1741,312,-312,-7.477479110910703,-15.975431925816835,-593,593,14.212003566570779,-1.7634283592460562,-1.7475645946331821,-14.227867331183653,-0.015863764612874087
41.737273509418415,1742,528,528,12.650562808824771,-3.3248691169920637,-65,65,1.5573609518439706,-1.767508165148093,-1.7475645946331821,-1.5773045223588815,-0.019943570514910913
41.7612260356422,1744,72,72,1.7240873133980714,-1.6007818035939922,7,-7,-0.16761959991370148,-1.7684014035076938,-1.7475645946331821,0.1467827910391899,-0.02083680887451167
41.773197148410844,1745,480,-480,-11.490621565178916,-13.091403368772909,-473,473,11.323050000686722,-1.7683533680861867,-1.7475645946331821,-11.343838774139726,-0.02078877345300456
41.78516483155236,1746,720,720,17.23099580682599,4.139592438053082,247,-247,-5.911188839286043,-1.7715964012329612,-1.7475645946331821,5.887157032686265,-0.024031806599779104
41.79712908801273,1747,120,-120,-2.871010584179472,1.2685818538736102,127,-127,-3.038486201589935,-1.769904347716325,-1.7475645946331821,3.0161464485067926,-0.022339753083142844
41.80908992073375,1748,240,240,5.740378478819257,7.008960332692867,367,-367,-8.777995423861146,-1.7690350911682788,-1.7475645946331821,8.75652492732605,-0.021470496535096695
41.82104733265297,1749,480,-480,-11.477474396611454,-4.468514063918587,-113,113,2.701988764202279,-1.766525299716308,-1.7475645946331821,-2.7209494692854044,-0.01896070508312575
41.83300132670378,1750,288,288,6.884516789766135,2.416002725847548,175,-175,-4.183300132670378,-1.7672974068228298,-1.7475645946331821,4.16356732048073,-0.01973281218964762
41.8568990729127,1752,96,96,2.2935287163239866,4.709531442171535,271,-271,-6.474440438789579,-1.7649089966180442,-1.7475645946331821,6.457096036804717,-0.01734440198486209
41.86884283091664,1753,240,-240,-5.732186126309174,-1.0226546841376392,31,-31,-0.7404073746482692,-1.7630620587859083,-1.7475645946331821,0.724909910495543,-0.015497464152726126
41.88078318274385,1754,456,456,10.888048535536498,9.86539385139886,487,-487,-11.628244817557729,-1.7628509661588687,-1.7475645946331821,11.612958446032042,-0.01528637152568657
41.892720131306824,1755,384,-384,-9.166270387704744,0.6991234636941162,103,-103,-2.4586610675353864,-1.7595376038412702,-1.7475645946331821,2.4466880583272985,-0.011973009208088081
41.916583830269374,1757,336,-336,-8.01592041375666,-7.316796950062544,-233,233,5.558659096444374,-1.7581378536181704,-1.7475645946331821,-5.569232355429362,-0.010573258984988287
41.92851058647326,1758,240,240,5.724028749006607,-1.5927682010559376,7,-7,-0.16695083851269216,-1.7597190395686297,-1.7475645946331821,0.1547963935772445,-0.012154444935447595
41.95235392680606,1760,144,144,3.4324653212841336,1.839697120228196,151,-151,-3.599321274402111,-1.759624154173915,-1.7475645946331821,3.587261714861378,-0.0120595595407329
41.96427051671457,1761,240,-240,-5.719151007388702,-3.879453887160506,-89,89,2.1208518319066423,-1.758602055253864,-1.7475645946331821,-2.1318892925273243,-0.011037460620681783
41.97618372363071,1762,288,288,6.86103343496345,2.981579547802944,199,-199,-4.74078351929768,-1.759203971494736,-1.7475645946331821,4.729144142436126,-0.011639376861553918
41.98809355043403,1763,288,-288,-6.859087318505374,-3.87750777070243,-89,89,2.1196485116214574,-1.7578592590809725,-1.7475645946331821,-2.129943176069248,-0.01029466444779037
42.0,1764,270,270,6.42857142857141,2.5510636578689803,181,-181,-4.309523809523809,-1.758460151654829,-1.7475645946331821,4.298628252502162,-0.010895557021646907
42.01190307520001,1765,240,-240,-5.712666707109334,-3.161603049240354,-59,59,1.4043638988310485,-1.7572391504093055,-1.7475645946331821,-1.4140384546071718,-0.009674555776123306
42.02380277890139,1766,600,600,14.277622688188604,11.11601963894825,541,-541,-12.873656457183266,-1.7576368182350155,-1.7475645946331821,12.863584233581433,-0.010072223601833352
42.04759208325728,1768,96,96,2.283127171941572,13.399146810889823,637,-637,-15.149500088820636,-1.750353277930813,-1.7475645946331821,15.146711405523005,-0.002788683297630934
42.05948168962618,1769,768,-768,-18.259854119634,-4.860707308744177,-131,131,3.114636575093855,-1.7460707336503214,-1.7475645946331821,-3.113142714110994,0.0014938609828607508
42.07136793592526,1770,480,480,11.40918452499676,6.548477216252584,349,-349,-8.29542791504967,-1.746950698797086,-1.7475645946331821,8.296041810885766,0.0006138958360961677
42.08325082500163,1771,192,-192,-4.562385182608877,1.9860920336437067,157,-157,-3.730700383695796,-1.7446083500520895,-1.7475645946331821,3.733656628276889,0.0029562445810926707
42.09513035969837,1772,120,120,2.8506860288734766,4.836778062517183,277,-277,-6.580333583316282,-1.7435555207990987,-1.7475645946331821,6.584342657150366,0.004009073834083443
42.1070065428546,1773,360,-360,-8.549645998549096,-3.7128679360319126,-83,83,1.9711683829988333,-1.7416995530330792,-1.7475645946331821,-1.9653033413987304,0.005865041600102927
42.118879377305376,1774,240,240,5.69815730019917,1.985289364167257,157,-157,-3.72754456721361,-1.7422552030463527,-1.7475645946331821,3.7328539588004395,0.005309391586829415
42.15447781671598,1777,288,-288,-6.832014412613489,-4.846725048446232,-131,131,3.1076176668485056,-1.7391073815977265,-1.7475645946331821,-3.0991604538130497,0.008457213035455657
42.16633728461603,1778,480,480,11.38348813082986,6.5367630823836285,349,-349,-8.276744495124294,-1.7399814127406659,-1.7475645946331821,8.28432767701681,0.0075831818925162775
42.17819341792628,1779,240,-240,-5.690144137325659,0.8466189450579691,109,-109,-2.5842737957020603,-1.7376548506440912,-1.7475645946331821,2.5941835396911515,0.009909743989090947
42.190046219457976,1780,96,96,2.275418223071894,3.122037168129863,205,-205,-4.858965997184766,-1.7369288290549032,-1.7475645946331821,4.869601762763045,0.010635765578278944
42.20189569201838,1781,816,-816,-19.33562430358625,-16.213587135456386,-611,611,14.478022609670543,-1.7355645257858434,-1.7475645946331821,-14.466022540823204,0.01200006884733873
42.21374183841087,1782,408,408,9.665099141454322,-6.548487994002064,-203,203,4.808860602243213,-1.7396273917588516,-1.7475645946331821,-4.800923399368882,0.007937202874330529
42.23742416388575,1784,384,384,9.091463497159186,2.5429755031571215,181,-181,-4.285299200483925,-1.7423236973268033,-1.7475645946331821,4.290540097790304,0.005240897306378889
42.24926034855522,1785,384,-384,-9.088916511958079,-6.545941008800957,-203,203,4.804817843561181,-1.7411231652397765,-1.7475645946331821,-4.798376414167775,0.00644142939340564
42.261093218230876,1786,240,240,5.678982291363611,-0.8669587174373463,37,-37,-0.8755097699185569,-1.7424684873559033,-1.7475645946331821,0.8806058771958358,0.005096107277278827
42.2729227756965,1787,168,-168,-3.9741751686161373,-4.841133886053484,-131,131,3.0989103993375724,-1.7422234867159117,-1.7475645946331821,-3.0935692914203017,0.005341107917270493
42.2965719651132,1789,312,-312,-7.3764843225909935,-12.217618208644478,-443,443,10.473662034960954,-1.7439561736835234,-1.7475645946331821,-10.470053614011295,0.0036084209496587416
42.30839160261236,1790,624,624,14.74884712850832,2.5312289198638425,181,-181,-4.278111106185943,-1.7468821863221002,-1.7475645946331821,4.278793514497025,0.0006824083110819057
42.34383071948026,1793,432,-432,-10.202194573795513,-7.67096565393167,-251,251,5.927663976904375,-1.7433016770272953,-1.7475645946331821,-5.923401059298488,0.004262917605886818
42.35563716909474,1794,384,384,9.066089561277765,1.395123907346095,133,-133,-3.1400778949217396,-1.7449539875756446,-1.7475645946331821,3.1426885019792774,0.002610607057537573
42.36744032862972,1795,192,-192,-4.531781918159861,-3.1366580108137656,-59,59,1.3925788186011998,-1.7440791922125658,-1.7475645946331821,-1.3890934161805835,0.003485402420616346
42.37924020083418,1796,240,240,5.663150138196102,2.526492127382336,181,-181,-4.270959062556229,-1.744466935173893,-1.7475645946331821,4.274056722015518,0.0030976594592890816
42.391036788453285,1797,288,-288,-6.79388903454344,-4.267396907161104,-107,107,2.5241184954727336,-1.7432784116883706,-1.7475645946331821,-2.519832312527922,0.004286182944811534
42.40283009422838,1798,240,240,5.659999567638957,1.392602660477853,133,-133,-3.136583093733245,-1.743980433255392,-1.7475645946331821,3.1401672551110353,0.0035841613777900516
42.42640687119285,1800,252,252,5.939696961967005,7.332299622444858,385,-385,-9.07453702522736,-1.742237402782501,-1.7475645946331821,9.07986421707804,0.005327191850681201
42.43819034784589,1801,336,-336,-7.917396977721354,-0.5850973552764955,49,-49,-1.154620392584369,-1.7397177478608645,-1.7475645946331821,1.1624672393566866,0.007846846772317617
42.44997055358225,1802,384,384,9.045942670685674,8.460845315409179,433,-433,-10.20024264689296,-1.7393973314837812,-1.7475645946331821,10.208409910042361,0.008167263149400972
42.46174749112429,1803,192,-192,-4.521716870935035,3.939128444474144,241,-241,-5.675696697371577,-1.7365682528974329,-1.7475645946331821,5.686693039107326,0.01099634173574926
42.473521163190604,1804,144,144,3.3903475873056768,7.329476031779821,385,-385,-9.064470979949213,-1.7349949481693923,-1.7475645946331821,9.077040626413003,0.012569646463789885
42.485291572496,1805,504,-504,-11.8629290595778,-4.533453027797979,-119,119,2.8009693612892104,-1.7324836665087684,-1.7475645946331821,-2.7858884331647964,0.01508092812441375
42.49705872175156,1806,480,480,11.294899328040287,6.761446300242309,361,-361,-8.49470553629696,-1.7332592360546517,-1.7475645946331821,8.509010894875491,0.014305358578530436
42.5205832509386,1808,96,96,2.2577300841206287,9.019176384362938,457,-457,-10.7477359212826,-1.7285595369196614,-1.7475645946331821,10.76674097899612,0.01900505771352079
42.532340636273474,1809,576,-576,-13.542635824485211,-4.523459440122274,-119,119,2.797870942905773,-1.7255884972165005,-1.7475645946331821,-2.7758948454890913,0.021976097416681606
42.5440947723653,1810,240,240,5.64120593666723,1.1177464965449566,121,-121,-2.844107993069724,-1.7263614965247673,-1.7475645946331821,2.865311091178139,0.02120309810841481
42.555845661906424,1811,552,-552,-12.971190947196193,-11.853444450651237,-431,431,10.127868293915887,-1.7255761567353503,-1.7475645946331821,-10.105879856018054,0.02198843789783189
42.567593307585526,1812,144,144,3.3828550972915776,-8.47058935335966,-287,287,6.742218145296383,-1.728371208063277,-1.7475645946331821,-6.723024758726478,0.019193386569905213
42.579337712087536,1813,216,-216,-5.072883036851035,-13.543472390210695,-503,503,11.813241516370674,-1.7302308738400214,-1.7475645946331821,-11.795907795577513,0.017333720793160756
42.59107887809371,1814,552,552,12.960460606784931,-0.5830117834257642,49,-49,-1.1504756698051772,-1.7334874532309414,-1.7475645946331821,1.164552811207418,0.0140771414022407
42.61455150532503,1816,168,168,3.9423153374970386,3.3593035540712743,217,-217,-5.092157310933663,-1.7328537568623887,-1.7475645946331821,5.106868148704456,0.014710837770793406
42.62628297189423,1817,480,-480,-11.260658132366075,-7.9013545782948,-263,263,6.169902268358934,-1.7314523099358663,-1.7475645946331821,-6.153789983661618,0.01611228469731585
42.638011210655684,1818,360,360,8.443170536763423,0.5418159584686233,97,-97,-2.274965394627944,-1.7331494361593207,-1.7475645946331821,2.2893805531018057,0.014415158473861434
42.649736224272246,1819,240,-240,-5.62723292678685,-5.085416968318227,-143,143,3.352892952210517,-1.73252401610771,-1.7475645946331821,-3.3378523736850445,0.015040578525472137
42.67317658670374,1821,432,-432,-10.12345540112912,-15.208872369447345,-575,575,13.474506610299093,-1.7343657591482522,-1.7475645946331821,-13.461307774814163,0.01319883548492995
42.68489194082609,1822,192,192,4.49807862384118,-10.710793745606164,-383,383,8.97272975484983,-1.7380639907563342,-1.7475645946331821,-8.963229150972982,0.009500603876847924
42.708313008125245,1824,96,96,2.2478059477960657,-8.462987797810099,-287,287,6.720003198098654,-1.7429845997114448,-1.7475645946331821,-6.7154232031769165,0.004579994921737329
42.720018726587654,1825,336,-336,-7.8651650915799145,-16.32815288939001,-623,623,14.58332694063787,-1.7448259487521423,-1.7475645946331821,-14.58058829475683,0.0027386458810398917
42.731721238442994,1826,672,672,15.72602227395077,-0.6021306154392416,49,-49,-1.146689124142227,-1.7488197395814686,-1.7475645946331821,1.1454339791939405,-0.0012551449482864907
42.74342054632502,1827,288,-288,-6.737879100898552,-7.340009716337794,-239,239,5.591503837203985,-1.748505879133809,-1.7475645946331821,-5.592445121704611,-0.0009412845006269155
42.7551166528639,1828,96,96,2.2453452946799395,-5.094664421657854,-143,143,3.3446289285336643,-1.75003549312419,-1.7475645946331821,-3.347099827024672,-0.002470898491007789
42.76680956068619,1829,480,-480,-11.223656965078982,-16.318321386736837,-623,623,14.567371435925368,-1.750949950811469,-1.7475645946331821,-14.570756792103655,-0.0033853561782868358
42.77849927241488,1830,288,288,6.732353983855499,-9.585967402881337,-335,335,7.831036752054089,-1.754930650827248,-1.7475645946331821,-7.838402808248155,-0.007366056194065829
42.80186911806539,1832,312,312,7.289401290849581,-2.2965661120317566,-23,23,0.5373597105433975,-1.7592064014883593,-1.7475645946331821,-0.5490015173985745,-0.011641806855177128
42.81354925721529,1833,288,-288,-6.726842436485528,-9.023408548517285,-311,311,7.264055547732654,-1.759353000784631,-1.7475645946331821,-7.275843953884102,-0.011788406151448827
42.82522621072771,1834,432,432,10.087512389876965,1.06410384135968,121,-121,-2.8254374980905417,-1.7613336567308617,-1.7475645946331821,2.8116684359928623,-0.013769062097679585
42.83689998120779,1835,240,-240,-5.6026463190680555,-4.538542477708376,-119,119,2.777978799871241,-1.7605636778371347,-1.7475645946331821,-2.7909778830751932,-0.0129990832039526
42.8485705712571,1836,192,192,4.480896268889632,-0.057646208818743716,73,-73,-1.7036741022340787,-1.7613203110528224,-1.7475645946331821,1.6899183858144384,-0.01375571641964024
42.86023798347368,1837,288,-288,-6.7195147192380915,-6.777160928056835,-215,215,5.0163043910979,-1.7608565369589355,-1.7475645946331821,-5.029596333423653,-0.01329194232575337
42.871902220452036,1838,336,336,7.837300949984732,1.0601400219278965,121,-121,-2.8223613540123482,-1.7622213320844518,-1.7475645946331821,2.807704616561079,-0.014656737451269608
42.89522117905443,1840,48,48,1.1190057698883773,2.179145791816274,169,-169,-3.939832814815326,-1.7606870229990519,-1.7475645946331821,3.9267103864494564,-0.013122428365869743
42.906875905849866,1841,480,-480,-11.187018161221031,-9.007872369404758,-311,311,7.2482555169578005,-1.7596168524469578,-1.7475645946331821,-7.260307774771576,-0.012052257813775613
42.91852746774987,1842,192,192,4.473592439635179,-4.534279929769579,-119,119,2.7726953141488786,-1.7615846156207007,-1.7475645946331821,-2.786715335136397,-0.014020020987518533
42.930175867331364,1843,144,-144,-3.3542839527377635,-7.888563882507343,-263,263,6.1262269414585715,-1.7623369410487717,-1.7475645946331821,-6.140999287874161,-0.014772346415589555
42.941821107167776,1844,360,360,8.383435790987226,0.49487190847988316,97,-97,-2.2588701992382183,-1.7639982907583351,-1.7475645946331821,2.2424365031130655,-0.016433696125152997
42.95346318982906,1845,480,-480,-11.174884732313123,-10.68001282383324,-383,383,8.916626775991615,-1.7633860478416246,-1.7475645946331821,-8.932448229200057,-0.015821453208442415
42.96510211788167,1846,336,336,7.82030027714427,-2.8597125466889697,-47,47,1.0939110506719603,-1.7658014960170094,-1.7475645946331821,-1.1121479520557875,-0.018236901383827275
42.988370520409354,1848,96,96,2.233162104956331,-0.6265504417326389,49,-49,-1.1398431577381267,-1.7663935994707656,-1.7475645946331821,1.1210141529005433,-0.01882900483758343
43.0,1849,270,-270,-6.27906976744187,-6.905620209174509,-221,221,5.1395348837209305,-1.7660853254535782,-1.7475645946331821,-5.158055614541326,-0.01852073082039607
43.01162633521314,1850,600,600,13.949716649258212,7.044096440083703,379,-379,-8.811571016781501,-1.767474576697798,-1.7475645946331821,8.791661034716885,-0.019909982064615805
43.02324952859791,1851,336,-336,-7.809730870669312,-0.7656344305856084,43,-43,-0.9994596054725607,-1.7650940360581693,-1.7475645946331821,0.9819301640475737,-0.017529441424987136
43.04648650006177,1853,432,-432,-10.035662260133071,-10.80129669071868,-389,389,9.03674217405506,-1.764554516663619,-1.7475645946331821,-9.053732096085497,-0.01698992203043681
43.05810028322197,1854,720,720,16.721592342999042,5.9202956522803625,331,-331,-7.687287591017515,-1.7669919387371529,-1.7475645946331821,7.667860246913545,-0.019427344103970734
43.08131845707603,1856,72,72,1.6712580435934652,7.591553695873827,403,-403,-9.354402660668988,-1.762848964795161,-1.7475645946331821,9.33911829050701,-0.015284370161978922
43.09292285283048,1857,240,-240,-5.5693599809797,2.0221937148941276,163,-163,-3.782523653748718,-1.7603299388545905,-1.7475645946331821,3.76975830952731,-0.012765344221408403
43.104524124504614,1858,240,240,5.567861027923088,7.590054742817215,403,-403,-9.34936664272086,-1.7593118999036443,-1.7475645946331821,9.337619337450397,-0.011747305270462194
43.116122274620196,1859,360,-360,-8.34954492676887,-0.7594901839516544,43,-43,-0.9973067551418335,-1.7567969390934879,-1.7475645946331821,0.9880744106815278,-0.009232344460305741
43.12771730569565,1860,192,192,4.451893399297602,3.692403215345948,235,-235,-5.4489320251819775,-1.7565288098360297,-1.7475645946331821,5.43996780997913,-0.008964215202847514
43.139309220245984,1861,456,-456,-10.570405698244123,-6.878002482898175,-221,221,5.122937849368276,-1.7550646335298996,-1.7475645946331821,-5.130437888264993,-0.007500038896717465
43.15089802078283,1862,504,504,11.679942321414925,4.80193983851675,283,-283,-6.5583803114294,-1.75644047291265,-1.7475645946331821,6.549504433149933,-0.008875878279467786
43.174066289845804,1864,96,96,2.223557062137984,7.025496900654734,379,-379,-8.778417984898907,-1.7529210842441723,-1.7475645946331821,8.773061495287916,-0.005356489610990112
43.18564576337837,1865,576,-576,-13.337765125847529,-6.312268225192795,-197,197,4.561700919777769,-1.750567305415026,-1.7475645946331821,-4.564703630559612,-0.003002710781843776
43.197222132910355,1866,384,384,8.88946050323557,2.5771922780427756,187,-187,-4.328982067981905,-1.7517897899391297,-1.7475645946331821,4.324756872675958,-0.00422519530594756
43.2087954009366,1867,120,-120,-2.777212344998597,-0.2000200669558212,67,-67,-1.5506102259575534,-1.7506302929133746,-1.7475645946331821,1.547544527677361,-0.0030656982801924304
43.22036556994862,1868,168,168,3.8870564324150725,3.6870363654592513,235,-235,-5.437251557247284,-1.7502151917880324,-1.7475645946331821,5.434600960092434,-0.002650597154850276
43.23193264243457,1869,480,-480,-11.102904049421356,-7.415867683962105,-245,245,5.667107275225506,-1.748760408736599,-1.7475645946331821,-5.668303089328923,-0.001195814103416959
43.243496620879306,1870,192,192,4.439973984603641,-2.9758936993584646,-53,53,1.2256178186666327,-1.750275880691832,-1.7475645946331821,-1.2283291047252825,-0.0027112860586497867
43.266615305567875,1872,120,120,2.77350098112615,-0.20239271823231464,67,-67,-1.5485380477954311,-1.7509307660277458,-1.7475645946331821,1.5451718764008675,-0.003366171394563633
43.278170016764804,1873,144,-144,-3.327312590717648,-3.529705308949963,-77,77,1.7791879825365136,-1.7505173264134493,-1.7475645946331821,-1.7821407143167807,-0.002952731780267115
43.289721643826724,1874,672,672,15.523315338661723,11.99361002971176,595,-595,-13.744602122773161,-1.7509920930614005,-1.7475645946331821,13.741174624344943,-0.003427498428218323
43.30127018922193,1875,296,-296,-6.835827187205214,5.157782842506546,299,-299,-6.905109219507924,-1.7473263770013778,-1.7475645946331821,6.905347437139729,0.0002382176318043161
43.31281565541543,1876,192,192,4.4328681267802645,9.590650969286811,491,-491,-11.33613672004743,-1.7454857507606185,-1.7475645946331821,11.338215563919993,0.0020788438725636293
43.32435804486894,1877,408,-408,-9.417335153066793,0.17331581622001835,83,-83,-1.9157814159425264,-1.742465599722508,-1.7475645946331821,1.9208804108532005,0.005098994910674115
43.3358973600409,1878,288,288,6.645760617514229,6.8190764337342475,371,-371,-8.56103190658955,-1.7419554728553024,-1.7475645946331821,8.56664102836743,0.005609121777879755
43.3589667773576,1880,240,240,5.535187248173302,12.35426368190755,611,-611,-14.091664202641219,-1.7374005207336687,-1.7475645946331821,14.101828276540733,0.01016407389951346
43.37049688440288,1881,720,-720,-16.601147132785705,-4.246883450878155,-109,109,2.5132292187134047,-1.7336542321647501,-1.7475645946331821,-2.4993188562449724,0.013910362468432025
43.382023926967726,1882,216,216,4.979020812021817,0.7321373611436623,107,-107,-2.4664593837330213,-1.734322022589359,-1.7475645946331821,2.4797019557768447,0.013242572043823175
43.393547907494266,1883,336,-336,-7.743086615463627,-7.010949254319964,-229,229,5.2772822468487455,-1.7336670074712188,-1.7475645946331821,-5.263384659686782,0.01389758716196332
43.41658669218482,1885,192,-192,-4.422273021166844,-11.43322227548681,-421,421,9.696754905787696,-1.7364673696991133,-1.7475645946331821,-9.685657680853627,0.011097224934068839
43.42810150121693,1886,768,768,17.684401883846483,6.251179608359674,347,-347,-7.990218038665044,-1.7390384303053699,-1.7475645946331821,7.998744202992857,0.00852616432781228
43.45112196480086,1888,72,72,1.6570343122169837,7.908213920576658,419,-419,-9.643019122484937,-1.7348052019082782,-1.7475645946331821,9.65577851520984,0.012759392724903895
43.46262762420146,1889,864,-864,-19.8791478387033,-11.970933918126642,-445,445,10.23868146785053,-1.7322524502761123,-1.7475645946331821,-10.22336932349346,0.015312144357069846
43.474130238568314,1890,384,384,8.832839159582116,-3.1380947585445256,-61,61,1.4031333039961202,-1.7349614545484053,-1.7475645946331821,-1.3905301639113434,0.01260314008477681
43.485629810317796,1891,240,-240,-5.519064597819267,-8.657159356363792,-301,301,6.921826849765023,-1.7353325065987688,-1.7475645946331821,-6.9095947617306095,0.012232088034413335
43.497126341863094,1892,144,144,3.3105635270762552,-5.346595829287537,-157,157,3.6094338454928674,-1.7371619837946697,-1.7475645946331821,-3.5990312346543547,0.01040261083851246
43.508619835614184,1893,240,-240,-5.516148315133345,-10.862744144420882,-397,397,9.124628671283059,-1.7381154731378228,-1.7475645946331821,-9.1151795497877,0.00944912149535937
43.520110293977886,1894,360,360,8.272037859467776,-2.5907062849531055,-37,37,0.8501816688897476,-1.7405246160633578,-1.7475645946331821,-0.8431416903199234,0.007039978569824301
43.54308211415448,1896,240,240,5.511782546095526,2.921076261142421,203,-203,-4.662049403572447,-1.7409731424300263,-1.7475645946331821,4.668640855775603,0.006591452203155823
43.55456348076513,1897,192,-192,-4.408263673329947,-1.4871874121875264,11,-11,-0.2525567729511948,-1.7397441851387212,-1.7475645946331821,0.2603771824456558,0.007820409494460945
43.56604182158393,1898,336,336,7.712428899922156,6.22524148773463,347,-347,-7.964919131764818,-1.7396776440301878,-1.7475645946331821,7.972806082367812,0.00788695060299438
43.57751713900185,1899,360,-360,-8.261140689858168,-2.035899202123538,-13,13,0.2983189693559895,-1.7375802327675485,-1.7475645946331821,-0.2883346074903559,0.009984361865633673
43.58898943540674,1900,120,120,2.7529888064467465,0.7170896043232085,107,-107,-2.454748352415011,-1.7376587480918024,-1.7475645946331821,2.4646541989563904,0.009905846541379715
43.60045871318328,1901,504,-504,-11.559511410544124,-10.842421806220916,-397,397,9.105408789654794,-1.737013016566122,-1.7475645946331821,-9.094857211587733,0.010551578067060197
43.61192497471305,1902,432,432,9.905547628326056,-0.9368741778948593,35,-35,-0.8025327939615967,-1.739406971856456,-1.7475645946331821,0.8106904167383229,0.008157622776726159
43.64630568559039,1905,288,-288,-6.598496607585345,-7.535370785480204,-253,253,5.796595978191269,-1.7387748072889346,-1.7475645946331821,-5.7878061908470215,0.008789787344247513
43.657759905886145,1906,240,240,5.497304500216492,-2.038066285263712,-13,13,0.2977706604283945,-1.7402956248353174,-1.7475645946331821,-0.2905016906305298,0.007268969797864733
43.669211121796096,1907,312,-312,-7.144621851075233,-9.182688136338946,-325,325,7.4423144282033205,-1.7403737081356256,-1.7475645946331821,-7.435123541705764,0.0071908864975565034
43.68065933568311,1908,216,216,4.944980302152823,-4.237707834186123,-109,109,2.4953835784011837,-1.7423242557849394,-1.7475645946331821,-2.490143239552941,0.005240338848242709
43.69210454990696,1909,336,-336,-7.690176599669291,-11.927884433855414,-445,445,10.18490650849062,-1.7429779253647943,-1.7475645946331821,-10.180319839222232,0.0045866692683878
43.70354676682432,1910,672,672,15.376326401730958,3.448441967875544,227,-227,-5.194086448203727,-1.745644480328183,-1.7475645946331821,5.196006562508726,0.0019201143049991654
43.726422218150894,1912,96,96,2.1954688979824692,5.643910865858013,323,-323,-7.386838063003524,-1.7429271971455114,-1.7475645946331821,7.391475460491195,0.00463739748767078
43.73785545725808,1913,432,-432,-9.877027473881604,-4.233116608023591,-109,109,2.4921203579932723,-1.740996250030319,-1.7475645946331821,-2.485552013390409,0.006568344602863041
43.749285708454714,1914,576,576,13.165929241415919,8.932812633392327,467,-467,-10.674459992606245,-1.7416473592139177,-1.7475645946331821,10.68037722802551,0.005917235419264477
43.76071297408213,1915,144,-144,-3.2906228032730076,5.642189830119319,323,-323,-7.3810497601193354,-1.7388599300000163,-1.7475645946331821,7.3897544247525015,0.008704664633165882
43.78355855797927,1917,384,-384,-8.770415485792439,-3.12822565567312,-61,61,1.3932170433159812,-1.7350086123571387,-1.7475645946331821,-1.3806610610399377,0.012555982276043487
43.79497688091638,1918,192,192,4.384064421864407,1.255838766191287,131,-131,-2.9912106211679066,-1.7353718549766195,-1.7475645946331821,3.0034033608244695,0.012192739656562646
43.81780460041329,1920,48,48,1.0954451150103326,2.3512838812016197,179,-179,-4.085097408059364,-1.7338135268577446,-1.7475645946331821,4.098848475834802,0.013751067775437553
43.829214001622255,1921,480,-480,-10.951599542310639,-8.600315661109018,-301,301,6.867565546323944,-1.7327501147850741,-1.7475645946331821,-6.852751066475836,0.01481447984810802
43.840620433565945,1922,396,396,9.032718882253965,0.43240322114494667,95,-95,-2.166940135894259,-1.7345369147493122,-1.7475645946331821,2.179967815778129,0.013027679883869991
43.8520238985614,1923,240,-240,-5.47295150060051,-5.040548279455563,-145,145,3.306574864946127,-1.7339734145094359,-1.7475645946331821,-3.2929836848223806,0.013591180123746271
43.86342439892262,1924,192,192,4.3772232248405185,-0.6633250546150444,47,-47,-1.07150776858075,-1.7348328231957943,-1.7475645946331821,1.0842395400181377,0.012731771437387795
43.87482193696061,1925,672,-672,-15.316301476175495,-15.97962653079054,-625,625,14.245072057454745,-1.7345544733357947,-1.7475645946331821,-14.232061936157358,0.013010121297387434
43.88621651498338,1926,360,360,8.20303112429591,-7.77659540649463,-265,265,6.0383423553845255,-1.7382530511101049,-1.7475645946331821,-6.029030811861448,0.009311543523077281
43.9089968002003,1928,240,240,5.465850224091318,-2.3107451824033127,-25,25,0.5693593983428462,-1.7413857840604665,-1.7475645946331821,-0.5631805877701306,0.006178810572715632
43.9203825119955,1929,336,-336,-7.650206596179578,-9.960951778582892,-361,361,8.219418396490603,-1.741533382092289,-1.7475645946331821,-8.21338718394971,0.006031212540893227
43.93176527297759,1930,240,240,5.463017443271812,-4.49793433531108,-121,121,2.754271294316212,-1.7436630409948681,-1.7475645946331821,-2.7503697406778977,0.003901553638314015
43.94314508543966,1931,504,-504,-11.469365677401063,-15.967300012712144,-625,625,14.222923707094662,-1.7443763056174824,-1.7475645946331821,-14.219735418078962,0.0031882890156997856
43.95452195167182,1932,96,96,2.18407562492779,-13.783224387784355,-529,529,12.035166724862522,-1.7480576629218323,-1.7475645946331821,-12.035659793151172,-0.0004930682886501447
43.965895873961216,1933,216,-216,-4.912898866412624,-18.696123254196976,-745,745,16.944952108691727,-1.7511711455052499,-1.7475645946331821,-16.948558659563794,-0.0036065508720677375
43.977266854592045,1934,624,624,14.18914918162646,-4.506974072570516,-121,121,2.751421556052553,-1.7555525165179633,-1.7475645946331821,-2.759409477937334,-0.007987921884781146
44.0,1936,78,78,1.7727272727272716,-2.7342467998432447,-43,43,0.9772727272727273,-1.7569740725705174,-1.7475645946331821,-0.9866822052100626,-0.009409477937335264
44.01136216933077,1937,576,-576,-13.087529483497507,-15.821776283340752,-619,619,14.064549913689081,-1.7572263696516703,-1.7475645946331821,-14.07421168870757,-0.009661775018488195
44.02272140611028,1938,384,384,8.722768328145694,-7.099007955195058,-235,235,5.338152492484992,-1.7608554627100652,-1.7475645946331821,-5.351443360561875,-0.013290868076883067
44.034077712607996,1939,192,-192,-4.360259371232987,-11.459267326428044,-427,427,9.69703516414833,-1.7622321622797141,-1.7475645946331821,-9.711702731794862,-0.014667567646531987
44.04543109109048,1940,240,240,5.448919310237995,-6.010348016190049,-187,187,4.2456162958937735,-1.7647317202962753,-1.7475645946331821,-4.2627834215568665,-0.017167125663093197
44.05678154382138,1941,288,-288,-6.537018590736993,-12.547366606927042,-475,475,10.781541078472516,-1.765825528454526,-1.7475645946331821,-10.79980201229386,-0.01826093382134375
44.06812907306141,1942,264,264,5.990724034648911,-6.556642572278132,-211,211,4.788040800420164,-1.768601771857968,-1.7475645946331821,-4.809077977644949,-0.02103717722478593
44.090815370097204,1944,312,312,7.076303701373582,0.51966112909545,101,-101,-2.2907265187138983,-1.7710653896184483,-1.7475645946331821,2.2672257237286324,-0.023500794985266138
44.10215414239989,1945,192,-192,-4.353528840792189,-3.8338677116967386,-91,91,2.063391273500458,-1.7704764381962805,-1.7475645946331821,-2.086303117063556,-0.02291184356309839
44.11349000022555,1946,816,816,18.4977429805675,14.663875268870763,725,-725,-16.43488193739133,-1.7710066685205685,-1.7475645946331821,16.411439863503944,-0.023442073887386394
44.12482294582042,1947,192,-192,-4.3512922473536335,10.31258302151713,533,-533,-12.07936858249732,-1.7667855609801908,-1.7475645946331821,12.060147616150312,-0.01922096634700865
44.14748010928823,1949,840,-840,-19.027133551463116,-8.714550529945987,-307,307,6.953964286070542,-1.7605862438754443,-1.7475645946331821,-6.966985935312804,-0.013021649242262123
44.15880433163923,1950,336,336,7.60890166945171,-1.1056488604942762,29,-29,-0.6567206798038656,-1.7623695402981419,-1.7475645946331821,0.6419157341389059,-0.014804945664959712
44.181444068749045,1952,120,120,2.7160723812755614,1.6104235207812851,149,-149,-3.372456540083815,-1.76203301930253,-1.7475645946331821,3.357988115414467,-0.014468424669347835
44.19275958796871,1953,480,-480,-10.86150773283404,-9.251084212052755,-331,331,7.489914707433508,-1.7611695046192466,-1.7475645946331821,-7.503519617419572,-0.01360490998606445
44.204072210600685,1954,336,336,7.6011096534092975,-1.649974558643457,5,-5,-0.11311175079478171,-1.7630863094382387,-1.7475645946331821,0.09759003598972504,-0.015521714805056597
44.21538193886829,1955,288,-288,-6.513570331659343,-8.1635448903028,-283,283,6.400487513401393,-1.7630573769014068,-1.7475645946331821,-6.415980295669618,-0.015492782268224703
44.22668877499196,1956,240,240,5.426587579753603,-2.7369573105491973,-43,43,0.9722636080391893,-1.764693702510008,-1.7475645946331821,-0.9893927159160152,-0.017129107876825866
44.23799272118933,1957,192,-192,-4.340160757520886,-7.077118068070083,-235,235,5.312175927173986,-1.764942140896097,-1.7475645946331821,-5.329553473436901,-0.017377546262914878
44.24929377967517,1958,384,384,8.678104602346906,1.6009865342768226,149,-149,-3.367285379556487,-1.7662988452796644,-1.7475645946331821,3.348551128910005,-0.018734250646482264
44.27188724235731,1960,168,168,3.7947331922020626,5.395719726478886,317,-317,-7.160300130524116,-1.7645804040452306,-1.7475645946331821,7.143284321112068,-0.0170158094120485
44.28317965096906,1961,384,-384,-8.671464041801137,-3.2757443153222514,-67,67,1.5129898197934353,-1.7627544955288161,-1.7475645946331821,-1.5281797206890693,-0.01518990089563399
44.294469180700204,1962,360,360,8.127425537743191,4.85168122242094,293,-293,-6.614821340440957,-1.7631401180200177,-1.7475645946331821,6.599245817054122,-0.015575523386835544
44.30575583375144,1963,144,-144,-3.2501420479165612,1.6015391745043783,149,-149,-3.3629942023581076,-1.7614550278537293,-1.7475645946331821,3.3491037691375602,-0.013890433220547171
44.31703961232068,1964,216,216,4.873971769990476,6.475510944494854,365,-365,-8.236109703919066,-1.7605987594242123,-1.7475645946331821,8.223075539128036,-0.013034164791030145
44.328320518603,1965,480,-480,-10.828292035078606,-4.352781090583752,-115,115,2.594278300070914,-1.7585027905128383,-1.7475645946331821,-2.60521649595057,-0.010938195879656165
44.339598554790726,1966,432,432,9.742984016108688,5.390202925524935,317,-317,-7.149365585894538,-1.7591626603696024,-1.7475645946331821,7.137767520158118,-0.011598065736420304
44.36214602563767,1968,48,48,1.0820035616009185,6.472206487125854,365,-365,-8.22773541634032,-1.7555289292144654,-1.7475645946331821,8.219771081759037,-0.007964334581283206
44.37341546466758,1969,240,-240,-5.408643835205785,1.0635626519200692,125,-125,-2.8170019975030205,-1.7534393455829513,-1.7475645946331821,2.8111272465532515,-0.005874750949769192
44.384682042344295,1970,624,624,14.058904362651218,15.122467014571287,749,-749,-16.875191294272017,-1.7527242797007307,-1.7475645946331821,16.870031609204467,-0.005159685067548603
44.395945760846224,1971,384,-384,-8.64943844351342,6.473028571057867,365,-365,-8.221471437193745,-1.7484428661358784,-1.7475645946331821,8.22059316569105,-0.0008782715026962595
44.40720662234904,1972,144,144,3.2427169135995175,9.715745484657385,509,-509,-11.462103534876094,-1.74635805021871,-1.7475645946331821,11.463310079290567,0.0012065444144722104
44.41846462902562,1973,504,-504,-11.346632626978568,-1.6308871423211837,5,-5,-0.11256579987082012,-1.7434529421920038,-1.7475645946331821,0.11667745231199844,0.004111652441178393
44.429719783046124,1974,384,384,8.642863422841708,7.011976280520525,389,-389,-8.755400706993385,-1.7434244264728598,-1.7475645946331821,8.759540875153707,0.004140168160322366
44.45222154178574,1976,336,336,7.558677347186283,14.570653627706807,725,-725,-16.309646061636972,-1.7389924339301643,-1.7475645946331821,16.31821822233999,0.008572160703017806
44.46346815083142,1977,432,-432,-9.715841295477535,4.854812332229272,293,-293,-6.589679397164192,-1.7348670649349192,-1.7475645946331821,6.602376926862455,0.012697529698262988
44.474711915874174,1978,144,144,3.2377950029756675,8.09260733520494,437,-437,-9.82580844653034,-1.7332011113253998,-1.7475645946331821,9.840171929838123,0.014363483307782365
44.48595283907045,1979,552,-552,-12.408411302257118,-4.315803967052178,-115,115,2.585085687970238,-1.7307182790819398,-1.7475645946331821,-2.5682393724189954,0.016846315551242386
44.50842616853577,1981,240,-240,-5.3922373954813505,-9.708041362533528,-355,355,7.976017814149521,-1.7320235483840074,-1.7475645946331821,-7.960476767900346,0.01554104624917474
44.51965857910413,1982,288,288,6.469052306146322,-3.238989056387206,-67,67,1.5049531406659822,-1.734035915721224,-1.7475645946331821,-1.491424461754024,0.013528678911958192
44.553338819890925,1985,480,-480,-10.773603341837651,-14.012592398224857,-547,547,12.277418808302437,-1.7351735899224199,-1.7475645946331821,-12.265027803591675,0.012391004710762266
44.56455991031439,1986,576,576,12.925068735317584,-1.087523662907273,29,-29,-0.6507413078545403,-1.7382649707618134,-1.7475645946331821,0.660040931725909,0.009299623871368734
44.57577817604534,1987,168,-168,-3.768862976132683,-4.856386639039956,-139,139,3.1182854385859597,-1.738101200453996,-1.7475645946331821,-3.1088220444067733,0.00946339417918618
44.58699361921591,1988,288,288,6.459282777834055,1.6028961387940992,149,-149,-3.3417817149211113,-1.7388855761270121,-1.7475645946331821,3.3504607334272816,0.008679018506170033
44.598206241955516,1989,576,-576,-12.915317644729313,-11.312421505935214,-427,427,9.574376101214181,-1.7380454047210332,-1.7475645946331821,-9.564856911302032,0.009519189912148951
44.609416046390926,1990,288,288,6.456036091135944,-4.85638541479927,-139,139,3.115934085652431,-1.7404513291468389,-1.7475645946331821,-3.1088208201660876,0.007113265486343279
44.63182720884279,1992,96,96,2.150931431751461,-2.705453983047809,-43,43,0.9634380371386748,-1.742015945909134,-1.7475645946331821,-0.9578893884146267,0.005548648724048144
44.64302857109943,1993,288,-288,-6.4511752275346534,-9.156629210582462,-331,331,7.414371528867994,-1.7422576817144684,-1.7475645946331821,-7.40906461594928,0.005306912918713769
44.654227123532216,1994,648,648,14.511504100325615,5.354874889743153,317,-317,-7.09899197500487,-1.744117085261717,-1.7475645946331821,7.102439484376335,0.003447509371465207
44.66542286825459,1995,192,-192,-4.298627163260604,1.0562477264825487,125,-125,-2.7985853927477815,-1.7423376662652328,-1.7475645946331821,2.803812321115731,0.005226928367949357
44.67661580737735,1996,72,72,1.6115813317290442,2.667829058211593,197,-197,-4.4094655882030755,-1.7416365299914824,-1.7475645946331821,4.4153936528447755,0.005928064641699704
44.68780594300866,1997,504,-504,-11.278244464334787,-8.610415406123193,-307,307,6.869883036807039,-1.7405323693161545,-1.7475645946331821,-6.862850811490011,0.007032225317027629
44.69899327725402,1998,576,576,12.886196260109367,4.2757808539861735,269,-269,-6.018032628419085,-1.7422517744329111,-1.7475645946331821,6.023345448619356,0.005312820200271018
44.721359549995796,2000,144,144,3.219937887599708,7.495718741585881,413,-413,-9.234960747074132,-1.7392420054882507,-1.7475645946331821,9.243283336219063,0.008322589144931447
44.73253849269008,2001,576,-576,-12.876532819485062,-5.380814077899181,-163,163,3.6438799471806513,-1.73693413071853,-1.7475645946331821,-3.633249483265999,0.010630463914652166
44.74371464239419,2002,192,192,4.291105500169654,-1.0897085777295272,29,-29,-0.6481357265881276,-1.7378443043176548,-1.7475645946331821,0.6578560169036549,0.009720290315527347
44.75488800120049,2003,216,-216,-4.826288471422503,-5.91599704915203,-187,187,4.178314556277829,-1.7376824928742005,-1.7475645946331821,-4.168432454518848,0.009882101758981632
44.76605857119878,2004,192,192,4.2889636954442,-1.62703335370783,5,-5,-0.11169176290219257,-1.7387251166100226,-1.7475645946331821,0.12053124092535206,0.008839478023159542
44.77722635447622,2005,384,-384,-8.575787990084173,-10.202821343792003,-379,379,8.464124083963336,-1.7386972598286672,-1.7475645946331821,-8.45525674915882,0.00886733480451496
44.78839135311738,2006,576,576,12.860475283846215,2.657653940054212,197,-197,-4.398461164787699,-1.7408072247334871,-1.7475645946331821,4.405218534687394,0.006757369899694998
44.81071300481616,2008,168,168,3.749103478490587,6.4067574185447995,365,-365,-8.145373628863496,-1.7386162103186962,-1.7475645946331821,8.154322013177982,0.008948384314485969
44.82186966202994,2009,672,-672,-14.992681141306106,-8.585923722761306,-307,307,6.849334985686009,-1.736588737075297,-1.7475645946331821,-6.838359128128124,0.010975857557885105
44.83302354291979,2010,384,384,8.56511494551298,-0.02080877724832675,77,-77,-1.7174839864700615,-1.7382927637183883,-1.7475645946331821,1.7267558173848554,0.009271830914793888
44.844174649557324,2011,168,-168,-3.7463059876308376,-3.7671147648791643,-91,91,2.029249076633375,-1.7378656882457895,-1.7475645946331821,-2.0195501702459824,0.00969890638739268
44.86646854834911,2013,192,-192,-4.279365107443133,-8.046479872322298,-283,283,6.307605861491703,-1.7388740108305942,-1.7475645946331821,-6.298915277689115,0.008690583802587915
44.87761134463375,2014,432,432,9.626180784946275,1.5797009126239772,149,-149,-3.320141057770819,-1.7404401451468416,-1.7475645946331821,3.3272655072571595,0.007124449486340501
44.8998886412873,2016,144,144,3.2071349029490874,4.786835815573065,293,-293,-6.525628656695028,-1.7387928411219633,-1.7475645946331821,6.534400410206247,0.008771753511218838
44.91102314577124,2017,144,-144,-3.2063397783793124,1.5804960371937526,149,-149,-3.317671020684142,-1.7371749834903896,-1.7475645946331821,3.3280606318269346,0.010389611142792576
44.9221548904324,2018,336,336,7.479605571449573,9.060101608643325,485,-485,-10.796454470693616,-1.7363528620502908,-1.7475645946331821,10.807666203276508,0.01121173258289132
44.93328387732194,2019,384,-384,-8.546003471466912,0.5140981371764131,101,-101,-2.247776954734778,-1.7336788175583648,-1.7475645946331821,2.2616627318095954,0.013885777074817307
44.94441010848846,2020,96,96,2.135971965551926,2.650070102728339,197,-197,-4.383192470976351,-1.7331223682480115,-1.7475645946331821,4.3976346973615215,0.014442226385170676
44.955533585978046,2021,816,-816,-18.151269374645533,-15.501199271917194,-619,619,13.769161449638995,-1.7320378222781994,-1.7475645946331821,-13.753634677284012,0.015526772354982787
44.96665431183423,2022,288,288,6.404746014741998,-9.096453257175195,-331,331,7.361010176665247,-1.735443080509948,-1.7475645946331821,-7.348888662542013,0.012121514123234034
44.98888751680797,2024,336,336,7.468510971169658,-1.6279422860055375,5,-5,-0.11113855611859676,-1.7390808421241342,-1.7475645946331821,0.11962230862764467,0.008483752509047982
45.0,2025,510,-510,-11.333333333333298,-12.961275619338835,-505,505,11.222222222222221,-1.7390533971166136,-1.7475645946331821,-11.213711024705653,0.008511197516568592
45.0111097397076,2026,408,408,9.06442881233995,-3.8968468069988855,-97,97,2.155023516659248,-1.7418232903396373,-1.7475645946331821,-2.149282212365703,0.005741304293544802
45.02221673796171,2027,264,-264,-5.863771691574653,-9.760618498573539,-361,361,8.018263563100236,-1.742354935473303,-1.7475645946331821,-8.013053903940357,0.005209659159879143
45.033320996790806,2028,104,104,2.309401076758499,-7.4512174218150395,-257,257,5.706885353143609,-1.7443320686714303,-1.7475645946331821,-5.703652827181857,0.003232525961751831
45.044422518220834,2029,408,-408,-9.057725178626901,-16.50894260044194,-665,665,14.763204028889527,-1.7457385715524136,-1.7475645946331821,-14.761378005808758,0.001826023080768513
45.05552130427524,2030,480,480,10.65352227884345,-5.855420321598491,-185,185,4.106045044970896,-1.7493752766275943,-1.7475645946331821,-4.107855726965308,-0.0018106819944121444
45.088801270381985,2033,336,-336,-7.451961252753721,-13.307381574352211,-521,521,11.55497563299017,-1.752405941362042,-1.7475645946331821,-11.559816979719029,-0.004841346728859941
45.09988913511872,2034,480,480,10.643041683803949,-2.6643398905482627,-41,41,0.9090931438249105,-1.7552467467233521,-1.7475645946331821,-0.9167752959150806,-0.00768215209016998
45.110974274559844,2035,192,-192,-4.25617054580613,-6.920510436354393,-233,233,5.165040297775157,-1.755470138579236,-1.7475645946331821,-5.17294584172121,-0.007905543946053806
45.12205669071391,2036,360,360,7.978359729202888,1.0578492928484948,127,-127,-2.8145880155798952,-1.7567387227314004,-1.7475645946331821,2.805413887481677,-0.00917412809821827
45.13313638558703,2037,288,-288,-6.381120902822355,-5.32327160997386,-161,161,3.5672238380360883,-1.7560477719377716,-1.7475645946331821,-3.5757070153406776,-0.008483177304589473
45.14421336118285,2038,216,216,4.784666381754397,-0.5386052282194633,55,-55,-1.2183178286874665,-1.7569230569069298,-1.7475645946331821,1.2089593664137188,-0.009358462273747703
45.16635916254486,2040,192,192,4.250951450592466,3.712346222373003,247,-247,-5.468671918210089,-1.756325695837086,-1.7475645946331821,5.459910817006185,-0.008761101203903943
45.17742799230607,2041,384,-384,-8.499819867244224,-4.787473644871221,-137,137,3.0324878172199563,-1.7549858276512644,-1.7475645946331821,-3.0399090502380384,-0.007421233018082285
45.18849411078001,2042,600,600,13.277716193177255,8.490242548306036,463,-463,-10.245970995735135,-1.7557284474290995,-1.7475645946331821,10.237807142939218,-0.008163852795917359
45.19955751995809,2043,360,-360,-7.964679739199697,0.5255628091063382,103,-103,-2.2787833698265705,-1.7532205607202322,-1.7475645946331821,2.2731274037395206,-0.005655966087050102
45.221676218380054,2045,576,-576,-12.737254524101353,-12.211691714995014,-473,473,10.45958574635392,-1.7521059686410947,-1.7475645946331821,-10.464127120361832,-0.004541374007912546
45.232731511594565,2046,384,384,8.489427615079332,-3.722264099915682,-89,89,1.9676017128699494,-1.7546623870457325,-1.7475645946331821,-1.9746995052824998,-0.007097792412550374
45.254833995939045,2048,12,12,0.26516504294495535,-3.4570990569707267,-77,77,1.70147569223013,-1.7556233647405968,-1.7475645946331821,-1.7095344623375446,-0.008058770107414626
45.2658811910251,2049,432,-432,-9.543611847009663,-13.000710903980389,-509,509,11.2446722919628,-1.7560386120175888,-1.7475645946331821,-11.253146309347207,-0.008474017384406674
45.27692569068709,2050,336,336,7.420998552229714,-5.579712351750675,-173,173,3.82093080218969,-1.7587815495609846,-1.7475645946331821,-3.8321477571174922,-0.011216954927802503
45.28796749689701,2051,432,-432,-9.538957561511213,-15.118669913261886,-605,605,13.358956770171961,-1.7597131430899253,-1.7475645946331821,-13.371105318628704,-0.01214854845674318
45.2990066116245,2052,192,192,4.238503542608121,-10.880166370653765,-413,413,9.117197724464384,-1.76296864618938,-1.7475645946331821,-9.132601776020582,-0.01540405155619795
45.31004303683677,2053,216,-216,-4.7671550394333675,-15.647321410087132,-629,629,13.882132036127777,-1.7651893739593554,-1.7475645946331821,-13.89975681545395,-0.017624779326173234
45.32107677449864,2054,864,864,19.06397776687746,3.4166563567903285,235,-235,-5.185225434278082,-1.7685690774877534,-1.7475645946331821,5.164220951423511,-0.021004482854571238
45.34313619501854,2056,192,192,4.234378477355813,7.651034834146142,427,-427,-9.41708130120278,-1.766046467056638,-1.7475645946331821,9.398599428779324,-0.018481872423455892
45.35416188179427,2057,528,-528,-11.641710001744121,-3.9906751675979795,-101,101,2.226918011697239,-1.7637571559007403,-1.7475645946331821,-2.243110572964797,-0.016192561267558192
45.36518488885502,2058,384,384,8.464640912206216,4.473965744608236,283,-283,-6.238264005610287,-1.7642982610020512,-1.7475645946331821,6.2215303392414185,-0.016733666368869082
45.37620521815371,2059,192,-192,-4.231292570124079,0.24267317448415682,91,-91,-2.005456374381733,-1.762783199897576,-1.7475645946331821,1.990237769117339,-0.015218605264393892
45.387222871640866,2060,144,144,3.1726990745224746,3.4153722490066314,235,-235,-5.177668628560974,-1.7622963795543423,-1.7475645946331821,5.162936843639813,-0.014731784921160118
45.39823785126467,2061,600,-600,-13.216372009101912,-9.80099976009528,-365,365,8.03995963887026,-1.7610401212250206,-1.7475645946331821,-8.053435165462098,-0.013475526591838483
45.40925015897091,2062,144,144,3.171160049899036,-6.629839710196244,-221,221,4.866849798803381,-1.7629899113928627,-1.7475645946331821,-4.882275115563061,-0.015425316759680507
45.43126676640219,2064,144,144,3.1696232627722387,-3.460216447424005,-77,77,1.694867994676826,-1.765348452747179,-1.7475645946331821,-1.7126518527908228,-0.017783858113996853
45.44227107000705,2065,288,-288,-6.337711413153491,-9.797927860577495,-365,365,8.032168978475823,-1.7657588821016716,-1.7475645946331821,-8.050363265944313,-0.0181942874684895
45.45327270945405,2066,672,672,14.784413969386529,4.986486108809034,307,-307,-6.754189119943074,-1.7677030111340404,-1.7475645946331821,6.734050703442216,-0.020138416500858236
45.46427168667722,2067,192,-192,-4.223096354059992,0.763389754749042,115,-115,-2.529458753733856,-1.7660689989848142,-1.7475645946331821,2.5109543493822244,-0.01850440435163203
45.47526800360829,2068,144,144,3.1665563793615124,3.9299461341105544,259,-259,-5.695403487879375,-1.7654573537688205,-1.7475645946331821,5.677510728743736,-0.01789275913563837
45.48626166217664,2069,456,-456,-10.02500498692721,-6.0950588528166545,-197,197,4.330978031633058,-1.7640808211835965,-1.7475645946331821,-4.347494258183472,-0.016516226550414403
45.4972526643093,2070,720,720,15.825131361499027,9.730072508682373,523,-523,-11.495199586199888,-1.7651270775175156,-1.7475645946331821,11.477637103315555,-0.017562482884333486
45.51922670696417,2072,192,192,4.217997841571962,13.948070350254334,715,-715,-15.707648212103948,-1.759577861849614,-1.7475645946331821,15.695634944887516,-0.012013267216431922
45.53020975132884,2073,240,-240,-5.27122544154315,8.676844908711184,475,-475,-10.432633686387458,-1.7557887776762744,-1.7475645946331821,10.424409503344366,-0.008224183043092248
45.5411901469428,2074,240,240,5.269954501092689,13.946799409803873,715,-715,-15.700072784505352,-1.7532733747014788,-1.7475645946331821,15.694364004437055,-0.0057087800682966705
45.552167895721496,2075,504,-504,-11.064237406960691,2.8825620028431818,211,-211,-4.6320517715649325,-1.7494897687217508,-1.7475645946331821,4.630126597476364,-0.0019251740885686264
45.574115460423364,2077,192,-192,-4.2129177507950475,-1.3303557479518657,19,-19,-0.41690331908909195,-1.7472590670409578,-1.7475645946331821,0.4172088466813164,0.0003055275922243528
45.58508528016593,2078,480,480,10.529759833724507,9.199404085772642,499,-499,-10.946562827142827,-1.7471587413701855,-1.7475645946331821,10.946968680405824,0.00040585326299669156
45.60701700396552,2080,48,48,1.0524696231684347,10.251873708941076,547,-547,-11.993768414023625,-1.741894705082549,-1.7475645946331821,11.999438303574259,0.005669889550633078
45.617978911828175,2081,720,-720,-15.783250752771046,-5.53137704382997,-173,173,3.792364416985235,-1.739012626844735,-1.7475645946331821,-3.7838124491967875,0.008551967788447135
45.628938186199335,2082,288,288,6.311783956592384,0.7804069127624143,115,-115,-2.520330399333777,-1.7399234865713629,-1.7475645946331821,2.5279715073955966,0.0076411080618192795
45.639894828976104,2083,168,-168,-3.680990077421019,-2.9005831646586047,-53,53,1.161264726805441,-1.7393184378531636,-1.7475645946331821,-1.1530185700254225,0.008246156780018499
45.65084884205331,2084,384,384,8.411672723295869,5.511089558637265,331,-331,-7.250686644299255,-1.7395970856619902,-1.7475645946331821,7.258654153270447,0.007967508971191917
45.661800227323496,2085,384,-384,-8.409655293665345,-2.8985657350280807,-53,53,1.1607076316777676,-1.737858103350313,-1.7475645946331821,-1.1510011403948985,0.009706491282869045
45.67274898667694,2086,288,288,6.305729486175897,3.4071637511478166,235,-235,-5.145300101567154,-1.738136350419337,-1.7475645946331821,5.154728345780999,0.009428244213845138
45.69463863518345,2088,120,120,2.626128657194451,6.033292408342268,355,-355,-7.768963944200251,-1.7356715358579828,-1.7475645946331821,7.78085700297545,0.011893058775199306
45.70557952810576,2089,528,-528,-11.552200091354743,-5.5189076830124755,-173,173,3.785095863265819,-1.7338118197466565,-1.7475645946331821,-3.771343088379293,0.013752774886525598
45.71651780264984,2090,576,576,12.59938481068233,7.080477127669855,403,-403,-8.815194581085114,-1.734717453415259,-1.7475645946331821,8.828041722303038,0.012847141217923186
45.727453460694704,2091,288,-288,-6.29818584250599,0.7822912851638657,115,-115,-2.5149005968339986,-1.7326093116701329,-1.7475645946331821,2.529855879797048,0.014955282963049266
45.73838650411709,2092,120,120,2.6236168166797564,3.405908101843622,235,-235,-5.137916265997856,-1.7320081641542342,-1.7475645946331821,5.153472696476804,0.015556430478947947
45.749316934791494,2093,480,-480,-10.491959927711342,-7.08605182586772,-245,245,5.355271213102684,-1.7307806127650363,-1.7475645946331821,-5.338487231234538,0.016783981868145892
45.760244754590204,2094,336,336,7.34261806950449,0.2565662436367697,91,-91,-1.9886257271574537,-1.732059483520684,-1.7475645946331821,2.004130838269952,0.015505111112498193
45.78209256903839,2096,120,120,2.6211121699831152,2.877678413619885,211,-211,-4.608788898886975,-1.7311104852670902,-1.7475645946331821,4.625243008253067,0.01645410936609193
45.79301256742124,2097,432,-432,-9.43375366195806,-6.556075248338175,-221,221,4.826063794659082,-1.7300114536790927,-1.7475645946331821,-4.808510653704992,0.01755314095408944
45.803929962395145,2098,288,288,6.287670080633868,-0.2684051677043069,67,-67,-1.4627565812585677,-1.7311617489628746,-1.7475645946331821,1.4791594269288753,0.016402845670307586
45.81484475582123,2099,456,-456,-9.953105864056399,-10.221511031760706,-389,389,8.490697765609557,-1.7308132661511486,-1.7475645946331821,-8.473946437127523,0.016751328482033534
45.8257569495584,2100,240,240,5.237229365663844,-4.984281666096861,-149,149,3.2514465645162867,-1.7328351015805747,-1.7475645946331821,-3.236717071463679,0.0147294930526074
45.83666654546336,2101,240,-240,-5.235982851457024,-10.220264517553886,-389,389,8.486655538403259,-1.7336089791506275,-1.7475645946331821,-8.472699922920704,0.01395561548255464
45.8475735453906,2102,312,312,6.805158394939076,-3.4151061226148105,-77,77,1.6794781936227765,-1.735627928992034,-1.7475645946331821,-1.6675415279816284,0.011936665641148148
45.86937976471886,2104,144,144,3.1393491854180255,-0.27575693719678496,67,-67,-1.4606694126597737,-1.7364263498565586,-1.7475645946331821,1.4718076574363972,0.011138244776623507
45.880278987817846,2105,576,-576,-12.554413632770954,-12.83017056996774,-509,509,11.094091213681372,-1.7360793562863677,-1.7475645946331821,-11.082605975334557,0.011485238346814475
45.89117562233506,2106,648,648,14.1203617299492,1.290191159981461,139,-139,-3.0289047538008425,-1.7387135938193814,-1.7475645946331821,3.0377557546146434,0.008851000813800747
45.902069670114,2107,216,-216,-4.70567017026322,-3.415479010281759,-77,77,1.6774842736586515,-1.7379947366231074,-1.7475645946331821,-1.6679144156485768,0.009569858010074705
45.92385001282014,2109,480,-480,-10.452085351424214,-13.867564361705973,-557,557,12.128774043215179,-1.7387903184907945,-1.7475645946331821,-12.119999767072791,0.008774276142387682
45.93473631142341,2110,336,336,7.314725782293047,-6.552838579412926,-221,221,4.811173803234395,-1.7416647761785313,-1.7475645946331821,-4.805273984779744,0.005899818454650818
45.95650117230423,2112,48,48,1.044465935734188,-5.508372643678738,-173,173,3.7644293100419657,-1.7439433336367727,-1.7475645946331821,-3.760808049045556,0.00362126099640947
45.967379738244816,2113,192,-192,-4.176875016442507,-9.685247660121245,-365,365,7.9404134427162125,-1.7448342174050326,-1.7475645946331821,-7.937683065488063,0.0027303772281495053
45.9782557302906,2114,672,672,14.615604470556018,4.930356810434773,307,-307,-6.6770693042569595,-1.7467124938221863,-1.7475645946331821,6.677921405067956,0.0008521008109958483
45.98912915026767,2115,240,-240,-5.21862458442755,-0.2882677739927768,67,-67,-1.4568660298193543,-1.7451338038121311,-1.7475645946331821,1.4592968206404053,0.002430790821051021
46.0,2116,150,150,3.2608695652174005,2.9726017912246236,217,-217,-4.717391304347826,-1.7447895131232025,-1.7475645946331821,4.720166385857806,0.0027750815099796267
46.010868281309364,2117,432,-432,-9.389086016781174,-6.416484225556551,-215,215,4.6728090129813475,-1.7436752125752033,-1.7475645946331821,-4.6689196309233685,0.0038893820579788407
46.021733996015406,2118,240,240,5.214927364987576,-1.2015568605689753,25,-25,-0.5432216005195397,-1.744778461088515,-1.7475645946331821,0.5460077340642069,0.0027861335446670576
46.04345773288535,2120,336,336,7.297453678419548,6.095896817850573,361,-361,-7.840418981873403,-1.74452216402283,-1.7475645946331821,7.843461412483755,0.0030424306103522536
46.05431575867782,2121,480,-480,-10.422475984990738,-4.326579167140165,-119,119,2.5839055046122867,-1.7426736625278787,-1.7475645946331821,-2.579014572506983,0.004890932105303447
46.06517122512408,2122,216,216,4.689008946572497,0.3624297794323317,97,-97,-2.105712351007086,-1.7432825715747544,-1.7475645946331821,2.109994374065514,0.004282023058427731
46.07602413403309,2123,336,-336,-7.29229585917805,-6.929866079745718,-239,239,5.187079495070141,-1.742786584675577,-1.7475645946331821,-5.182301485112536,0.004778009957605134
46.08687448721165,2124,216,216,4.686800795309653,-2.2430652844360655,-23,23,0.49905749209315814,-1.7440077923429074,-1.7475645946331821,-0.4955006898028833,0.0035568022902747742
46.09772228646444,2125,288,-288,-6.247597185177289,-8.490662469613355,-311,311,6.746537238160206,-1.7441252314531486,-1.7475645946331821,-6.743097874980172,0.0034393631800335722
46.10856753359401,2126,720,720,15.615319202345841,7.124656732732486,409,-409,-8.870368824666016,-1.7457120919335303,-1.7475645946331821,8.872221327365668,0.00185250269965187
46.130250378683186,2128,48,48,1.040531963428943,8.16518869616143,457,-457,-9.90673140181307,-1.741542705651641,-1.7475645946331821,9.912753290794612,0.006021888981541101
46.14108798023731,2129,672,-672,-14.564025891366557,-6.398837195205127,-215,215,4.6596213789342515,-1.7392158162708755,-1.7475645946331821,-4.651272600571945,0.00834877836230663
46.151923036857305,2130,384,384,8.320346688334876,1.921509493129749,169,-169,-3.6618192456473637,-1.7403097525176148,-1.7475645946331821,3.6690740877629313,0.007254842115567373
46.16275555033516,2131,312,-312,-6.75869532224523,-4.837185829115481,-143,143,3.097735356029061,-1.73945047308642,-1.7475645946331821,-3.0896212344822986,0.008114121546762165
46.17358552246078,2132,144,144,3.118666189134315,-1.718519639981166,1,-1,-0.0216574040912105,-1.7401770440723765,-1.7475645946331821,0.029044954652016175,0.007387550560805645
46.184412955021955,2133,576,-576,-12.471740207263469,-14.190259847244635,-575,575,12.450087880514593,-1.740171966730042,-1.7475645946331821,-12.442695252611452,0.007392627903140214
46.195237849804386,2134,384,384,8.312545142607695,-5.87771470463694,-191,191,4.134625318328322,-1.7430893863086183,-1.7475645946331821,-4.130150110003758,0.0044752083245638286
46.216880033165374,2136,240,240,5.192907868894996,-0.6848068357419441,49,-49,-1.0602186898993928,-1.745025525641337,-1.7475645946331821,1.062757758891238,0.0025390689918451947
46.22769732530488,2137,192,-192,-4.153354181777521,-4.838161017519465,-143,143,3.0933835833030408,-1.7447774342164246,-1.7475645946331821,-3.090596422886283,0.002787160416757528
46.238512086787566,2138,504,504,10.900004720178085,6.06184370265862,361,-361,-7.807344650762541,-1.7455009481039214,-1.7475645946331821,7.809408297291802,0.002063646529260721
46.24932431938871,2139,192,-192,-4.151412000618337,1.9104317020402828,169,-169,-3.654107438044269,-1.7436757360039863,-1.7475645946331821,3.657996296673465,0.003888858629195857
46.2709412050371,2141,936,-936,-20.228678639848116,-18.318246937807835,-767,767,16.576278329875503,-1.741968607932332,-1.7475645946331821,-16.570682343174653,0.005595986700850153
46.281745861624536,2142,480,480,10.3712595768346,-7.946987360973235,-287,287,6.201148955315706,-1.745838405657529,-1.7475645946331821,-6.199422766340053,0.0017261889756532423
46.3033476111609,2144,168,168,3.62824738744172,-4.318739973531516,-119,119,2.5700085661045464,-1.7487314074269693,-1.7475645946331821,-2.5711753788983334,-0.0011668127937871642
46.314144707637645,2145,384,-384,-8.291203528080622,-12.609943501612138,-503,503,10.86061295475139,-1.7493305468607474,-1.7475645946331821,-10.862378906978956,-0.0017659522275652595
46.32493928760188,2146,336,336,7.253112581842563,-5.356830919769575,-167,167,3.6049696463324854,-1.7518612734370893,-1.7475645946331821,-3.6092663251363923,-0.004296678803907161
46.33573135281238,2147,336,-336,-7.251423257822501,-12.608254177592077,-503,503,10.855553269895028,-1.752700907697049,-1.7475645946331821,-10.860689582958894,-0.00513631306386686
46.34652090502587,2148,144,144,3.1070293344151394,-9.501224843176937,-359,359,7.74599674343775,-1.7552280997391865,-1.7475645946331821,-7.7536602485437545,-0.007663505106004331
46.357307945997036,2149,336,-336,-7.248048147908396,-16.749272991085334,-695,695,14.992242448798484,-1.7570305422868504,-1.7475645946331821,-15.001708396452152,-0.00946594765366826
46.36809247747852,2150,600,600,12.93993278441253,-3.809340206672804,-95,95,2.0488226908653298,-1.7605175158074742,-1.7475645946331821,-2.0617756120396216,-0.012952921174292031
46.389654018972806,2152,120,120,2.5867836813553624,-1.2225565253174415,25,-25,-0.5389132669490336,-1.761469792266475,-1.7475645946331821,0.5250080693157406,-0.013905197633292898
46.400431032480725,2153,384,-384,-8.275785191115965,-9.498341716433407,-359,359,7.736997092735986,-1.761344623697421,-1.7475645946331821,-7.750777121800224,-0.013780029064238919
46.411205543489174,2154,480,480,10.342329926125746,0.8439882096923395,121,-121,-2.6071290022108586,-1.7631407925185192,-1.7475645946331821,2.591552804325522,-0.01557619788533704
46.42197755374064,2155,288,-288,-6.203958021103184,-5.359969811410845,-167,167,3.5974339914035673,-1.7625358200072774,-1.7475645946331821,-3.6124052167776624,-0.014971225374095232
46.4327470649756,2156,216,216,4.651889316342656,-0.7080804950681889,49,-49,-1.0552897060221726,-1.7633702010903616,-1.7475645946331821,1.0394840995649932,-0.015805606457179433
46.44351407893249,2157,288,-288,-6.201081156575151,-6.90916165164334,-239,239,5.146036098685611,-1.763125552957729,-1.7475645946331821,-5.161597057010158,-0.015560958324546847
46.45427859734774,2158,240,240,5.166370186915409,-1.7427914647279312,1,-1,-0.021526542445480877,-1.7643180071734121,-1.7475645946331821,0.004773129905250917,-0.016753412540229995
46.486557196677836,2161,432,-432,-9.293009120298416,-11.035800585026347,-431,431,9.271497525112517,-1.7643030599138303,-1.7475645946331821,-9.288235990393165,-0.01673846528064815
46.49731175025068,2162,672,672,14.45244842560978,3.4166478405834333,241,-241,-5.18309534311305,-1.7664475025296165,-1.7475645946331821,5.164212435216616,-0.01888290789643432
46.50806381693394,2163,192,-192,-4.128316344360277,-0.7116685037768438,49,-49,-1.05358073371695,-1.7652492374937938,-1.7475645946331821,1.0358960908563384,-0.017684642860611666
46.51881339845203,2164,120,120,2.5796014823540863,1.8679329785772425,169,-169,-3.6329387543153384,-1.765005775738096,-1.7475645946331821,3.6154975732104244,-0.017441181104913772
46.52956049652737,2165,336,-336,-7.221215855350185,-5.353282876772942,-167,167,3.589116213819894,-1.7641666629530484,-1.7475645946331821,-3.60571828213976,-0.016602068319866214
46.54030511288038,2166,504,504,10.829323073357253,5.476040196584311,337,-337,-7.24103546770115,-1.764995271116839,-1.7475645946331821,7.223604791217493,-0.017430676483656926
46.561786907291264,2168,288,288,6.185329626060856,11.661369822645167,625,-625,-13.42302436211118,-1.7616545394660132,-1.7475645946331821,13.40893441727835,-0.014089944832831103
46.57252408878007,2169,720,-720,-15.459759033619717,-3.79838921097455,-95,95,2.0398293169359643,-1.7585598940385858,-1.7475645946331821,-2.0508246163413677,-0.010995299405403669
46.58325879540846,2170,192,192,4.121652391114481,0.32326318013993127,97,-97,-2.0822931350942957,-1.7590299549543644,-1.7475645946331821,2.0708277747731136,-0.011465360321182283
46.593991028886975,2171,336,-336,-7.211230302029528,-6.887967121889597,-239,239,5.129416792217405,-1.7585503296721914,-1.7475645946331821,-5.1404025272564144,-0.010985735039009237
46.61544808322666,2173,240,-240,-5.148507841681741,-12.036474963571337,-479,479,10.275563567356452,-1.760911396214885,-1.7475645946331821,-10.288910368938154,-0.013346801581702872
46.62617290749907,2174,768,768,16.471435507340917,4.434960543769581,289,-289,-6.19823549690305,-1.763274953133469,-1.7475645946331821,6.182525138402763,-0.015710358500286903
46.647615158762406,2176,48,48,1.0289915108550516,5.463952054624633,337,-337,-7.224377899128185,-1.760425844503552,-1.7475645946331821,7.211516649257815,-0.012861249870369962
46.65833258915282,2177,480,-480,-10.287551512537092,-4.82359945791246,-143,143,3.0648330547766895,-1.7587664031357702,-1.7475645946331821,-3.0760348632792773,-0.011201808502588007
46.66904755831214,2178,396,396,8.485281374238532,3.6616819163260725,253,-253,-5.421151989096864,-1.7594700727707915,-1.7475645946331821,5.409246510959255,-0.011905478137609338
46.67976006793523,2179,168,-168,-3.5989902209330444,0.0626916953930281,85,-85,-1.8209176713054125,-1.7582259759123844,-1.7475645946331821,1.8102562900262102,-0.010661381279202242
46.69047011971501,2180,384,384,8.224376388059907,8.287068083452935,469,-469,-10.044876369791899,-1.757808286338964,-1.7475645946331821,10.034632678086117,-0.010243691705781766
46.70117771534247,2181,432,-432,-9.250302050906962,-0.9632339674540269,37,-37,-0.7922712404711928,-1.7555052079252196,-1.7475645946331821,0.7843306271791552,-0.007940613292037435
46.71188285650665,2182,264,264,5.651666853399511,4.688432885945484,301,-301,-6.443756526035061,-1.7553236400895775,-1.7475645946331821,6.435997480578666,-0.007759045456395386
46.73328578219169,2184,288,288,6.1626310921571426,10.851063978102626,589,-589,-12.603436504446385,-1.752372526343759,-1.7475645946331821,12.598628572735809,-0.004807931710576918
46.74398357008097,2185,288,-288,-6.161220717704062,4.689843260398565,301,-301,-6.4393313751004,-1.749488114701835,-1.7475645946331821,6.437407855031747,-0.0019235200686529286
46.75467891024384,2186,504,504,10.779669794493447,15.469513054892012,805,-805,-17.21752814398275,-1.7480150890907389,-1.7475645946331821,17.217077649525194,-0.0004504944575567382
46.76537180435969,2187,320,-320,-6.842669857062183,8.626843197829828,485,-485,-10.370921502109944,-1.7440783042801158,-1.7475645946331821,10.37440779246301,0.003486290353066357
46.776062254106,2188,72,72,1.5392488493124465,10.166092047142275,557,-557,-11.907800125931006,-1.7417080787887311,-1.7475645946331821,11.913656641775457,0.005856515844451016
46.78675026115834,2189,720,-720,-15.388972219293588,-5.222880172151314,-163,163,3.483892321867889,-1.7389878502834244,-1.7475645946331821,-3.4753155775181312,0.008576744349757748
46.79743582719036,2190,288,288,6.154183341657934,0.9313031695066201,125,-125,-2.6710865198168015,-1.7397833503101814,-1.7475645946331821,2.6788677641398024,0.007781244323000758
46.8187996428785,2192,96,96,2.050458378520223,2.981761548026843,221,-221,-4.720326058885104,-1.7385645108582608,-1.7475645946331821,4.7293261426600255,0.009000083774921341
46.82947789587238,2193,288,-288,-6.149972473329361,-3.1682109253025175,-67,67,1.43072276289259,-1.7374881624099274,-1.7475645946331821,-1.4206463306693353,0.010076432223254717
46.84015371452148,2194,384,384,8.198094360244486,5.0298834349419685,317,-317,-6.76769768801427,-1.737814253072301,-1.7475645946331821,6.777448029575151,0.00975034156088106
46.850827100489916,2195,384,-384,-8.196226700040105,-3.1663432650981367,-67,67,1.4300708044340884,-1.7362724606640483,-1.7475645946331821,-1.4187786704649545,0.011292133969133866
46.861498055439924,2196,360,360,7.682212795973768,4.515869530875631,293,-293,-6.252467636723087,-1.736598105847456,-1.7475645946331821,6.263434125508813,0.010966488785726147
46.87216658103186,2197,336,-336,-7.1684333050644735,-2.6525637741888426,-43,43,0.917388786064802,-1.7351749881240406,-1.7475645946331821,-0.9049991795556604,0.01238960650914156
46.88283267892417,2198,432,432,9.214460289943219,6.561896515754376,389,-389,-8.297280214786852,-1.735383699032476,-1.7475645946331821,8.309461110387558,0.012180895600706121
46.9041575982343,2200,168,168,3.5817720347742386,10.143668550528615,557,-557,-11.8752799010075,-1.731611350478886,-1.7475645946331821,11.891233145161797,0.01595324415429622
46.9148164229596,2201,768,-768,-16.370094962668084,-6.226426412139469,-211,211,4.497513069170593,-1.7289133429688759,-1.7475645946331821,-4.478861817506287,0.018651251664306256
46.92547282660026,2202,240,240,5.114492951128109,-1.1119334610113603,29,-29,-0.6180012315946448,-1.729934692606005,-1.7475645946331821,0.6356311336218219,0.01762990202717707
46.93612681080534,2203,120,-120,-2.556666008759252,-3.668599469770612,-91,91,1.9388050566424357,-1.7297944131281764,-1.7475645946331821,-1.92103487513743,0.017770181505005755
46.95742752749558,2205,504,-504,-10.733126291998902,-14.401725761769514,-595,595,12.67105187249881,-1.7306738892707045,-1.7475645946331821,-12.654161167136332,0.01689070536247761
46.968074263269514,2206,384,384,8.175766326879135,-6.225959434890379,-211,211,4.492413268154971,-1.7335461667354082,-1.7475645946331821,-4.478394840257197,0.014018427897773966
46.98936049788292,2208,96,96,2.043015673820997,-4.1829437610693825,-115,115,2.4473625259314025,-1.73558123513798,-1.7475645946331821,-2.4353791664362,0.011983359495202128
47.0,2209,294,-294,-6.255319148936148,-10.43826291000553,-409,409,8.702127659574469,-1.7361352504310616,-1.7475645946331821,-8.690698315372348,0.011429344202120495
47.01063709417264,2210,672,672,14.294637161666971,3.8563742516614408,263,-263,-5.594478532021449,-1.738104280360008,-1.7475645946331821,5.603938846294623,0.009460314273174175
47.02127178203499,2211,384,-384,-8.166516673135021,-4.31014242147358,-121,121,2.5733034308576364,-1.736838990615944,-1.7475645946331821,-2.562577826840398,0.0107256040172381
47.031904065219386,2212,96,96,2.041167626700302,-2.2689747947732783,-25,25,0.5315540694532028,-1.7374207253200755,-1.7475645946331821,-0.5214102001400962,0.010143869313106624
47.042533945356304,2213,504,-504,-10.713708589453104,-12.982683384226382,-529,529,11.24514254726321,-1.7375408369631717,-1.7475645946331821,-11.2351187895932,0.010023757670010403
47.05316142407437,2214,576,576,12.241472890816038,-0.7412104934103443,47,-47,-0.99887018379923,-1.7400806772095743,-1.7475645946331821,1.0063541012228379,0.007483917423607878
47.07440918375928,2216,264,264,5.6081426103395415,4.866932116929197,311,-311,-6.606561938695458,-1.7396298217662611,-1.7475645946331821,6.61449671156238,0.007934772866921014
47.085029467974216,2217,336,-336,-7.136026116932557,-2.26909400000336,-25,25,0.5309543241765247,-1.7381396758268353,-1.7475645946331821,-0.5215294053701778,0.009424918806346883
47.095647357266465,2218,312,312,6.624816039435162,4.355722039431802,287,-287,-6.093981420890657,-1.738259381458855,-1.7475645946331821,6.103286634064984,0.009305213174327198
47.10626285325551,2219,576,-576,-12.227673458077966,-7.871951418646164,-289,289,6.135065328792629,-1.7368860898535354,-1.7475645946331821,-6.124386824012982,0.010678504779646714
47.11687595755899,2220,96,96,2.0374865278944414,-5.834464890751723,-193,193,4.096196873787785,-1.7382680169639375,-1.7475645946331821,-4.08690029611854,0.009296577669244632
47.12748667179272,2221,216,-216,-4.583312526387749,-10.417777417139472,-409,409,8.678587144873129,-1.7391902722663435,-1.7475645946331821,-8.67021282250629,0.00837432236683866
47.138094997570704,2222,624,624,13.2377008454022,2.8199234282627277,215,-215,-4.5610667976947346,-1.7411433694320069,-1.7475645946331821,4.56748802289591,0.0064212252011752735
47.15930449020638,2224,72,72,1.5267400734239458,4.346663501686674,287,-287,-6.085755570453792,-1.7390920687671176,-1.7475645946331821,6.094228096319856,0.008472525866064506
47.16990566028302,2225,720,-720,-15.263969472091391,-10.917305970404717,-433,433,9.179581640855076,-1.737724329549641,-1.7475645946331821,-9.169741375771535,0.009840265083541189
47.18050444834179,2226,480,480,10.173693681583115,-0.7436122888216019,47,-47,-0.9961741729883489,-1.7397864618099508,-1.7475645946331821,1.0039523058115802,0.007778132823231365
47.19110085598767,2227,144,-144,-3.051422776498532,-3.795035065320134,-97,97,2.0554722869469257,-1.7395627783732084,-1.7475645946331821,-2.047470470686952,0.00800181625997376
47.20169488482379,2228,216,216,4.5761068649559755,0.7810717996358414,119,-119,-2.5210959117118628,-1.7400241120760214,-1.7475645946331821,2.5286363942690233,0.007540482557160777
47.21228653645151,2229,576,-576,-12.200214017494739,-11.419142217858898,-457,457,9.679683690963811,-1.7394585268950866,-1.7475645946331821,-9.671577623225716,0.008106067738095524
47.22287581247038,2230,240,240,5.082282598651543,-6.336859619207355,-217,217,4.5952305162807505,-1.7416291029266047,-1.7475645946331821,-4.589295024574173,0.005935491706577478
47.24404724407086,2232,288,288,6.096006096009166,-0.2408535231981892,71,-71,-1.502834836168921,-1.7436883593671102,-1.7475645946331821,1.506711071434993,0.003876235266071948
47.25462940284264,2233,192,-192,-4.063093974628668,-4.303947497826857,-121,121,2.5605956819274334,-1.7433518158994237,-1.7475645946331821,-2.5563829031936747,0.004212778733758471
47.265209192385896,2234,408,408,8.632142054831426,4.3281945570045695,287,-287,-6.072119533668197,-1.7439249766636271,-1.7475645946331821,6.075759151637752,0.0036396179695550313
47.275786614291256,2235,288,-288,-6.091913442915372,-1.7637188859108024,-1,1,0.021152477232345077,-1.7425664086784574,-1.7475645946331821,-0.016154291277620247,0.0049981859547247875
47.29693436154187,2237,360,-360,-7.611486978165034,-9.375205864075836,-361,361,7.632629997548777,-1.7425758665270594,-1.7475645946331821,-7.627641269442654,0.0049887281061227196
47.30750469005948,2238,336,336,7.102467192073298,-2.2727386720025384,-25,25,0.5284573803625948,-1.7442812916399437,-1.7475645946331821,-0.5251740773693563,0.003283302993238424
47.32863826479693,2240,48,48,1.0141851056742204,-1.258553566328318,23,-23,-0.48596369646889703,-1.7445172627972152,-1.7475645946331821,0.4890110283048641,0.003047331835966949
47.3392015141785,2241,576,-576,-12.167505610069954,-13.426059176398272,-553,553,11.681650351334543,-1.7444088250637293,-1.7475645946331821,-11.67849458176509,0.0031557695694528487
47.34976240700686,2242,192,192,4.054930589716905,-9.371128586681367,-361,361,7.624114285873986,-1.7470143008073808,-1.7475645946331821,-7.623563992048185,0.0005502938258012957
47.36032094485847,2243,360,-360,-7.601299839567095,-16.972428426248463,-721,721,15.223714400910815,-1.748714025337648,-1.7475645946331821,-15.22486383161528,-0.0011494307044659369
47.37087712930804,2244,192,192,4.053123176839205,-12.919305249409259,-529,529,11.167198752853814,-1.7521064965554451,-1.7475645946331821,-11.171740654776077,-0.004541901922263003
47.38143096192854,2245,384,-384,-8.104440752507996,-21.023746001917253,-913,913,19.269152101666258,-1.7545939002509954,-1.7475645946331821,-19.27618140728407,-0.007029305617813231
47.391982444291145,2246,936,936,19.750176121039985,-1.2735698808772682,23,-23,-0.48531415682043466,-1.7588840376977029,-1.7475645946331821,0.47399471375591395,-0.011319443064520707
47.41307836451879,2248,96,96,2.024757794926073,0.7511879140488049,119,-119,-2.509856016627107,-1.758668102578302,-1.7475645946331821,2.498752508681987,-0.011103507945119828
47.4236228055175,2249,480,-480,-10.121537993173957,-9.370350079125153,-361,361,7.612240032366305,-1.7581100467588477,-1.7475645946331821,-7.6227854844919705,-0.0105454521256656
47.43416490252569,2250,720,720,15.178932768808261,5.808582689683108,359,-359,-7.568384533336322,-1.7598018436532135,-1.7475645946331821,7.556147284316291,-0.012237249020031316
47.44470465710583,2251,168,-168,-3.5409641858701835,2.267618503812925,191,-191,-4.025739044650029,-1.7581205408371043,-1.7475645946331821,4.015183098446107,-0.010555946203922195
47.45524207081869,2252,216,216,4.551657321179784,6.819275824992708,407,-407,-8.576502452408173,-1.7572266274154646,-1.7475645946331821,8.56684041962589,-0.009662032782282504
47.46577714522327,2253,432,-432,-9.101294153012164,-2.282018328019456,-25,25,0.5266952634845015,-1.7553230645349545,-1.7475645946331821,-0.5344537333862738,-0.0077584699017723135
47.47630988187688,2254,432,432,9.099275008416464,6.8172566803970085,407,-407,-8.57269659357759,-1.755439913180581,-1.7475645946331821,8.56482127503019,-0.007875318547398757
47.49736834815167,2256,96,96,2.021164610559645,8.838421290956653,503,-503,-10.590060407411476,-1.7516391164548235,-1.7475645946331821,10.585985885589835,-0.004074521821641364
47.50789408087881,2257,288,-288,-6.062150418827251,2.776270872129402,215,-215,-4.52556368072173,-1.7492928085923278,-1.7475645946331821,4.523835466762584,-0.0017282139591456858
47.51841748206689,2258,336,336,7.0709425482614625,9.847213420390865,551,-551,-11.595504000274072,-1.7482905798832071,-1.7475645946331821,11.594778015024048,-0.0007259852500249853
47.52893855326458,2259,504,-504,-10.604065972043035,-0.7568525516521696,47,-47,-0.9888712315198915,-1.7457237831720611,-1.7475645946331821,0.9907120429810126,0.001840811461121028
47.53945729601885,2260,144,144,3.0290627657640408,2.272210214111871,191,-191,-4.017715196256461,-1.7455049821445896,-1.7475645946331821,4.019774808745053,0.0020596124885925438
47.54997371187496,2261,864,-864,-18.17035704867785,-15.89814683456598,-673,673,14.153530432592591,-1.7446164019733885,-1.7475645946331821,-14.150582239932797,0.0029481926597936248
47.56048780237646,2262,288,288,6.055446722848973,-9.842700111717008,-385,385,8.094954820475216,-1.7477452912417917,-1.7475645946331821,-8.095135517083826,-0.00018069660860953185
47.58150901348127,2264,360,360,7.565964330765562,-2.276735780951446,-25,25,0.5254141896364982,-1.751321591314948,-1.7475645946331821,-0.529171186318264,-0.0037569966817658784
47.59201613716318,2265,384,-384,-8.06858021928069,-10.345316000232136,-409,409,8.59387841064006,-1.7514375895920757,-1.7475645946331821,-8.597751405598954,-0.003872994958893594
47.60252094164762,2266,432,432,9.075149623473877,-1.2701663767582598,23,-23,-0.48316768828680284,-1.7533340650450626,-1.7475645946331821,0.4773982178749223,-0.005769470411880473
47.61302342846965,2267,264,-264,-5.544701449102785,-6.814867825861045,-241,241,5.061640338006699,-1.7532274878543461,-1.7475645946331821,-5.0673032312278625,-0.005662893221163978
47.634021455258214,2269,360,-360,-7.557623501054574,-14.372491326915618,-601,601,12.617032567038425,-1.7554587598771931,-1.7475645946331821,-12.624926732282436,-0.007894165244010987
47.644516998286385,2270,336,336,7.052228066706753,-7.320263260208865,-265,265,5.562025112134753,-1.7582381480741116,-1.7475645946331821,-5.5726986655756825,-0.010673553440929462
47.66550115125194,2272,48,48,1.0070176299560276,-6.313245630252837,-217,217,4.552558868759538,-1.7606867614932984,-1.7475645946331821,-4.565681035619654,-0.013122166860116247
47.67598976424087,2273,576,-576,-12.081553059482074,-18.394798689734913,-793,793,16.63311037529389,-1.7616883144410238,-1.7475645946331821,-16.64723409510173,-0.014123719807841661
47.686476070265456,2274,672,672,14.092045698864897,-4.302752990870015,-121,121,2.5374070380396305,-1.7653459528303848,-1.7475645946331821,-2.555188396236833,-0.017781358197202612
47.69696007084728,2275,240,-240,-5.031767216265221,-9.334520207135236,-361,361,7.56861652113225,-1.7659036860029866,-1.7475645946331821,-7.586955612502054,-0.018339091369804494
47.70744176750625,2276,384,384,8.049058716486115,-1.285461490649121,23,-23,-0.48210507937286634,-1.7675665700219874,-1.7475645946331821,0.46210310398406107,-0.020001975388805215
47.7179211617606,2277,240,-240,-5.029556907695463,-6.315018398344584,-217,217,4.547557704041305,-1.7674606943032796,-1.7475645946331821,-4.567453803711402,-0.019896099670097422
47.7283982551269,2278,288,288,6.034143414168789,-0.28087498417579493,71,-71,-1.4875839666874493,-1.7684589508632442,-1.7475645946331821,1.4666896104573872,-0.020894356230062083
47.74934554525329,2280,192,192,4.020997519600284,3.740122535424489,263,-263,-5.507928894035795,-1.7678063586113062,-1.7475645946331821,5.4876871300576715,-0.02024176397812405
47.75981574503821,2281,240,-240,-5.025145014822051,-1.2850224793975622,23,-23,-0.481576397253783,-1.7665988766513452,-1.7475645946331821,0.46254211523561994,-0.01903428201816304
47.77028364998475,2282,480,480,10.048087709023998,8.763065229626434,503,-503,-10.529558578414692,-1.7664933487882575,-1.7475645946331821,10.510629824259617,-0.018928754155075334
47.78074926160116,2283,144,-144,-3.0137660506660437,5.74929917896039,359,-359,-7.513486195757696,-1.7641870167973055,-1.7475645946331821,7.496863773593573,-0.01662242216412335
47.791212581394085,2284,120,120,2.5109218519121197,8.26022103087251,479,-479,-10.022763058882559,-1.7625420280100492,-1.7475645946331821,10.007785625505692,-0.014977433376867078
47.80167361086848,2285,720,-720,-15.062234135591012,-6.802013104718503,-241,241,5.041664481496413,-1.7603486232220895,-1.7475645946331821,-5.0544485100853205,-0.01278402858890737
47.81213235152768,2286,576,576,12.047151458652621,5.245138353934118,335,-335,-7.006589824042771,-1.7614514701086526,-1.7475645946331821,6.992702948567301,-0.013886875475470406
47.843494855622744,2289,384,-384,-8.026169517063815,-2.781031163129697,-49,49,1.024172672750334,-1.756858490379363,-1.7475645946331821,-1.0334665684965147,-0.00929389574618078
47.853944456021594,2290,240,240,5.0152605543428965,2.2342293912131996,191,-191,-3.9913115244978714,-1.7570821332846718,-1.7475645946331821,3.981793985846382,-0.009517538651489632
47.86439177509728,2291,432,-432,-9.025498580027016,-6.791269188813816,-241,241,5.035058235616955,-1.7562109531968613,-1.7475645946331821,-5.0437045941806335,-0.008646358563679124
47.8748368143433,2292,192,192,4.01045753418583,-2.7808116546279855,-49,49,1.0235021832036741,-1.7573094714243114,-1.7475645946331821,-1.0332470599948034,-0.009744876791129231
47.885279575251516,2293,168,-168,-3.508385071365995,-6.28919672599398,-217,217,4.531664050514426,-1.7575326754795544,-1.7475645946331821,-4.541632131360798,-0.00996808084637224
47.89572005931219,2294,912,912,19.041367347032693,12.752170621038713,695,-695,-14.510691125205742,-1.7585205041670289,-1.7475645946331821,14.499735215671896,-0.01095590953384673
47.916594202843754,2296,192,192,4.006962581422482,16.759133202461197,887,-887,-18.511332342300705,-1.752199139839508,-1.7475645946331821,18.50669779709438,-0.004634545206325891
47.92702786528704,2297,480,-480,-10.015225674940217,6.74390752752098,407,-407,-8.492076770209762,-1.7481692426887818,-1.7475645946331821,8.491472122154162,-0.0006046480555996769
47.93745925682754,2298,384,384,8.01043705597122,14.7543445834922,791,-791,-16.50066591477397,-1.7463213312817683,-1.7475645946331821,16.50190917812538,0.0012432633514138924
47.94788837894741,2299,264,-264,-5.505977612893472,9.248366970598727,527,-527,-10.99109924998055,-1.7427322793818227,-1.7475645946331821,10.99593156523191,0.004832315251359409
47.968739820845826,2301,576,-576,-12.007820137682346,-2.7594531670836187,-49,49,1.021498588101454,-1.7379545789821647,-1.7475645946331821,-1.0118885724504365,0.00961001565101749
47.97916214358062,2302,192,192,4.001737242210015,1.2422840751263964,143,-143,-2.9804605501876758,-1.7381764750612794,-1.7475645946331821,2.9898486697595787,0.009388119571902775
48.0,2304,30,30,0.625,1.8672840751263964,173,-173,-3.6041666666666665,-1.7368825915402701,-1.7475645946331821,3.6148486697595787,0.010682003092912007
48.010415536631214,2305,288,-288,-5.998698340368651,-4.131414265242254,-115,115,2.395313573411102,-1.7361006918311523,-1.7475645946331821,-2.383849670609072,0.011463902802029802
48.02082881417188,2306,768,768,15.993060073410128,11.861645808167873,653,-653,-13.598265921792816,-1.7366201136249426,-1.7475645946331821,13.609210402801056,0.010944481008239526
48.03123983409131,2307,192,-192,-3.997398373708498,7.864247434459376,461,-461,-9.597920053539703,-1.7336726190803269,-1.7475645946331821,9.611812029092558,0.013891975552855262
48.041648597857254,2308,96,96,1.9982661461847016,9.862513580644077,557,-557,-11.5941067023425,-1.731593121698424,-1.7475645946331821,11.610078175277259,0.015971472934758202
48.05205510693585,2309,792,-792,-16.48212544161671,-6.619611860972633,-235,235,4.890529644924177,-1.7290822160484556,-1.7475645946331821,-4.87204726633945,0.018482378584726566
48.062459362791664,2310,384,384,7.989603634334225,1.3699917733615923,149,-149,-3.100132660197384,-1.730140886835792,-1.7475645946331821,3.1175563679947746,0.01742370779739022
48.08326112068523,2312,204,204,4.242640687119299,5.612632460480891,353,-353,-7.341432169377979,-1.7287997088970881,-1.7475645946331821,7.360197055114074,0.018764885736094028
48.093658625644196,2313,576,-576,-11.976630941794616,-6.3639984813137245,-223,223,4.636785937535086,-1.7272125437786388,-1.7475645946331821,-4.616433886680542,0.02035205085454339
48.104053883222775,2314,336,336,6.984858299378908,0.6208598180651839,113,-113,-2.3490743685411295,-1.7282145504759456,-1.7475645946331821,2.3684244126983662,0.019350044157236512
48.11444689487763,2315,432,-432,-8.978592249929642,-8.35773243186446,-319,319,6.630025295665644,-1.7277071361988154,-1.7475645946331821,-6.610167837231277,0.019857458434366704
48.12483766206386,2316,192,192,3.9896238476322226,-4.368108584232237,-127,127,2.63896994088174,-1.7291386433504972,-1.7475645946331821,-2.6205439895990548,0.018425951282684983
48.13522618623496,2317,288,-288,-5.983144213049509,-10.351252797281745,-415,415,8.621544612553954,-1.7297081847277909,-1.7475645946331821,-8.603688202648563,0.01785640990539128
48.14561246884289,2318,432,432,8.972780235780931,-1.3784725615008142,17,-17,-0.35309551853767435,-1.7315680800384885,-1.7475645946331821,0.36909203313236794,0.015996514594693645
48.16637831516918,2320,96,96,1.9930915164897616,0.6146189549889474,113,-113,-2.346034805868154,-1.7314158508792066,-1.7475645946331821,2.3621835496221295,0.01614874375397557
48.176757881783615,2321,720,-720,-14.944965822871037,-14.33034686788209,-607,607,12.599436464559526,-1.7309104033225644,-1.7475645946331821,-12.582782273248908,0.01665419131061774
48.187135212627034,2322,384,384,7.96893192146799,-6.3614149464141,-223,223,4.627791193977531,-1.7336237524365687,-1.7475645946331821,-4.6138503517809175,0.013940842196613401
48.19751030914356,2323,192,-192,-3.98360825628736,-10.34502320270146,-415,415,8.610403262287809,-1.7346199404136513,-1.7475645946331821,-8.597458608068278,0.012944654219530838
48.2078831727758,2324,336,336,6.969814434618217,-3.375208768083243,-79,79,1.638736131948919,-1.736472636134324,-1.7475645946331821,-1.6276441734500608,0.011091958498858245
48.218253804964775,2325,336,-336,-6.968315388588472,-10.343524156671716,-415,415,8.60669906626253,-1.7368250904091855,-1.7475645946331821,-8.595959562038534,0.01073950422399661
48.228622207149975,2326,264,264,5.473927885936198,-4.869596270735518,-151,151,3.130920874152901,-1.7386753965826172,-1.7475645946331821,-3.1220316761023357,0.008889198050564984
48.249352327259274,2328,192,192,3.979328026990458,-0.89026824374506,41,-41,-0.8497523390969203,-1.7400205828419804,-1.7475645946331821,0.8572963508881222,0.007544011791201788
48.25971404805462,2329,384,-384,-7.956947271126188,-8.847215514871248,-343,343,7.107377380198683,-1.7398381346725653,-1.7475645946331821,-7.099650920238066,0.007726459960616827
48.27007354458868,2330,720,720,14.916074228370533,6.068858713499285,377,-377,-7.810222200133017,-1.7413634866337322,-1.7475645946331821,7.816423308132467,0.006201107999449951
48.28043081829324,2331,480,-480,-9.94191625601924,-3.8730575425199554,-103,103,2.1333695299374535,-1.7396880125825018,-1.7475645946331821,-2.125492947886773,0.007876582050680314
48.30113870293329,2333,408,-408,-8.44700582545936,-12.320063367979316,-511,511,10.579460727474887,-1.740602640504429,-1.7475645946331821,-10.572498773346133,0.006961954128753112
48.31148931672465,2334,528,528,10.929077274734562,-1.390986093244754,17,-17,-0.35188316983047085,-1.742869263075225,-1.7475645946331821,0.35657850138842817,0.004695331557957205
48.33218389437829,2336,192,192,3.972508265291378,2.581522172046624,209,-209,-4.324240767947373,-1.7427185959007487,-1.7475645946331821,4.329086766679806,0.00484599873243341
48.342527861087284,2337,384,-384,-7.94331651632753,-5.361794344280906,-175,175,3.62000101655553,-1.7417933277253757,-1.7475645946331821,-3.6142297496477234,0.005771266907806494
48.35286961494633,2338,288,288,5.95621319465548,0.5944188503745744,113,-113,-2.33698642706969,-1.7425675766951154,-1.7475645946331821,2.341983445007757,0.004997017938066728
48.36320915737499,2339,456,-456,-9.428654713879007,-8.834235863504432,-343,343,7.0921679097817965,-1.7420679537226356,-1.7475645946331821,-7.08667126887125,0.00549664091054658
48.373546489791295,2340,288,288,5.953667260281968,-2.880568603222464,-55,55,1.1369850670677442,-1.74358353615472,-1.7475645946331821,-1.133004008589282,0.003981058478462085
48.38388161361178,2341,360,-360,-7.4404943959419905,-10.321062999164454,-415,415,8.577236595322038,-1.7438264038424158,-1.7475645946331821,-8.573498404531271,0.003738190790766316
48.394214530251446,2342,504,504,10.4144680287133,0.09340502954884577,89,-89,-1.8390628066577193,-1.7456577771088735,-1.7475645946331821,1.840969624182028,0.0019068175243086571
48.41487374764082,2344,216,216,4.46143887776897,4.5548439073178155,305,-305,-6.29971693388671,-1.7448730265688948,-1.7475645946331821,6.302408501950998,0.0026915680642873863
48.425200051213004,2345,672,-672,-13.877072253481767,-9.322228346163952,-367,367,7.578698686053379,-1.743529660110573,-1.7475645946331821,-7.574663751530769,0.004034934522609168
48.43552415324934,2346,288,288,5.946049000910425,-3.3761793452535267,-79,79,1.6310342745552846,-1.745145070698242,-1.7475645946331821,-1.6286147506203446,0.002419523934940049
48.4458460551573,2347,120,-120,-2.4769925550144323,-5.853171900267959,-199,199,4.107679320398936,-1.7454925798690235,-1.7475645946331821,-4.105607305634777,0.002072014764158636
48.45616575834287,2348,168,168,3.467051042334573,-2.3861208579333866,-31,31,0.639753466145072,-1.7463673917883145,-1.7475645946331821,-0.6385562633002044,0.0011972028448676841
48.46648326421054,2349,648,-648,-13.370064348747611,-15.756185206680998,-679,679,14.009681624690913,-1.7465035819900852,-1.7475645946331821,-14.008620612047816,0.0010610126430969924
48.47679857416329,2350,480,480,9.901643964084517,-5.854541242596481,-199,199,4.105056560109998,-1.7494846824864831,-1.7475645946331821,-4.1069766479632985,-0.0019200878533010002
48.49742261192856,2352,56,56,1.1547005383792501,-4.69984070421723,-143,143,2.948610303361303,-1.7512304008559272,-1.7475645946331821,-2.952276109584048,-0.0036658062227450383
48.507731342539614,2353,192,-192,-3.9581319242531148,-8.657972628470345,-335,335,6.906115597004153,-1.7518570314661925,-1.7475645946331821,-6.910408033837163,-0.0042924368330103935
48.518037882832814,2354,672,672,13.850518885838348,5.192546257368003,337,-337,-6.945870334118377,-1.7533240767503742,-1.7475645946331821,6.940110852001185,-0.005759482117192016
48.52834223420371,2355,288,-288,-5.934676247749775,-0.7421299903817724,49,-49,-1.0097192227074234,-1.7518492130891958,-1.7475645946331821,1.0054346042514097,-0.004284618456013689
48.53864439804639,2356,192,192,3.955611088465596,3.2134810980838235,241,-241,-4.965116001667734,-1.75163490358391,-1.7475645946331821,4.961045692717006,-0.004070308950727908
48.54894437575342,2357,504,-504,-10.38127618386915,-7.167795085785327,-263,263,5.4172135642015915,-1.7505815215837357,-1.7475645946331821,-5.420230491152145,-0.0030169269505535556
48.55924216871593,2358,360,360,7.413624758582606,0.24582967279727885,97,-97,-1.9975600043958635,-1.7517303315985846,-1.7475645946331821,1.993394267430461,-0.004165736965402456
48.579831205964474,2360,240,240,4.940321817555712,5.186151490352991,337,-337,-6.937035218817809,-1.7508837284648182,-1.7475645946331821,6.933716084986173,-0.0033191338316360675
48.590122453025366,2361,432,-432,-8.89069584909235,-3.7045443587393585,-95,95,1.95512987422169,-1.7494144845176685,-1.7475645946331821,-1.9569797641061764,-0.001849889884486311
48.60041152089147,2362,312,312,6.419698727569089,2.7151543688297304,217,-217,-4.464982768854127,-1.7498284000243967,-1.7475645946331821,4.462718963462913,-0.002263805391214513
48.61069841094653,2363,240,-240,-4.937184773011926,-2.2220304041821954,-23,23,0.4731468740803091,-1.7488835301018864,-1.7475645946331821,-0.4744658095490133,-0.0013189354687042076
48.63126566315131,2365,384,-384,-7.896154763065653,-10.118185167247848,-407,407,8.369101532728367,-1.7490836345194811,-1.7475645946331821,-8.370620572614666,-0.0015190398862989785
48.641546028061235,2366,624,624,12.82853961179645,2.710354444548601,217,-217,-4.461206884230469,-1.7508524396818679,-1.7475645946331821,4.457919039181784,-0.0032878450486857336
48.662100242385755,2368,24,24,0.4931969619160719,3.203551406464673,241,-241,-4.952519492573889,-1.7489680861092158,-1.7475645946331821,4.951116001097855,-0.0014034914760336914
48.67237409455183,2369,864,-864,-17.751342852550902,-14.54779144608623,-623,623,12.79986874668881,-1.747922699397419,-1.7475645946331821,-12.800226851453047,-0.0003581047642369217
48.68264577855234,2370,288,288,5.915865816127908,-8.631925629958321,-335,335,6.881302251398749,-1.7506233785595722,-1.7475645946331821,-6.8843610353251385,-0.0030587839263900296
48.692915295759406,2371,312,-312,-6.407502982824492,-15.039428612782814,-647,647,13.287353941946998,-1.7520746708358157,-1.7475645946331821,-13.291864018149631,-0.004510076202633551
48.703182647543684,2372,288,288,5.913371248942915,-9.126057363839898,-359,359,7.371181522119806,-1.754875841720092,-1.7475645946331821,-7.378492769206716,-0.007311247086909889
48.7134478352744,2373,288,-288,-5.912125148149612,-15.038182511989511,-647,647,13.28175337101666,-1.7564291409728519,-1.7475645946331821,-13.290617917356329,-0.00886454633966971
48.72371086031933,2374,264,264,5.4183065152166145,-9.619875996772898,-383,383,7.8606492247271715,-1.759226772045726,-1.7475645946331821,-7.872311402139715,-0.011662177412543828
48.744230427815765,2376,384,384,7.877855422677276,-1.7420205740956218,1,-1,-0.020515248496555453,-1.7625358225921772,-1.7475645946331821,0.0055440205375603124,-0.014971227958995081
48.75448697299562,2377,192,-192,-3.9380990739651383,-5.68011964806076,-191,191,3.9175881412882476,-1.7625315067725125,-1.7475645946331821,-3.9325550534275777,-0.014966912139330324
48.76474136094644,2378,720,720,14.764766097511046,9.084646449450286,529,-529,-10.848001757754695,-1.7633553083044085,-1.7475645946331821,10.832211044083468,-0.01579071367122631
48.774993593028796,2379,384,-384,-7.872886733805473,1.2117597156448134,145,-145,-2.9728348343796447,-1.7610751187348312,-1.7475645946331821,2.959324310277996,-0.013510524101649102
48.78524367060187,2380,96,96,1.9678081480578937,3.179567863702707,241,-241,-4.940018371686996,-1.760450507984289,-1.7475645946331821,4.9271324583358895,-0.012885913351106781
48.79549159502341,2381,456,-456,-9.345125647765974,-6.1655577840632665,-215,215,4.406144768135251,-1.7594130159280157,-1.7475645946331821,-4.417993189430084,-0.011848421294833544
48.80573736764972,2382,336,336,6.884436505260368,0.7188787211971013,121,-121,-2.4792167176681845,-1.7603379964710832,-1.7475645946331821,2.4664433158302836,-0.0127734018379011
48.82622246293481,2384,168,168,3.440774066179981,4.159652787377082,289,-289,-5.9189506257500675,-1.7592978383729854,-1.7475645946331821,5.9072173820102645,-0.011733243739803223
48.83646178829912,2385,480,-480,-9.8287218693432,-5.669069081966118,-191,191,3.9110122438428228,-1.758056838123295,-1.7475645946331821,-3.9215044873329354,-0.010492243490112907
48.84669896727925,2386,384,384,7.861329590710463,2.1922605087443454,193,-193,-3.9511370078310546,-1.7588764990867092,-1.7475645946331821,3.939825103377528,-0.011311904453527033
48.85693400122443,2387,288,-288,-5.894762041203466,-3.70250153245912,-95,95,1.9444527566469716,-1.7580487758121486,-1.7475645946331821,-1.954936937825938,-0.010484181178966434
48.86716689148246,2388,144,144,2.946763832652205,-0.755737699806915,49,-49,-1.0027182486108213,-1.7584559484177362,-1.7475645946331821,0.9918268948262672,-0.010891353784554081
48.877397639399746,2389,408,-408,-8.347416591408647,-9.103154291215562,-359,359,7.3449082262639225,-1.7582460649516394,-1.7475645946331821,-7.3555896965823795,-0.010681470318457231
48.88762624632127,2390,576,576,11.782122476100735,2.678968184885173,217,-217,-4.438751002281053,-1.7597828173958794,-1.7475645946331821,4.4265327795183556,-0.01221822276269724
48.908077042549934,2392,96,96,1.962865968262872,4.641834153148045,313,-313,-6.399760917357078,-1.7579267642090333,-1.7475645946331821,6.389398747781227,-0.010362169575851121
48.91829923454004,2393,720,-720,-14.718418490960856,-10.076584337812811,-407,407,8.319994896973586,-1.7565894408392246,-1.7475645946331821,-8.329019743179629,-0.009024846206042492
48.92851929090027,2394,720,720,14.715344147639016,4.638759809826205,313,-313,-6.397087108626477,-1.758327298800272,-1.7475645946331821,6.386324404459387,-0.01076270416708991
48.938737212968626,2395,192,-192,-3.9232724613319423,0.7154873484942623,121,-121,-2.472478999068561,-1.7569916505742986,-1.7475645946331821,2.4630519431274447,-0.00942705594111648
48.95916665957459,2397,384,-384,-7.843270753974338,-7.127783405480075,-263,263,5.371823459102259,-1.755959946377816,-1.7475645946331821,-5.380218810846893,-0.008395351744633794
48.96937818678118,2398,240,240,4.901022003681194,-2.226761401798881,-23,23,0.4696812753527802,-1.757080126446101,-1.7475645946331821,-0.4791968071656989,-0.009515531812918754
48.98979485566356,2400,120,120,2.449489742783178,0.22272834098429684,97,-97,-1.9800042087497356,-1.7572758677654388,-1.7475645946331821,1.970292935617479,-0.009711273132256615
49.0,2401,390,-390,-7.959183673469331,-7.7364553324850345,-293,293,5.979591836734694,-1.7568634957503404,-1.7475645946331821,-5.988890737851852,-0.009298901117158254
49.01020301937138,2402,480,480,9.79387903800927,2.0574237055242364,187,-187,-3.815532041891111,-1.7581083363668748,-1.7475645946331821,3.8049883001574187,-0.010543741733692658
49.02040391510457,2403,192,-192,-3.916736392717457,-1.8593126871932206,-5,5,0.10199834356035077,-1.7573143436328698,-1.7475645946331821,-0.11174809256003848,-0.009749748999687613
49.03060268852505,2404,240,240,4.8949020986880445,3.035589411494824,235,-235,-4.792924971632025,-1.757335560137201,-1.7475645946331821,4.783154006128006,-0.009770965504018791
49.040799340956916,2405,480,-480,-9.78776868343426,-6.752179271939436,-245,245,4.995840265502887,-1.7563390064365496,-1.7475645946331821,-5.004614677306254,-0.008774411803367466
49.05099387372289,2406,720,720,14.678601657972147,7.92642238603271,475,-475,-9.68379970491204,-1.75737731887933,-1.7475645946331821,9.673986980665893,-0.009812724246147875
49.07137658554119,2408,288,288,5.869001850762417,13.795424236795128,763,-763,-15.548779208790668,-1.75335497199554,-1.7475645946331821,15.54298883142831,-0.005790377362357768
49.08156476723211,2409,480,-480,-9.779639306048802,4.015784930746326,283,-283,-5.765912340857902,-1.7501274101115758,-1.7475645946331821,5.763349525379509,-0.002562815478393654
49.09175083453431,2410,192,192,3.911044049888216,7.926828980634543,475,-475,-9.675760019254687,-1.7489310386201442,-1.7475645946331821,9.674393575267725,-0.0013664439869620626
49.10193478876367,2411,552,-552,-11.241919536871592,-3.315090556237049,-77,77,1.5681663122085452,-1.7469242440285038,-1.7475645946331821,-1.5675259616038668,0.0006403506046783747
49.1121166312347,2412,120,120,2.4433888871261025,-0.8717016691109465,43,-43,-0.8755476845535208,-1.7472493536644673,-1.7475645946331821,0.8758629255222357,0.000315240968714825
49.122296363260546,2413,288,-288,-5.862918090600531,-6.734619759711478,-245,245,4.987551847906686,-1.747067911804792,-1.7475645946331821,-4.987055165078296,0.0004966828283901048
49.13247398615299,2414,864,864,17.58511082188773,10.850491062176253,619,-619,-12.598592128180902,-1.748101066004649,-1.7475645946331821,12.598055656809436,-0.0005364713714668401
49.16299421312742,2417,432,-432,-8.787097021129911,2.063394041046342,187,-187,-3.8036739420168915,-1.7402799009705494,-1.7475645946331821,3.8109586356795244,0.007284693662632735
49.17316341257699,2418,288,288,5.856853210431047,7.920247251477389,475,-475,-9.659740538037248,-1.739493286559859,-1.7475645946331821,9.66781184611057,0.008071308073323236
49.18333050943175,2419,192,-192,-3.9037616609387826,4.016485590538606,283,-283,-5.753982031487881,-1.7374964409492755,-1.7475645946331821,5.764050185171788,0.010068153683906678
49.193495504995376,2420,312,312,6.34230189981761,10.358787490356216,595,-595,-12.095094969203407,-1.7363074788471913,-1.7475645946331821,12.106352084989398,0.011257115785990868
49.20365840057018,2421,792,-792,-16.096364086432153,-5.737576596075938,-197,197,4.003767329579647,-1.7338092664962907,-1.7475645946331821,-3.9900120014427554,0.013755328136891398
49.21381919745713,2422,240,240,4.876679028649726,-0.8608975674262114,43,-43,-0.8737383259664149,-1.7346358933926262,-1.7475645946331821,0.8866670272069708,0.012928701240555895
49.23413450036468,2424,144,144,2.9248000693285885,2.063902501902377,187,-187,-3.7981778678086617,-1.7342753659062846,-1.7475645946331821,3.8114670965355595,0.013289228726897528
49.24428900898052,2425,336,-336,-6.823126229697894,-4.759223727795517,-149,149,3.0257315720981848,-1.733492155697332,-1.7475645946331821,-3.0116591331623344,0.014072438935850196
49.25444142409901,2426,648,648,13.156173966535773,8.396950238740256,499,-499,-10.13106606373677,-1.734115824996513,-1.7475645946331821,10.144514833373439,0.013448769636669189
49.26459174701441,2427,336,-336,-6.8203143086101745,1.5766359301300819,163,-163,-3.3086643818555204,-1.7320284517254385,-1.7475645946331821,3.324200524763264,0.015536142907743633
49.28488612140643,2429,672,-672,-13.635011722348855,-12.058375792218772,-509,509,10.327709771838563,-1.730666020380209,-1.7475645946331821,-10.31081119758559,0.016898574252973253
49.29503017546495,2430,624,624,12.65847688456365,0.6001010923448771,115,-115,-2.332892374559041,-1.7327912822141638,-1.7475645946331821,2.3476656869780594,0.014773312419018358
49.31531202375181,2432,72,72,1.4599927901768646,2.0600938825217416,187,-187,-3.7919257189315747,-1.731831836409833,-1.7475645946331821,3.8076584771549236,0.015732758223349075
49.3254498205541,2433,240,-240,-4.865642399068244,-2.805548516546502,-53,53,1.074496029794232,-1.7310524867522699,-1.7475645946331821,-1.0579839219133198,0.016512107880912286
49.33558553417604,2434,384,384,7.783428449105784,4.977879932559283,331,-331,-6.7091531683698715,-1.7312732358105887,-1.7475645946331821,6.725444527192465,0.01629135882259347
49.34571916590131,2435,528,-528,-10.700016311949154,-5.722136379389871,-197,197,3.992240934571893,-1.7298954448179784,-1.7475645946331821,-3.974571784756689,0.017669149815203733
49.35585071701227,2436,192,192,3.8901163126709033,-1.832020066718968,-5,5,0.10130511230913847,-1.7307149544098297,-1.7475645946331821,-0.08445547208578597,0.016849640223352447
49.36598018878993,2437,216,-216,-4.375482856289957,-6.207502923008925,-221,221,4.476767181667039,-1.7307357413418858,-1.7475645946331821,-4.459938328375743,0.016828853291296353
49.37610758251404,2438,336,336,6.804910643037162,0.5974077200282366,115,-115,-2.3290616784204734,-1.7316539583922368,-1.7475645946331821,2.344972314661419,0.015910636240945353
49.39635614091387,2440,144,144,2.915194788644091,3.5126025086723276,259,-259,-5.243301737908482,-1.730699229236154,-1.7475645946331821,5.26016710330551,0.016865365397028098
49.4064773081425,2441,912,-912,-18.459118109391888,-14.946515600719561,-653,653,13.216890488413378,-1.7296251123061825,-1.7475645946331821,-13.198951006086379,0.0179394823269996
49.416596402423345,2442,384,384,7.770668721757061,-7.1758468789625,-269,269,5.443515328522474,-1.7323315504400263,-1.7475645946331821,-5.428282284329318,0.015233044193155854
49.42671342502959,2443,144,-144,-2.9134043115858654,-10.089251190548365,-413,413,8.355805421423339,-1.7334457691250265,-1.7475645946331821,-8.341686595915183,0.014118825508155686
49.4368283772331,2444,240,240,4.854680364376429,-5.234570826171937,-173,173,3.4994154293213287,-1.7351553968506082,-1.7475645946331821,-3.4870062315387544,0.012409197782573989
49.44694126030446,2445,384,-384,-7.765899977078541,-13.000470803250478,-557,557,11.26459970633521,-1.7358710969152682,-1.7475645946331821,-11.252906208617295,0.011693497717913948
49.457052075512955,2446,336,336,6.793773302278105,-6.206697500972373,-221,221,4.468523511319853,-1.7381739896525197,-1.7475645946331821,-4.459132906339191,0.009390604980662465
49.47726750741192,2448,144,144,2.9104275004359907,-3.2962700005363823,-77,77,1.5562702606498033,-1.739999739886579,-1.7475645946331821,-1.5487054059032002,0.007564854746603178
49.48737212663449,2449,480,-480,-9.699444108119405,-12.995714108655786,-557,557,11.255396600463621,-1.740317508192165,-1.7475645946331821,-11.248149514022604,0.007247086441017236
49.49747468305833,2450,756,756,15.273506473629515,2.2777923649737293,199,-199,-4.020407127317799,-1.7426147623440693,-1.7475645946331821,4.025356959606912,0.004949832289112832
49.50757517794625,2451,192,-192,-3.878194383584538,-1.6004020186108088,7,-7,-0.14139250356818597,-1.7417945221789948,-1.7475645946331821,0.14716257602237337,0.005770072454187369
49.51767361255979,2452,120,120,2.423377175166054,0.8229751565552452,127,-127,-2.5647408437174115,-1.7417656871621663,-1.7475645946331821,2.570539751188427,0.005798907471015857
49.52776998815917,2453,624,-624,-12.5989924470491,-11.776017290493856,-497,497,10.034774432986183,-1.7412428575076735,-1.7475645946331821,-10.028452695860674,0.006321737125508653
49.53786430600334,2454,384,384,7.751646248372187,-4.024371042121669,-113,113,2.281083401213683,-1.7432876409079863,-1.7475645946331821,-2.276806447488487,0.004276953725195876
49.558046773455466,2456,408,408,8.232769985166787,4.208398943045117,295,-295,-5.952615553000555,-1.744216609955438,-1.7475645946331821,5.9559635376783,0.00334798467774422
49.56813492557492,2457,384,-384,-7.746912418160702,-3.5385134751155842,-89,89,1.7955083469174473,-1.743005128198137,-1.7475645946331821,-1.790948880482402,0.004559466435045234
49.57822102496216,2458,216,216,4.356751725545893,0.8182382504303085,127,-127,-2.56160865344597,-1.7433704030156614,-1.7475645946331821,2.565802845063491,0.0041941916175207705
49.58830507286975,2459,456,-456,-9.195716597490351,-8.377478347060043,-329,329,6.63462886090856,-1.7428494861514832,-1.7475645946331821,-6.6299137524268605,0.004715108481698982
49.60846701924985,2461,432,-432,-8.708190878633067,-17.08566922569311,-761,761,15.34012328388831,-1.7455459418047994,-1.7475645946331821,-15.338104631059927,0.002018652828382761
49.61854492022111,2462,384,384,7.739041937191215,-9.346627288501896,-377,377,7.597965651877887,-1.7486616366240089,-1.7475645946331821,-7.599062693868714,-0.0010970419908267193
49.63869458396343,2464,96,96,1.933975113660911,-7.412652174840985,-281,281,5.660906322278296,-1.7517458525626886,-1.7475645946331821,-5.6650875802078025,-0.00418125792950641
49.64876634922564,2465,384,-384,-7.734331147303377,-15.146983322144361,-665,665,13.394089096241398,-1.7528942259029634,-1.7475645946331821,-13.39941872751118,-0.005329631269781254
49.658836071740545,2466,720,720,14.4989302399243,-0.648053082220061,55,-55,-1.1075571711053245,-1.7556102533253855,-1.7475645946331821,1.0995115124131212,-0.008045658692203306
49.66890375275057,2467,168,-168,-3.3823979855947015,-4.030451067814763,-113,113,2.2750653117392843,-1.7553857560754786,-1.7475645946331821,-2.2828864731815806,-0.007821161442296498
49.678969393496885,2468,144,144,2.898610856022499,-1.1318402117922641,31,-31,-0.6240065037270678,-1.7558467155193318,-1.7475645946331821,0.615724382840918,-0.008282120886149658
49.68903299521938,2469,624,-624,-12.558103114223202,-13.689943326015467,-593,593,11.934222991561398,-1.7557203344540682,-1.7475645946331821,-11.942378731382284,-0.008155739820886021
49.69909455915671,2470,384,384,7.726498911221095,-5.963444414794371,-209,209,4.2053080011594135,-1.7581364136349578,-1.7475645946331821,-4.215879820161189,-0.010571819001775618
49.71921157862421,2472,144,144,2.8962647521528577,-3.0671796626415135,-65,65,1.3073417284023356,-1.759837934239178,-1.7475645946331821,-1.3196150680083314,-0.012273339605995748
49.72926703662542,2473,240,-240,-4.826131859599711,-7.893311522241224,-305,305,6.133209238241308,-1.7601022839999159,-1.7475645946331821,-6.145746927608042,-0.012537689366733717
49.73932046178355,2474,936,936,18.818109924102725,10.924798401861501,631,-631,-12.686140344133154,-1.7613419422716525,-1.7475645946331821,12.672362996494684,-0.013777347638470383
49.749371855331,2475,360,-360,-7.236272269866277,3.688526131995224,271,-271,-5.44730495870493,-1.7587788267097055,-1.7475645946331821,5.436090726628406,-0.01121423207652339
49.759421218498915,2476,120,120,2.411603613174424,6.100129745169648,391,-391,-7.8578084395933265,-1.7576786944236789,-1.7475645946331821,7.84769433980283,-0.010114099790496711
49.76946855251722,2477,456,-456,-9.162243706075051,-3.0621139609054033,-65,65,1.306021580909818,-1.7560923799955854,-1.7475645946331821,-1.3145493662722212,-0.008527785362403284
49.77951385861457,2478,384,384,7.714016675426935,4.6519027145215315,319,-319,-6.408258644430204,-1.7563559299086728,-1.7475645946331821,6.399467309154714,-0.008791335275490697
49.79959839195493,2480,96,96,1.9277263893659995,6.579629103887531,415,-415,-8.333400537363426,-1.7537714334758947,-1.7475645946331821,8.327193698520713,-0.006206838842712559
49.80963762164909,2481,624,-624,-12.52769604026959,-5.948066936382058,-209,209,4.195975116051858,-1.7520918203302003,-1.7475645946331821,-4.200502341748876,-0.0045272256970181335
49.8196748283246,2482,288,288,5.780848650506618,-0.16721828587543985,79,-79,-1.585718900659808,-1.7529371865352479,-1.7475645946331821,1.5803463087577423,-0.0053725919020657376
49.82971001320397,2483,480,-480,-9.63280741294313,-9.800025698818569,-401,401,8.047407859562945,-1.752617839255624,-1.7475645946331821,-8.052461104185387,-0.005053244622441833
49.839743177508446,2484,384,384,7.704694597489174,-2.0953311013293954,-17,17,0.3410932504096794,-1.7542378509197158,-1.7475645946331821,-0.34776650669621323,-0.006673256286533702
49.84977432245807,2485,288,-288,-5.777358150852303,-7.872689252181698,-305,305,6.118382763923425,-1.7543064882582726,-1.7475645946331821,-6.125124657548516,-0.006741893625090478
49.85980344927164,2486,672,672,13.477790795619878,5.60510154343818,367,-367,-7.360638723203014,-1.7555371797648336,-1.7475645946331821,7.3526661380713625,-0.007972585131651444
49.879855653359705,2488,144,144,2.8869369831526455,8.492038526590825,511,-511,-10.24461665549309,-1.7525781289022646,-1.7475645946331821,10.239603121224008,-0.005013534269082465
49.889878733065686,2489,528,-528,-10.583308947793716,-2.091270421202891,-17,17,0.34075047748578413,-1.7505199437171068,-1.7475645946331821,-0.3437058265697088,-0.0029553490839246965
49.8998997994986,2490,384,384,7.695406234139564,5.604135812936673,367,-367,-7.354724187315656,-1.7505883743789834,-1.7475645946331821,7.351700407569855,-0.0030237797458012583
49.90991885387112,2491,288,-288,-5.770396077846205,-0.16626026490953194,79,-79,-1.5828517019092005,-1.7491119668187325,-1.7475645946331821,1.5813043297236502,-0.0015473721855503442
49.92995093127971,2493,360,-360,-7.210101217513251,-7.376361482422783,-281,281,5.627884561447894,-1.7484769209748885,-1.7475645946331821,-5.6287968877896,-0.0009123263417063487
49.93996395673509,2494,240,240,4.8057703887796235,-2.5705910936431593,-41,41,0.8209857747498551,-1.749605318893304,-1.7475645946331821,-0.8230264990099772,-0.0020407242601219178
49.969990994595946,2497,336,-336,-6.724035632432593,-9.294626726075752,-377,377,7.5445280756758795,-1.7500986503998721,-1.7475645946331821,-7.547062131442569,-0.002534055766689969
49.9799959983992,2498,480,480,9.603842305537018,0.30921557946126654,103,-103,-2.060824494729831,-1.7516089152685645,-1.7475645946331821,2.056780174094449,-0.0040443206353824035
49.98999899979995,2499,432,-432,-8.64172851857283,-8.332512939111563,-329,329,6.581316394931646,-1.7511965441799173,-1.7475645946331821,-6.584948344478381,-0.0036319495467351803
50.0,2500,150,150,3.000000000000002,-5.332512939111561,-179,179,3.58,-1.7525129391115613,-1.7475645946331821,-3.584948344478379,-0.0049483444783791075
50.00999900019995,2501,672,-672,-13.437312806131153,-18.769825745242713,-851,851,17.01659702085972,-1.7532287243829927,-1.7475645946331821,-17.02226115060953,-0.005664129749810565
50.0199960015992,2502,504,504,10.075970417588263,-8.69385532765445,-347,347,6.937225664490376,-1.756629663164074,-1.7475645946331821,-6.946290733021268,-0.009065068530891951
50.039984012787215,2504,432,432,8.63309628335617,-0.06075904429827972,85,-85,-1.698641629827042,-1.7594006741253216,-1.7475645946331821,1.6868055503349024,-0.011836079492139495
50.049975024968795,2505,480,-480,-9.590414376041869,-9.651173420340148,-395,395,7.892111830284501,-1.7590615900556479,-1.7475645946331821,-7.903608825706966,-0.011496995422465739
50.05996404313531,2506,384,384,7.6708005556918835,-1.980372864648265,-11,11,0.21973647425159154,-1.7606363903966735,-1.7475645946331821,-0.23280827001508286,-0.013071795763491378
50.06995106848019,2507,336,-336,-6.710611710813413,-8.690984575461677,-347,347,6.930304356107947,-1.7606802193537296,-1.7475645946331821,-6.943419980828494,-0.013115624720547503
50.07993610219566,2508,96,96,1.9169353531940887,-6.774049222267588,-251,251,5.01198722553872,-1.7620619967288684,-1.7475645946331821,-5.026484627634406,-0.014497402095686285
50.08991914547278,2509,336,-336,-6.7079365615300865,-13.481985783797676,-587,587,11.71892488576824,-1.763060898029435,-1.7475645946331821,-11.734421189164493,-0.015496303396252964
50.0999001995014,2510,624,624,12.455114631270357,-1.0268711525273186,37,-37,-0.7385244252516142,-1.765395577778933,-1.7475645946331821,0.7206934421058635,-0.017830983145750823
50.11985634456667,2512,72,72,1.4365563920417213,0.4096852395144026,109,-109,-2.1747867601742703,-1.7651015206598677,-1.7475645946331821,2.157249834147585,-0.01753692602668555
50.12983143797713,2513,384,-384,-7.6601095392691105,-7.250424299754708,-275,275,5.485755529424477,-1.764668770330231,-1.7475645946331821,-5.502859705121526,-0.017104175697048918
50.1398045468867,2514,480,480,9.573232371720621,2.3228080719659134,205,-205,-4.08856799208901,-1.765759920123097,-1.7475645946331821,4.070372666599096,-0.01819532548991476
50.149775672479336,2515,144,-144,-2.8713986866151204,-0.548590614649207,61,-61,-1.2163563880800157,-1.7649470027292227,-1.7475645946331821,1.1989739799839751,-0.017382408096040525
50.15974481593781,2516,432,432,8.612484006552178,8.06389339190297,493,-493,-9.828598646366192,-1.7647052544632214,-1.7475645946331821,9.811457986536153,-0.017140659830039207
50.16971197844373,2517,288,-288,-5.7405153157694695,2.3233780761335012,205,-205,-4.086130693516473,-1.7627526173829722,-1.7475645946331821,4.070942670766684,-0.015188022749790031
50.17967716117751,2518,360,360,7.174219133448755,9.497597209582256,565,-565,-11.259538362218148,-1.7619411526358917,-1.7475645946331821,11.245161804215439,-0.014376558002709539
50.19960159204453,2520,240,240,4.780914437337583,14.278511646919839,805,-805,-16.035983841903114,-1.7574721949832757,-1.7475645946331821,16.02607624155302,-0.009907600350093526
50.20956084253277,2521,384,-384,-7.647945800687241,6.630565846232598,421,-421,-8.384857245024314,-1.7542913987917164,-1.7475645946331821,8.37813044086578,-0.006726804158534216
50.21951811795888,2522,432,432,8.60223307968207,15.232798925914668,853,-853,-16.985427817057463,-1.7526288911427947,-1.7475645946331821,16.98036352054785,-0.005064296509612598
50.22947341949744,2523,248,-248,-4.937340233069882,10.295458692844786,605,-605,-12.044721133093917,-1.7492624402491312,-1.7475645946331821,12.043023287477968,-0.0016978456159491007
50.24937810560445,2525,840,-840,-16.71662479552795,-6.421166102683163,-235,235,4.676674793986949,-1.7444913086962135,-1.7475645946331821,-4.67360150804998,0.0030732859369686505
50.25932749251625,2526,720,720,14.32569904774809,7.904532945064927,485,-485,-9.649950052996985,-1.7454171079320577,-1.7475645946331821,9.65209753969811,0.0021474867011244125
50.27922035990614,2528,96,96,1.9093374820217563,9.813870427086684,581,-581,-11.555469552652479,-1.741599125565795,-1.7475645946331821,11.561435021719866,0.0059654690673871524
50.28916384272063,2529,720,-720,-14.31719967052556,-4.503329243438877,-139,139,2.764014936393107,-1.73931430704577,-1.7475645946331821,-2.7557646488056946,0.008250287587412197
50.299105359837164,2530,288,288,5.725747961910338,1.2224187184714612,149,-149,-2.962279327516102,-1.7398606090446407,-1.7475645946331821,2.9699833131046436,0.007703985588541462
50.309044912421065,2531,408,-408,-8.109873695878317,-6.887454977406856,-259,259,5.148179625569758,-1.7392753518370982,-1.7475645946331821,-5.1398903827736735,0.008289242796083895
50.3189825016365,2532,240,240,4.769571801102973,-2.1178831763038826,-19,19,0.377591100920653,-1.7402920753832296,-1.7475645946331821,-0.3703185816707004,0.007272519249952536
50.32891812864648,2533,192,-192,-3.8149041771417918,-5.932787353445674,-211,211,4.1924207363381,-1.7403666171075738,-1.7475645946331821,-4.1852227588124915,0.007197977525608357
50.33885179461288,2534,720,720,14.303067597522286,8.370280244076612,509,-509,-10.11147417658167,-1.7411939325050572,-1.7475645946331821,10.117844838709795,0.006370662128124982
50.35871324805669,2536,168,168,3.336066177316059,11.706346421392672,677,-677,-13.443552393112924,-1.7372059717202522,-1.7475645946331821,13.453911016025854,0.010358622912929993
50.368641037852115,2537,720,-720,-14.294608414368856,-2.588261992976184,-43,43,0.8537057803025782,-1.7345562126736058,-1.7475645946331821,-0.840697398343002,0.01300838195957632
50.37856687124,2538,384,384,7.62228907744527,5.034027084469086,341,-341,-6.768751498460535,-1.734724413991449,-1.7475645946331821,6.781591679102268,0.01284018064173309
50.38849074937649,2539,264,-264,-5.239291673034795,-0.20526458856570873,77,-77,-1.5281267379684875,-1.7333913265341963,-1.7475645946331821,1.5423000060674734,0.014173268098985892
50.39841267341661,2540,240,240,4.762054740795277,4.556790152229568,317,-317,-6.28988063680042,-1.7330904845708517,-1.7475645946331821,6.30435474686275,0.014474110062330459
50.40833264451424,2541,528,-528,-10.474458731327708,-5.91766857909814,-211,211,4.185815894526763,-1.7318526845713773,-1.7475645946331821,-4.170103984464958,0.015711910061804835
50.41825066382212,2542,192,192,3.8081448180385067,-2.1095237610596334,-19,19,0.37684766428505917,-1.7326760967745742,-1.7475645946331821,-0.3619591664264512,0.014888497858607908
50.44799302251776,2545,288,-288,-5.708849505102211,-7.818373266161844,-307,307,6.085474993286032,-1.7328982728758122,-1.7475645946331821,-6.0708086715286615,0.014666321757369927
50.457903246171455,2546,768,768,15.22060867755698,7.402235411395136,461,-461,-9.136328906710544,-1.734093495315408,-1.7475645946331821,9.149800006028318,0.013471099317774238
50.46781152378217,2547,360,-360,-7.133259579333121,0.26897583206201503,101,-101,-2.0012756042018056,-1.7322997721397906,-1.7475645946331821,2.0165404266951974,0.015264822493391561
50.47771785649585,2548,168,168,3.3282011773513713,3.5971770094133864,269,-269,-5.329084028020951,-1.7319070186075645,-1.7475645946331821,5.344741604046568,0.01565757602561768
50.48762224545735,2549,840,-840,-16.637741344128877,-13.04056433471549,-571,571,11.30970274702085,-1.7308615876946405,-1.7475645946331821,-11.292999740082308,0.016703006938541654
50.49752469181039,2550,336,336,6.653791488803286,-6.386772845912205,-235,235,4.653693451990369,-1.7330793939218356,-1.7475645946331821,-4.6392082512790225,0.014485200711346513
50.51732376126036,2552,240,240,4.750845494789363,-1.6359273511228416,5,-5,-0.09897594780811197,-1.7349032989309536,-1.7475645946331821,0.11163724351034054,0.012661295702228514
50.52722038663912,2553,288,-288,-5.699897951959264,-7.335825303082106,-283,283,5.60094139029333,-1.734883912788776,-1.7475645946331821,-5.5882607084489235,0.012680681844406072
50.53711507397311,2554,456,456,9.02307144625356,1.6872461431714543,173,-173,-3.4232266671093763,-1.735980523937922,-1.7475645946331821,3.4348107378046366,0.011584070695260129
50.547007824400445,2555,288,-288,-5.697666635392331,-4.010420492220876,-115,115,2.2751099412156757,-1.7353105510052007,-1.7475645946331821,-2.262855897587694,0.012254043627981437
50.566787519082126,2557,216,-216,-4.271578452922051,-8.281998945142927,-331,331,6.545798462579658,-1.7362004825632695,-1.7475645946331821,-6.534434350509745,0.011364112069912613
50.57667446560717,2558,768,768,15.184865515866472,6.902866570723544,437,-437,-8.64034665421045,-1.737480083486906,-1.7475645946331821,8.650431165356727,0.010084511146276176
50.59644256269407,2560,24,24,0.47434164902525694,7.377208219748801,461,-461,-9.111312508360143,-1.7341042886113422,-1.7475645946331821,9.124772814381982,0.013460306021839896
50.60632371551998,2561,768,-768,-15.175969001764752,-7.798760782015951,-307,307,6.066435525444996,-1.732325256570955,-1.7475645946331821,-6.051196187382769,0.015239338062227104
50.61620293937506,2562,288,288,5.689877613793901,-2.10888316822205,-19,19,0.3753738703544598,-1.7335092978675903,-1.7475645946331821,-0.361318573588868,0.014055296765591807
50.62608023538856,2563,144,-144,-2.844383751032365,-4.953266919254415,-163,163,3.2196843848491357,-1.7335825344052793,-1.7475645946331821,-3.2057023246212326,0.013982060227902826
50.635955604688654,2564,336,336,6.635601046480296,1.6823341272258814,173,-173,-3.4165445864318005,-1.734210459205919,-1.7475645946331821,3.4298987218590637,0.013354135427263047
50.6458290484024,2565,768,-768,-15.16413127063286,-13.481797143406979,-595,595,11.748252742221998,-1.7335444011849805,-1.7475645946331821,-11.734232548773797,0.014020193448201601
50.65570056765576,2566,216,216,4.2640807960302745,-9.217716347376705,-379,379,7.48188250784939,-1.7358338395273147,-1.7475645946331821,-7.470151752743522,0.011730755105867408
50.67543783727971,2568,192,192,3.7888177822265168,-5.428898565150188,-187,187,3.690150652481038,-1.73874791266915,-1.7475645946331821,-3.681333970517006,0.00881668196403207
50.68530358989675,2569,384,-384,-7.57616059887912,-13.005059164029309,-571,571,11.265592973854044,-1.7394661901752642,-1.7475645946331821,-11.257494569396126,0.008098404457917985
50.695167422546305,2570,528,528,10.415193929612611,-2.5898652344166972,-43,43,0.848207081388907,-1.7416581530277901,-1.7475645946331821,-0.8423006397835151,0.005906441605391999
50.70502933634887,2571,336,-336,-6.626561593548555,-9.216426827965252,-379,379,7.474603702246684,-1.7418231257185681,-1.7475645946331821,-7.46886223333207,0.005741468914614023
50.714889332423866,2572,72,72,1.4197014121051774,-7.796725415860075,-307,307,6.053449076615135,-1.7432763392449395,-1.7475645946331821,-6.049160821226892,0.004288255388242623
50.724747411889595,2573,528,-528,-10.409120339478237,-18.205845755338313,-835,835,16.461392961106807,-1.7444527942315062,-1.7475645946331821,-16.45828116070513,0.0031118004016759127
50.73460357586329,2574,720,720,14.191497503738043,-4.0143482516002695,-115,115,2.26669751795815,-1.7476507336421196,-1.7475645946331821,-2.266783656967087,-8.613900893750248e-05
50.75431016179808,2576,192,192,3.782929949947675,-0.23141830165259458,77,-77,-1.5171125320102687,-1.7485308336628633,-1.7475645946331821,1.5161462929805876,-0.0009662390296811818
50.76416058598822,2577,240,-240,-4.7277448741316155,-4.9591631757842105,-163,163,3.210926727014389,-1.7482364487698216,-1.7475645946331821,-3.211598581151028,-0.0006718541366395048
50.774009099144415,2578,192,192,3.7814622758090377,-1.1777008999751728,29,-29,-0.5711583645753251,-1.748859264550498,-1.7475645946331821,0.5698636946580093,-0.0012946699173157494
50.78385570237849,2579,504,-504,-9.924413832492693,-11.102114732467866,-475,475,9.353366211178667,-1.7487485212891993,-1.7475645946331821,-9.354550137834684,-0.0011839266560171868
50.79370039680118,2580,192,192,3.779996308599145,-7.322118423868721,-283,283,5.571557059028966,-1.750561364839755,-1.7475645946331821,-5.574553829235539,-0.002996770206572963
50.80354318352215,2581,432,-432,-8.503343919132721,-15.825462343001442,-715,715,14.073821532823843,-1.7516408101775998,-1.7475645946331821,-14.07789774836826,-0.004076215544417616
50.813384063650005,2582,600,600,11.807912640662378,-4.017549702339064,-115,115,2.2631832561269363,-1.7543664462121278,-1.7475645946331821,-2.2699851077058817,-0.006801851578945639
50.83306010855534,2584,192,192,3.777069481750233,-0.240480220588831,77,-77,-1.5147622400769198,-1.7552424606657508,-1.7475645946331821,1.5070843740443511,-0.007677866032568703
50.84289527554464,2585,480,-480,-9.440847091783859,-9.681327312372689,-403,403,7.926377870810249,-1.7549494415624398,-1.7475645946331821,-7.933762717739507,-0.007384846929257671
50.85272854036448,2586,672,672,13.214630154340798,3.5333028419681085,269,-269,-5.289784987377434,-1.7564821454093256,-1.7475645946331821,5.280867436601291,-0.008917550776143424
50.86255990411808,2587,192,-192,-3.7748788177776147,-0.24157597580950618,77,-77,-1.513883692546228,-1.7554596683557342,-1.7475645946331821,1.505988618823676,-0.007895073722552048
50.882216932834204,2589,384,-384,-7.546840981926692,-7.788416957736199,-307,307,6.033542139196641,-1.754874818539558,-1.7475645946331821,-6.040852363103016,-0.007310223906375812
50.89204259999789,2590,288,288,5.659037941621368,-2.1293790161148305,-19,19,0.37333930864863313,-1.7560397074661973,-1.7475645946331821,-0.38181442148164835,-0.008475112833015164
50.91168824543142,2592,108,108,2.1213203435596384,-0.008058672555192103,89,-89,-1.748125097933409,-1.7561837704886012,-1.7475645946331821,1.73950592207799,-0.008619175855419048
50.92150822589606,2593,288,-288,-5.655763350967283,-5.663822023522475,-199,199,3.907975370980839,-1.7558466525416363,-1.7475645946331821,-3.916257428889293,-0.008282057908454155
50.93132631298737,2594,528,528,10.36690065275906,4.703078629236585,329,-329,-6.459678626435176,-1.7565999971985908,-1.7475645946331821,6.4506432238697675,-0.00903540256540869
50.941142507800116,2595,288,-288,-5.653583445952364,-0.950504816715779,41,-41,-0.8048504211251657,-1.7553552378409447,-1.7475645946331821,0.7970597779174031,-0.007790643207762571
50.950956811427986,2596,240,240,4.7104120318731715,3.7599072151573925,281,-281,-5.515107420651489,-1.7552002054940967,-1.7475645946331821,5.507471809790575,-0.007635610860914577
50.96076922496363,2597,648,-648,-12.715663634107267,-8.955756418949875,-367,367,7.201618138452696,-1.7541382804971786,-1.7475645946331821,-7.2081918243166925,-0.006573685863996426
50.97057974949863,2598,288,288,5.6503183094132625,-3.3054381095366123,-79,79,1.549913702929327,-1.7555244066072853,-1.7475645946331821,-1.5578735149034302,-0.007959811974103115
50.99019513592785,2600,360,360,7.060180864974656,3.754742755438044,281,-281,-5.5108633973829715,-1.7561206419449276,-1.7475645946331821,5.502307350071226,-0.008556047311745418
51.0,2601,510,-510,-9.99999999999997,-6.245257244561926,-229,229,4.490196078431373,-1.7550611661305533,-1.7475645946331821,-4.4976926499287435,-0.007496571497371152
51.0098029794274,2602,312,312,6.116471379546999,-0.12878586501492695,83,-83,-1.627138219558983,-1.75592408457391,-1.7475645946331821,1.6187787296182552,-0.008359489940727771
51.01960407529639,2603,480,-480,-9.408148273585159,-9.536934138600085,-397,397,7.781322634611089,-1.7556115039889955,-1.7475645946331821,-7.789369543966902,-0.008046909355813314
51.02940328869229,2604,192,192,3.762536648014186,-5.774397490585899,-205,205,4.017291733556805,-1.7571057570290938,-1.7475645946331821,-4.026832895952716,-0.009541162395911629
51.03920062069938,2605,192,-192,-3.7618144027540317,-9.53621189333993,-397,397,7.77833498902789,-1.75787690431204,-1.7475645946331821,-7.788647298706747,-0.010312309678857767
51.048996072400875,2606,720,720,14.104097149704186,4.5678852563642565,323,-323,-6.327254693547768,-1.7593694371835111,-1.7475645946331821,6.315449850997439,-0.011804842550328987
51.068581339214816,2608,24,24,0.4699562699927743,5.037841526357031,347,-347,-6.79478440364553,-1.7569428772884992,-1.7475645946331821,6.7854061209902135,-0.009378282655317038
51.07837115648854,2609,1008,-1008,-19.734380270502736,-14.696538744145705,-661,661,12.940898173414688,-1.7556405707310176,-1.7475645946331821,-12.948974149512523,-0.008075976097835502
51.088159097779204,2610,720,720,14.093285268353027,-0.6032534757926786,59,-59,-1.1548664317122501,-1.7581199075049287,-1.7475645946331821,1.1443111188405035,-0.010555312871746603
51.09794516416487,2611,192,-192,-3.7574896482266067,-4.360743124019285,-133,133,2.6028443917403017,-1.7578987322789832,-1.7475645946331821,-2.6131785293861025,-0.010334137645801045
51.10772935672255,2612,168,168,3.2871740168182826,-1.0735691072010023,35,-35,-0.6848279201704782,-1.7583970273714806,-1.7475645946331821,0.6739954874321799,-0.01083243273829848
51.11751167652823,2613,288,-288,-5.634077061936522,-6.707646169137524,-253,253,4.949380196770624,-1.7582659723668996,-1.7475645946331821,-4.960081574504342,-0.010701377733717488
51.12729212465687,2614,552,552,10.796581963584721,4.088935794447197,299,-299,-5.848148563608417,-1.7592127691612198,-1.7475645946331821,5.8365003890803795,-0.01164817452803768
51.146847410177685,2616,336,336,6.5693198508484665,10.658255645295664,635,-635,-12.41523245621668,-1.7569768109210155,-1.7475645946331821,12.405820239928847,-0.009412216287833397
51.15662224971465,2617,384,-384,-7.506359550588626,3.1518960947070385,251,-251,-4.906500643744126,-1.7546045490370874,-1.7475645946331821,4.899460689340221,-0.0070399544039052575
51.16639522186413,2618,480,480,9.381157259929287,12.533053354636326,731,-731,-14.286720743767255,-1.7536673891309285,-1.7475645946331821,14.280617949269509,-0.006102794497746311
51.176166327695945,2619,384,-384,-7.503492886535016,5.029560468101311,347,-347,-6.780500082363685,-1.750939614262374,-1.7475645946331821,6.777125062734493,-0.0033750196291919554
51.19570294468082,2621,744,-744,-14.532469664571499,-9.502909196470188,-397,397,7.754557065638414,-1.7483521308317744,-1.7475645946331821,-7.755344601837006,-0.0007875361985922869
51.20546845796843,2622,288,288,5.624399281424446,-3.8785099150457425,-109,109,2.1286788947057818,-1.7498310203399607,-1.7475645946331821,-2.13094532041256,-0.0022664257067785964
51.22499389946279,2624,96,96,1.8740851426632748,-2.0044247723824675,-13,13,0.2537823630689849,-1.7506424093134827,-1.7475645946331821,-0.2568601777492854,-0.00307781468030055
51.234753829797995,2625,576,-576,-11.242368840367181,-13.246793612749649,-589,589,11.49610285933372,-1.7506907534159293,-1.7475645946331821,-11.499229018116466,-0.003126158782747135
51.24451190127583,2626,432,432,8.430171036310332,-4.8166225764393165,-157,157,3.063742714585036,-1.7528798618542805,-1.7475645946331821,-3.069057981806134,-0.005315267221098319
51.254268114957995,2627,288,-288,-5.619044239477716,-10.435666815917031,-445,445,8.682203772804076,-1.753463043112955,-1.7475645946331821,-8.688102221283849,-0.005898448479772833
51.264022471905186,2628,240,240,4.6816458878452005,-5.754020928071831,-205,205,3.998905862534461,-1.7551150655373697,-1.7475645946331821,-4.006456333438648,-0.0075504709041875895
51.273774973177076,2629,288,-288,-5.616906501435919,-11.370927429507748,-493,493,9.615051754194104,-1.7558756753136446,-1.7475645946331821,-9.623362834874566,-0.00831108068046249
51.28352561983234,2630,720,720,14.039596367406665,2.668668937898916,227,-227,-4.426372743612905,-1.757703805713989,-1.7475645946331821,4.4162335325320985,-0.010139211080806954
51.30302135352264,2632,96,96,1.8712348214050838,4.539903759304,323,-323,-6.295925492852513,-1.756021733548513,-1.7475645946331821,6.287468353937182,-0.008457138915330953
51.31276644267,2633,384,-384,-7.483517779713383,-2.943614020409383,-61,61,1.1887879806315493,-1.7548260397778335,-1.7475645946331821,-1.1960494257762007,-0.007261445144651324
51.32250968142536,2634,432,432,8.41735921882151,5.473745198412127,371,-371,-7.228796921719366,-1.755051723307239,-1.7475645946331821,7.221309793045309,-0.007487128674056764
51.332251070842396,2635,288,-288,-5.610507896927003,-0.1367626985148762,83,-83,-1.616917206406041,-1.7536799049209173,-1.7475645946331821,1.610801896118306,-0.006115310287735154
51.34199061197374,2636,264,264,5.1419899550686665,5.00522725655379,347,-347,-6.7586004333668015,-1.7533731768130112,-1.7475645946331821,6.752791851186973,-0.005808582179829047
51.35172830587107,2637,648,-648,-12.618854737278857,-7.613627480725067,-301,301,5.861535919631093,-1.752091561093974,-1.7475645946331821,-5.866062886091885,-0.00452696646079187
51.36146415358503,2638,240,240,4.672763986679467,-2.9408634940456,-61,61,1.1876608466143619,-1.7532026474312383,-1.7475645946331821,-1.193298899412418,-0.005638052798056181
51.38093031466052,2640,96,96,1.8683974659876552,-1.072466028057945,35,-35,-0.6811865761413326,-1.7536526041992775,-1.7475645946331821,0.6750985665752371,-0.006088009566095343
51.39066063011839,2641,240,-240,-4.670109258322001,-5.742575286379946,-205,205,3.989051658150045,-1.753523628229901,-1.7475645946331821,-3.9950106917467636,-0.005959033596718788
51.40038910358559,2642,624,624,12.13998591999888,6.397410633618934,419,-419,-8.151689263589084,-1.75427862997015,-1.7475645946331821,8.144975228252116,-0.006714035336967905
51.41011573610781,2643,240,-240,-4.668341951065424,1.7290686825535104,179,-179,-3.4818050385029506,-1.7527363559494402,-1.7475645946331821,3.476633277186693,-0.005171761316258072
51.419840528729765,2644,216,216,4.200713144555848,5.929781827109358,395,-395,-7.681859685646088,-1.7520778585367296,-1.7475645946331821,7.6773464217425404,-0.004513263903547449
51.42956348249516,2645,552,-552,-10.733126291998895,-4.803344464889537,-157,157,3.052718891021452,-1.7506255738680845,-1.7475645946331821,-3.0557798702563543,-0.003060979234902339
51.43928459844674,2646,672,672,13.063945294843569,8.260600829954033,515,-515,-10.01180331375664,-1.751202483802608,-1.7475645946331821,10.008165424587215,-0.0036378891694257565
51.45872132107443,2648,264,264,5.13032569062071,13.390926520574743,779,-779,-15.138347397702788,-1.7474208771280448,-1.7475645946331821,15.138491115207925,0.00014371750513730852
51.468436929831086,2649,528,-528,-10.258714495640168,3.1322120249345744,251,-251,-4.876775262131975,-1.7445632371974007,-1.7475645946331821,4.879776619567757,0.0030013574357814488
51.478150704935004,2650,360,360,6.993258208972294,10.125470233906867,611,-611,-11.869113238005768,-1.7436430040989013,-1.7475645946331821,11.87303482854005,0.003921590534280872
51.487862647424,2651,624,-624,-12.119361105994761,-1.9938908720878938,-13,13,0.25248668970822785,-1.741404182379666,-1.7475645946331821,-0.2463262774547117,0.0061604122535161565
51.507281038703645,2653,288,-288,-5.591442494966687,-7.585333367054581,-301,301,5.843833996475611,-1.7414993705789694,-1.7475645946331821,-5.8377687724213985,0.006065224054212726
51.51698748956503,2654,576,576,11.180777993213972,3.5954446261593915,275,-275,-5.3380450488434,-1.7426004226840082,-1.7475645946331821,5.343009220792574,0.004964171949173979
51.536394906900505,2656,120,120,2.3284515771189973,5.923896203278389,395,-395,-7.664486441350037,-1.7405902380716478,-1.7475645946331821,7.671460797911571,0.006974356561534334
51.54609587543949,2657,384,-384,-7.4496427610721145,-1.5257465577937257,11,-11,-0.21340122492654662,-1.7391477827202724,-1.7475645946331821,0.22181803683945645,0.008416811912909772
51.55579501860097,2658,288,288,5.5861809500967405,4.060434392303015,299,-299,-5.7995420280518015,-1.7391076357487867,-1.7475645946331821,5.807998986936197,0.00845695888439546
51.56549233741495,2659,312,-312,-6.050557957605703,-1.9901235653026879,-13,13,0.25210658156690274,-1.738016983735785,-1.7475645946331821,-0.2425589706695057,0.009547610897397085
51.57518783291051,2660,288,288,5.584080487172259,3.5939569218695713,275,-275,-5.332021298515184,-1.738064376645613,-1.7475645946331821,5.341521516502754,0.00950021798756917
51.58488150611572,2661,576,-576,-11.166062287682342,-7.572105365812771,-301,301,5.835042966306213,-1.7370623995065575,-1.7475645946331821,-5.8245407711795885,0.010502195126624647
51.59457335805772,2662,288,288,5.581982391856,-1.9901229739567707,-13,13,0.25196448296572144,-1.7381584909910492,-1.7475645946331821,-0.2425583793235886,0.009406103642132901
51.61395160225576,2664,360,360,6.9748583246291185,4.984735350672348,347,-347,-6.722988440684215,-1.7382530900118676,-1.7475645946331821,6.73229994530553,0.009311504621314581
51.62363799656123,2665,384,-384,-7.4384529045701315,-2.453717553897784,-37,37,0.7167259309091052,-1.7369916229886786,-1.7475645946331821,-0.7061529592646016,0.010572971644503548
51.633322573702344,2666,816,816,15.803747644463987,13.350030090566204,779,-779,-15.087156145879266,-1.7371260553130625,-1.7475645946331821,15.097594685199386,0.010438539320119622
51.64300533470143,2667,192,-192,-3.717831655141629,9.632198435424575,587,-587,-11.366495737333985,-1.7342973019094092,-1.7475645946331821,11.379763030057758,0.013267292723772917
51.65268628057983,2668,96,96,1.8585674223896818,11.490765857814257,683,-683,-13.222932807209906,-1.7321669493956495,-1.7475645946331821,13.238330452447439,0.01539764523753262
51.66236541235796,2669,768,-768,-14.86575370426774,-3.374987846453484,-85,85,1.6452982615400624,-1.7296895849134217,-1.7475645946331821,-1.627423251820302,0.017875009719760415
51.67204273105525,2670,480,480,9.289355996594187,5.914368150140703,395,-395,-7.644365872197313,-1.72999772205661,-1.7475645946331821,7.661932744773885,0.01756687257657208
51.70106381884226,2673,624,-624,-12.069384146261772,-6.155015996121069,-229,229,4.429309245983867,-1.7257067501372019,-1.7475645946331821,-4.4074514014878865,0.021857844495980272
51.710733895391584,2674,384,384,7.425924388867065,1.270908392745996,155,-155,-2.9974434382145456,-1.7265350454685495,-1.7475645946331821,3.0184729873791785,0.02102954916463262
51.720402163943,2675,504,-504,-9.744703809580395,-8.473795416834399,-349,349,6.747820693538732,-1.7259747232956668,-1.7475645946331821,-6.726230822201217,0.02158987133751533
51.73006862551025,2676,144,144,2.7836808228974097,-5.69011459393699,-205,205,3.962878949263678,-1.727235644673312,-1.7475645946331821,-3.9425499993038073,0.020328949959870224
51.73973328110612,2677,264,-264,-5.102461556298831,-10.79257615023582,-469,469,9.064600264788483,-1.7279758854473375,-1.7475645946331821,-9.045011555602638,0.019588709185844655
51.749396131742444,2678,480,480,9.27547055385979,-1.5171055963760303,11,-11,-0.21256286685928563,-1.7296684632353159,-1.7475645946331821,0.23045899825715188,0.017896131397866277
51.76871642217914,2680,144,144,2.781602673430517,1.2644970770544868,155,-155,-2.994086210984241,-1.7295891339297542,-1.7475645946331821,3.012061671687669,0.017975460703427926
51.778373863998475,2681,864,-864,-16.686503177357412,-15.422006100302927,-709,709,13.692975408271135,-1.7290306920317917,-1.7475645946331821,-13.674441505669744,0.01853390260139043
51.78802950489621,2682,360,360,6.951413356361856,-8.47059274394107,-349,349,6.739009059361959,-1.7315836845791113,-1.7475645946331821,-6.723028149307888,0.015980910054070874
51.79768334587948,2683,120,-120,-2.3167059267631576,-10.787298670704228,-469,469,9.054458997099319,-1.732839673604909,-1.7475645946331821,-9.039734076071046,0.014724921028273164
51.81698563212646,2685,288,-288,-5.558023039870513,-16.34532171057474,-757,757,14.60910917077085,-1.7362125398038906,-1.7475645946331821,-14.597757115941558,0.01135205482929158
51.82663407939975,2686,384,384,7.409317753719029,-8.93600395685571,-373,373,7.197071672232356,-1.7389322846233544,-1.7475645946331821,-7.188439362222528,0.008632310009827782
51.84592558726288,2688,48,48,0.9258200997725511,-8.01018385708316,-325,325,6.268573592209984,-1.7416102648731755,-1.7475645946331821,-6.262619262449977,0.005954329760006649
51.85556864985669,2689,288,-288,-5.553887605488542,-13.564071462571702,-613,613,11.821295493626682,-1.7427759689450202,-1.7475645946331821,-11.81650686793852,0.004788625688161963
51.86520991955976,2690,720,720,13.882137971034801,0.31806650846309914,107,-107,-2.063039948473195,-1.7449734400100958,-1.7475645946331821,2.0656311030962815,0.0025911546230863447
51.87484939737175,2691,576,-576,-11.103646693751696,-10.785580185288596,-469,469,9.040990103072222,-1.7445900822163747,-1.7475645946331821,-9.038015590655414,0.002974512416807462
51.884487084291386,2692,144,144,2.7753960401701185,-8.010184145118478,-325,325,6.26391467399506,-1.7462694711234175,-1.7475645946331821,-6.2626195504852955,0.001295123509764684
51.894122981316485,2693,504,-504,-9.71208242947773,-17.72226657459621,-829,829,15.974833996105225,-1.747432578490983,-1.7475645946331821,-15.974701979963026,0.00013201614219915392
51.90375708944392,2694,720,720,13.871828175352674,-3.8504383992435347,-109,109,2.100040654324197,-1.7503977449193378,-1.7475645946331821,-2.1028738046103523,-0.0028331502861556057
51.92301994298868,2696,288,288,5.546672753553702,1.6962343543101674,179,-179,-3.44741119057677,-1.7511768362666027,-1.7475645946331821,3.44379894894335,-0.0036122416334205543
51.93264869039514,2697,288,-288,-5.545644354035483,-3.8494099997253155,-109,109,2.0988723423259437,-1.7505376573993718,-1.7475645946331821,-2.101845405092133,-0.0029730627661896936
51.94227565288221,2698,288,288,5.5446165263269105,1.695206526601595,179,-179,-3.4461331882379227,-1.7509266616363277,-1.7475645946331821,3.4427711212347774,-0.0033620670031455635
51.95190083144215,2699,360,-360,-6.929486587372842,-5.234280060771247,-181,181,3.4839918675402113,-1.7502881932310355,-1.7475645946331821,-3.4867154661380644,-0.002723598597853316
51.96152422706632,2700,224,224,4.3108820099491885,-0.9233980508220583,43,-43,-0.8275353858384635,-1.7509334366605218,-1.7475645946331821,0.8241665438111239,-0.003368842027339669
51.97114584074513,2701,576,-576,-11.083072937530234,-12.006470988352293,-533,533,10.255690756429898,-1.7507802319223948,-1.7475645946331821,-10.25890639371911,-0.0032156372892127028
51.980765673468106,2702,576,576,11.08102184600944,-0.9254491423428526,43,-43,-0.827229061420847,-1.7526782037636996,-1.7475645946331821,0.8221154522903296,-0.005113609130517505
52.0,2704,78,78,1.4999999999999991,0.5745508576571465,121,-121,-2.326923076923077,-1.7523722192659306,-1.7475645946331821,2.322115452290329,-0.0048076246327484196
52.009614495783374,2705,864,-864,-16.612313095880246,-16.0377622382231,-743,743,14.285820173888002,-1.751942064335097,-1.7475645946331821,-14.290197643589917,-0.004377469701914771
52.01922721455981,2706,384,384,7.381885901844358,-8.655876336378741,-359,359,6.901294371776412,-1.7545819646023286,-1.7475645946331821,-6.908311741745559,-0.007017369969146481
52.028838157314254,2707,168,-168,-3.228978504037237,-11.884854840415978,-527,527,10.128998045402517,-1.755856795013461,-1.7475645946331821,-10.137290245782795,-0.00829220038027878
52.03844732503075,2708,360,360,6.9179619782168285,-4.966892862199149,-167,167,3.209165695450567,-1.757727166748582,-1.7475645946331821,-3.2193282675659667,-0.010162572115399948
52.04805471869242,2709,480,-480,-9.222246683267768,-14.189139545466917,-647,647,12.430820008488,-1.7583195369789166,-1.7475645946331821,-12.441574950833735,-0.010754942345734486
52.05766033928148,2710,288,288,5.5323270028461575,-8.65681254262076,-359,359,6.896199284797804,-1.7606132578229552,-1.7475645946331821,-6.909247947987577,-0.013048663189773047
52.076866265166146,2712,240,240,4.6085722358554175,-4.048240306765342,-119,119,2.2850837336116414,-1.7631565731537004,-1.7475645946331821,-2.3006757121321595,-0.015591978520518301
52.08646657242167,2713,288,-288,-5.52926736928028,-9.577507676045622,-407,407,7.813929928114861,-1.7635777479307606,-1.7475645946331821,-7.8299430814124396,-0.016013153297578464
52.09606511052442,2714,960,960,18.427495396500742,8.84998772045512,553,-553,-10.615005160692707,-1.765017440237587,-1.7475645946331821,10.597552315088302,-0.017452845604404965
52.10566188045211,2715,192,-192,-3.684820287678388,5.165167432776732,361,-361,-6.928229811728623,-1.7630623789518909,-1.7475645946331821,6.912732027409914,-0.01549778431870874
52.124850119688595,2717,384,-384,-7.366927657696097,-2.201760224919365,-23,23,0.4412482711640919,-1.7605119537552731,-1.7475645946331821,-0.4541956302861829,-0.012947359122090996
52.1344415909483,2718,432,432,8.286268862137545,6.08450863721818,409,-409,-7.845101769940344,-1.760593132722164,-1.7475645946331821,7.832073231851362,-0.013028538088981856
52.15361924162119,2720,144,144,2.7610739598505285,8.84558259706871,553,-553,-10.603290970814896,-1.757708373746187,-1.7475645946331821,10.593147191701892,-0.010143779113004792
52.16320542297991,2721,624,-624,-11.962455047386777,-3.116872450318068,-71,71,1.361112673660997,-1.755759776657071,-1.7475645946331821,-1.3693078556848859,-0.008195182023888803
52.172789842982326,2722,240,240,4.60009903097569,1.4832265806576217,169,-169,-3.2392364009786974,-1.7560098203210757,-1.7475645946331821,3.230791175290804,-0.00844522568789352
52.182372502598994,2723,288,-288,-5.519105134318211,-4.03587855366059,-119,119,2.280463579805098,-1.7554149738554918,-1.7475645946331821,-2.2883139590274073,-0.007850379222309689
52.191953402799555,2724,240,240,4.598409991436088,0.5625314377754984,121,-121,-2.3183650373490257,-1.7558335995735272,-1.7475645946331821,2.3100960324086808,-0.008269004940345104
52.20153254455275,2725,360,-360,-6.896349253592243,-6.333817815816745,-239,239,4.578409643357104,-1.7554081724596404,-1.7475645946331821,-4.586253221183562,-0.007843577826458281
52.21110992882645,2726,816,816,15.628857557565304,9.29503974174856,577,-577,-11.051287758229222,-1.7562480164806615,-1.7475645946331821,11.042604336381743,-0.008683421847479389
52.230259428802384,2728,144,144,2.7570224918429425,12.052062233591503,721,-721,-13.804258448741392,-1.7521962151498887,-1.7475645946331821,13.799626828224685,-0.004631620516706514
52.23983154643591,2729,960,-960,-18.376782075697466,-6.324719842105964,-239,239,4.575053037595523,-1.7496668045104409,-1.7475645946331821,-4.577155247472781,-0.0021022098772587317
52.24940191045253,2730,384,384,7.3493664225691635,1.0246465804632,145,-145,-2.7751513835222035,-1.7505048030590036,-1.7475645946331821,2.7722111750963823,-0.0029402084258214334
52.25897052181568,2731,264,-264,-5.051764268677878,-4.027117688214678,-119,119,2.277121015047992,-1.7499966731666858,-1.7475645946331821,-2.2795530935814954,-0.00243207853350369
52.26853738148792,2732,120,120,2.2958361953801414,-1.7312814928345364,1,-1,-0.019131968294834524,-1.750413461129371,-1.7475645946331821,0.016283101798645783,-0.002848866496188762
52.278102490430925,2733,384,-384,-7.345331634220776,-9.076613127055312,-383,383,7.32620316642336,-1.750409960631952,-1.7475645946331821,-7.32904853242213,-0.0028453659987699442
52.28766584960549,2734,336,336,6.425989658181185,-2.6506234688741275,-47,47,0.8988735533765391,-1.7517499154975884,-1.7475645946331821,-0.9030588742409453,-0.004185320864406261
52.306787322488084,2736,120,120,2.2941573387056162,-0.35646613016851125,73,-73,-1.3956123810459173,-1.7520785112144286,-1.7475645946331821,1.391098464464671,-0.004513916581246447
52.316345438113316,2737,192,-192,-3.6699811195169114,-4.026447249685423,-119,119,2.274623714700579,-1.7518235349848439,-1.7475645946331821,-2.2788826550522403,-0.004258940351661744
52.32590180780452,2738,468,468,8.943945232305566,4.9174979826201435,349,-349,-6.669736936056894,-1.7522389534367502,-1.7475645946331821,6.665062577253326,-0.004674358803568035
52.3354564325181,2739,384,-384,-7.3372819532993825,-2.419783970679239,-35,35,0.668762678035098,-1.751021292644141,-1.7475645946331821,-0.6722193760460569,-0.0034566980109589363
52.3450093132096,2740,144,144,2.7509785916431273,0.3311946209638883,109,-109,-2.082337961729871,-1.7511433407659829,-1.7475645946331821,2.0787592155970707,-0.0035787461328007364
52.354560450833695,2741,696,-696,-13.293970840489052,-12.962776219525164,-587,587,11.212012763458366,-1.7507634560667977,-1.7475645946331821,-11.215211624891982,-0.003198861433615585
52.364109846344185,2742,384,384,7.333267024433325,-5.629509195091839,-203,203,3.876701057187407,-1.7528081379044322,-1.7475645946331821,-3.881944600458657,-0.005243543271250095
52.38320341483518,2744,384,384,7.3305940638837,1.7010848687918605,181,-181,-3.4553060561534865,-1.754221187361626,-1.7475645946331821,3.448649463425043,-0.0066565927284438775
52.392747589718944,2745,576,-576,-10.993888018826183,-9.292803150034324,-395,395,7.539211401799265,-1.753591748235059,-1.7475645946331821,-7.545238555401141,-0.006027153601876778
52.40229002629561,2746,456,456,8.701909778583776,-0.590893371450548,61,-61,-1.1640712642403612,-1.7549646356909092,-1.7475645946331821,1.1566712231826342,-0.007400041057727069
52.41183072551463,2747,432,-432,-8.24241386000085,-8.833307231451398,-371,371,7.0785544955099855,-1.7547527359414126,-1.7475645946331821,-7.085742636818216,-0.007188141308230422
52.43090691567332,2749,504,-504,-9.612650813204558,-18.445958044655956,-875,875,16.688629884035702,-1.7573281606202542,-1.7475645946331821,-16.698393450022774,-0.009763565987072065
52.44044240850758,2750,864,864,16.475833542163624,-1.9701245024923324,-11,11,0.20976176963403032,-1.760362732858302,-1.7475645946331821,-0.22255990785915025,-0.012798138225119882
52.459508194416,2752,24,24,0.4574957109978141,-1.5126287914945182,13,-13,-0.2478101767904826,-1.7604389682850008,-1.7475645946331821,0.2349358031386639,-0.012874373651818649
52.46903848937962,2753,336,-336,-6.403776582793842,-7.91640537428836,-323,323,6.156011417388164,-1.760393956900196,-1.7475645946331821,-6.168840779655178,-0.012829362267013922
52.478567053607705,2754,816,816,15.549205052920486,7.632799678632126,493,-493,-9.39431138613965,-1.7615117075075242,-1.7475645946331821,9.380364273265307,-0.013947112874342027
52.48809388804284,2755,192,-192,-3.657972423413502,3.974827255218624,301,-301,-5.734633851288891,-1.7598065960702667,-1.7475645946331821,5.722391849851806,-0.012242001437084538
52.49761899362675,2756,480,480,9.143271813113572,13.118099068332196,781,-781,-14.876865179253443,-1.758766110921247,-1.7475645946331821,14.865663662965378,-0.011201516288064761
52.507142371300304,2757,528,-528,-10.055774817572177,3.0623242507600192,253,-253,-4.8183921000866805,-1.7560678493266613,-1.7475645946331821,4.809888845393202,-0.008503254693479123
52.51666402200353,2758,288,288,5.483973617961224,8.546297868721243,541,-541,-10.301492108739634,-1.7551942400183904,-1.7475645946331821,10.293862463354426,-0.007629645385208272
52.53570214625479,2760,192,192,3.654657540609043,12.200955409330287,733,-733,-13.952416548262594,-1.7514611389323065,-1.7475645946331821,13.94852000396347,-0.003896544299124338
52.54521862167861,2761,336,-336,-6.394492378444016,5.806463030886271,397,-397,-7.5553972447687086,-1.7489342138824373,-1.7475645946331821,7.554027625519454,-0.0013696192492551607
52.55473337388365,2762,312,312,5.936667926376429,11.7431309572627,709,-709,-13.49069730705413,-1.7475663497914304,-1.7475645946331821,13.490695551895882,-1.7551582482955297e-06
52.5642464038057,2763,360,-360,-6.84876174642414,4.89436921083856,349,-349,-6.6394940263945665,-1.7451248155560064,-1.7475645946331821,6.6419338054717425,0.002439779077175741
52.57375771237966,2764,120,120,2.2825075707256026,7.176876781564163,469,-469,-8.920800422252555,-1.7439236406883918,-1.7475645946331821,8.924441376197345,0.0036409539447903594
52.583267300539625,2765,672,-672,-12.779730786966738,-5.602854005402575,-203,203,3.8605436752294917,-1.7423103301730833,-1.7475645946331821,-3.8552894107693927,0.005254264460098801
52.592775169218825,2766,336,336,6.388710215783655,0.7858562103810796,133,-133,-2.528864460414354,-1.7430082500332746,-1.7475645946331821,2.533420805014262,0.0045563445999075025
52.61178575186362,2768,168,168,3.193200869332763,3.9790570797138427,301,-301,-5.721151557554534,-1.7420944778406913,-1.7475645946331821,5.726621674347025,0.005470116792490876
52.62128846769148,2769,480,-480,-9.121783483023478,-5.142726403309635,-179,179,3.4016650905441583,-1.7410613127654768,-1.7475645946331821,-3.395161808676453,0.006503281867705324
52.630789467763066,2770,432,432,8.20812312277023,3.065396719460595,253,-253,-4.807072106622403,-1.7416753871618083,-1.7475645946331821,4.812961314093777,0.005889207471373892
52.640288753007425,2771,624,-624,-11.854038318973789,-8.788641599513195,-371,371,7.047833680030947,-1.740807919482248,-1.7475645946331821,-7.041077004880012,0.006756675150934255
52.64978632435273,2772,288,288,5.470107670062618,-3.3185339294505765,-83,83,1.5764546410249916,-1.742079288425585,-1.7475645946331821,-1.5709693348173943,0.00548530620759724
52.65928218272634,2773,192,-192,-3.646080843520912,-6.964614772971489,-275,275,5.222251208167957,-1.742363564803532,-1.7475645946331821,-5.217050178338306,0.0052010298296500945
52.66877632905477,2774,672,672,12.758982585841748,5.794367812870259,397,-397,-7.537672747885631,-1.743304935015372,-1.7475645946331821,7.541932407503442,0.004259659617810163
52.687759489277965,2776,120,120,2.277568854003369,8.07193666687363,517,-517,-9.81252581266452,-1.7405891457908904,-1.7475645946331821,9.819501261506812,0.0069754488422917316
52.69724850502159,2777,480,-480,-9.108634959456285,-1.0366982925826562,37,-37,-0.7021239447914291,-1.7388222373740854,-1.7475645946331821,0.7108663020505259,0.008742357259096778
52.706735812417755,2778,432,432,8.196295849879139,7.1595975572964825,469,-469,-8.898293411095725,-1.7386958537992427,-1.7475645946331821,8.907162151929665,0.008868740833939404
52.716221412388805,2779,336,-336,-6.373749692178044,0.7858478651184386,133,-133,-2.5229425864871216,-1.737094721368683,-1.7475645946331821,2.533412459751621,0.010469873264499219
52.73518749374084,2781,576,-576,-10.922498380580633,-10.136650515462193,-443,443,8.40046316423128,-1.7361873512309138,-1.7475645946331821,-8.389085920829011,0.011377243402268311
52.744667976962376,2782,336,336,6.3703121640040505,-3.7663383514581428,-107,107,2.0286410760370144,-1.7376972754211284,-1.7475645946331821,-2.0187737568249604,0.009867319212053749
52.76362383309168,2784,144,144,2.7291529568840476,-1.0371853945740952,37,-37,-0.7012406903104856,-1.7384260848845807,-1.7475645946331821,0.710379200059087,0.00913850974860142
52.773099207835045,2785,384,-384,-7.276434504778741,-8.313619899352837,-347,347,6.575319721766162,-1.7383001775866749,-1.7475645946331821,-6.566055304719654,0.009264417046507267
52.78257288158659,2786,864,864,16.369039113313466,8.05541921396063,517,-517,-9.794899562017324,-1.739480348056695,-1.7475645946331821,9.802983808593812,0.008084246576487208
52.79204485526205,2787,144,-144,-2.7276836954279684,5.327735518532661,373,-373,-7.065458461073822,-1.7377229425411613,-1.7475645946331821,7.075300113165843,0.009841652092020814
52.80151512977634,2788,96,96,1.818129645788572,7.145865164321233,469,-469,-8.882320873696235,-1.7364557093750026,-1.7475645946331821,8.893429758954415,0.011108885258179546
52.81098370604357,2789,984,-984,-18.63248761805145,-11.486622453730217,-515,515,9.751759271643042,-1.7348631820871745,-1.7475645946331821,-9.739057859097034,0.012701412546007651
52.820450584977024,2790,480,480,9.087389347953023,-2.399233105777194,-35,35,0.662622139954909,-1.7366109658222848,-1.7475645946331821,-0.6516685111440117,0.010953628810897342
52.839379254491625,2792,312,312,5.904687080014807,3.5054539742376134,277,-277,-5.242302311423417,-1.736848337185804,-1.7475645946331821,5.253018568870796,0.010716257447378252
52.848841046895245,2793,432,-432,-8.174256832172897,-4.668802857935284,-155,155,2.9328930763583116,-1.7359097815769724,-1.7475645946331821,-2.9212382633021017,0.011654813056209745
52.85830114561004,2794,288,288,5.448529251945463,0.7797263940101793,133,-133,-2.5161610781553816,-1.7364346841452023,-1.7475645946331821,2.5272909886433617,0.011129910487979844
52.86775955154521,2795,288,-288,-5.44755447257424,-4.667828078564061,-155,155,2.9318435529479454,-1.7359845256161157,-1.7475645946331821,-2.9202634839308788,0.01158006901706643
52.87721626560914,2796,240,240,4.538816846833402,-0.12901123173065887,85,-85,-1.6074976332534967,-1.7365088649841556,-1.7475645946331821,1.6185533629025233,0.011055729649026569
52.88667128870941,2797,216,-216,-4.0842048617666045,-4.213216093497263,-131,131,2.476994615238088,-1.7362214782591754,-1.7475645946331821,-2.465651498864081,0.011343116374006756
52.896124621752776,2798,528,528,9.981827662718054,5.76861156922079,397,-397,-7.50527572367257,-1.7366641544517796,-1.7475645946331821,7.516176163853973,0.010900440181402571
52.92447448959697,2801,720,-720,-13.604291907357814,-7.835680338137023,-323,323,6.103036508439779,-1.7326438296972446,-1.7475645946331821,-6.088115743503841,0.014920764935937525
52.933921071464184,2802,288,288,5.44074563475435,-2.394934703382673,-35,35,0.661201726445841,-1.7337329769368321,-1.7475645946331821,-0.647370108749491,0.013831617696349996
52.94336596779619,2803,216,-216,-4.079831269726723,-6.474765973109396,-251,251,4.740915040284283,-1.7338509328251135,-1.7475645946331821,-4.727201378476214,0.013713661808068656
52.952809179494906,2804,408,408,7.704973660925146,1.2302076878157493,157,-157,-2.9649040803069546,-1.7346963924912053,-1.7475645946331821,2.9777722824489317,0.012868202141976814
52.96225070746144,2805,576,-576,-10.875670733510697,-9.645463045694948,-419,419,7.9112952037170565,-1.7341678419778912,-1.7475645946331821,-7.897898451061765,0.013396752655290944
52.97169055259611,2806,432,432,8.155299472103126,-1.490163573591822,13,-13,-0.24541410448458642,-1.7355776780764083,-1.7475645946331821,0.2574010210413602,0.011986916556773863
52.99056519796708,2808,192,192,3.6232865092626994,2.1331229356708774,205,-205,-3.8686131999940354,-1.735490264323158,-1.7475645946331821,3.8806875303040593,0.01207433031002414
53.0,2809,318,-318,-6.000000000000045,-3.866877064329168,-113,113,2.1320754716981134,-1.7348015926310545,-1.7475645946331821,-2.119312469695986,0.012763002002127655
53.009433122794285,2810,480,480,9.054992134854563,5.188115070525395,367,-367,-6.9232960697742,-1.7351809992488052,-1.7475645946331821,6.9356796651585775,0.012383595384376944
53.018864567246254,2811,384,-384,-7.242705084960032,-2.0545900144346367,-17,17,0.32064058969875,-1.7339494247358869,-1.7475645946331821,-0.3070254198014546,0.013615169897295276
53.03772242470448,2813,720,-720,-13.575243564090602,-15.62983357852524,-737,737,13.895770148242871,-1.7340634302823688,-1.7475645946331821,-13.882268983892057,0.013501164350813388
53.04714883949938,2814,480,480,9.048554173048993,-6.581279405476247,-257,257,4.844746713486616,-1.7365326919896305,-1.7475645946331821,-4.833714810843064,0.011031902643551694
53.0659966456864,2816,24,24,0.4522670168666453,-6.129012388609602,-233,233,4.390758955413683,-1.7382534331959185,-1.7475645946331821,-4.381447793976419,0.009311161437263626
53.075418038862395,2817,480,-480,-9.043734703107582,-15.172747091717184,-713,713,13.433714256907665,-1.7390328348095192,-1.7475645946331821,-13.425182497084002,0.008531759823662943
53.08483775994799,2818,240,240,4.521064961812461,-10.651682129904724,-473,473,8.910265528905395,-1.7414166009993295,-1.7475645946331821,-8.904117535271542,0.006147993633852655
53.094255809833136,2819,504,-504,-9.492552298033345,-20.14423442793807,-977,977,18.401237292020923,-1.7429971359171468,-1.7475645946331821,-18.396669833304887,0.004567458716035366
53.103672189407014,2820,288,288,5.423353755513902,-14.720880672424169,-689,689,12.97462061648987,-1.7462600559342984,-1.7475645946331821,-12.973316077790987,0.001304538698883695
53.113086899558006,2821,384,-384,-7.229856564845925,-21.950737237270094,-1073,1073,20.20217732833241,-1.7485599089376826,-1.7475645946331821,-20.20317264263691,-0.0009953143045005053
53.1224999411737,2822,576,576,10.842863205569087,-11.107874031701007,-497,497,9.355734397860854,-1.7521396338401534,-1.7475645946331821,-9.360309437067825,-0.004575039206971221
53.14132102234569,2824,288,288,5.419511492363879,-5.6883625393371275,-209,209,3.9329093816112777,-1.7554531577258499,-1.7475645946331821,-3.940797944703945,-0.007888563092667722
53.150729063673246,2825,672,-672,-12.643288471075499,-18.331651010412628,-881,881,16.575501700918984,-1.7561493094936438,-1.7475645946331821,-16.584086415779446,-0.00858471486046164
53.16013544000805,2826,936,936,17.60717861707279,-0.7244723933398376,55,-55,-1.034609854635684,-1.7590822479755215,-1.7475645946331821,1.0230922012933445,-0.01151765334233934
53.16954015223378,2827,192,-192,-3.6110900987721646,-4.335562492112002,-137,137,2.5766632475613824,-1.7588992445506197,-1.7475645946331821,-2.58799789747882,-0.0113346499174376
53.178943201233324,2828,144,144,2.7078386920005615,-1.6277238001114407,7,-7,-0.13163104752780527,-1.759354847639246,-1.7475645946331821,0.11984079452174146,-0.011790253006063844
53.1883445878888,2829,384,-384,-7.219626836956219,-8.84735063706766,-377,377,7.088019056074259,-1.7593315809934005,-1.7475645946331821,-7.099786042434477,-0.011766986360218334
53.19774431308154,2830,240,240,4.511469482381477,-4.335881154686183,-137,137,2.575297162859425,-1.7605839918267576,-1.7475645946331821,-2.5883165600530003,-0.013019397193575477
53.21653878260028,2832,48,48,0.9019752336033953,-3.433905921082787,-89,89,1.6724124123062942,-1.761493508776493,-1.7475645946331821,-1.686341326449605,-0.013928914143310767
53.225933528685054,2833,384,-384,-7.214528229797092,-10.64843415087988,-473,473,8.886645449723979,-1.7617887011559006,-1.7475645946331821,-8.900869556246697,-0.014224106522718438
53.23532661682466,2834,1008,1008,18.934795070486647,8.286360919606768,535,-535,-10.049717621736484,-1.763356702129716,-1.7475645946331821,10.03392551423995,-0.015792107496533925
53.24471804789655,2835,432,-432,-8.113480845393818,0.1728800742129497,103,-103,-1.9344641830452711,-1.7615841088323214,-1.7475645946331821,1.9204446688461319,-0.014019514199139271
53.25410782277739,2836,120,120,2.253347298566038,2.4262273727789876,223,-223,-4.187470396501889,-1.7612430237229018,-1.7475645946331821,4.1737919674121695,-0.013678429089719613
53.2634959423431,2837,552,-552,-10.363570588711193,-7.937343215932206,-329,329,6.176838267547015,-1.760504948385191,-1.7475645946331821,-6.189778621299023,-0.012940353752008749
53.27288240746881,2838,480,480,9.010212669339262,1.0728694534070566,151,-151,-2.8344627355629988,-1.7615932821559421,-1.7475645946331821,2.820434048040239,-0.014028687522759986
53.291650377896914,2840,384,384,7.20563160039171,8.278501053798767,535,-535,-10.03909610992072,-1.7605950561219537,-1.7475645946331821,10.026065648431949,-0.013030461488771516
53.301031884945715,2841,528,-528,-9.905999590021544,-1.6274985362227774,7,-7,-0.13132954001922564,-1.758828076242003,-1.7475645946331821,0.12006605841040474,-0.011263481608820847
53.31041174104736,2842,216,216,4.051741356814281,2.4242428205915036,223,-223,-4.183047789674019,-1.7588049690825152,-1.7475645946331821,4.171807415224686,-0.011240374449333013
53.319789947073126,2843,360,-360,-6.75171452020629,-4.327471699614787,-137,137,2.5694024701895946,-1.758069229425192,-1.7475645946331821,-2.5799071049816042,-0.010504634792009915
53.33854141237835,2845,384,-384,-7.199296977980094,-11.52676867759488,-521,521,9.767796160228162,-1.7589725173667183,-1.7475645946331821,-9.779204082961698,-0.011407922733536191
53.34791467339656,2846,864,864,16.195572128536618,4.668803450941738,343,-343,-6.4294921760277655,-1.7606887250860277,-1.7475645946331821,6.41636804557492,-0.01312413045284555
53.36665625650534,2848,96,96,1.7988760535900719,6.46767950453181,439,-439,-8.226110286729579,-1.7584307821977694,-1.7475645946331821,8.215244099164991,-0.010866187564587237
53.376024580330075,2849,768,-768,-14.388482582553172,-7.920803078021362,-329,329,6.163816106328042,-1.75698697169332,-1.7475645946331821,-6.17323848338818,-0.009422377060137821
53.38539126015655,2850,480,480,8.991223791184288,1.0704207131629255,151,-151,-2.828489150976716,-1.7580684378137903,-1.7475645946331821,2.817985307796108,-0.010503843180608152
53.39475629684998,2851,264,-264,-4.944305739168161,-3.8738850260052358,-113,113,2.116312683810609,-1.7575723421946265,-1.7475645946331821,-2.1263204313720534,-0.010007747561444402
53.40411969127476,2852,288,288,5.392842381166612,1.5189573551613762,175,-175,-3.2769007524449796,-1.7579433972836034,-1.7475645946331821,3.2665219497945586,-0.010378802650421237
53.41348144429457,2853,360,-360,-6.739871475620737,-5.220914120459361,-185,185,3.4635450638606713,-1.75736905659869,-1.7475645946331821,-3.473349525826179,-0.009804461965507771
53.422841556772326,2854,312,312,5.840198516367509,0.6192843959081475,127,-127,-2.3772602935214033,-1.7579758976132558,-1.7475645946331821,2.36684899054133,-0.010411302980073645
53.44155686354955,2856,288,288,5.389064557668838,6.008348953576985,415,-415,-7.7654923313631175,-1.7571433777861323,-1.7475645946331821,7.7559135482101675,-0.009578783152950132
53.45091205957107,2857,240,-240,-4.490101118059891,1.5182478355170943,175,-175,-3.274032065251991,-1.7557842297348967,-1.7475645946331821,3.2658124301502767,-0.008219635101714529
53.46026561849464,2858,456,456,8.529699482866821,10.047947318383915,631,-631,-11.803158714230273,-1.7552113958463575,-1.7475645946331821,11.795511913017098,-0.007646801213175403
53.4696175411794,2859,432,-432,-8.079354591741692,1.968592726642223,199,-199,-3.7217397309180487,-1.7531470042758257,-1.7475645946331821,3.7161573212754053,-0.00558240964264356
53.47896782848375,2860,96,96,1.7950982208162363,3.7636909474584592,295,-295,-5.516187241049897,-1.7524962935914377,-1.7475645946331821,5.511255542091641,-0.004931698958255515
53.48831648126533,2861,792,-792,-14.80697191651924,-11.043280969060781,-497,497,9.291748791048189,-1.7515321780125923,-1.7475645946331821,-9.295716374427599,-0.003967583379410167
53.49766350038102,2862,576,576,10.76682535856738,-0.27645561049340195,79,-79,-1.4767000057757167,-1.7531556162691186,-1.7475645946331821,1.4711089841397802,-0.0055910216359364995
53.51635264103861,2864,120,120,2.2423052782558077,1.9658496677624058,199,-199,-3.718489586440881,-1.7526399186784754,-1.7475645946331821,3.713414262395588,-0.005075324045293206
53.52569476429054,2865,384,-384,-7.174124533852585,-5.208274866090179,-185,185,3.4562839551112567,-1.7519909109789227,-1.7475645946331821,-3.460710271456997,-0.004426316345740533
53.53503525729669,2866,480,480,8.96609104099874,3.7578161749085615,295,-295,-5.5104101189471475,-1.752593944038586,-1.7475645946331821,5.505380769541744,-0.005029349405403893
53.54437412091022,2867,288,-288,-5.378716340014713,-1.6209001651061516,7,-7,-0.1307326888198017,-1.7516328539259534,-1.7475645946331821,0.1266644295270305,-0.004068259292771215
53.55371135598354,2868,192,192,3.5851856974716916,1.96428553236554,199,-199,-3.7158955926920236,-1.7516100603264837,-1.7475645946331821,3.711850126998722,-0.004045465693301553
53.563046963368315,2869,480,-480,-8.961402071250097,-6.997116538884557,-281,281,5.246154129211049,-1.750962409673508,-1.7475645946331821,-5.249551944251374,-0.003397815040325769
53.5723809439155,2870,672,672,12.543777001501988,5.546660462617432,391,-391,-7.298536916052599,-1.751876453435167,-1.7475645946331821,7.294225057250614,-0.004311858801984814
53.59104402789705,2872,144,144,2.6870161351034674,8.2336765977209,535,-535,-9.983011335280265,-1.7493347375593657,-1.7475645946331821,9.981241192354082,-0.0017701429261836044
53.600373133029585,2873,624,-624,-11.641710001744025,-3.4080334040231257,-89,89,1.6604362021718182,-1.7475972018513075,-1.7475645946331821,-1.6604688093899436,-3.260721812536893e-05
53.60970061472084,2874,480,480,8.95360344295966,5.545570038936534,391,-391,-7.293456137910872,-1.7478860989743383,-1.7475645946331821,7.293134633569716,-0.00032150434115618687
53.61902647381804,2875,288,-288,-5.371227695464191,0.17434234347234234,103,-103,-1.9209599049750465,-1.7466175615027042,-1.7475645946331821,1.9219069381055245,0.0009470331304779478
53.637673327615545,2877,480,-480,-8.948934027547956,-8.774591684075613,-377,377,7.028641934136622,-1.7459497499389913,-1.7475645946331821,-7.027027089442431,0.00161484469419082
53.646994324006634,2878,192,192,3.578951671372236,-5.195640012703377,-185,185,3.4484690583534494,-1.7471709543499276,-1.7475645946331821,-3.4480754180701947,0.00039364028325450384
53.665631459994955,2880,72,72,1.341640786499874,-3.853999226203503,-113,113,2.105630678812302,-1.748368547391201,-1.7475645946331821,-2.1064346315703206,-0.000803952758018811
53.67494760127857,2881,336,-336,-6.259903642495552,-10.113902868699055,-449,449,8.365168855596695,-1.7487340131023608,-1.7475645946331821,-8.366338274065873,-0.001169418469178618
53.68426212587819,2882,768,768,14.305868602593387,4.191965733894332,319,-319,-5.942151151337663,-1.7501854174433316,-1.7475645946331821,5.939530328527514,-0.0026208228101494147
53.693575034635195,2883,248,-248,-4.618802153517035,-0.42683641962270347,71,-71,-1.3223183584665623,-1.7491547780892658,-1.7475645946331821,1.3207281750104787,-0.001590183456083638
53.70288632839021,2884,192,192,3.575226829074533,3.1483904094518294,263,-263,-4.8973159169093705,-1.7489255074575412,-1.7475645946331821,4.895955004085011,-0.0013609128243590174
53.71219600798314,2885,432,-432,-8.042866092010009,-4.894475682558179,-169,169,3.1463990035872276,-1.7480766789709512,-1.7475645946331821,-3.1469110879249964,-0.0005120843377690587
53.72150407425317,2886,480,480,8.934969492599201,4.040493810041022,311,-311,-5.789115650413284,-1.7486218403722615,-1.7475645946331821,5.788058404674205,-0.0010572457390793932
53.74011537017761,2888,228,228,4.242640687119282,8.283134497160304,539,-539,-10.029751448935503,-1.7466169517751986,-1.7475645946331821,10.030699091793487,0.0009476428579835439
53.749418601506754,2889,960,-960,-17.86065830995056,-9.577523812790254,-421,421,7.832642863009464,-1.7448809497807902,-1.7475645946331821,-7.829959218157072,0.00268364485239192
53.75872022286245,2890,456,456,8.48234478256932,-1.0951790302209332,35,-35,-0.651057165328784,-1.7462361955497172,-1.7475645946331821,0.6523855644122489,0.0013283990834649373
53.76802023508026,2891,504,-504,-9.373601590619323,-10.468780620840256,-469,469,8.7226570357152,-1.7461235851250567,-1.7475645946331821,-8.721216026207074,0.0014410095081254237
53.777318638995006,2892,96,96,1.7851392079334487,-8.683641412906807,-373,373,6.936009630824737,-1.7476317820820704,-1.7475645946331821,-6.936076818273625,-6.718744888822847e-05
53.786615435440815,2893,192,-192,-3.5696613078481234,-12.253302720754931,-565,565,10.504472077782253,-1.7488306429726777,-1.7475645946331821,-10.505738126121749,-0.0012660483394955069
53.79591062525106,2894,816,816,15.168439208778617,2.915136488023686,251,-251,-4.665782158582591,-1.7506456705589049,-1.7475645946331821,4.662701082656868,-0.0030810759257227094
53.81449618829484,2896,120,120,2.2298824387414973,5.145018926765183,371,-371,-6.894053206442468,-1.7490342796772849,-1.7475645946331821,6.8925835213983655,-0.0014696850441027198
53.823786563191554,2897,432,-432,-8.026191161649614,-2.8811722348844304,-61,61,1.133327918658849,-1.7478443162255815,-1.7475645946331821,-1.1336076402512483,-0.00027972159239930683
53.83307533477908,2898,480,480,8.916451401205642,6.035279166321211,419,-419,-7.783319035635761,-1.7480398693145496,-1.7475645946331821,7.7828437609543935,-0.00047527468136743245
53.842362503887216,2899,240,-240,-4.457456709531874,1.5778224567893373,179,-179,-3.3245197958591968,-1.7466973390698595,-1.7475645946331821,3.3253870514225197,0.0008672555633226775
53.85164807134504,2900,360,360,6.685032174373819,8.262854631163156,539,-539,-10.008978727743095,-1.7461240965799387,-1.7475645946331821,10.010419225796339,0.001440498053243422
53.86093203798092,2901,624,-624,-11.585391793071311,-3.322537161908155,-85,85,1.5781383051459423,-1.7443988567622126,-1.7475645946331821,-1.5749725672749728,0.0031657378709695205
53.87021440462252,2902,216,216,4.009636909510165,0.6870997476020104,131,-131,-2.4317705330825468,-1.7446707854805363,-1.7475645946331821,2.434664342235193,0.00289380915264581
53.88877434122992,2904,264,264,4.8989794855663495,5.58607923316836,395,-395,-7.329912487873904,-1.7438332547055442,-1.7475645946331821,7.333643827801542,0.0037313399276379666
53.898051912847464,2905,288,-288,-5.343421325611046,0.2426579075573141,107,-107,-1.9852294508346569,-1.7425715432773428,-1.7475645946331821,1.9902225021904962,0.004993051355839384
53.907327887774215,2906,792,792,14.69188014009526,14.934538047652573,899,-899,-16.67676798730524,-1.7422299396526668,-1.7475645946331821,16.682102642285756,0.00533465498051533
53.91660226683428,2907,288,-288,-5.341582887116725,9.592955160535848,611,-611,-11.33231647232052,-1.7393613117846716,-1.7475645946331821,11.34051975516903,0.008203282848510574
53.9351462406472,2909,840,-840,-15.574260172617194,-5.9813050120813465,-229,229,4.245839975630186,-1.7354650364511608,-1.7475645946331821,-4.233740417448164,0.012099558182021353
53.94441583704471,2910,480,480,8.898047973120784,2.9167429610394375,251,-251,-4.652937585944406,-1.736194624904969,-1.7475645946331821,4.66430755567262,0.011369969728213247
53.96295025292817,2912,144,144,2.668497539979966,5.5852405010194035,395,-395,-7.319837002028374,-1.7345965010089701,-1.7475645946331821,7.332805095652586,0.01296809362421203
53.97221507405454,2913,336,-336,-6.22542542563762,-0.6401849246182163,59,-59,-1.0931550598589832,-1.7333399844771995,-1.7475645946331821,1.1073796700149658,0.014224610155982642
53.98147830506312,2914,288,288,5.335163264192927,4.6949783395747104,347,-347,-6.4281307384546675,-1.733152398879957,-1.7475645946331821,6.442542934207893,0.014412195753225054
53.99073994677235,2915,576,-576,-10.668496126703578,-5.973517787128868,-229,229,4.241468078151242,-1.732049708977626,-1.7475645946331821,-4.225953192495686,0.015514885655556254
54.0,2916,318,318,5.8888888888888635,-0.08462889824000452,89,-89,-1.6481481481481481,-1.7327770463881527,-1.7475645946331821,1.6629356963931776,0.01478754824502948
54.00925846556311,2917,264,-264,-4.888050817589508,-4.972679715829512,-175,175,3.240185201053666,-1.7324945147758464,-1.7475645946331821,-3.22511512119633,0.015070079857335772
54.01851534427802,2918,408,408,7.552965819213702,2.5802861033841893,233,-233,-4.313335872247011,-1.7330497688628217,-1.7475645946331821,4.327850698017372,0.014514825770360451
54.037024344425184,2920,144,144,2.6648395567113785,5.245125660095567,377,-377,-6.9766980061124295,-1.7315723460168622,-1.7475645946331821,6.99269025472875,0.015992248616319982
54.04627646748664,2921,768,-768,-14.210044617264789,-8.964918957169221,-391,391,7.234540944466715,-1.7303780127025066,-1.7475645946331821,-7.217354362536039,0.01718658193067557
54.055527006958314,2922,528,528,9.767733832879522,0.8028148757103004,137,-137,-2.534430937697909,-1.7316160619876086,-1.7475645946331821,2.550379470343483,0.0159485326455735
54.064775963653084,2923,144,-144,-2.663471686201183,-1.8606568104908825,-7,7,0.12947431807922394,-1.7311824924116586,-1.7475645946331821,-0.11309221585770035,0.016382102221523587
54.0740233383831,2924,288,288,5.326032394478221,3.465375583987339,281,-281,-5.196580218223547,-1.731204634236208,-1.7475645946331821,5.212940178620521,0.016359960396974182
54.08326913195984,2925,840,-840,-15.531605494306227,-12.066229910318889,-559,559,10.335913656330103,-1.7303162539887857,-1.7475645946331821,-10.318665315685706,0.017248340644396398
54.092513345194085,2926,480,480,8.873686399758393,-3.192543510560496,-79,79,1.460460886626908,-1.7320826239335878,-1.7475645946331821,-1.4449789159273136,0.015481970699594338
54.120236510939236,2929,480,-480,-8.869140841669864,-12.06168435223036,-559,559,10.328853605194615,-1.7328307470357451,-1.7475645946331821,-10.314119757597178,0.014733847597437011
54.12947441089743,2930,336,336,6.207339045072156,-5.854345307158204,-223,223,4.1197518066997025,-1.7345935004585016,-1.7475645946331821,-4.106780712525022,0.012971094174680564
54.13871073455665,2931,336,-336,-6.2062800432654734,-12.060625350423678,-559,559,10.325329000551747,-1.7352963498719305,-1.7475645946331821,-10.313060755790495,0.012268244761251657
54.147945482723536,2932,168,168,3.102610791643104,-8.958014558780574,-391,391,7.220957259121726,-1.737057299658848,-1.7475645946331821,-7.210449964147392,0.010507294974334114
54.15717865620402,2933,528,-528,-9.749400044485409,-18.70741460326598,-919,919,16.96912621379185,-1.738288389474132,-1.7475645946331821,-16.9598500086328,0.009276205159050255
54.16641025580336,2934,792,792,14.621607676413058,-4.085806926852923,-127,127,2.3446264834652446,-1.7411804433876785,-1.7475645946331821,-2.3382423322197408,0.006384151245503622
54.18486873657626,2936,480,480,8.858561646306857,4.772754719453934,353,-353,-6.514733877388087,-1.7419791579341535,-1.7475645946331821,6.520319314087116,0.0055854366990286675
54.194095619356915,2937,288,-288,-5.314232052562096,-0.5414773331081619,65,-65,-1.1993926507518553,-1.7408699838600172,-1.7475645946331821,1.2060872615250202,0.006694610773164911
54.20332093147061,2938,288,288,5.313327579395316,4.771850246287154,353,-353,-6.512516095578327,-1.7406658492911733,-1.7475645946331821,6.519414840920336,0.00689874534200885
54.2125446737192,2939,696,-696,-12.838356955736094,-8.06650670944894,-343,343,6.32694890203664,-1.739557807412301,-1.7475645946331821,-6.3189421148157585,0.008006787220881106
54.230987451824994,2941,336,-336,-6.195719749681495,-14.262226459130435,-679,679,12.520516994147966,-1.7417094649824687,-1.7475645946331821,-12.514661864497253,0.005855129650713442
54.24020648928247,2942,480,480,8.84952383237789,-5.412702626752544,-199,199,3.6688650888399765,-1.743837537912568,-1.7475645946331821,-3.665138032119362,0.0037270567206142413
54.258639865002145,2944,48,48,0.884651736929383,-4.528050889823161,-151,151,2.7829669224236833,-1.745083967399478,-1.7475645946331821,-2.780486295189979,0.0024806272337041246
54.26785420486054,2945,768,-768,-14.1520244581774,-18.680075348000564,-919,919,16.934518850345277,-1.7455564976552864,-1.7475645946331821,-16.93251075336738,0.0020080969778957236
54.27706698044764,2946,384,384,7.074811174640876,-11.605264173359688,-535,535,9.85683327716887,-1.7484308961908184,-1.7475645946331821,-9.857699578726505,-0.0008663015576362287
54.286278192559855,2947,192,-192,-3.536805365786042,-15.14206953914573,-727,727,13.391966150658643,-1.7501033884870871,-1.7475645946331821,-13.394504944512548,-0.002538793853904986
54.29548784199291,2948,240,240,4.420256812102538,-10.721812727043192,-487,487,8.969437781224745,-1.7523749458184472,-1.7475645946331821,-8.97424813241001,-0.0048103511852650715
54.30469592954186,2949,384,-384,-7.071211677498787,-17.793024404541978,-871,871,16.039128570576793,-1.753895833965185,-1.7475645946331821,-16.045459809908795,-0.006331239332002747
54.31390245600108,2950,504,504,9.279392148415061,-8.513632256126916,-367,367,6.757017695373693,-1.7566145607532233,-1.7475645946331821,-6.766067661493734,-0.009049966120041164
54.3323108288245,2952,240,240,4.41726104299389,-4.096371213133026,-127,127,2.3374673019175853,-1.758903911215441,-1.7475645946331821,-2.348806618499844,-0.01133931658225884
54.3415126767741,2953,288,-288,-5.299815662347088,-9.396186875480115,-415,415,7.6368871523404165,-1.7592997231396987,-1.7475645946331821,-7.648622280846933,-0.01173512850651659
54.35071296680477,2954,960,960,17.663061763078172,8.266874887598057,545,-545,-10.027467355080772,-1.7605924674827147,-1.7475645946331821,10.01443948223124,-0.013027872849532551
54.35991169970753,2955,288,-288,-5.298021850935943,2.9688530366621135,257,-257,-4.727748665592161,-1.7588956289300475,-1.7475645946331821,4.716417631295296,-0.011331034296865328
54.36910887627275,2956,120,120,2.207135678333127,5.17598871499524,377,-377,-6.934084589429914,-1.758095874434674,-1.7475645946331821,6.9235533096284225,-0.010531279801491822
54.378304497290095,2957,648,-648,-11.916517184390857,-6.740528469395617,-271,271,4.98360518050917,-1.7569232888864468,-1.7475645946331821,-4.9929638747624345,-0.009358694253264632
54.38749856354859,2958,384,384,7.060446060988055,0.3199175915924384,113,-113,-2.077683346072005,-1.7577657544795668,-1.7475645946331821,2.0674821862256207,-0.0102011598463847
54.405882034941776,2960,192,192,3.529030186050287,3.848947777642725,305,-305,-5.606011493465284,-1.757063715822559,-1.7475645946331821,5.596512372275908,-0.009499121189376902
54.415071441651165,2961,864,-864,-15.87795397689513,-12.029006199252404,-559,559,10.272889204958798,-1.7561169942936061,-1.7475645946331821,-10.281441604619221,-0.008552399660423982
54.42425929675111,2962,192,192,3.5278385499582146,-8.501167649294189,-367,367,6.743316394972201,-1.757851254321988,-1.7475645946331821,-6.753603054661006,-0.010286659688805821
54.433445601027316,2963,312,-312,-5.731770174660999,-14.232937823955186,-679,679,12.473948553188507,-1.7589892707666799,-1.7475645946331821,-12.485373229322004,-0.011424676133497735
54.4426303552648,2964,288,288,5.289972180268658,-8.942965643686527,-391,391,7.181871953073055,-1.761093690613472,-1.7475645946331821,-7.195401049053345,-0.01352909598028984
54.45181356024793,2965,240,-240,-4.407566696276397,-13.350532339962925,-631,631,11.588227438960013,-1.7623049010029117,-1.7475645946331821,-11.602967745329742,-0.014740306369729561
54.46099521676041,2966,1032,1032,18.949341558899345,5.59880921893642,401,-401,-7.363067795657762,-1.7642585767213417,-1.7475645946331821,7.346373813569603,-0.01669398208815953
54.47935388750494,2968,96,96,1.7621354357144428,7.360944654650863,497,-497,-9.122721995313327,-1.761777340662464,-1.7475645946331821,9.108509249284046,-0.014212746029281798
54.48853090330111,2969,624,-624,-11.451951257547806,-4.091006602896943,-127,127,2.3307657206868444,-1.7602408822100988,-1.7475645946331821,-2.343442008263761,-0.012676287576916634
54.49770637375485,2970,384,384,7.046168096808764,2.955161493911821,257,-257,-4.715794793957911,-1.7606333000460896,-1.7475645946331821,4.7027260885450035,-0.0130687054129075
54.506880299646575,2971,264,-264,-4.8434252437249015,-1.8882637498130803,-7,7,0.12842415418967554,-1.7598395956234048,-1.7475645946331821,-0.14069915517989817,-0.012275000990222606
54.52522352086234,2973,336,-336,-6.162285604779586,-8.050549354592667,-343,343,6.290666554879174,-1.759882799713493,-1.7475645946331821,-6.302984759959484,-0.012318205080310785
54.53439281774392,2974,576,576,10.562141984875685,2.511592630283019,233,-233,-4.2725331292987,-1.760940499015681,-1.7475645946331821,4.259157224916201,-0.013375904382498804
54.55272678794342,2976,144,144,2.639648070384358,5.151240700667377,377,-377,-6.9107452953812745,-1.7595045947138974,-1.7475645946331821,6.898805295300559,-0.011940000080715274
54.56189146281496,2977,288,-288,-5.278409385720755,-0.12716868505337775,89,-89,-1.6311751226706521,-1.7583438077240299,-1.7475645946331821,1.6203959095798044,-0.010779213090847728
54.57105459856901,2978,720,720,13.193807693408433,13.066639008355054,809,-809,-14.82470892217674,-1.7580699138216858,-1.7475645946331821,14.814203602988236,-0.010505319188503615
54.58021619598075,2979,360,-360,-6.595796519151785,6.470842489203269,449,-449,-8.226423991942047,-1.755581502738778,-1.7475645946331821,8.218407083836452,-0.008016908105595855
54.589376255824725,2980,192,192,3.5171678661470827,9.988010355350351,641,-641,-11.742211469793169,-1.754201114442818,-1.7475645946331821,11.735574949983533,-0.006636519809635866
54.59853477887479,2981,960,-960,-17.582889428956722,-7.594879073606371,-319,319,5.842647633163723,-1.7522314404426487,-1.7475645946331821,-5.847314478973189,-0.004666845809466524
54.607691765904185,2982,288,288,5.273982303346884,-2.3208967702594876,-31,31,0.5676855951519215,-1.753211175107566,-1.7475645946331821,-0.5733321756263055,-0.005646580474383933
54.62600113499065,2984,312,312,5.711565802318078,3.3906690320585904,281,-281,-5.144070482215943,-1.7534014501573525,-1.7475645946331821,5.138233626691773,-0.005836855524170348
54.63515351859094,2985,384,-384,-7.028441859678064,-3.6377728276194734,-103,103,1.885233102986555,-1.7525397246329184,-1.7475645946331821,-1.8902082329862913,-0.004975129999736261
54.644304369257,2986,360,360,6.588060808081855,2.950287980462382,257,-257,-4.7031434102140155,-1.7528554297516337,-1.7475645946331821,4.697852575095564,-0.00529083511845152
54.653453687758834,2987,480,-480,-8.782610569174574,-5.832322588712192,-223,223,4.080254493595655,-1.7520680951165373,-1.7475645946331821,-4.08475799407901,-0.004503500483355127
54.662601474865795,2988,216,216,3.9515133596288674,-1.880809229083325,-7,7,0.1280583033213054,-1.7527509257620195,-1.7475645946331821,-0.13324463445014278,-0.005186331128837374
54.67174773134658,2989,504,-504,-9.21865535516852,-11.099464584251844,-511,511,9.346692235101406,-1.7527723491504386,-1.7475645946331821,-9.351899989618662,-0.005207754517256413
54.680892457969264,2990,480,480,8.778203471513539,-2.3212611127383056,-31,31,0.5669256408685777,-1.754335471869728,-1.7475645946331821,-0.5736965181051235,-0.006770877236545791
54.699177324709375,2992,48,48,0.8775269089525559,-1.4437342037857497,17,-17,-0.3107907802540305,-1.7545249840397803,-1.7475645946331821,0.30383039084743246,-0.006960389406598155
54.70831746635972,2993,576,-576,-10.528563601945692,-11.972297805731442,-559,559,10.217824745638183,-1.7544730600932592,-1.7475645946331821,-10.22473321109826,-0.006908465460077062
54.71745608121781,2994,768,768,14.035740237266577,2.063442431535135,209,-209,-3.819622017693561,-1.7561795861584262,-1.7475645946331821,3.8110070261683173,-0.008614991525244031
54.72659317004851,2995,192,-192,-3.5083492115690635,-1.4449067800339286,17,-17,-0.3106350864410099,-1.7555418664749385,-1.7475645946331821,0.30265781459925356,-0.00797727184175634
54.735728733616035,2996,384,384,7.015527314321918,5.57062053428799,401,-401,-7.326110554799743,-1.7554900205117532,-1.7475645946331821,7.318185128921172,-0.007925425878571035
54.74486277268398,2997,408,-408,-7.452754091176216,-1.8821335568882258,-7,7,0.12786587901527788,-1.754267677872948,-1.7475645946331821,-0.13456896225504367,-0.006703083239765872
54.75399528801528,2998,216,216,3.944917605807654,2.0627840489194282,209,-209,-3.8170730537675768,-1.7542890048481485,-1.7475645946331821,3.8103486435526106,-0.006724410214966392
54.772255750516614,3000,288,288,5.258136552049599,7.3209206009690275,497,-497,-9.07393703600225,-1.7530164350332234,-1.7475645946331821,9.068485195602209,-0.005451840400041208
54.78138369920935,3001,480,-480,-8.762100691642928,-1.4411800906739005,17,-17,-0.31032439949568774,-1.7515044901695882,-1.7475645946331821,0.30638450395928163,-0.003939895536406057
54.7905101272109,3002,672,672,12.26489767004843,10.82371757937453,689,-689,-12.57517037896346,-1.7514527995889289,-1.7475645946331821,12.571282174007713,-0.00388820495574671
54.79963503528103,3003,192,-192,-3.5036729692886883,7.3200446100858425,497,-497,-9.069403467377514,-1.7493588572916714,-1.7475645946331821,9.067609204719025,-0.001794262658489254
54.817880294662984,3005,672,-672,-12.258773896177654,-4.938729286091812,-175,175,3.1923890354629023,-1.7463402506289096,-1.7475645946331821,-3.1911646914586296,0.001224344004272515
54.8270006474912,3006,720,720,13.132215723950063,8.193486437858251,545,-545,-9.94035773548992,-1.7468712976316692,-1.7475645946331821,9.941051032491433,0.0006932970015129936
54.85435260760991,3009,672,-672,-12.250623114760293,-4.057136676902042,-127,127,2.3152219279383375,-1.7419147489637044,-1.7475645946331821,-2.3095720822688595,0.005649845669477793
54.86346689738081,3010,384,384,6.999193119134266,2.942056442232224,257,-257,-4.684355811503943,-1.742299369271719,-1.7475645946331821,4.6896210368654065,0.005265225361463122
54.872579673275794,3011,504,-504,-9.184915362115838,-6.242858919883614,-247,247,4.501337488973471,-1.7415214309101428,-1.7475645946331821,-4.495294325250431,0.006043163723039369
54.881690936048976,3012,144,144,2.6238258614844128,-3.619033058399201,-103,103,1.8767643314784341,-1.7422687269207668,-1.7475645946331821,-1.8714684637660188,0.005295867712415303
54.89080068645383,3013,384,-384,-6.99570775426425,-10.61474081266345,-487,487,8.872160615434122,-1.7425801972293282,-1.7475645946331821,-8.867176218030268,0.004984397403853924
54.89990892524322,3014,576,576,10.491820683789031,-0.12292012887441928,89,-89,-1.6211320153771223,-1.7440521442515415,-1.7475645946331821,1.6246444657587629,0.0035124503816406083
54.91812087098393,3016,240,240,4.370142244375354,4.247222115500935,329,-329,-5.990736659997914,-1.7435145444969793,-1.7475645946331821,5.994786710134117,0.004050050136202854
54.92722457943783,3017,576,-576,-10.486603035384821,-6.239380919883886,-247,247,4.496859287743171,-1.7425216321407149,-1.7475645946331821,-4.491816325250704,0.005042962492467273
54.93632677928149,3018,288,288,5.24243277416603,-0.9969481457178562,41,-41,-0.7463185546555802,-1.7432667003734363,-1.7475645946331821,0.750616448915326,0.004297894259745805
54.945427471264615,3019,168,-168,-3.0575792696828374,-4.054527415400694,-127,127,2.311384328867375,-1.7431430865333186,-1.7475645946331821,-2.3069628207675112,0.004421508099863525
54.954526656136345,3020,288,288,5.240696581777235,1.1861691663765415,161,-161,-2.929694964118527,-1.7435257977419854,-1.7475645946331821,2.933733761009724,0.004038796891196794
54.96362433464518,3021,384,-384,-6.986438842934036,-5.800269676557495,-223,223,4.0572288072247185,-1.7430408693327761,-1.7475645946331821,-4.052705081924312,0.004523725300406012
54.97272050753901,3022,336,336,6.112122465431236,0.31185278887374146,113,-113,-2.055564995814662,-1.7437122069409203,-1.7475645946331821,2.059417383506924,0.003852387692261816
54.99090833947008,3024,192,192,3.491486243775881,3.8033390326496224,305,-305,-5.546371376831473,-1.743032344181851,-1.7475645946331821,5.550903627282804,0.00453225045133121
55.0,3025,390,-390,-7.090909090909132,-3.2875700582595093,-85,85,1.5454545454545454,-1.742115512804964,-1.7475645946331821,-1.5400054636263272,0.0054490818282182385
55.00909015790027,3026,576,576,10.470996672488647,7.183426614229138,491,-491,-8.925797510749845,-1.7423708965207076,-1.7475645946331821,8.93099120886232,0.0051936981124744985
55.018178813915675,3027,288,-288,-5.234633464951337,1.948793149277801,203,-203,-3.6896895603650095,-1.7408964110872085,-1.7475645946331821,3.6963577439109834,0.006668183545973649
55.02726596879042,3028,120,120,2.1807370925544394,4.12953024183224,323,-323,-5.869817340792373,-1.740287098960133,-1.7475645946331821,5.877094836465423,0.00727749567304925
55.036351623268054,3029,864,-864,-15.69871502228555,-11.569184780453309,-541,541,9.829866697982178,-1.7393180824711312,-1.7475645946331821,-9.821620185820127,0.008246512162050967
55.04543577809154,3030,576,576,10.464082840983856,-1.1051019394694528,35,-35,-0.6358383670736647,-1.7409403065431175,-1.7475645946331821,0.6424626551637294,0.006624288090064656
55.06359959174482,3032,264,264,4.794455901128159,3.689353961658706,299,-299,-5.430084524383806,-1.7407305627250995,-1.7475645946331821,5.4369185562918885,0.006834031908082627
55.072679252057455,3033,480,-480,-8.715755371245377,-5.026401409586671,-181,181,3.286566087907155,-1.7398353216795162,-1.7475645946331821,-3.2788368149534888,0.007729272953665989
55.08175741568164,3034,480,480,8.71431890557918,3.687917495992509,299,-299,-5.428294484933689,-1.74037698894118,-1.7475645946331821,5.435482090625691,0.007187605692002164
55.09083408335728,3035,432,-432,-7.841594834929331,-4.153677338936822,-133,133,2.4141947061240585,-1.7394826328127633,-1.7475645946331821,-2.4061127443036394,0.00808196182041887
55.10898293381942,3037,216,-216,-3.9195061948320893,-8.073183533768912,-349,349,6.33290584257589,-1.7402776911930218,-1.7475645946331821,-6.32561893913573,0.007286903440160364
55.11805511808268,3038,672,672,12.192012192018392,4.11882865824948,323,-323,-5.860148717294504,-1.741320059045024,-1.7475645946331821,5.866393252882663,0.006244535588158184
55.136195008360886,3040,48,48,0.8705715001320146,4.989400158381495,371,-371,-6.728792219770359,-1.7393920613888634,-1.7475645946331821,6.736964753014678,0.00817253324431877
55.14526271584895,3041,1008,-1008,-18.278995336262728,-13.289595177881232,-637,637,11.551309552777303,-1.738285625103929,-1.7475645946331821,-11.54203058324805,0.009278969529253223
55.154328932550705,3042,540,540,9.790709277967592,-3.49888589991364,-97,97,1.7587014814126951,-1.740184418500945,-1.7475645946331821,-1.751321305280458,0.007380176132237182
55.163393659201205,3043,288,-288,-5.2208535569668175,-8.719739456880458,-385,385,6.979266039695191,-1.7404734171852665,-1.7475645946331821,-6.972174862247275,0.007091177447915653
55.17245689653489,3044,480,480,8.699993203133005,-0.01974625374745287,95,-95,-1.7218736547867326,-1.7416199085341855,-1.7475645946331821,1.7278183408857293,0.0059446860989966765
55.18151864528558,3045,384,-384,-6.958851612410363,-6.978597866157816,-289,289,5.237260718715118,-1.7413371474426986,-1.7475645946331821,-5.231033271524634,0.006227447190483515
55.190578906186516,3046,408,408,7.392566051780781,0.41396818562296467,119,-119,-2.1561650984360456,-1.742196912813081,-1.7475645946331821,2.161532780256147,0.005367681820101167
55.20869496736904,3048,144,144,2.6082848016079785,3.022252987230943,263,-263,-4.763742380714587,-1.7414893934836435,-1.7475645946331821,4.7698175818641255,0.006075201149538634
55.21775076911409,3049,336,-336,-6.084999756780012,-3.0627467695490687,-73,73,1.3220386376337583,-1.7407081319153104,-1.7475645946331821,-1.3151821749158865,0.00685646271787177
55.226805085936306,3050,840,840,15.21000533514323,12.14725856559416,767,-767,-13.888183442922342,-1.7409248773281814,-1.7475645946331821,13.894823160227343,0.006639717305000792
55.235857918565905,3051,576,-576,-10.428008574596518,1.7192499909976426,191,-191,-3.457898676645719,-1.7386486856480765,-1.7475645946331821,3.466814585630825,0.008915908985105636
55.24490926773253,3052,96,96,1.7377166742143955,3.456966665212038,287,-287,-5.195048807286775,-1.7380821420747372,-1.7475645946331821,5.20453125984522,0.009482452558444932
55.25395913416522,3053,480,-480,-8.687160296233001,-5.230193631020963,-193,193,3.492962369110346,-1.7372312619106172,-1.7475645946331821,-3.482629036387781,0.01033333272256498
55.263007518592396,3054,528,528,9.554311712448108,4.3241180814271445,335,-335,-6.061921256951033,-1.7378031755238883,-1.7475645946331821,6.071682676060327,0.009761419109293845
55.29014378711634,3057,336,-336,-6.077032486905842,-1.7529144054786974,-1,1,0.018086406211029225,-1.734827999267668,-1.7475645946331821,-0.005349810845515224,0.01273659536551408
55.299186250793966,3058,384,384,6.944044316646493,5.1911299111677955,383,-383,-6.925960867905195,-1.7348309567373992,-1.7475645946331821,6.938694505800978,0.012733637895782968
55.308227236099334,3059,576,-576,-10.414363807777985,-5.223233896610189,-193,193,3.4895350953145376,-1.7336988012956516,-1.7475645946331821,-3.475669301977007,0.013865793337530574
55.31726674375732,3060,240,240,4.338609156373131,-0.884624740237058,47,-47,-0.84964429312307,-1.7342690333601278,-1.7475645946331821,0.8629398543961242,0.013295561273054313
55.326304774492215,3061,360,-360,-6.5068506105250155,-7.391475350762073,-313,313,5.657345114150952,-1.7341302366111213,-1.7475645946331821,-5.643910756128891,0.013434358022060833
55.33534132902769,3062,552,552,9.97554161124204,2.5840662604799665,239,-239,-4.319120371534167,-1.7350541110542004,-1.7475645946331821,4.331630855113149,0.012510483578981768
55.35341001239219,3064,288,288,5.202931489415438,7.786997749895405,527,-527,-9.520641996256751,-1.7336442463613464,-1.7475645946331821,9.534562344528586,0.013920348271835747
55.362442142665635,3065,864,-864,-15.60624796452325,-7.8192502146278455,-337,337,6.087159217643824,-1.732090996984022,-1.7475645946331821,-6.071685619994663,0.015473597649160231
55.37147279962851,3066,480,480,8.668723725969215,0.8494735113413698,143,-143,-2.582557276695002,-1.7330837653536322,-1.7475645946331821,2.597038105974552,0.014480829279549967
55.380501984001555,3067,168,-168,-3.0335586349241246,-2.1840851235827548,-25,25,0.45142241591132665,-1.732662707671428,-1.7475645946331821,-0.4365205289495726,0.014901886961754096
55.39855593785816,3069,1008,-1008,-18.195420132082322,-20.379505255665077,-1033,1033,18.64669543297735,-1.7328098226877273,-1.7475645946331821,-18.631940661031894,0.014754771945454825
55.40758070878027,3070,240,240,4.331537254106599,-16.047968001558477,-793,793,14.312121010443896,-1.735846991114581,-1.7475645946331821,-14.300403406925295,0.011717603518601072
55.42562584220407,3072,8,8,0.14433756729740646,-15.903630434261071,-785,785,14.163123791058007,-1.740506643203064,-1.7475645946331821,-14.156065839627889,0.0070579514301181145
55.4346462061408,3073,288,-288,-5.195306901193796,-21.098937335454867,-1073,1073,19.356126058961625,-1.7428112764932422,-1.7475645946331821,-19.351372740821684,0.004753318139939955
55.44366510251645,3074,624,624,11.254667216646263,-9.844270118808604,-449,449,8.09831022479827,-1.7459598940103334,-1.7475645946331821,-8.096705524175421,0.001604700622848787
55.452682532047085,3075,336,-336,-6.05921994496516,-15.903490063773763,-785,785,14.156213264278687,-1.7472767994950757,-1.7475645946331821,-14.15592546914058,0.0002877951381063948
55.46169849544819,3076,240,240,4.327310675847703,-11.57617938792606,-545,545,9.826601326404182,-1.7495780615218788,-1.7475645946331821,-9.828614793292878,-0.0020134668886966356
55.47071299343465,3077,528,-528,-9.518536386263785,-21.094715774189844,-1073,1073,19.343540800115495,-1.751174974074349,-1.7475645946331821,-19.34715117955666,-0.003610379441166822
55.47972602672079,3078,648,648,11.67994232141498,-9.414773452774863,-425,425,7.660455997841564,-1.7543174549332994,-1.7475645946331821,-7.667208858141681,-0.006752860300117236
55.49774770204643,3080,384,384,6.919199713501849,-2.4955737392730146,-41,41,0.7387687194103584,-1.7568050198626564,-1.7475645946331821,-0.7480091446398325,-0.009240425229474214
55.50675634551167,3081,576,-576,-10.377115110358547,-12.872688849631562,-617,617,11.115763928977833,-1.756924920653729,-1.7475645946331821,-11.12512425499838,-0.009360326020546816
55.51576352712804,3082,240,240,4.323096445980118,-8.549592403651443,-377,377,6.790864000560439,-1.7587284030910046,-1.7475645946331821,-6.802027809018261,-0.0111638084578225
55.52476924760696,3083,312,-312,-5.619113851849923,-14.168706255501366,-689,689,12.40887642283529,-1.7598298326660764,-1.7475645946331821,-12.421141660868184,-0.012265238032894255
55.53377350765928,3084,144,144,2.5930166618362254,-11.57568959366514,-545,545,9.81384778264407,-1.7618418110210712,-1.7475645946331821,-9.828124999031958,-0.014277216387889036
55.54277630799526,3085,336,-336,-6.049391520092818,-17.625081113757957,-881,881,15.861648598814856,-1.7634325149431014,-1.7475645946331821,-15.877516519124775,-0.015867920309919237
55.5517776493246,3086,1008,1008,18.145233917861205,0.5201528041032475,127,-127,-2.2861554638574932,-1.7660026597542458,-1.7475645946331821,2.26771739873643,-0.018438065121063607
55.569775957799216,3088,48,48,0.8637789008984337,1.383931705001681,175,-175,-3.149193909525539,-1.7652622045238577,-1.7475645946331821,3.131496299634863,-0.017697609890675592
55.57877292636101,3089,480,-480,-8.636390742846599,-7.252459037844918,-305,305,5.487706617850472,-1.764752419994446,-1.7475645946331821,-5.504894443211736,-0.017187825361263842
55.58776843874919,3090,672,672,12.08899041774737,4.836531379902452,367,-367,-6.602171850168593,-1.765640470266141,-1.7475645946331821,6.584095974535634,-0.01807587563295887
55.59676249567055,3091,240,-240,-4.316798123248451,0.5197332566540007,127,-127,-2.2843056735523004,-1.7645724168982997,-1.7475645946331821,2.267297851287183,-0.017007822265117545
55.60575509783138,3092,312,312,5.61093000987174,6.13066326652574,439,-439,-7.89486626389003,-1.7642029973642899,-1.7475645946331821,7.878227861158923,-0.016638402731107726
55.614746245937326,3093,576,-576,-10.356965353268686,-4.226302086742946,-137,137,2.4633754399267422,-1.7629266468162035,-1.7475645946331821,-2.4787374921097634,-0.015362052183021335
55.62373594069352,3094,288,288,5.177645750135634,0.9513436633926879,151,-151,-2.7146684314947387,-1.7633247681020507,-1.7475645946331821,2.6989082580258703,-0.0157601734688686
55.641710972974224,3096,360,360,6.469966392206333,7.421310055599021,511,-511,-9.183757851159505,-1.762447795560485,-1.7475645946331821,9.168874650232203,-0.014883200927302775
55.65069631190611,3097,336,-336,-6.0376603037780185,1.383649751821002,175,-175,-3.144614741551039,-1.760964989730037,-1.7475645946331821,3.1312143464541844,-0.013400395096854867
55.65968020030299,3098,648,648,11.64217971910785,13.025829470928851,823,-823,-14.786286896336136,-1.7604574254072851,-1.7475645946331821,14.773394065562034,-0.01289283077410297
55.66866263886712,3099,480,-480,-8.622445326446005,4.403384144482846,343,-343,-6.1614557228562195,-1.7580715783733734,-1.7475645946331821,6.1509487391160285,-0.010506983740191211
55.68662316930342,3101,768,-768,-13.791462945509618,-9.388078801026772,-425,425,7.63199446854368,-1.7560843324830921,-1.7475645946331821,-7.64051420639359,-0.008519737849910003
55.695601262577284,3102,288,288,5.170964914127065,-4.217113886899707,-137,137,2.459799282067404,-1.757314604832303,-1.7475645946331821,-2.4695492922665245,-0.009750010199120807
55.71355310873648,3104,240,240,4.307748951706437,0.09063506480673045,103,-103,-1.8487422584406756,-1.7581071936339452,-1.7475645946331821,1.8381996594399126,-0.010542599000763042
55.72252686302013,3105,384,-384,-6.89128834634457,-6.80065328153784,-281,281,5.042843815944817,-1.7578094655930228,-1.7475645946331821,-5.053088686904657,-0.010244870959840613
55.731499172371095,3106,384,384,6.890178906049789,0.0895256245119489,103,-103,-1.8481469461539675,-1.7586213216420186,-1.7475645946331821,1.837090219145131,-0.01105672700883642
55.74047003748713,3107,432,-432,-7.750203751591373,-7.660678127079424,-329,329,5.902354246003625,-1.7583238810757988,-1.7475645946331821,-5.913113532446242,-0.0107592864426167
55.749439459065414,3108,192,192,3.4439808160040335,-4.216697311075391,-137,137,2.45742381141955,-1.759273499655841,-1.7475645946331821,-2.4691327164422088,-0.011708905022658866
55.758407437802596,3109,360,-360,-6.456425435062332,-10.673122746137723,-497,497,8.913454003405562,-1.7596687427321616,-1.7475645946331821,-8.925558151504541,-0.012104148098979417
55.767373974394744,3110,768,768,13.771492994320093,3.09837024818237,271,-271,-4.859472137318641,-1.7611018891362713,-1.7475645946331821,4.845934842815552,-0.013537294503089159
55.78530272392541,3112,168,168,3.011545905404707,6.109916153587077,439,-439,-7.86945626471827,-1.7595401111311926,-1.7475645946331821,7.85748074822026,-0.01197551649801043
55.794264938253285,3113,528,-528,-9.463338222742479,-3.3534220691554015,-89,89,1.5951460261819925,-1.758276042973409,-1.7475645946331821,-1.6058574745222194,-0.010711448340226859
55.80322571321482,3114,600,600,10.752066611409445,7.398644542254043,511,-511,-9.157176730717012,-1.7585321884629685,-1.7475645946331821,9.146209136887226,-0.010967593829786404
55.812185049503306,3115,288,-288,-5.160163497353784,2.2384810449002597,223,-223,-3.995543263575999,-1.7570622186757392,-1.7475645946331821,3.986045639533442,-0.009497624042557051
55.82114294781145,3116,240,240,4.299446183400098,6.537927228300358,463,-463,-8.294348262142716,-1.7564210338423578,-1.7475645946331821,8.28549182293354,-0.00885643920917567
55.83009940883144,3117,240,-240,-4.298756451113115,2.239170777187243,223,-223,-3.994261202492592,-1.7550904253053488,-1.7475645946331821,3.9867353718204255,-0.007525830672166611
55.839054433254866,3118,240,240,4.298067050667478,6.537237827854721,463,-463,-8.291687685245993,-1.754449857391272,-1.7475645946331821,8.284802422487903,-0.006885262758089761
55.85696017507576,3120,96,96,1.7186756976946436,8.255913525549364,559,-559,-10.007705364701074,-1.7517918391517107,-1.7475645946331821,10.003478120182546,-0.004227244518528517
55.86591089385369,3121,480,-480,-8.592001675440525,-0.336088149891161,79,-79,-1.4141002757495806,-1.7501884256407416,-1.7475645946331821,1.4114764447420212,-0.002623831007559474
55.87486017879597,3122,384,384,6.872500419172899,6.536412269281738,463,-463,-8.286374203325604,-1.7499619340438661,-1.7475645946331821,8.28397686391492,-0.002397339410683985
55.883808030591474,3123,360,-360,-6.441937525140236,0.09447474414150125,103,-103,-1.8431099030262317,-1.7486351588847304,-1.7475645946331821,1.8420393387746834,-0.0010705642515482783
55.89275444992848,3124,240,240,4.293937601787069,4.38841234592857,343,-343,-6.136752489220701,-1.7483401432921308,-1.7475645946331821,6.135976940561752,-0.0007755486589486882
55.90169943749474,3125,744,-744,-13.309076602078624,-8.920664256150054,-401,401,7.173306071819326,-1.7473581843307286,-1.7475645946331821,-7.173099661516872,0.0002064103024534969
55.910642993977454,3126,624,624,11.160665779987774,2.2400015238377193,223,-223,-3.988507161758468,-1.7485056379207489,-1.7475645946331821,3.9875661184709017,-0.000941043287566723
55.92852581643825,3128,288,288,5.149429486935501,7.389431010773221,511,-511,-9.136661346611236,-1.7472303358380152,-1.7475645946331821,9.136995605406403,0.0003342587951669085
55.937465083787984,3129,576,-576,-10.297213131435546,-2.9077821206623256,-65,65,1.162011898512694,-1.7457702221496316,-1.7475645946331821,-1.1602175260291434,0.0017943724835505215
55.94640292279746,3130,336,336,6.005748045386557,3.0979659247242317,271,-271,-4.843921786606425,-1.7459558618821935,-1.7475645946331821,4.845530519357414,0.0016087327509886062
55.95533933415113,3131,480,-480,-8.57826984362591,-5.480303918901678,-209,209,3.7351216610787557,-1.745182257822922,-1.7475645946331821,-3.732739324268495,0.0023823368102602327
55.97320787662612,3133,240,-240,-4.28776568477185,-9.768069603673528,-449,449,8.021694968594039,-1.7463746350794889,-1.7475645946331821,-8.020505009040345,0.001189959553693276
55.98214000911362,3134,1056,1056,18.863158854378582,9.095089250705055,607,-607,-10.842743773303116,-1.7476545225980615,-1.7475645946331821,10.842653845338237,-8.992796487938826e-05
56.0,3136,54,54,0.9642857142857153,10.05937496499077,661,-661,-11.803571428571429,-1.7441964635806588,-1.7475645946331821,11.806939559623952,0.0033681310525233155
56.00892785976178,3137,672,-672,-11.998087192145482,-1.9387122271547117,-11,11,0.19639726058571236,-1.7423149665689994,-1.7475645946331821,-0.19114763252152955,0.005249628064182721
56.01785429664367,3138,288,288,5.1412179851604,3.202505758005688,277,-277,-4.944852020449426,-1.7423462624437382,-1.7475645946331821,4.95007035263887,0.005218332189443897
56.02677931132576,3139,240,-240,-4.283665828199497,-1.0811600701938087,37,-37,-0.6603984818474204,-1.7415585520412291,-1.7475645946331821,0.6664045244393735,0.006006042591953031
56.0357029044876,3140,192,192,3.4263869291916063,2.3452268589977976,229,-229,-4.086680243671229,-1.7414533846734317,-1.7475645946331821,4.09279145363098,0.006111209959750452
56.04462507680822,3141,840,-840,-14.98805637202118,-12.642829513023383,-611,611,10.902026718220254,-1.7408027948031286,-1.7475645946331821,-10.8952649183902,0.006761799830053539
56.05354582896607,3142,360,360,6.422430457806391,-6.220399055216991,-251,251,4.477861235859479,-1.742537819357512,-1.7475645946331821,-4.472834460583809,0.005026775275670081
56.07138307550475,3144,192,192,3.424206600030828,-2.7961924551861634,-59,59,1.052230153134472,-1.7439623020516914,-1.7475645946331821,-1.0486278605529813,0.003602292581490696
56.08029957123981,3145,384,-384,-6.8473243355662925,-9.643516790752455,-443,443,7.899387189208023,-1.744129601544432,-1.7475645946331821,-7.895952196119273,0.00343499308875006
56.089214649520635,3146,936,936,16.68770022630339,7.044183435550936,493,-493,-8.789568602102248,-1.745385166551312,-1.7475645946331821,8.791748030184118,0.002179428081870105
56.098128311023,3147,240,-240,-4.278217602365921,2.7659658331850148,253,-253,-4.509954389160731,-1.743988555975716,-1.7475645946331821,4.513530427818197,0.0035760386574661407
56.10704055642215,3148,120,120,2.1387690173985536,4.904734850583568,373,-373,-6.6480070290805156,-1.7432721784969472,-1.7475645946331821,6.652299445216751,0.004292416136234989
56.1159513863928,3149,1008,-1008,-17.962806922033657,-13.058072071450088,-635,635,11.315855551082702,-1.7422165203673856,-1.7475645946331821,-11.310507476816905,0.005348074265796532
56.124860801609124,3150,720,720,12.828539611796211,-0.22953245965387659,85,-85,-1.5144803708370713,-1.744012830490948,-1.7475645946331821,1.5180321349793056,0.003551764142234237
56.142675390472796,3152,120,120,2.137411499637286,1.9078790399834094,205,-205,-3.6514113118803695,-1.7435322718969601,-1.7475645946331821,3.6554436346165913,0.004032322736222005
56.15158056546583,3153,432,-432,-7.693461086039007,-5.785582046055598,-227,227,4.042628857710353,-1.7429531883452452,-1.7475645946331821,-4.038017451422416,0.004611406287936992
56.16048432839589,3154,384,384,6.837547870039283,1.0519658239836849,157,-157,-2.7955599364483685,-1.7435941124646837,-1.7475645946331821,2.7995304186168672,0.00397048216849849
56.16938667993447,3155,480,-480,-8.545580223888617,-7.493614399904932,-323,323,5.7504633589917065,-1.7431510409132258,-1.7475645946331821,-5.74604980527175,0.004413553719956331
56.178287620752556,3156,384,384,6.83538100328544,-0.658233396619492,61,-61,-1.0858287531260793,-1.7440621497455713,-1.7475645946331821,1.0893311980136902,0.003502444887610867
56.18718715152058,3157,288,-288,-5.1257237566164,-5.7839571532358915,-227,227,4.040066988721943,-1.7438901645139486,-1.7475645946331821,-4.036392558602709,0.0036744301192335183
56.19608527290847,3158,504,504,8.968596256347587,3.184639103111695,277,-277,-4.929168974222813,-1.7445298711111183,-1.7475645946331821,4.932203697744877,0.003034723522063798
56.213877290220786,3160,192,192,3.4155267214311444,6.60016582454284,469,-469,-8.343135585162514,-1.7429697606196743,-1.7475645946331821,8.347730419176022,0.004594834013507798
56.22277118748239,3161,672,-672,-11.952452463773566,-5.3522866392307265,-203,203,3.6106366817649245,-1.741649957465802,-1.7475645946331821,-3.604722044597544,0.005914637167380166
56.231663678038196,3162,480,480,8.536115928354869,3.1838292891241426,277,-277,-4.926050233654832,-1.7422209445306898,-1.7475645946331821,4.931393883757325,0.005343650102492381
56.24055476255546,3163,216,-216,-3.840644903165332,-0.6568156140411894,61,-61,-1.0846265698753979,-1.7414421839165872,-1.7475645946331821,1.0907489805919928,0.006122410716594917
56.25833271614081,3165,384,-384,-6.825655533332697,-7.482471147373887,-323,323,5.741371711631433,-1.7410994357424538,-1.7475645946331821,-5.734906552740704,0.006465158890728295
56.2672195865408,3166,384,384,6.8245774861755235,-0.6578936611983632,61,-61,-1.0841125694185054,-1.7420062306168687,-1.7475645946331821,1.089670933434819,0.005558364016313488
56.28498911788115,3168,120,120,2.1320071635561013,1.474113502357738,181,-181,-3.215777471697124,-1.741663969339386,-1.7475645946331821,3.22167809699092,0.005900625293796091
56.293871780150276,3169,432,-432,-7.674014707802166,-6.199901205444428,-251,251,4.45874465661651,-1.7411565488279184,-1.7475645946331821,-4.452336610811246,0.006408045805263773
56.302753041036986,3170,816,816,14.493074599837627,8.293173394393198,565,-565,-10.035033270721105,-1.741859876327906,-1.7475645946331821,10.04073798902638,0.00570471830527608
56.31163290120435,3171,384,-384,-6.8191949019433435,1.473978492449855,181,-181,-3.2142559303431053,-1.7402774378932504,-1.7475645946331821,3.2215430870830373,0.007287156739931744
56.32051136131489,3172,96,96,1.7045299781482461,3.178508470598101,277,-277,-4.918279207781913,-1.7397707371838118,-1.7475645946331821,4.926073065231283,0.007793857449370334
56.32938842203065,3173,480,-480,-8.521306789339722,-5.342798318741621,-203,203,3.6038026629915603,-1.7389956557500605,-1.7475645946331821,-3.5952337241084384,0.008568938883121602
56.3382640840131,3174,600,600,10.649955403405166,5.307157084663545,397,-397,-7.046720491919722,-1.7395634072561776,-1.7475645946331821,7.054721679296727,0.008001187377004504
56.356011214421486,3176,504,504,8.943145356444727,14.250302441108271,901,-901,-15.987646758247404,-1.737344317139133,-1.7475645946331821,15.997867035741454,0.01022027749404919
56.36488268416781,3177,576,-576,-10.219128871917158,4.031173569191113,325,-325,-5.766001533633785,-1.7348279644426725,-1.7475645946331821,5.778738163824295,0.012736630190509635
56.37375275782161,3178,240,240,4.257300397066458,8.28847396625757,565,-565,-10.022394684760608,-1.7339207185030379,-1.7475645946331821,10.036038560890752,0.013643876130144283
56.382621436041795,3179,456,-456,-8.087598419262314,0.20087554699525612,109,-109,-1.9332197975868375,-1.7323442505915814,-1.7475645946331821,1.9484401416284383,0.015220344041600775
56.39148871948674,3180,96,96,1.7023845651165792,1.9032601121118353,205,-205,-3.635300373426032,-1.7320402613141965,-1.7475645946331821,3.6508247067450172,0.015524333318985617
56.4003546088143,3181,648,-648,-11.489289464480157,-9.586029352368321,-443,443,7.854560544390045,-1.7314688079782758,-1.7475645946331821,-7.838464757735139,0.016095786654906297
56.40921910468182,3182,336,336,5.956473167559091,-3.62955618480923,-107,107,1.8968530622881692,-1.732703122521061,-1.7475645946331821,-1.881991590176048,0.014861472112121188
56.43580423808985,3185,864,-864,-15.309430097868207,-18.938986282677437,-971,971,17.20538961230306,-1.7335966703743786,-1.7475645946331821,-17.191421688044255,0.013967924258803555
56.444663166680336,3186,768,768,13.606246488390198,-5.332739794287239,-203,203,3.596442756696833,-1.7362970375904059,-1.7475645946331821,-3.5851751996540564,0.011267557042776266
56.45352070508977,3187,168,-168,-2.9758994284452793,-8.308639222732518,-371,371,6.57177790448331,-1.7368613182492085,-1.7475645946331821,-6.561074628099336,0.010703276383973614
56.462376853972415,3188,360,360,6.3759271227823415,-1.9327120999501766,-11,11,0.194819995418349,-1.7378921045318276,-1.7475645946331821,-0.18514750531699442,0.009672490101354514
56.471231613982,3189,624,-624,-11.049874106969186,-12.982586206919363,-635,635,11.244663554367692,-1.7379226525516707,-1.7475645946331821,-11.23502161228618,0.009641942081511479
56.480084985771754,3190,288,288,5.099142468934905,-7.883443737984458,-347,347,6.143758460834733,-1.739685277149725,-1.7475645946331821,-6.135879143351276,0.007879317483457049
56.49778756730214,3192,192,192,3.3983631619429735,-4.485080576041485,-155,155,2.743470260943556,-1.7416103150979287,-1.7475645946331821,-2.7375159814083023,0.005954279535253404
56.50663677834667,3193,192,-192,-3.397830961930031,-7.882911537971516,-347,347,6.140871582238113,-1.7420399557334036,-1.7475645946331821,-6.135346943338334,0.0055246388997785
56.515484603779164,3194,888,888,15.712507929917244,7.829596391945728,541,-541,-9.572597736582507,-1.7430013446367791,-1.7475645946331821,9.57716098657891,0.004563249996403007
56.52433104425032,3195,480,-480,-8.491918278948392,-0.6623218870026637,61,-61,-1.0791812812830264,-1.74150316828569,-1.7475645946331821,1.0852427076305184,0.0060614263474920715
56.542019772908716,3197,768,-768,-13.582818637971362,-14.245140524974026,-707,707,12.503974970111498,-1.741165554862528,-1.7475645946331821,-12.497575930340844,0.006399039770654147
56.55086206239477,3198,384,384,6.790347414621555,-7.454793110352472,-323,323,5.711672434694656,-1.7431206756578153,-1.7475645946331821,-5.707228515719289,0.0044439189753668895
56.568542494923804,3200,84,84,1.4849242404917482,-5.969868869860724,-239,239,4.224963017589621,-1.7449058522711027,-1.7475645946331821,-4.2223042752275415,0.0026587423620794137
56.57738063926254,3201,384,-384,-6.787164687746536,-12.75703355760726,-623,623,11.011467709547192,-1.7455658480600675,-1.7475645946331821,-11.009468962974077,0.001998746573114607
56.586217403180434,3202,288,288,5.0895785796739625,-7.667454977933297,-335,335,5.9201695284401765,-1.7472854494931207,-1.7475645946331821,-5.919890383300115,0.0002791451400614431
56.595052787324086,3203,264,-264,-4.664718681190614,-12.33217365912391,-599,599,10.583963977398417,-1.748209681725493,-1.7475645946331821,-10.584609064490728,-0.0006450870923109253
56.60388679233962,3204,432,432,7.631984736045746,-4.700188923078164,-167,167,2.9503274326843685,-1.7498614903937955,-1.7475645946331821,-2.9526243284449816,-0.0022968957606133156
56.61271941887264,3205,288,-288,-5.08719600394238,-9.787384927020543,-455,455,8.037063131228411,-1.7503217957921322,-1.7475645946331821,-8.039820332387361,-0.0027572011589500622
56.621550667568265,3206,720,720,12.716006388225098,2.928621461204555,265,-265,-4.680196795666123,-1.7515753344615677,-1.7475645946331821,4.6761860558377375,-0.004010739828385512
56.639209034025185,3208,144,144,2.542408385567214,5.471029846771769,409,-409,-7.221146039562438,-1.750116192790669,-1.7475645946331821,7.218594441404951,-0.002551598157486845
56.64803615307419,3209,960,-960,-16.946748116843892,-11.475718270072123,-551,551,9.726727304563376,-1.7489909655087477,-1.7475645946331821,-9.728153675438941,-0.0014263708755655191
56.65686189686118,3210,384,384,6.777643292334767,-4.698074977737356,-167,167,2.9475688276560175,-1.7505061500813386,-1.7475645946331821,-2.9505103831041737,-0.002941555448156441
56.66568626602876,3211,360,-360,-6.3530510918001974,-11.051126069537553,-527,527,9.300160903829696,-1.750965165707857,-1.7475645946331821,-9.30356147490437,-0.003400571074674952
56.674509261219015,3212,240,240,4.234708039443496,-6.816418030094057,-287,287,5.064005030501201,-1.7524129995928552,-1.7475645946331821,-5.068853435460874,-0.004848404959673092
56.68333088307355,3213,384,-384,-6.7744783875194665,-13.590896417613523,-671,671,11.837695307358343,-1.7532011102551799,-1.7475645946331821,-11.84333182298034,-0.00563651562199774
56.69215113223346,3214,528,528,9.313458555637586,-4.277437861975937,-143,143,2.5223950254851855,-1.7550428364907513,-1.7475645946331821,-2.5298732673427544,-0.007478241857569179
56.7097875150313,3216,144,144,2.5392442170909497,-1.738193644884987,1,-1,-0.017633640396464957,-1.755827285281452,-1.7475645946331821,0.009370949748195079,-0.0082626906482699
56.71860364994893,3217,192,-192,-3.385132701520119,-5.123326346405106,-191,191,3.367501802033026,-1.75582454437208,-1.7475645946331821,-3.3757617517719236,-0.008259949738897765
56.72741841473134,3218,672,672,11.84612342284002,6.722797076434913,481,-481,-8.479144890455492,-1.7563478140205788,-1.7475645946331821,8.470361671068096,-0.008783219387396679
56.73623181001713,3219,480,-480,-8.46020232022627,-1.7374052437913559,1,-1,-0.017625421500471306,-1.755030665291827,-1.7475645946331821,0.010159350841826287,-0.007466070658644908
56.74504383644443,3220,192,192,3.3835554088811555,1.6461501650897996,193,-193,-3.4011780933024145,-1.7550279282126149,-1.7475645946331821,3.3937147597229815,-0.0074633335794327404
56.753854494650845,3221,744,-744,-13.109241770885035,-11.463091605795235,-551,551,9.708591687846202,-1.7544999179490333,-1.7475645946331821,-9.715527011162052,-0.006935323315851116
56.7626637852735,3222,360,360,6.342197070980251,-5.120894534814984,-191,191,3.3648878904367594,-1.7560066443782247,-1.7475645946331821,-3.3733299401818018,-0.00844204974504259
56.78027826631356,3224,336,336,5.917547610881333,0.7966530760663488,145,-145,-2.5537035820767575,-1.7570505060104087,-1.7475645946331821,2.544217670699531,-0.009485911377226541
56.789083458002736,3225,720,-720,-12.67849305108878,-11.881839975022432,-575,575,10.125185422744673,-1.7566545522777588,-1.7475645946331821,-10.13427538038925,-0.009089957644576652
56.79788728465171,3226,456,456,8.028467638499956,-3.853372336522476,-119,119,2.0951483530296198,-1.7582239834928561,-1.7475645946331821,-2.1058077418892935,-0.01065938885967399
56.806689746895124,3227,336,-336,-5.914796329394706,-9.768168665917182,-455,455,8.009620029388685,-1.7585486365284968,-1.7475645946331821,-8.020604071284,-0.010984041895314656
56.824290580701486,3229,408,-408,-7.18002804488266,-16.94819671079984,-863,863,15.187167163563142,-1.7610295472366992,-1.7475645946331821,-15.200632116166659,-0.0134649526035171
56.83308895353129,3230,864,864,15.202411410480035,-1.745785300319806,1,-1,-0.017595383576944672,-1.7633806838967507,-1.7475645946331821,0.0017792943133760897,-0.01581608926356859
56.85068161420758,3232,72,72,1.2664755805145242,-0.4793097198052818,73,-73,-1.2840655191327828,-1.7633752389380646,-1.7475645946331821,1.2682548748279003,-0.015810644304882437
56.859475903318,3233,672,-672,-11.818610518722565,-12.297920238527848,-599,599,10.534743602254093,-1.763176636273755,-1.7475645946331821,-10.550355643894665,-0.015612041640572949
56.868268832451726,3234,672,672,11.816783134015818,-0.4811371045120296,73,-73,-1.283668405927327,-1.7648055104393565,-1.7475645946331821,1.2664274901211525,-0.017240915806174373
56.87706040223949,3235,144,-144,-2.53177641357728,-3.0129135180893094,-71,71,1.2483064261387957,-1.7646070919505137,-1.7475645946331821,-1.2653489234561273,-0.01704249731733154
56.88585061331157,3236,384,384,6.750360517772506,3.737446999683197,313,-313,-5.50224698453848,-1.7647999848552827,-1.7475645946331821,5.485011594316379,-0.017235390222100522
56.894639466297704,3237,384,-384,-6.749317749477421,-3.011870749794224,-71,71,1.2479207297210801,-1.763950020073144,-1.7475645946331821,-1.264306155161042,-0.016385425439961798
56.90342696182718,3238,216,216,3.7959049486580354,0.7840341988638113,145,-145,-2.5481769331269115,-1.7641427342631002,-1.7475645946331821,2.5315987934969932,-0.016578139629918054
56.92099788303083,3240,408,408,7.167829363048346,7.951863561912157,553,-553,-9.715219700406188,-1.7633561384940304,-1.7475645946331821,9.69942815654534,-0.015791543860848245
56.929781309961136,3241,480,-480,-8.431439379445015,-0.47957581753285794,73,-73,-1.2822814056239318,-1.7618572231567897,-1.7475645946331821,1.2679887771003242,-0.014292628523607576
56.938563381947034,3242,504,504,8.851645880475441,8.372070062942583,577,-577,-10.133729509988724,-1.7616594470461404,-1.7475645946331821,10.119634657575766,-0.01409485241295827
56.94734409961539,3243,192,-192,-3.371535635869927,5.000534427072656,385,-385,-6.760631353176666,-1.7600969261040094,-1.7475645946331821,6.748099021705839,-0.012532331470827218
56.95612346359257,3244,168,168,2.9496389463266137,7.95017337339927,553,-553,-9.709228198325121,-1.759054824925851,-1.7475645946331821,9.697737968032452,-0.011490230292668935
56.96490147450446,3245,576,-576,-10.111489445089154,-2.1613160716898836,-23,23,0.4037573910365493,-1.7575586806533343,-1.7475645946331821,-0.41375147705670146,-0.00999408602015217
56.97367813297646,3246,624,624,10.952426110590533,8.79111003890065,601,-601,-10.548730917411847,-1.7576208785111973,-1.7475645946331821,10.538674633533832,-0.01005628387801516
56.991227395100026,3248,96,96,1.6844697752246356,10.475579814125286,697,-697,-12.229952430537168,-1.7543726164118816,-1.7475645946331821,12.223144408758468,-0.006808021778699436
57.0,3249,630,-630,-11.052631578947377,-0.577051764822091,67,-67,-1.1754385964912282,-1.7524903613133191,-1.7475645946331821,1.1705128298110912,-0.004925766680137
57.0087712549569,3250,288,288,5.0518541912084585,4.4748024263863675,355,-355,-6.227111937079908,-1.7523095106935402,-1.7475645946331821,6.22236702101955,-0.004744916060358095
57.01754116059373,3251,744,-744,-13.048616002301175,-8.573813575914809,-389,389,6.82246186141832,-1.7513517144964883,-1.7475645946331821,-6.826248981281626,-0.0037871198633061542
57.02630971753301,3252,144,144,2.52515024579482,-6.048663330119989,-245,245,4.296262570970353,-1.7524007591496353,-1.7475645946331821,-4.301098735486806,-0.00483616451645319
57.0350769263968,3253,408,-408,-7.153492587141126,-13.202155917261114,-653,653,11.449094753439011,-1.7530611638221032,-1.7475645946331821,-11.454591322627932,-0.005496569188921052
57.043842787806646,3254,936,936,16.40843172998999,3.206275812728874,283,-283,-4.961096345712747,-1.7548205329838726,-1.7475645946331821,4.9538404073620566,-0.007255938350690494
57.06137047074842,3256,144,144,2.523598694038009,5.729874506766883,427,-427,-7.4831711274599435,-1.7532966206930602,-1.7475645946331821,7.477439101400066,-0.005732026059878104
57.0701322935211,3257,432,-432,-7.569633758305505,-1.8397592515386219,-5,5,0.08761150183223995,-1.752147749706382,-1.7475645946331821,-0.09219465690543971,-0.0045831550731998405
57.07889277132134,3258,648,648,11.352707954516855,9.512948702978234,643,-643,-11.265109899312346,-1.7521611963341126,-1.7475645946331821,11.260513297611416,-0.004596601700930458
57.087651904768336,3259,216,-216,-3.783655357910402,5.729293345067831,427,-427,-7.479726101054336,-1.7504327559865045,-1.7475645946331821,7.476857939701014,-0.0028681613533223516
57.105166141076936,3261,528,-528,-9.246098657616896,-3.5168053125490646,-101,101,1.7686665992789854,-1.7481387132700792,-1.7475645946331821,-1.7692407179158824,-0.0005741186368970475
57.113921245174545,3262,384,384,6.723404585575377,3.2065992730263124,283,-283,-4.955009108640219,-1.7484098356139066,-1.7475645946331821,4.954163867659495,-0.000845240980724471
57.1314274283428,3264,48,48,0.8401680504168065,4.0467673234431185,331,-331,-5.79365884766589,-1.7468915242227716,-1.7475645946331821,5.794331918076301,0.0006730704104105367
57.14017850864661,3265,288,-288,-5.040236266612592,-0.9934689431694732,43,-43,-0.7525352759178573,-1.7460042190873306,-1.7475645946331821,0.7540956514637089,0.0015603755458515334
57.148928248918196,3266,864,864,15.11839375599041,14.124924812820936,907,-907,-15.87081381560588,-1.7458890027849439,-1.7475645946331821,15.872489407454118,0.0016755918482382892
57.15767664977295,3267,416,-416,-7.278112484329755,6.846812328491181,491,-491,-8.590272187033522,-1.7434598585423409,-1.7475645946331821,8.594376923124363,0.004104736090841277
57.16642371182581,3268,144,144,2.518961142748754,9.365773471239935,635,-635,-11.107918928093449,-1.742145456853514,-1.7475645946331821,11.113338065873117,0.005419137779668182
57.175169435691224,3269,720,-720,-12.592879166013274,-3.227105694773339,-85,85,1.4866593459876887,-1.7404463487856505,-1.7475645946331821,-1.479541100140157,0.0071182458475316235
57.18391382198319,3270,288,288,5.036381400835228,1.8092757060618885,203,-203,-3.549949390172045,-1.7406736841101567,-1.7475645946331821,3.556840300695071,0.006890910523025484
57.201398584300364,3272,336,336,5.8739822507105455,7.683257956772434,539,-539,-9.422846527181509,-1.739588570409075,-1.7475645946331821,9.430822551405615,0.007976024224107148
57.21013896155121,3273,432,-432,-7.551109083834484,0.1321488729379503,107,-107,-1.8702978517830675,-1.7381489788451172,-1.7475645946331821,1.8797134675711324,0.009415615788064935
57.21887800367987,3274,360,360,6.291629835468726,6.423778708406676,467,-467,-8.161642036566432,-1.7378633281597562,-1.7475645946331821,8.171343303039858,0.009701266473425951
57.227615711297986,3275,600,-600,-10.484448679932534,-4.060669971525858,-133,133,2.324052790718361,-1.7366171808074968,-1.7475645946331821,-2.3131053768926755,0.010947413825685315
57.23635208501674,3276,240,240,4.193139346887657,0.13246937536179892,107,-107,-1.8694412921540875,-1.7369719167922886,-1.7475645946331821,1.880033969994981,0.010592677840893572
57.245087125446844,3277,336,-336,-5.8694993207660175,-5.737029945404219,-229,229,4.000343287069676,-1.736686658334543,-1.7475645946331821,-3.9894653507710363,0.01087793629863909
57.253820833198546,3278,432,432,7.545347956053053,1.8083180106488346,203,-203,-3.5456148960156515,-1.737296885366817,-1.7475645946331821,3.555882605282017,0.010267709266365221
57.271284253105414,3280,96,96,1.6762327098469845,3.484550720495819,299,-299,-5.220766460877597,-1.7362157403817777,-1.7475645946331821,5.232115315129001,0.011348854251404417
57.28001396647874,3281,960,-960,-16.759772449807976,-13.275221729312157,-661,661,11.539801655544789,-1.7354200737673686,-1.7475645946331821,-11.527657134678975,0.012144520865813524
57.28874234961002,3282,480,480,8.378609484403714,-4.896612244908443,-181,181,3.159433993077213,-1.7371782518312302,-1.7475645946331821,-3.1490476502752607,0.010386342801951942
57.29746940310715,3283,216,-216,-3.7697999972802823,-8.666412242188725,-397,397,6.928752772779025,-1.7376594694097003,-1.7475645946331821,-6.918847647555543,0.009905125223481859
57.30619512757761,3284,360,360,6.282043314837959,-2.384368927350766,-37,37,0.6456544518027928,-1.7387144755479733,-1.7475645946331821,-0.6368043327175841,0.00885011908520883
57.3149195236284,3285,720,-720,-12.562174142165032,-14.946543069515798,-757,757,13.207730313359727,-1.7388127561560704,-1.7475645946331821,-13.198978474882615,0.008751838477111695
57.323642591866054,3286,624,624,10.885560857372012,-4.060982212143786,-133,133,2.320159605818072,-1.7408226063257142,-1.7475645946331821,-2.313417617510604,0.006741988307467972
57.3410847473258,3288,240,240,4.185480638490951,0.12449842634716468,107,-107,-1.8660267846605418,-1.7415283583133772,-1.7475645946331821,1.8720630209803468,0.006036236319804988
57.34980383575867,3289,576,-576,-10.043626333048714,-9.919127906701549,-469,469,8.177883246874678,-1.7412446598268705,-1.7475645946331821,-8.171563312068367,0.006319934806311656
57.358521598799946,3290,768,768,13.389466440084437,3.470338533382888,299,-299,-5.21282612706419,-1.742487593681302,-1.7475645946331821,5.21790312801607,0.0050770009518801285
57.367238037053866,3291,240,-240,-4.18357250953904,-0.7132339761561521,59,-59,-1.0284615752616768,-1.741695551417829,-1.7475645946331821,1.03433061847703,0.005869043215353198
57.38466694161429,3293,528,-528,-9.201064119396355,-9.914298095552507,-469,469,8.17291490908506,-1.7413831864674467,-1.7475645946331821,-8.166733500919324,0.006181408165735425
57.39337940912697,3294,576,576,10.036000770994862,0.12170267544235536,107,-107,-1.8643265321118963,-1.742623856669541,-1.7475645946331821,1.8692672700755375,0.004940737963641251
57.41080037762929,3296,240,240,4.180398085749723,4.3021007611920785,347,-347,-6.044158898979783,-1.742058137787705,-1.7475645946331821,6.049665355825261,0.005506456845477237
57.41950887982237,3297,480,-480,-8.359528135370029,-4.0574273741779505,-133,133,2.3162859208420916,-1.741141453335859,-1.7475645946331821,-2.309862779544768,0.006423141297323243
57.42821606144492,3298,192,192,3.3433042704055254,-0.7141231037724252,59,-59,-1.027369541426698,-1.741492645199123,-1.7475645946331821,1.033441490860757,0.006071949434059087
57.436921923097515,3299,648,-648,-11.28194162054181,-11.996064724314234,-589,589,10.254727800152907,-1.7413369241613275,-1.7475645946331821,-10.248500129681052,0.006227670471854685
57.445626465380286,3300,336,336,5.849009240111448,-6.147055484202786,-253,253,4.404164695679155,-1.7428907885236313,-1.7475645946331821,-4.399490889569604,0.0046738061095508154
57.4543296888929,3301,408,-408,-7.101292491084033,-13.24834797528682,-661,661,11.504790040702273,-1.7435579345845458,-1.7475645946331821,-11.500783380653637,0.004006660048636368
57.463031594234565,3302,768,768,13.36511455613923,0.11676658085241165,107,-107,-1.862066741545457,-1.7453001606930454,-1.7475645946331821,1.8643311754855938,0.0022644339401367564
57.48043145279966,3304,144,144,2.5052004023011967,2.6219669831536083,251,-251,-4.366703479011112,-1.7447364958575036,-1.7475645946331821,4.36953157778679,0.002828098775678578
57.48912940721924,3305,576,-576,-10.019285488217363,-7.397318505063755,-325,325,5.653242679983737,-1.7440758250800172,-1.7475645946331821,-5.649753910430572,0.0034887695531649054
57.4978260458602,3306,576,576,10.017770055177072,2.6204515501133177,251,-251,-4.3653824372386305,-1.7449308871253129,-1.7475645946331821,4.3680161447465,0.0026337075078692873
57.5065213693195,3307,216,-216,-3.7560957410865075,-1.1356441909731898,35,-35,-0.608626624713088,-1.7442708156862778,-1.7475645946331821,0.6119204036599923,0.003293778946904302
57.51521537819362,3308,168,168,2.9209661981670205,1.7853220071938307,203,-203,-3.5295008227851588,-1.744178815591328,-1.7475645946331821,3.5328866018270126,0.003385779041854109
57.52390807307862,3309,576,-576,-10.013227878541343,-8.227905871347513,-373,373,6.4842604144026375,-1.7436454569448756,-1.7475645946331821,-6.480341276714331,0.00391913768830654
57.532599454570104,3310,432,432,7.5087863940708175,-0.7191194772766956,59,-59,-1.0255055491902223,-1.7446250264669179,-1.7475645946331821,1.0284451173564866,0.0029395681662642836
57.55866572463264,3313,288,-288,-5.003590621398809,-5.722710098675504,-229,229,3.978549487153901,-1.7441606115216035,-1.7475645946331821,-3.975145504042322,0.0034039831115786345
57.56735185849702,3314,1008,1008,17.509924765650165,11.787214666974661,779,-779,-13.531975587739643,-1.744760920764982,-1.7475645946331821,13.534779261607843,0.0028036738682002404
57.57603668193913,3315,192,-192,-3.3347206766010036,8.452493990373657,587,-587,-10.195213735233263,-1.7427197448596061,-1.7475645946331821,10.20005858500684,0.004844849773576021
57.584720195551874,3316,264,264,4.584549496871451,13.037043487245107,851,-851,-14.778225840293922,-1.7411823530488153,-1.7475645946331821,14.78460808187829,0.006382241584366843
57.59340239992772,3317,672,-672,-11.668003139207471,1.369040348037636,179,-179,-3.107994883806772,-1.7389545357691358,-1.7475645946331821,3.1166049426708184,0.00861005886404631
57.60208329565867,3318,384,384,6.666425553204574,8.03546590124221,563,-563,-9.773952048057817,-1.7384861468156068,-1.7475645946331821,9.783030495875392,0.009078447817575386
57.619441163551734,3320,240,240,4.165260807003746,12.200726708245956,803,-803,-13.936268450100012,-1.7355417418540569,-1.7475645946331821,13.948291302879138,0.012022852779125293
57.62811813689564,3321,864,-864,-14.992681141306061,-2.7919544330601056,-61,61,1.0585110528005524,-1.7334433802595532,-1.7475645946331821,-1.0443898384269235,0.014121214373628899
57.63679380395825,3322,192,192,3.3312054215412292,0.5392509884811236,131,-131,-2.2728536990724053,-1.7336027105912817,-1.7475645946331821,2.286815583114306,0.013961884041900463
57.645468165329355,3323,408,-408,-7.077746317019106,-6.538495328537983,-277,277,4.805234631897752,-1.7332606966402304,-1.7475645946331821,-4.7909307339048,0.01430389799295173
57.66281297335398,3325,336,-336,-5.826978995202066,-12.365474323740049,-613,613,10.630768226365712,-1.7347060973743371,-1.7475645946331821,-10.617909729106866,0.012858497258845025
57.67148342118486,3326,576,576,9.987605066326513,-2.3778692574135363,-37,37,0.6415649087744557,-1.7363043486390806,-1.7475645946331821,-0.6303046627803541,0.011260245994101581
57.688820407423826,3328,24,24,0.41602514716892175,-1.9618441102446145,-13,13,0.22534695471649935,-1.7364971555281152,-1.7475645946331821,-0.21427951561143233,0.011067439105066912
57.697486947006624,3329,912,-912,-15.806580983979892,-17.768425094224504,-925,925,16.031894090111486,-1.7365310041130186,-1.7475645946331821,-16.020860499591322,0.011033590520163505
57.706152185014034,3330,720,720,12.477005877840993,-5.291419216383511,-205,205,3.552480840218582,-1.7389383761649295,-1.7475645946331821,-3.543854621750329,0.008626218468252622
57.7148161220323,3331,360,-360,-6.237566437685829,-11.528985654069341,-565,565,9.789513992479211,-1.7394716615901302,-1.7475645946331821,-9.781421059436159,0.00809293304305192
57.723478758647246,3332,336,336,5.82085500087197,-5.7081306531973715,-229,229,3.9671898666657324,-1.740940786531639,-1.7475645946331821,-3.960566058564189,0.0066238081015430605
57.73214009544424,3333,384,-384,-6.651407679763199,-12.359538332960572,-613,613,10.618002363788573,-1.7415359691719985,-1.7475645946331821,-10.61197373832739,0.0060286254611836565
57.7408001330082,3334,360,360,6.234759462472421,-6.124778870488151,-253,253,4.38165040001532,-1.743128470472831,-1.7475645946331821,-4.377214275854969,0.004436124160351218
57.758116312774604,3336,192,192,3.324208133109332,-2.800570737378819,-61,61,1.0561286256232767,-1.7444421117555422,-1.7475645946331821,-1.0530061427456368,0.0031224828776399427
57.766772456144714,3337,288,-288,-4.985565018690319,-7.786135756069138,-349,349,6.041535387232397,-1.7446003688367409,-1.7475645946331821,-6.038571161435955,0.002964225796441289
57.77542730261716,3338,600,600,10.385037861464935,2.5989021053957977,251,-251,-4.34440750537954,-1.7455053999837427,-1.7475645946331821,4.34646670002898,0.0020591946494394886
57.784080852774665,3339,576,-576,-9.968143327702315,-7.369241222306517,-325,325,5.624386426220955,-1.744854796085562,-1.7475645946331821,-5.6216766276733345,0.0027097985476201014
57.79273310719956,3340,144,144,2.4916627447415416,-4.877578477564976,-181,181,3.131881644432072,-1.7456968331329037,-1.7475645946331821,-3.1300138829317934,0.0018677615002784531
57.8013840664737,3341,864,-864,-14.947738950443835,-19.82531742800881,-1045,1045,18.07915185557169,-1.7461655724371177,-1.7475645946331821,-18.077752833375627,0.00139902219606447
57.810033731178535,3342,432,432,7.472751218392928,-12.35256620961588,-613,613,10.603695594617726,-1.7488706149981539,-1.7475645946331821,-10.605001614982697,-0.0013060203649717383
57.82732917920384,3344,240,240,4.150286783196429,-8.202279426419452,-373,373,6.450237375551146,-1.7520420508683054,-1.7475645946331821,-6.454714831786269,-0.0044774562351233005
57.83597496368502,3345,480,-480,-8.299332730214996,-16.501612156634447,-853,853,14.74860587265271,-1.7530062839817369,-1.7475645946331821,-14.754047562001265,-0.005441689348554712
57.844619455918284,3346,480,480,8.298092450340967,-8.20351970629348,-373,373,6.448309341619103,-1.7552103646743777,-1.7475645946331821,-6.455955111660298,-0.007645770041195599
57.85326265648291,3347,264,-264,-4.563268999495498,-12.76678870578898,-637,637,11.010614972267586,-1.7561737335213934,-1.7475645946331821,-11.019224111155797,-0.008609138888211243
57.86190456595773,3348,192,192,3.318245423137368,-9.448543282651611,-445,445,7.690725069250654,-1.7578182134009577,-1.7475645946331821,-7.700978688018429,-0.01025361876777553
57.87054518492115,3349,336,-336,-5.806062461072966,-15.254605743724579,-781,781,13.49563923243458,-1.758966511289998,-1.7475645946331821,-13.507041149091396,-0.01140191665681578
57.879184513951124,3350,840,840,14.512989549766674,-0.7416161939579045,59,-59,-1.019364742186005,-1.7609809361439095,-1.7475645946331821,1.0059484006752777,-0.013416341510727348
57.89645930452051,3352,168,168,2.9017318505845724,2.160115656626668,227,-227,-3.920792440968424,-1.7606767843417561,-1.7475645946331821,3.9076802512598503,-0.013112189708573974
57.905094767213704,3353,480,-480,-8.289426032884712,-6.1293103762580445,-253,253,4.369218304833005,-1.7600920714250394,-1.7475645946331821,-4.381745781624862,-0.012527476791857284
57.91372894228103,3354,576,576,9.945828226223531,3.8165178499654866,323,-323,-5.5772613143580125,-1.760743464392526,-1.7475645946331821,5.564082444598669,-0.013178869759343792
57.92236183029832,3355,192,-192,-3.314781958693664,0.5017358912718226,131,-131,-2.261648107233705,-1.7599122159618825,-1.7475645946331821,2.249300485905005,-0.012347621328700376
57.9396237474839,3357,600,-600,-10.355607461569933,-9.85387157029811,-469,469,8.094633165793848,-1.7592384045042628,-1.7475645946331821,-8.106306975664928,-0.011673809871080687
57.94825277780168,3358,384,384,6.626601866192916,-3.227269704105195,-85,85,1.4668259339229133,-1.760443770182282,-1.7475645946331821,-1.479705109472013,-0.012879175549099786
57.96550698475775,3360,96,96,1.6561573424216502,-1.571112361683545,11,-11,-0.18976802881914742,-1.7608803905026924,-1.7475645946331821,0.1764522329496372,-0.01331579586951026
57.97413216254298,3361,288,-288,-4.9677328363024005,-6.538845197985945,-277,277,4.777993040471409,-1.7608521575145364,-1.7475645946331821,-4.791280603352763,-0.013287562881354242
57.982756057296896,3362,492,492,8.485281374238648,1.9464361762527025,215,-215,-3.7079989745148225,-1.76156279826212,-1.7475645946331821,3.694000770885885,-0.013998203628937889
57.99137866959192,3363,384,-384,-6.621673924806271,-4.6752377485535686,-169,169,2.9142262846152343,-1.7610114639383343,-1.7475645946331821,-2.927673153920386,-0.013446869305152154
58.0,3364,174,174,2.999999999999992,-1.6752377485535765,5,-5,-0.08620689655172414,-1.7614446451053007,-1.7475645946331821,0.0723268460796056,-0.013880050472118599
58.008620049092706,3365,912,-912,-15.72180133277073,-17.397039081324305,-907,907,15.63560724651622,-1.7614318348080857,-1.7475645946331821,-15.649474486691123,-0.013867240174903595
58.01723881744115,3366,1008,1008,17.374146383832386,-0.022892697491919023,101,-101,-1.740861889649898,-1.763754587141817,-1.7475645946331821,1.7246718971412631,-0.016189992508634843
58.034472514187634,3368,312,312,5.37611503100552,5.353222333513601,413,-413,-7.116459960914339,-1.7632376274007378,-1.7475645946331821,7.100786928146784,-0.015673032767555606
58.0430874437258,3369,336,-336,-5.78880302199221,-0.4355806884786091,77,-77,-1.3266006925398892,-1.7621813810184983,-1.7475645946331821,1.311983906154573,-0.01461678638531616
58.05170109479997,3370,432,432,7.441642395535138,7.006061707056529,509,-509,-8.768046248443081,-1.7619845413865525,-1.7475645946331821,8.75362630168971,-0.014419946753370327
58.06031346797914,3371,504,-504,-8.680628296606761,-1.6745665895502322,5,-5,-0.08611734421236894,-1.7606839337626012,-1.7475645946331821,0.07299800508294996,-0.013119339129419094
58.0689245638319,3372,144,144,2.4798117251458454,0.8052451355956132,149,-149,-2.5659162989356328,-1.7606711633400196,-1.7475645946331821,2.5528097302287955,-0.013106568706837463
58.077534382926416,3373,312,-312,-5.37212888451616,-4.566883748920547,-163,163,2.806592974923512,-1.7602907739970348,-1.7475645946331821,-2.8193191542873643,-0.012726179363852674
58.08614292583042,3374,864,864,14.874459836371555,10.307576087451007,701,-701,-12.068282807056056,-1.7607067196050483,-1.7475645946331821,12.05514068208419,-0.013142124971866176
58.1033561853358,3376,72,72,1.2391711034787252,11.546747190929732,773,-773,-13.303878652625762,-1.75713146169603,-1.7475645946331821,13.294311785562915,-0.009566867062847928
58.111960903070546,3377,816,-816,-14.041859667428502,-2.49511247649877,-43,43,0.7399509383571317,-1.7551615381416383,-1.7475645946331821,-0.7475478818655878,-0.007596943508456189
58.12056434688156,3378,288,288,4.955216853730555,2.4601043772317848,245,-245,-4.215375448486081,-1.7552710712542963,-1.7475645946331821,4.207668971864967,-0.007706476621114122
58.12916651733448,3379,384,-384,-6.605978083058961,-4.145873705827176,-139,139,2.3912264415239695,-1.7546472643032067,-1.7475645946331821,-2.398309111193994,-0.007082669670024577
58.137767414994535,3380,360,360,6.192188245384037,2.046314539556861,221,-221,-3.801315561749642,-1.755001022192781,-1.7475645946331821,3.7938791341900435,-0.007436427559598835
58.146367040426526,3381,672,-672,-11.557041896233773,-9.510727356676913,-451,451,7.756288534525987,-1.7544388221509264,-1.7475645946331821,-7.763162762043731,-0.006874227517744247
58.154965394194846,3382,240,240,4.1269046997654595,-5.383822656911454,-211,211,3.6282370485437943,-1.7555856083676593,-1.7475645946331821,-3.636258062278271,-0.008021013734477167
58.172158288995945,3384,480,480,8.251369970070355,2.8675473131589015,269,-269,-4.624205254060257,-1.7566579409013556,-1.7475645946331821,4.615111907792084,-0.009093346268173486
58.180752831155424,3385,288,-288,-4.950090639696549,-2.082543326537648,-19,19,0.3265684797022018,-1.755974846835446,-1.7475645946331821,-0.3349787319044657,-0.008410252202263768
58.18934610390462,3386,792,792,13.610738958739407,11.52819563220176,773,-773,-13.284218705941605,-1.7560230737398452,-1.7475645946331821,13.275760226834942,-0.008458479106663086
58.19793810780585,3387,288,-288,-4.948628926793055,6.579566705408705,485,-485,-8.33362857463414,-1.7540618692254357,-1.7475645946331821,8.327131300041886,-0.006497274592253577
58.215118311311535,3389,600,-600,-10.30660105836139,-3.7270343529526846,-115,115,1.9754318695192763,-1.7516024834334083,-1.7475645946331821,-1.9794697583195024,-0.004037888800226153
58.22370651203855,3390,384,384,6.595251711098141,2.868217358145456,269,-269,-4.620111224701584,-1.751893866556128,-1.7475645946331821,4.615781952778638,-0.004329271922945965
58.240879114244144,3392,72,72,1.2362450755382017,4.104462433683658,341,-341,-5.85499403831287,-1.750531604629212,-1.7475645946331821,5.85202702831684,-0.0029670099960299456
58.249463516842795,3393,576,-576,-9.888503090392291,-5.784040656708633,-235,235,4.034371920559404,-1.7496687361492294,-1.7475645946331821,-4.036476062075451,-0.0021041415160472088
58.25804665451803,3394,624,624,10.710966739074491,4.926926082365858,389,-389,-6.677189201121838,-1.7502631187559796,-1.7475645946331821,6.67449067699904,-0.0026985241227974743
58.26662852782886,3395,480,-480,-8.237991662255721,-3.3110655798898634,-91,91,1.5617859193026293,-1.749279660587234,-1.7475645946331821,-1.5635009852566812,-0.0017150659540519086
58.27520913733386,3396,336,336,5.76574507365845,2.4546794937685865,245,-245,-4.204189116209304,-1.7495096224407174,-1.7475645946331821,4.202244088401769,-0.001945027807535249
58.283788483591216,3397,240,-240,-4.117783113353508,-1.6631036195849216,5,-5,-0.0857871481948649,-1.7488907677797865,-1.7475645946331821,0.08446097504826056,-0.0013261731466043258
58.29236656715869,3398,696,696,11.939813752425612,10.276710132840691,701,-701,-12.025588276509193,-1.7488781436685024,-1.7475645946331821,12.024274727473873,-0.0013135490353202162
58.309518948453004,3400,240,240,4.1159660434202365,14.392676176260927,941,-941,-16.13801686191008,-1.745340685649154,-1.7475645946331821,16.14024077089411,0.0022239089840281334
58.31809324729333,3401,1104,-1104,-18.93066008380262,-4.537983907541694,-163,163,2.7950159362860374,-1.7429679712556565,-1.7475645946331821,-2.7904193129085115,0.004596623377525644
58.32666628567074,3402,624,624,10.698365597371847,6.160381689830153,461,-461,-7.903760481391597,-1.7433787915614438,-1.7475645946331821,7.9079462844633355,0.0041858030717383254
58.33523806414096,3403,192,-192,-3.2913211014737302,2.869060588356423,269,-269,-4.611278001543908,-1.7422174131874848,-1.7475645946331821,4.616625182989605,0.0053471814456973465
58.34380858325929,3404,240,240,4.113547021146361,6.982607609502784,509,-509,-8.72414764068125,-1.7415400311784666,-1.7475645946331821,8.730172204135966,0.006024563454715581
58.35237784358063,3405,576,-576,-9.871063036094709,-2.888455426591925,-67,67,1.1481965684346263,-1.7402588581572986,-1.7475645946331821,-1.1408908319587427,0.007305736475883506
58.360945845659494,3406,336,336,5.757274751656323,2.868819325064398,269,-269,-4.609246750582033,-1.7404274255176349,-1.7475645946331821,4.61638391969758,0.007137169115547293
58.378078077305695,3408,96,96,1.6444529035860789,4.513272228650477,365,-365,-6.252346977176226,-1.7390747485257494,-1.7475645946331821,6.260836823283659,0.008489846107432752
58.38664230798,3409,576,-576,-9.865270158227101,-5.3519979295766245,-211,211,3.6138402836561396,-1.7381576459204848,-1.7475645946331821,-3.604433334943442,0.009406948712697316
58.39520528262573,3410,480,480,8.219852943008938,2.8678550134323135,269,-269,-4.606542586811238,-1.7386875733789244,-1.7475645946331821,4.615419608065496,0.008877021254257711
58.40376700179535,3411,360,-360,-6.163985963250117,-3.2961309498178037,-91,91,1.558118674043793,-1.7380122757740109,-1.7475645946331821,-1.5485663551846216,0.009552318859171294
58.412327466040935,3412,120,120,2.0543608721937017,-1.241770077624102,29,-29,-0.496470544113478,-1.73824062173758,-1.7475645946331821,0.5057945170090801,0.00932397289560205
58.42088667591412,3413,504,-504,-8.627051533741717,-9.868821611365819,-475,475,8.130653727236803,-1.738167884129016,-1.7475645946331821,-8.121257016732637,0.009396710504166128
58.42944463196617,3414,528,528,9.036539767333975,-0.8322818440318436,53,-53,-0.9070769084634466,-1.7393587524952903,-1.7475645946331821,0.9152827506013386,0.008205842137891883
58.44655678480983,3416,528,528,9.033894022944885,8.201612178913042,581,-581,-9.940705354793476,-1.7390931758804342,-1.7475645946331821,9.949176773546224,0.008471418752747928
58.45511098270193,3417,288,-288,-4.926857466496389,3.2747547124166525,293,-293,-5.012393186400839,-1.7376384739841866,-1.7475645946331821,5.022319307049835,0.009926120648995562
58.463663928973865,3418,264,264,4.5156253005409885,7.790380012957641,557,-557,-9.52728519848989,-1.7369051855322493,-1.7475645946331821,9.537944607590823,0.010659409100932882
58.47221562417487,3419,672,-672,-11.492637876410019,-3.7022578634523775,-115,115,1.9667460651594355,-1.735511798292942,-1.7475645946331821,-1.9546932688191954,0.012052796340240146
58.489315263559035,3421,528,-528,-9.027289815597511,-12.729547679049888,-643,643,10.993460892858364,-1.7360867861915246,-1.7475645946331821,-10.981983084416706,0.011477808441657578
58.497863208838666,3422,624,624,10.667056295241093,-2.062491383808796,-19,19,0.32479818847689496,-1.737693195331901,-1.7475645946331821,-0.3149267891756138,0.009871399301281114
58.51495535331117,3424,72,72,1.2304546686443936,-0.8320367151644024,53,-53,-0.9057513533076789,-1.7377880684720812,-1.7475645946331821,0.9155278794687798,0.009776526161100918
58.52349955359813,3425,672,-672,-11.48256691971338,-12.314603634877782,-619,619,10.5769478025335,-1.7376558323442826,-1.7475645946331821,-10.5670390402446,0.009908762288899586
58.532042506647585,3426,576,576,9.840763713902133,-2.4738399209756494,-43,43,0.7346403466975617,-1.7391995742780877,-1.7475645946331821,-0.7262753263424673,0.008365020355094455
58.540584213005594,3427,144,-144,-2.4598319599278655,-4.933671880903515,-187,187,3.194365114628552,-1.739306766274963,-1.7475645946331821,-3.1861072862703326,0.008257828358219088
58.54912467321779,3428,384,384,6.558595062577436,1.6249231816739211,197,-197,-3.3646959044993885,-1.7397727228254674,-1.7475645946331821,3.3724877763071035,0.00779187180771479
58.557663887829406,3429,960,-960,-16.39409662651405,-14.769173444840128,-763,763,13.029891381281375,-1.7392820635587523,-1.7475645946331821,-13.021608850206945,0.008282531074429889
58.56620185738529,3430,384,384,6.55668265692009,-8.212490787920038,-379,379,6.471309184824788,-1.7411816030952494,-1.7475645946331821,-6.464926193286855,0.006382991537932758
58.58327406350724,3432,192,192,3.2773859615948244,-4.9351048263252135,-187,187,3.1920373688449457,-1.7430674574802678,-1.7475645946331821,-3.187540231692031,0.004497137152914332
58.59180830116101,3433,288,-288,-4.915362886901938,-9.85046771322715,-475,475,8.106935316938968,-1.7435323962881828,-1.7475645946331821,-8.102903118593968,0.004032198344999349
58.60034129593445,3434,864,864,14.743941432640357,4.8934737194132065,389,-389,-6.638186594093914,-1.7447128746807072,-1.7475645946331821,6.641038314046389,0.002851719952474907
58.60887304837041,3435,384,-384,-6.551908952132273,-1.6584352327190661,5,-5,-0.08531131448088852,-1.7437465471999547,-1.7475645946331821,0.08912936191411602,0.003818047433227445
58.61740355901138,3436,168,168,2.866043014526758,1.2076077818076918,173,-173,-2.9513419137686174,-1.7437341319609256,-1.7475645946331821,2.955172376440874,0.003830462672256507
58.625932828399414,3437,384,-384,-6.550002387577934,-5.3423946057702425,-211,211,3.5990898535910025,-1.74330475217924,-1.7475645946331821,-3.59483001113706,0.004259842453942175
58.63446085707619,3438,480,480,8.186312161546372,2.8439175557761294,269,-269,-4.5877457738666365,-1.7438282180905071,-1.7475645946331821,4.591482150409312,0.0037363765426750017
58.66003750424986,3441,480,-480,-8.182742807916222,-5.338825252140093,-211,211,3.5969973593131996,-1.741827892826893,-1.7475645946331821,-3.5912606575069104,0.005736701806289046
58.66856057549052,3442,480,480,8.181554060498398,2.842728808358305,269,-269,-4.5850792547376376,-1.7423504463793327,-1.7475645946331821,4.590293402991487,0.005214148253849471
58.677082408722406,3443,384,-384,-6.544292664812476,-3.701563856454171,-115,115,1.9598793136808237,-1.7416845427733472,-1.7475645946331821,-1.9539992618209887,0.005880051859834978
58.68560300448484,3444,288,288,4.907506871455184,1.2059430150010133,173,-173,-2.947912113756062,-1.7419690987550487,-1.7475645946331821,2.9535076096341957,0.005595495878133461
58.69412236331676,3445,288,-288,-4.906794554611089,-3.700851539610076,-115,115,1.9593103256259583,-1.7415412139841175,-1.7475645946331821,-1.9532869449768937,0.0060233806490646025
58.70264048575669,3446,696,696,11.85636615730889,8.155514617698815,581,-581,-9.897340139937503,-1.7418255222386883,-1.7475645946331821,9.903079212331997,0.005739072394493894
58.71967302361279,3448,96,96,1.6348864878964149,9.79040110559523,677,-677,-11.529355753186154,-1.7389546475909246,-1.7475645946331821,11.537965700228412,0.008609947042257593
58.728187440104094,3449,1200,-1200,-20.433118274318762,-10.642717168723532,-523,523,8.90543404789053,-1.737283120833002,-1.7475645946331821,-8.89515257409035,0.010281473800180185
58.73670062235365,3450,672,672,11.440887773397758,0.7981706046742261,149,-149,-2.536744461661071,-1.7385738569868447,-1.7475645946331821,2.5457351993074084,0.008990737646337399
58.74521257089806,3451,288,-288,-4.902527157467028,-4.104356552792802,-139,139,2.3661502600274793,-1.7382062927653226,-1.7475645946331821,-2.3567919581596195,0.009358301867859575
58.762232769015846,3453,384,-384,-6.534809552071243,-10.639166104864046,-523,523,8.900274468055398,-1.7388916368086473,-1.7475645946331821,-8.891601510230863,0.00867295782453481
58.770741019660456,3454,528,528,8.984062321476657,-1.6551037833873892,5,-5,-0.08507634774125718,-1.7401801311286464,-1.7475645946331821,0.09246081124579297,0.007384463504535699
58.787753826796276,3456,96,96,1.6329931618554503,-0.02211062153193888,101,-101,-1.7180448890354234,-1.7401555105673623,-1.7475645946331821,1.7254539731012433,0.00740908406581986
58.7962583843564,3457,336,-336,-5.714649354105757,-5.736759975637696,-235,235,3.996852970877568,-1.739907004760128,-1.7475645946331821,-3.9891953810045138,0.007657589873054205
58.80476171195663,3458,480,480,8.162604286217144,2.425844310579448,245,-245,-4.166329271090044,-1.7404849605105959,-1.7475645946331821,4.17340890521263,0.007079634122586276
58.81326381013045,3459,288,-288,-4.896854575691713,-2.471010265112265,-43,43,0.7311275928984127,-1.7398826722138525,-1.7475645946331821,-0.723445670479083,0.007681922419329634
58.82176467941097,3460,192,192,3.264097924406631,0.7930876592943656,149,-149,-2.533075993419721,-1.7399883341253553,-1.7475645946331821,2.540652253927548,0.007576260507826893
58.83026432033091,3461,1128,-1128,-19.173804725031342,-18.380717065736977,-979,979,16.64109470372839,-1.739622362008589,-1.7475645946331821,-16.633152471103795,0.007942232624593037
58.8387627334226,3462,384,384,6.526309904573706,-11.854407161163271,-595,595,10.112381232347326,-1.742025928815945,-1.7475645946331821,-10.106842566530089,0.005538665817237165
58.855755878248644,3464,528,528,8.971085191603805,-2.883321969559466,-67,67,1.1383763406012297,-1.7449456289582363,-1.7475645946331821,-1.135757374926284,0.0026189656749457946
58.86425061104575,3465,480,-480,-8.154355063001981,-11.037677032561447,-547,547,9.292567123879373,-1.7451099086820747,-1.7475645946331821,-9.290112437928265,0.002454685951107427
58.872744118140105,3466,312,312,5.299566117962951,-5.738110914598496,-235,235,3.991660377311865,-1.7464505372866315,-1.7475645946331821,-3.990546319965314,0.0011140573465506787
58.881236400062114,3467,456,-456,-7.744402595450945,-13.48251351004944,-691,691,11.735487266352155,-1.7470262436972845,-1.7475645946331821,-11.734948915416258,0.0005383509358976024
58.88972745734183,3468,152,152,2.5810953210830276,-10.901418188966412,-539,539,9.152699855682597,-1.748718333283815,-1.7475645946331821,-9.15385359433323,-0.0011537386506328406
58.89821729050889,3469,360,-360,-6.112239326775191,-17.013657515741603,-899,899,15.263619874363647,-1.750037641377956,-1.7475645946331821,-15.26609292110842,-0.002473046744773777
58.90670590009256,3470,912,912,15.482108294202936,-1.5315492215386666,13,-13,-0.2206879471761393,-1.752237168714806,-1.7475645946331821,0.21601537309451557,-0.004672574081623804
58.92367945062494,3472,96,96,1.6292261599251119,0.09767693838644531,109,-109,-1.8498505357483062,-1.7521735973618608,-1.7475645946331821,1.8452415330196275,-0.004609002728678702
58.93216439263028,3473,480,-480,-8.144957935059656,-8.04728099667321,-371,371,6.295373737306603,-1.7519072593666074,-1.7475645946331821,-6.299716402040028,-0.004342664733425261
58.9406481131655,3474,720,720,12.215678365423097,4.168397368749886,349,-349,-5.921210763239713,-1.7528133944898263,-1.7475645946331821,5.915961963383069,-0.005248799856644171
58.94913061275798,3475,360,-360,-6.10696029369574,-1.9385629249458534,-11,11,0.1866015645295936,-1.7519613604162598,-1.7475645946331821,-0.19099833031267122,-0.004396765783077683
58.957611891934704,3476,384,384,6.5131539029064145,4.574590977960561,373,-373,-6.326579181729471,-1.75198820376891,-1.7475645946331821,6.3221555725937435,-0.004423609135727924
58.966091951222275,3477,384,-384,-6.512217230160914,-1.937626252200353,-11,11,0.18654788940564998,-1.7510783627947029,-1.7475645946331821,-0.19006165756717075,-0.003513768161520714
58.974570791146924,3478,288,288,4.883460721061043,2.9458344688606903,277,-277,-4.696939651853852,-1.7511051829931619,-1.7475645946331821,4.693399063493873,-0.003540588359979724
58.9915248150105,3480,192,192,3.254704817379897,6.200539286240588,469,-469,-7.950294579954003,-1.7497552937134149,-1.7475645946331821,7.94810388087377,-0.0021906990802327275
59.0,3481,366,-366,-6.20338983050846,-0.0028505442678721238,103,-103,-1.7457627118644068,-1.748613256132279,-1.7475645946331821,1.74471405036531,-0.0010486614990967702
59.00847396772772,3482,552,552,9.354588635894887,9.351738091627015,655,-655,-11.100100645853434,-1.7483625542264196,-1.7475645946331821,11.099302686260197,-0.0007979595932374739
59.016946718718,3483,408,-408,-6.913268521744784,2.4384695698822307,247,-247,-4.1852385413503725,-1.7467689714681418,-1.7475645946331821,4.186034164515413,0.0007956231650403378
59.033888572581766,3485,864,-864,-14.635661327607213,-12.197191757724983,-617,617,10.451623887886068,-1.745567869838915,-1.7475645946331821,-10.449627163091801,0.0019967247942671573
59.04235767650204,3486,576,576,9.755707980971103,-2.4414837767538806,-41,41,0.6944167139232885,-1.7470670628305922,-1.7475645946331821,-0.6939191821206985,0.0004975318025899345
59.0592922409336,3488,120,120,2.031856384435795,-0.40962739231808554,79,-79,-1.337638786420228,-1.7472661787383135,-1.7475645946331821,1.3379372023150966,0.0002984158948686755
59.06775770248944,3489,816,-816,-13.814643245982333,-14.22427063830042,-737,737,12.477196167020553,-1.7470744712798663,-1.7475645946331821,-12.476706043667237,0.0004901233533158855
59.07622195096772,3490,240,240,4.06254821439318,-10.16172242390724,-497,497,8.412860260639242,-1.7488621632679973,-1.7475645946331821,-8.414157829274057,-0.001297568634815116
59.08468498688979,3491,552,-552,-9.342522518694695,-19.504244942601936,-1049,1049,17.754177757446975,-1.7500671851549612,-1.7475645946331821,-17.756680347968754,-0.0025025905217790356
59.09314681077663,3492,240,240,4.061384660534459,-15.442860282067478,-809,809,13.690250793218297,-1.7526094888491812,-1.7475645946331821,-13.695295687434296,-0.005044894215999074
59.10160742314882,3493,384,-384,-6.497285213423731,-21.94014549549121,-1193,1193,20.18557619691284,-1.7545692985783674,-1.7475645946331821,-20.192580900858026,-0.007004703945185264
59.1100668245266,3494,936,936,15.834866212866615,-6.105279282624593,-257,257,4.347821171695288,-1.7574581109293055,-1.7475645946331821,-4.357714687991411,-0.00989351629612334
59.12698199637793,3496,240,240,4.059060548950418,-2.0462187336741753,-17,17,0.2875167888839888,-1.7587019447901864,-1.7475645946331821,-0.29865413904099314,-0.011137350157004233
59.135437767890075,3497,384,-384,-6.493568230731972,-8.539786964406147,-401,401,6.78104390761336,-1.7587430567927873,-1.7475645946331821,-6.792222369772965,-0.011178462159605163
59.14389233048498,3498,480,480,8.115799976738897,-0.4239869876672504,79,-79,-1.3357254128382827,-1.7597124005055331,-1.7475645946331821,1.3235776069659317,-0.01214780587235098
59.15234568468101,3499,264,-264,-4.463052089384355,-4.887039077051606,-185,185,3.1275175626367497,-1.759521514414856,-1.7475645946331821,-3.1394744824184233,-0.011956919781673792
59.16079783099616,3500,288,288,4.868088507236253,-0.01895056981535248,103,-103,-1.741017764740744,-1.7599683345560966,-1.7475645946331821,1.7286140248178297,-0.012403739922914436
59.16924876994806,3501,792,-792,-13.385331341273586,-13.404281911088939,-689,689,11.644562240072611,-1.7597196710163274,-1.7475645946331821,-11.656717316455756,-0.01215507638314528
59.177698502053964,3502,192,192,3.244465480409587,-10.159816430679351,-497,497,8.39843408210189,-1.7613823485774613,-1.7475645946331821,-8.412251836046169,-0.013817753944279199
59.19459434779497,3504,96,96,1.621769708158766,-8.538046722520585,-401,401,6.774267218454846,-1.763779504065739,-1.7475645946331821,-6.790482127887403,-0.016214909432556768
59.20304046246274,3505,384,-384,-6.486153363077287,-15.024200085597872,-785,785,13.25945414066569,-1.7647459449321818,-1.7475645946331821,-13.27663549096469,-0.017181350298999698
59.21148537234985,3506,1248,1248,21.076991940871302,6.05279185527343,463,-463,-7.819428901140325,-1.7666370458668954,-1.7475645946331821,7.800356449906612,-0.01907245123371326
59.21992907797171,3507,192,-192,-3.2421518058085557,2.8106400494648742,271,-271,-4.576162184240187,-1.7655221347753125,-1.7475645946331821,4.558204644098057,-0.017957540142130357
59.22837157984339,3508,120,120,2.0260560403595274,4.836696089824402,391,-391,-6.601565931504779,-1.764869841680377,-1.7475645946331821,6.584260684457584,-0.017305247047194827
59.23681287847955,3509,792,-792,-13.370064348747825,-8.533368258923423,-401,401,6.769439146272527,-1.7639291126508958,-1.7475645946331821,-6.78580366429024,-0.01636451801771366
59.2452529743945,3510,768,768,12.963063898670834,4.429695639747411,367,-367,-6.194589128661761,-1.7648934889143497,-1.7475645946331821,6.177260234380594,-0.017328894281167573
59.262129560116215,3512,240,240,4.049803842376974,8.479499482124385,607,-607,-10.2426288846784,-1.7631294025540143,-1.7475645946331821,10.227064076757568,-0.015564807920832147
59.270566050949775,3513,432,-432,-7.288609317964821,1.1908901641595646,175,-175,-2.9525616450088843,-1.7616714808493197,-1.7475645946331821,2.938454758792747,-0.014106886216137537
59.27900134111572,3514,432,432,7.28757216259585,8.478462326755414,607,-607,-10.23971366364748,-1.761251336892066,-1.7475645946331821,10.226026921388597,-0.013686742258883777
59.28743543112655,3515,480,-480,-8.096150499840945,0.38231182691446897,127,-127,-2.1421064864162367,-1.7597946595017677,-1.7475645946331821,2.1298764215476513,-0.012230064868585577
59.30430001273095,3517,360,-360,-6.070386125841045,-5.688074298926576,-233,233,3.928888798113822,-1.7591855008127544,-1.7475645946331821,-3.940509704293394,-0.011620906179572232
59.312730505347666,3518,576,576,9.71123728569649,4.023162986769913,343,-343,-5.7829069253366265,-1.7597439385667135,-1.7475645946331821,5.770727581403095,-0.012179343933531372
59.33801479658719,3521,672,-672,-11.324949146068173,-7.30178615929826,-329,329,5.54450635276262,-1.7572798065356396,-1.7475645946331821,-5.554221564665077,-0.009715211902457499
59.34644049983116,3522,384,384,6.470480735927119,-0.8313054233711412,55,-55,-0.9267615637395552,-1.7580669871106964,-1.7475645946331821,0.9162591712620409,-0.010502392477514277
59.3548650070068,3523,144,-144,-2.4260858816375217,-3.257391305008663,-89,89,1.4994558574009664,-1.7579354476076965,-1.7475645946331821,-1.5098267103754808,-0.010370852974514344
59.36328831862332,3524,480,480,8.085805446350493,4.82841414134183,391,-391,-6.586562353173019,-1.7581482118311884,-1.7475645946331821,6.575978735975013,-0.010583617198006268
59.371710435189584,3525,480,-480,-8.084658442238645,-3.2562443008968147,-89,89,1.4990304194984039,-1.7572138813984108,-1.7475645946331821,-1.5086797062636326,-0.009649286765228693
59.38013135721409,3526,576,576,9.70021431133156,6.443970010434746,487,-487,-8.201396475032121,-1.7574264645973754,-1.7475645946331821,8.191534605067927,-0.009861869964193248
59.39696961966999,3528,324,324,5.454823740581898,11.898793751016644,811,-811,-13.653895227197383,-1.755101476180739,-1.7475645946331821,13.646358345649826,-0.0075368815475569395
59.405386961116584,3529,336,-336,-5.6560527115146115,6.242741039502032,475,-475,-7.995907851099568,-1.7531668115975352,-1.7475645946331821,7.990305634135215,-0.005602216964353035
59.413803110051795,3530,624,624,10.502609954864553,16.745350994366586,1099,-1099,-18.49738516089148,-1.7520341665248935,-1.7475645946331821,18.492915588999768,-0.004469571891711377
59.42221806698232,3531,384,-384,-6.4622293224925835,10.283121671874003,715,-715,-12.032536368703585,-1.7494146968295823,-1.7475645946331821,12.030686266507185,-0.0018501021964001385
59.430631832414505,3532,72,72,1.2114964586449175,11.494618130518921,787,-787,-13.24232934657707,-1.7477112160581498,-1.7475645946331821,13.242182725152103,-0.0001466214249676856
59.43904440685432,3533,840,-840,-14.132124908507794,-2.6375067779888735,-53,53,0.8916697858939369,-1.7458369920949366,-1.7475645946331821,-0.8899421833556913,0.001727602538245554
59.447455790807396,3534,672,672,11.304100252241874,8.666593474253,619,-619,-10.412556631157267,-1.745963156904267,-1.7475645946331821,10.414158068886183,0.0016014377289150783
59.464274989274024,3536,192,192,3.2288294111823115,11.895422885435313,811,-811,-13.638440898275235,-1.7430180128399222,-1.7475645946331821,13.642987480068495,0.004546581793259952
59.472682804797024,3537,576,-576,-9.685118828262146,2.2103040571731665,235,-235,-3.9513939663916604,-1.741089909218494,-1.7475645946331821,3.957868651806349,0.006474685414688208
59.481089431852205,3538,336,336,5.6488541687682865,7.859158225941453,571,-571,-9.59968967371046,-1.7405314477690066,-1.7475645946331821,9.606722820574635,0.007033146864175555
59.48949487094339,3539,552,-552,-9.278949185860638,-1.419790959919185,19,-19,-0.3193841205278114,-1.7391750804469963,-1.7475645946331821,0.32777363471399723,0.008389514186185831
59.49789912257407,3540,288,288,4.840507047260261,3.4207160873410762,307,-307,-5.15984605385035,-1.7391299665092737,-1.7475645946331821,5.168280681974259,0.008434628123908494
59.50630218724736,3541,456,-456,-7.66305388234528,-4.242337795004204,-149,149,2.503936465941784,-1.7384013290624196,-1.7475645946331821,-2.4947732003710215,0.009163265570762524
59.51470406546604,3542,576,576,9.6782805030233,5.4359427080190965,427,-427,-7.174697525678712,-1.7387548176596157,-1.7475645946331821,7.183507302652279,0.008809776973566441
59.531504264548865,3544,216,216,3.628330959690358,9.064273667709454,643,-643,-10.801003736485589,-1.7367300687761347,-1.7475645946331821,10.811838262342636,0.010834525857047472
59.53990258641679,3545,864,-864,-14.5112766811464,-5.447003013436946,-221,221,3.711796465895094,-1.735206547541852,-1.7475645946331821,-3.699438418803764,0.012358047091330038
59.54829972383762,3546,600,600,10.075854437197474,4.628851423760528,379,-379,-6.36458138616313,-1.7357299624026021,-1.7475645946331821,6.37641601839371,0.011834632230580011
59.55669567731239,3547,216,-216,-3.6267962408512684,1.0020551829092597,163,-163,-2.736887903975731,-1.7348327210664714,-1.7475645946331821,2.749619777542442,0.012731873566710794
59.57348403442592,3549,720,-720,-12.085913920762778,-11.083858737853518,-557,557,9.349797297034444,-1.7340614408190742,-1.7475645946331821,-9.336294143220336,0.013503153814107938
59.58187643906493,3550,336,336,5.639298727753719,-5.444560010099799,-221,221,3.7091816036713654,-1.7353784064284339,-1.7475645946331821,-3.696995415466617,0.01218618820474826
59.59865770300536,3552,144,144,2.4161617987704886,-3.0283982113293106,-77,77,1.2919754062869968,-1.7364228050423138,-1.7475645946331821,-1.2808336166961285,0.011141789590868312
59.60704656330491,3553,288,-288,-4.831643515404394,-7.860041726733705,-365,365,6.123437094175709,-1.736604632557996,-1.7475645946331821,-6.112477132100523,0.010959962075186125
59.61543424315552,3554,864,864,14.492891160969641,6.632849434235936,499,-499,-8.37031561264339,-1.7374661784074537,-1.7475645946331821,8.380414028869119,0.01009841622572849
59.62382074305537,3555,576,-576,-9.660568424191279,-3.0277189899553427,-77,77,1.2914301539283441,-1.7362888360269986,-1.7475645946331821,-1.2801543953221606,0.011275758606183572
59.632206063502295,3556,192,192,3.219736660346575,0.1920176703912322,115,-115,-1.9284881038534207,-1.7364704334621885,-1.7475645946331821,1.9395822650244143,0.0110941611709936
59.64059020499378,3557,408,-408,-6.840978578475486,-6.648960908084254,-293,293,4.912761577189536,-1.736199330894718,-1.7475645946331821,-4.901396313451071,0.011365263738464249
59.648973168026956,3558,336,336,5.63295530760454,-1.0160056004797138,43,-43,-0.7208841613898705,-1.7368897618695844,-1.7475645946331821,0.7315589941534684,0.010674832763597708
59.665735560705194,3560,288,288,4.8268909667087625,3.8108853662290487,331,-331,-5.547572604099274,-1.7366872378702256,-1.7475645946331821,5.558449960862231,0.010877356762956536
59.67411499134277,3561,912,-912,-15.283008388684411,-11.472123022455364,-581,581,9.736214773931522,-1.7359082485238417,-1.7475645946331821,-9.724558427822181,0.01165634610934041
59.682493245507096,3562,336,336,5.6297916143993385,-5.842331408056025,-245,245,4.1050563854995055,-1.7372750225565197,-1.7475645946331821,-4.094766813422843,0.010289572076662479
59.69087032369355,3563,528,-528,-8.845573822876927,-14.687905230932952,-773,773,12.950054100537502,-1.73785113039545,-1.7475645946331821,-12.94034063629977,0.009713464237732117
59.6992462263972,3564,216,216,3.618136134933171,-11.069769095999781,-557,557,9.330101051656351,-1.7396680443434303,-1.7475645946331821,-9.322204501366599,0.007896550289751891
59.70762095411272,3565,288,-288,-4.823504862492139,-15.893273958491921,-845,845,14.152297252798105,-1.7409767056938161,-1.7475645946331821,-14.145709363858739,0.006587888939366016
59.715994507334464,3566,1200,1200,20.095118734941682,4.201844776449761,355,-355,-5.944805959086858,-1.7429611826370968,-1.7475645946331821,5.949409371082943,0.0046034119960853825
59.74110812497538,3569,816,-816,-13.658936461187913,-9.457091684738153,-461,461,7.71662954486233,-1.7404621398758229,-1.7475645946331821,-7.70952709010497,0.007102454757359267
59.74947698515862,3570,384,384,6.426834499243901,-3.0302571854942517,-77,77,1.2887142094838135,-1.7415429760104382,-1.7475645946331821,-1.2826925908610696,0.006021618622743974
59.75784467331465,3571,360,-360,-6.0243136607093835,-9.054570846203635,-437,437,7.31284741591669,-1.741723430286945,-1.7475645946331821,-7.307006251570453,0.005841164346237049
59.76621118993574,3572,336,336,5.621905643846178,-3.432665202357457,-101,101,1.689918065560893,-1.7427471367965641,-1.7475645946331821,-1.685100607724275,0.004817457836618022
59.77457653551382,3573,360,-360,-6.022627358741905,-9.455292561099363,-461,461,7.712308923277883,-1.7429836378214798,-1.7475645946331821,-7.70772796646618,0.004580956811702341
59.782940710540494,3574,456,456,7.627594002240228,-1.8276985588591348,-5,5,0.08363589914737059,-1.744062659711764,-1.7475645946331821,-0.08013396422595265,0.0035019349214180373
59.799665550904216,3576,336,336,5.618760521561425,3.7910619627022903,331,-331,-5.535148013800138,-1.744086051097848,-1.7475645946331821,5.538626557335473,0.0034785435353341665
59.80802621722272,3577,336,-336,-5.617975065414315,-1.826913102712025,-5,5,0.08360081942580755,-1.7433122832862173,-1.7475645946331821,-0.07934850807884275,0.004252311346964799
59.81638571495272,3578,456,456,7.623329202352772,5.796416099640747,451,-451,-7.539740066362123,-1.743323966721376,-1.7475645946331821,7.543980694273929,0.004240627911806127
59.824744044584094,3579,336,-336,-5.616405140815898,0.18001095882484908,115,-115,-1.9222815214102182,-1.7422705625853692,-1.7475645946331821,1.9275755534580312,0.00529403204781298
59.841457201508724,3581,600,-600,-10.026493806452244,-9.846482847627396,-485,485,8.104749160215507,-1.7417336874118892,-1.7475645946331821,-8.098918252994213,0.00583090722129298
59.84981202978001,3582,720,720,12.030112970810203,2.183630123182807,235,-235,-3.926495205750503,-1.742865082567696,-1.7475645946331821,3.9311947178159894,0.004699512065486244
59.86651818838306,3584,48,48,0.8017837257372727,2.98541384892008,283,-283,-4.727183216326006,-1.7417693674059262,-1.7475645946331821,4.732978443553262,0.005795227227255895
59.87486951969081,3585,576,-576,-9.620062717808116,-6.634648868888036,-293,293,4.893538847773893,-1.7411100211141424,-1.7475645946331821,-4.887084274254853,0.006454573519039775
59.88321968631947,3586,384,384,6.412480858769327,-0.22216801011870846,91,-91,-1.5196243701770977,-1.7417923802958062,-1.7475645946331821,1.5253965845144737,0.005772214337375958
59.89156868875618,3587,528,-528,-8.81593205120251,-9.03810006132122,-437,437,7.296519519650531,-1.7415805416706895,-1.7475645946331821,-7.290535466688038,0.005984052962492603
59.89991652748775,3588,192,192,3.205346703812038,-5.832753357509182,-245,245,4.09015595017684,-1.742597407332342,-1.7475645946331821,-4.085188762875999,0.004967187300840115
59.90826320300064,3589,528,-528,-8.813475333291699,-14.64622869080088,-773,773,12.903061425444271,-1.7431672653566093,-1.7475645946331821,-12.898664096167698,0.004397329276572881
59.91660871578097,3590,672,672,11.215588038162863,-3.430640652638017,-101,101,1.6856761783548406,-1.7449644742831762,-1.7475645946331821,-1.6830760580048347,0.0026001203500058967
59.93329625508679,3592,144,144,2.4026711193576014,-1.0279695332804155,43,-43,-0.7174642925859499,-1.7454338258663653,-1.7475645946331821,0.7195950613527666,0.0021307687668168374
59.941638282582836,3593,480,-480,-8.007789138780847,-9.035758672061263,-437,437,7.290424695098441,-1.7453339769628222,-1.7475645946331821,-7.288194077428081,0.0022306176703599245
59.94997914928745,3594,672,672,11.209345016227303,2.17358634416604,235,-235,-3.9199346410914164,-1.7463482969253765,-1.7475645946331821,3.9211509387992223,0.0012162977078056247
59.95831885568507,3595,192,-192,-3.202224539719481,-1.028638195553441,43,-43,-0.7171648708746754,-1.7458030664281163,-1.7475645946331821,0.7189263990797412,0.0017615282050658099
59.9666574022598,3596,336,336,5.60311370610661,4.574475510553169,379,-379,-6.320178853019039,-1.7457033424658697,-1.7475645946331821,6.3220401051863515,0.0018612521673124771
59.9749947894954,3597,384,-384,-6.402668334491644,-1.8281928239384753,-5,5,0.08336807727202585,-1.7448247466664495,-1.7475645946331821,-0.08062822930529312,0.002739847966732656
59.983331017875294,3598,288,288,4.801333889146219,2.973141065207744,283,-283,-4.717977398015205,-1.744836332807461,-1.7475645946331821,4.7207056598409265,0.0027282618257211677
60.0,3600,150,150,2.499999999999996,5.47314106520774,433,-433,-7.216666666666667,-1.743525601458927,-1.7475645946331821,7.220705659840922,0.0040389931742550456
