# cspbi3_320atom_train_like_00000 source=scripted_perturbation label=Ewald-QEq_teacher
320
  25.1600000000  0.0000000000  0.0000000000  0.0000000000  25.1600000000  0.0000000000  0.0000000000  0.0000000000  25.1600000000
Cs   0.0472487800   0.0595526300   25.1583816300  0.00000000  0.00000000  0.00000000   0.7542635000
Pb   3.0839089100   3.1768367800   3.1424298900  0.00000000  0.00000000  0.00000000   1.1592003900
I    3.1692370900   3.1618625900   0.0043067000  0.00000000  0.00000000  0.00000000  -0.6381594200
I    3.2004191600   0.0388126700   3.1655880200  0.00000000  0.00000000  0.00000000  -0.6367121200
I    25.1259821300   3.0971177900   3.1954064900  0.00000000  0.00000000  0.00000000  -0.6384319800
Cs   25.1299055000   25.1544816400   6.2655714600  0.00000000  0.00000000  0.00000000   0.7582576900
Pb   3.1596022400   3.1166972200   9.5298774800  0.00000000  0.00000000  0.00000000   1.1557915500
I    3.1693867900   3.1191393400   6.2599685000  0.00000000  0.00000000  0.00000000  -0.6353824000
I    3.0744845700   0.0274376400   9.4633919400  0.00000000  0.00000000  0.00000000  -0.6375195600
I    0.0452407400   3.1226189100   9.4136094700  0.00000000  0.00000000  0.00000000  -0.6350970200
Cs   25.1292732600   0.1038742200   12.5048587000  0.00000000  0.00000000  0.00000000   0.7592878700
Pb   3.1209053600   3.0697838200   15.7582938700  0.00000000  0.00000000  0.00000000   1.1556149700
I    3.1526583600   3.0619789000   12.6261767900  0.00000000  0.00000000  0.00000000  -0.6385212800
I    3.0234812800   25.0876118800   15.7371574300  0.00000000  0.00000000  0.00000000  -0.6380016600
I    0.0397240400   3.0133443200   15.6650319600  0.00000000  0.00000000  0.00000000  -0.6372751600
Cs   0.0430390100   0.0158650900   18.8824748800  0.00000000  0.00000000  0.00000000   0.7543857500
Pb   3.1228720500   3.0950003800   22.0869463100  0.00000000  0.00000000  0.00000000   1.1518969200
I    3.1572312600   3.2073516600   18.8187957300  0.00000000  0.00000000  0.00000000  -0.6384890200
I    3.1742527400   25.1237461500   22.0635751200  0.00000000  0.00000000  0.00000000  -0.6407300500
I    25.1341676300   3.1475590300   22.1249436500  0.00000000  0.00000000  0.00000000  -0.6381173300
Cs   0.0246786300   6.3221241300   0.0231737500  0.00000000  0.00000000  0.00000000   0.7575803600
Pb   3.2266737800   9.4972209400   3.1699406500  0.00000000  0.00000000  0.00000000   1.1534777300
I    3.0738255200   9.3397410700   0.1185210700  0.00000000  0.00000000  0.00000000  -0.6378245500
I    3.0749352500   6.1345040800   3.1256000000  0.00000000  0.00000000  0.00000000  -0.6370293600
I    25.0326950000   9.4705140500   3.0408028400  0.00000000  0.00000000  0.00000000  -0.6360001900
Cs   25.1220028000   6.2780999900   6.1883897800  0.00000000  0.00000000  0.00000000   0.7580241700
Pb   3.1251488200   9.3813272100   9.4482811500  0.00000000  0.00000000  0.00000000   1.1562595500
I    3.0458939300   9.3543538600   6.3061903500  0.00000000  0.00000000  0.00000000  -0.6375510600
I    3.1847835800   6.3452857100   9.4579145300  0.00000000  0.00000000  0.00000000  -0.6368134400
I    25.0640177900   9.4439039500   9.4323128500  0.00000000  0.00000000  0.00000000  -0.6366075000
Cs   0.0062783900   6.3573020400   12.6592997900  0.00000000  0.00000000  0.00000000   0.7565321900
Pb   3.1733970700   9.3907852000   15.6103247400  0.00000000  0.00000000  0.00000000   1.1572682600
I    3.1150024000   9.4284100000   12.5634668800  0.00000000  0.00000000  0.00000000  -0.6391717200
I    3.0880486900   6.3202948200   15.7192488200  0.00000000  0.00000000  0.00000000  -0.6379052000
I    0.0125329800   9.4246572100   15.7714793500  0.00000000  0.00000000  0.00000000  -0.6358930600
Cs   25.1395016700   6.2750127200   18.9110976100  0.00000000  0.00000000  0.00000000   0.7556679400
Pb   3.1562345100   9.4163707800   21.9647944800  0.00000000  0.00000000  0.00000000   1.1542152500
I    3.1271216300   9.5193277100   18.8897581000  0.00000000  0.00000000  0.00000000  -0.6356362200
I    3.0560198800   6.3041649400   22.0677348700  0.00000000  0.00000000  0.00000000  -0.6369827300
I    25.1475315400   9.3679305500   21.9055362100  0.00000000  0.00000000  0.00000000  -0.6368110800
Cs   0.0684022700   12.5615188400   25.0967204300  0.00000000  0.00000000  0.00000000   0.7558099300
Pb   3.1305928200   15.7361382800   3.0663883100  0.00000000  0.00000000  0.00000000   1.1504715100
I    3.1619250000   15.7340732500   25.1497565400  0.00000000  0.00000000  0.00000000  -0.6397339500
I    3.0480728400   12.5418226300   3.1836564600  0.00000000  0.00000000  0.00000000  -0.6393472800
I    25.0931370600   15.6568266800   3.0645275900  0.00000000  0.00000000  0.00000000  -0.6381982000
Cs   0.0473971300   12.5704795500   6.3285473700  0.00000000  0.00000000  0.00000000   0.7544098000
Pb   3.0931305100   15.7214702000   9.3983433800  0.00000000  0.00000000  0.00000000   1.1514284200
I    3.2838806200   15.7664083700   6.2712236400  0.00000000  0.00000000  0.00000000  -0.6386777700
I    3.2240150200   12.5835029000   9.4176011900  0.00000000  0.00000000  0.00000000  -0.6382046600
I    25.0909174400   15.7463783200   9.3658293400  0.00000000  0.00000000  0.00000000  -0.6408245300
Cs   25.1212253800   12.5555218600   12.5786841900  0.00000000  0.00000000  0.00000000   0.7550965500
Pb   3.2192701100   15.7605574700   15.7784695900  0.00000000  0.00000000  0.00000000   1.1521831800
I    3.1831697300   15.6802727600   12.5758651900  0.00000000  0.00000000  0.00000000  -0.6369625900
I    3.1116769300   12.5422242400   15.6967067100  0.00000000  0.00000000  0.00000000  -0.6363020000
I    0.0944185200   15.7571562700   15.6126814900  0.00000000  0.00000000  0.00000000  -0.6372686300
Cs   0.0106618800   12.6743113500   18.8095065800  0.00000000  0.00000000  0.00000000   0.7563346000
Pb   3.1845916200   15.7038459900   22.0835831800  0.00000000  0.00000000  0.00000000   1.1555179900
I    3.2107515700   15.7632389400   18.9490673600  0.00000000  0.00000000  0.00000000  -0.6384053900
I    3.0741263500   12.5568500300   21.9619677900  0.00000000  0.00000000  0.00000000  -0.6381115100
I    25.1355792700   15.8381845400   22.1163796300  0.00000000  0.00000000  0.00000000  -0.6375315700
Cs   25.1003481100   18.9021864600   0.0111500500  0.00000000  0.00000000  0.00000000   0.7566843900
Pb   3.1554193600   22.0122957900   3.0500953600  0.00000000  0.00000000  0.00000000   1.1574680300
I    3.0961599900   21.8818523000   0.0163093100  0.00000000  0.00000000  0.00000000  -0.6395422000
I    3.0983560200   18.9310090100   3.1731328400  0.00000000  0.00000000  0.00000000  -0.6380066900
I    0.0592442600   22.0282877200   3.2212806800  0.00000000  0.00000000  0.00000000  -0.6379939300
Cs   0.0764722900   18.8590483200   6.2609681000  0.00000000  0.00000000  0.00000000   0.7557463400
Pb   3.2559626800   22.0389224600   9.5337372500  0.00000000  0.00000000  0.00000000   1.1587611900
I    3.2057778700   21.9944271100   6.3174262900  0.00000000  0.00000000  0.00000000  -0.6344067200
I    3.0839931000   18.8689584200   9.3677912400  0.00000000  0.00000000  0.00000000  -0.6373069000
I    0.0424488200   22.0109184000   9.4826865900  0.00000000  0.00000000  0.00000000  -0.6354419100
Cs   0.0098889700   18.8304362400   12.5460580400  0.00000000  0.00000000  0.00000000   0.7561546400
Pb   3.2499985800   22.0018810900   15.6602705600  0.00000000  0.00000000  0.00000000   1.1537759500
I    3.2218275200   22.0292459900   12.4797635000  0.00000000  0.00000000  0.00000000  -0.6393111900
I    3.0955296500   18.8669210800   15.7603406200  0.00000000  0.00000000  0.00000000  -0.6391051800
I    0.0033637000   21.9315263300   15.7584352600  0.00000000  0.00000000  0.00000000  -0.6356436600
Cs   0.0813518400   18.8706338000   18.8553795300  0.00000000  0.00000000  0.00000000   0.7569159100
Pb   3.2514853100   22.0771394800   22.0667298200  0.00000000  0.00000000  0.00000000   1.1533087200
I    3.2151948000   21.9992807800   18.9163401800  0.00000000  0.00000000  0.00000000  -0.6368461900
I    3.2009934600   18.8392863600   22.0347914700  0.00000000  0.00000000  0.00000000  -0.6358968800
I    25.1112878400   21.9717320600   21.9353698600  0.00000000  0.00000000  0.00000000  -0.6361833400
Cs   6.2628946700   25.1493754000   25.0985794900  0.00000000  0.00000000  0.00000000   0.7561059500
Pb   9.4603044800   3.0826367000   3.1261311400  0.00000000  0.00000000  0.00000000   1.1601168600
I    9.4033786400   3.2192936300   0.0409922300  0.00000000  0.00000000  0.00000000  -0.6349361900
I    9.4425235600   0.0388666900   3.1578255600  0.00000000  0.00000000  0.00000000  -0.6372840500
I    6.3650870900   3.1377499900   3.0764160200  0.00000000  0.00000000  0.00000000  -0.6349602800
Cs   6.3009807100   0.0574047100   6.3225912500  0.00000000  0.00000000  0.00000000   0.7562645200
Pb   9.3853026100   3.1401797100   9.4342340500  0.00000000  0.00000000  0.00000000   1.1536428700
I    9.4876827000   3.2169675300   6.3311125200  0.00000000  0.00000000  0.00000000  -0.6363437200
I    9.3289516900   25.1140097100   9.4710116500  0.00000000  0.00000000  0.00000000  -0.6382669500
I    6.2692953900   3.2430296600   9.3741145200  0.00000000  0.00000000  0.00000000  -0.6392194000
Cs   6.3168819900   0.0269531100   12.4953504300  0.00000000  0.00000000  0.00000000   0.7538152300
Pb   9.4363358200   3.1686914300   15.6215707500  0.00000000  0.00000000  0.00000000   1.1540279700
I    9.5185593100   3.0648233700   12.6745013200  0.00000000  0.00000000  0.00000000  -0.6397790100
I    9.4048238500   25.0772524300   15.7019764000  0.00000000  0.00000000  0.00000000  -0.6374445300
I    6.2318464600   3.1500789000   15.6953673100  0.00000000  0.00000000  0.00000000  -0.6386198500
Cs   6.3614428100   0.0009707500   18.8204227200  0.00000000  0.00000000  0.00000000   0.7525621300
Pb   9.4726452600   3.0600063500   21.8987031800  0.00000000  0.00000000  0.00000000   1.1519449600
I    9.3816810600   3.1560496900   18.8440575000  0.00000000  0.00000000  0.00000000  -0.6386806500
I    9.3592560600   25.1195304500   22.0662633700  0.00000000  0.00000000  0.00000000  -0.6394258800
I    6.2847856600   3.2142787000   22.0172908600  0.00000000  0.00000000  0.00000000  -0.6368018300
Cs   6.2397025200   6.3290276300   0.0408954600  0.00000000  0.00000000  0.00000000   0.7591028200
Pb   9.4359464500   9.5236973600   3.0833048700  0.00000000  0.00000000  0.00000000   1.1627177200
I    9.4546827400   9.4438829400   0.0816222000  0.00000000  0.00000000  0.00000000  -0.6379990800
I    9.3540102100   6.3926573400   3.1213722300  0.00000000  0.00000000  0.00000000  -0.6333224400
I    6.2598427600   9.3334252900   3.2206619400  0.00000000  0.00000000  0.00000000  -0.6383270000
Cs   6.2810012700   6.2094999700   6.2689457100  0.00000000  0.00000000  0.00000000   0.7588777100
Pb   9.3620891100   9.5382188900   9.5015585400  0.00000000  0.00000000  0.00000000   1.1541675500
I    9.4155061100   9.4747763100   6.2446014800  0.00000000  0.00000000  0.00000000  -0.6343574700
I    9.5011001400   6.2346180400   9.4723505200  0.00000000  0.00000000  0.00000000  -0.6356966400
I    6.2485466300   9.3623985000   9.4700628800  0.00000000  0.00000000  0.00000000  -0.6379188200
Cs   6.3013535800   6.2605304300   12.6425879000  0.00000000  0.00000000  0.00000000   0.7530874500
Pb   9.3877517400   9.3688734300   15.7448322600  0.00000000  0.00000000  0.00000000   1.1586266000
I    9.4967449000   9.4942431200   12.6333949400  0.00000000  0.00000000  0.00000000  -0.6375086800
I    9.4475822200   6.2849396000   15.7598248900  0.00000000  0.00000000  0.00000000  -0.6384764700
I    6.2430445400   9.5360634000   15.7024842800  0.00000000  0.00000000  0.00000000  -0.6386425000
Cs   6.2239188300   6.2388209500   18.8921206600  0.00000000  0.00000000  0.00000000   0.7562980600
Pb   9.4799980000   9.4952137000   22.0675174100  0.00000000  0.00000000  0.00000000   1.1607838000
I    9.4326046000   9.3951674000   18.9181339000  0.00000000  0.00000000  0.00000000  -0.6352030000
I    9.4447842400   6.3726040800   22.0033934900  0.00000000  0.00000000  0.00000000  -0.6338436900
I    6.3487500100   9.4249838000   21.9911337000  0.00000000  0.00000000  0.00000000  -0.6365875300
Cs   6.2973351100   12.5541584900   25.1513299600  0.00000000  0.00000000  0.00000000   0.7524650400
Pb   9.3414688300   15.6807963100   3.1877935800  0.00000000  0.00000000  0.00000000   1.1540364200
I    9.4525297400   15.7024138500   0.0978351900  0.00000000  0.00000000  0.00000000  -0.6384239200
I    9.5669195800   12.4997950000   3.1645952000  0.00000000  0.00000000  0.00000000  -0.6385962300
I    6.2648381600   15.5999327000   3.1056486100  0.00000000  0.00000000  0.00000000  -0.6402378200
Cs   6.2675103800   12.6474440100   6.2976718700  0.00000000  0.00000000  0.00000000   0.7541661800
Pb   9.5252236300   15.8440586000   9.4160512900  0.00000000  0.00000000  0.00000000   1.1544167900
I    9.5089804900   15.6405628600   6.3449629300  0.00000000  0.00000000  0.00000000  -0.6390472800
I    9.4559384600   12.5879485000   9.4292621000  0.00000000  0.00000000  0.00000000  -0.6371872900
I    6.3353196200   15.7439384100   9.5033951200  0.00000000  0.00000000  0.00000000  -0.6362950700
Cs   6.2779522900   12.5805864500   12.5232685600  0.00000000  0.00000000  0.00000000   0.7560315100
Pb   9.4061664000   15.7704629400   15.8024499200  0.00000000  0.00000000  0.00000000   1.1532727900
I    9.5007327700   15.8093447500   12.6345259800  0.00000000  0.00000000  0.00000000  -0.6361451100
I    9.4825965400   12.4787162100   15.6910090500  0.00000000  0.00000000  0.00000000  -0.6355220000
I    6.3533358300   15.7635940900   15.7740091800  0.00000000  0.00000000  0.00000000  -0.6403129800
Cs   6.3399107500   12.5644242300   18.7634691700  0.00000000  0.00000000  0.00000000   0.7568407100
Pb   9.4148136900   15.8471590400   22.0872327300  0.00000000  0.00000000  0.00000000   1.1556137400
I    9.4784573200   15.6931622200   18.9203179300  0.00000000  0.00000000  0.00000000  -0.6378120500
I    9.3570346700   12.5716329800   21.9818933600  0.00000000  0.00000000  0.00000000  -0.6357918800
I    6.3197085300   15.6934451300   22.0895524700  0.00000000  0.00000000  0.00000000  -0.6382219000
Cs   6.3727771100   18.8746565300   0.0201049400  0.00000000  0.00000000  0.00000000   0.7540598400
Pb   9.3840160800   22.0629183700   3.2142344800  0.00000000  0.00000000  0.00000000   1.1578910500
I    9.4588479100   22.0716324700   25.1023269300  0.00000000  0.00000000  0.00000000  -0.6365697200
I    9.4048921900   18.8338668200   3.2093901500  0.00000000  0.00000000  0.00000000  -0.6373244900
I    6.2533524200   22.0317005700   3.1535902400  0.00000000  0.00000000  0.00000000  -0.6380306400
Cs   6.2681059500   18.8740360400   6.2864806300  0.00000000  0.00000000  0.00000000   0.7546154400
Pb   9.4288233900   21.9970952400   9.5183387600  0.00000000  0.00000000  0.00000000   1.1526945800
I    9.4627922200   22.0669272500   6.1825338100  0.00000000  0.00000000  0.00000000  -0.6370176500
I    9.4453989000   18.9020117800   9.4574459200  0.00000000  0.00000000  0.00000000  -0.6402704700
I    6.2927461000   22.0033291100   9.5123980100  0.00000000  0.00000000  0.00000000  -0.6393353300
Cs   6.2847527400   18.9191805400   12.6316257600  0.00000000  0.00000000  0.00000000   0.7541549000
Pb   9.3940102700   21.9568387400   15.7774918000  0.00000000  0.00000000  0.00000000   1.1534384300
I    9.4502605700   22.0168025500   12.5810289600  0.00000000  0.00000000  0.00000000  -0.6382634500
I    9.4018370000   18.9191172800   15.7181647200  0.00000000  0.00000000  0.00000000  -0.6401337800
I    6.2567681100   21.9918797000   15.6254973700  0.00000000  0.00000000  0.00000000  -0.6406839300
Cs   6.2488171400   18.7967431900   18.8025485400  0.00000000  0.00000000  0.00000000   0.7533927200
Pb   9.5431316900   22.0153570700   22.0229375700  0.00000000  0.00000000  0.00000000   1.1561844700
I    9.5093940100   21.9992522100   18.8512728000  0.00000000  0.00000000  0.00000000  -0.6396170900
I    9.4226772100   18.9013947600   21.9639340500  0.00000000  0.00000000  0.00000000  -0.6394906200
I    6.3652493500   22.0237892500   22.1102626500  0.00000000  0.00000000  0.00000000  -0.6376857000
Cs   12.6571535200   0.0493636400   25.0872356400  0.00000000  0.00000000  0.00000000   0.7553793500
Pb   15.7492726900   3.1330570000   3.1786211100  0.00000000  0.00000000  0.00000000   1.1563047100
I    15.7140902300   3.2210066100   0.0128913000  0.00000000  0.00000000  0.00000000  -0.6368284400
I    15.7697928100   25.1257327400   3.1580416300  0.00000000  0.00000000  0.00000000  -0.6358756600
I    12.5657631800   3.1562380000   3.1881305000  0.00000000  0.00000000  0.00000000  -0.6368116300
Cs   12.6343987400   0.0425096700   6.2687982600  0.00000000  0.00000000  0.00000000   0.7578806900
Pb   15.7460586400   3.0911519600   9.4366569900  0.00000000  0.00000000  0.00000000   1.1587585800
I    15.7302671800   3.0794061800   6.2744301000  0.00000000  0.00000000  0.00000000  -0.6372823500
I    15.6604749800   0.1139271100   9.4742463500  0.00000000  0.00000000  0.00000000  -0.6392701800
I    12.6097978500   3.2108833400   9.3678892600  0.00000000  0.00000000  0.00000000  -0.6362801000
Cs   12.6875212000   25.1588215500   12.5920055000  0.00000000  0.00000000  0.00000000   0.7548171600
Pb   15.7074235700   3.1357378000   15.6896921200  0.00000000  0.00000000  0.00000000   1.1551146700
I    15.7700432100   3.1993806900   12.6042804300  0.00000000  0.00000000  0.00000000  -0.6381058600
I    15.6930260900   25.0280783800   15.6595586300  0.00000000  0.00000000  0.00000000  -0.6379211600
I    12.5676522100   3.1811367000   15.7129983400  0.00000000  0.00000000  0.00000000  -0.6377733900
Cs   12.5984487400   25.1599918500   18.8960553300  0.00000000  0.00000000  0.00000000   0.7527335300
Pb   15.7161423600   3.0323533700   22.0411124200  0.00000000  0.00000000  0.00000000   1.1609730600
I    15.6869401900   3.2295840000   18.8791597100  0.00000000  0.00000000  0.00000000  -0.6356913100
I    15.7768519000   25.1388891600   21.9555308400  0.00000000  0.00000000  0.00000000  -0.6388812300
I    12.6593924300   3.1300087800   21.9799490200  0.00000000  0.00000000  0.00000000  -0.6380623200
Cs   12.6428300300   6.2982569200   0.1072913500  0.00000000  0.00000000  0.00000000   0.7587137500
Pb   15.7792947200   9.3578847500   3.1185301400  0.00000000  0.00000000  0.00000000   1.1549156400
I    15.7201499900   9.4913832600   0.0606955300  0.00000000  0.00000000  0.00000000  -0.6366490600
I    15.6671084100   6.2812865400   3.1366421000  0.00000000  0.00000000  0.00000000  -0.6388681800
I    12.5836604000   9.4675484800   3.1592463400  0.00000000  0.00000000  0.00000000  -0.6353243700
Cs   12.6343124900   6.3123582600   6.3432399000  0.00000000  0.00000000  0.00000000   0.7587479000
Pb   15.7008083500   9.3908395000   9.3481012700  0.00000000  0.00000000  0.00000000   1.1539421700
I    15.7450462600   9.3633749700   6.2919925700  0.00000000  0.00000000  0.00000000  -0.6394137400
I    15.7572822800   6.2861100500   9.4227292300  0.00000000  0.00000000  0.00000000  -0.6373693600
I    12.5864414700   9.3915725800   9.3928126600  0.00000000  0.00000000  0.00000000  -0.6364486200
Cs   12.6257989800   6.2753266300   12.5195981500  0.00000000  0.00000000  0.00000000   0.7571730400
Pb   15.6500784900   9.4682344500   15.6247738400  0.00000000  0.00000000  0.00000000   1.1579982200
I    15.6817769000   9.3884060200   12.5937326500  0.00000000  0.00000000  0.00000000  -0.6374640600
I    15.7041673200   6.3012270400   15.7048991100  0.00000000  0.00000000  0.00000000  -0.6356775800
I    12.5175718000   9.3933685400   15.7138424500  0.00000000  0.00000000  0.00000000  -0.6364118600
Cs   12.5643398100   6.2662443400   18.8486477900  0.00000000  0.00000000  0.00000000   0.7590709100
Pb   15.7367714900   9.4026396000   22.0032637500  0.00000000  0.00000000  0.00000000   1.1548659500
I    15.6648162900   9.4371774400   18.8353403000  0.00000000  0.00000000  0.00000000  -0.6363125600
I    15.6196287300   6.1794912500   22.1180547400  0.00000000  0.00000000  0.00000000  -0.6353160000
I    12.5890007700   9.4730102100   21.9854172800  0.00000000  0.00000000  0.00000000  -0.6362703100
Cs   12.5421236600   12.5711441600   25.1208798700  0.00000000  0.00000000  0.00000000   0.7583322900
Pb   15.7110310400   15.7465829800   3.1516209600  0.00000000  0.00000000  0.00000000   1.1590489600
I    15.7704564100   15.6974393200   0.1113008300  0.00000000  0.00000000  0.00000000  -0.6364734300
I    15.7501100900   12.6393331100   3.0331864000  0.00000000  0.00000000  0.00000000  -0.6349985700
I    12.5183757500   15.6982874000   3.1884097900  0.00000000  0.00000000  0.00000000  -0.6359437700
Cs   12.5443629100   12.6036938900   6.2448461700  0.00000000  0.00000000  0.00000000   0.7576604400
Pb   15.7177100700   15.7595499500   9.4217059800  0.00000000  0.00000000  0.00000000   1.1588213700
I    15.6575264800   15.7247763900   6.3017620100  0.00000000  0.00000000  0.00000000  -0.6384208200
I    15.7345000400   12.5872730200   9.4557867800  0.00000000  0.00000000  0.00000000  -0.6365673600
I    12.6069563600   15.7038235000   9.4931385600  0.00000000  0.00000000  0.00000000  -0.6386087600
Cs   12.6139332100   12.5656235700   12.5754822700  0.00000000  0.00000000  0.00000000   0.7577766400
Pb   15.7543794900   15.6602094300   15.7234471500  0.00000000  0.00000000  0.00000000   1.1527261500
I    15.7389648800   15.6991763400   12.5591323400  0.00000000  0.00000000  0.00000000  -0.6363722800
I    15.7904835400   12.5197998500   15.6836150400  0.00000000  0.00000000  0.00000000  -0.6387316200
I    12.5684360700   15.6489717900   15.6863566000  0.00000000  0.00000000  0.00000000  -0.6373113300
Cs   12.6708754400   12.5534541200   18.7898599300  0.00000000  0.00000000  0.00000000   0.7572455400
Pb   15.7364942600   15.6779100800   22.0535210600  0.00000000  0.00000000  0.00000000   1.1559209000
I    15.8037032600   15.7013898300   18.8858005300  0.00000000  0.00000000  0.00000000  -0.6375219100
I    15.6600623200   12.5735445500   22.0443745600  0.00000000  0.00000000  0.00000000  -0.6367609200
I    12.4917316800   15.7217657900   22.0465797700  0.00000000  0.00000000  0.00000000  -0.6370050900
Cs   12.5690554700   18.8946058900   0.0393730700  0.00000000  0.00000000  0.00000000   0.7551721500
Pb   15.7863017700   21.9148019100   3.1682757600  0.00000000  0.00000000  0.00000000   1.1540187400
I    15.7456359300   22.0720041000   25.1404515700  0.00000000  0.00000000  0.00000000  -0.6373017000
I    15.7198277100   18.8539663400   3.0965395500  0.00000000  0.00000000  0.00000000  -0.6400084100
I    12.4920635000   22.0433533200   3.1492426000  0.00000000  0.00000000  0.00000000  -0.6352310600
Cs   12.5870316400   18.7514677600   6.3593747200  0.00000000  0.00000000  0.00000000   0.7548496700
Pb   15.7714650800   22.0466211500   9.4297624200  0.00000000  0.00000000  0.00000000   1.1503532100
I    15.6845559000   22.0197290300   6.3061916300  0.00000000  0.00000000  0.00000000  -0.6378602200
I    15.7296427400   18.7710783800   9.5021078700  0.00000000  0.00000000  0.00000000  -0.6380714500
I    12.6651035300   22.0400082200   9.3396008300  0.00000000  0.00000000  0.00000000  -0.6373952700
Cs   12.5496705200   18.8423923200   12.5605986600  0.00000000  0.00000000  0.00000000   0.7551661900
Pb   15.6799668600   21.9964454600   15.6783747200  0.00000000  0.00000000  0.00000000   1.1583774500
I    15.7802427800   22.0163898900   12.6411820300  0.00000000  0.00000000  0.00000000  -0.6386132600
I    15.7552526900   18.8561198300   15.6970021900  0.00000000  0.00000000  0.00000000  -0.6371457300
I    12.6464016600   21.9917471800   15.6906462000  0.00000000  0.00000000  0.00000000  -0.6380536300
Cs   12.5470179400   18.8787296900   18.8200297000  0.00000000  0.00000000  0.00000000   0.7539116100
Pb   15.7487802000   21.9991619600   21.9931191000  0.00000000  0.00000000  0.00000000   1.1561337300
I    15.7506169900   21.9440599600   18.9032156500  0.00000000  0.00000000  0.00000000  -0.6375549400
I    15.7435732600   18.8732650700   22.0310682600  0.00000000  0.00000000  0.00000000  -0.6367365100
I    12.5935589200   22.0165910400   22.0968824500  0.00000000  0.00000000  0.00000000  -0.6391479600
Cs   18.8037370500   25.0430395700   0.0005023400  0.00000000  0.00000000  0.00000000   0.7574905600
Pb   22.0462528400   3.2096951200   3.0629463800  0.00000000  0.00000000  0.00000000   1.1556315500
I    22.0512826400   3.1847867700   25.1105036500  0.00000000  0.00000000  0.00000000  -0.6368988600
I    21.9964344400   0.0357040000   3.2131920600  0.00000000  0.00000000  0.00000000  -0.6371929500
I    18.8519234100   3.1591359600   3.1182880100  0.00000000  0.00000000  0.00000000  -0.6367778000
Cs   18.9094993600   0.0721479500   6.3210828300  0.00000000  0.00000000  0.00000000   0.7572495500
Pb   21.9194850200   3.1624999400   9.4449860200  0.00000000  0.00000000  0.00000000   1.1561993700
I    22.0034164300   3.1302617400   6.3545507600  0.00000000  0.00000000  0.00000000  -0.6355728300
I    22.0335685000   25.1546323900   9.4716586600  0.00000000  0.00000000  0.00000000  -0.6365115500
I    18.7673751700   3.1084530400   9.3715255500  0.00000000  0.00000000  0.00000000  -0.6384310200
Cs   18.8100189100   25.0571310500   12.5402287500  0.00000000  0.00000000  0.00000000   0.7569248100
Pb   21.9948137900   3.2180293100   15.7952686700  0.00000000  0.00000000  0.00000000   1.1568502900
I    21.9529183700   3.1324095800   12.5823892900  0.00000000  0.00000000  0.00000000  -0.6358614400
I    21.9469799700   0.0417906600   15.7143542500  0.00000000  0.00000000  0.00000000  -0.6349623800
I    18.8328759800   3.1691672400   15.7485350300  0.00000000  0.00000000  0.00000000  -0.6364016700
Cs   18.9400404600   25.0655957800   18.8492409600  0.00000000  0.00000000  0.00000000   0.7564083900
Pb   22.0066306700   3.1685604900   21.9910673100  0.00000000  0.00000000  0.00000000   1.1572831800
I    22.0062636200   3.1821700000   18.8410205000  0.00000000  0.00000000  0.00000000  -0.6393105800
I    21.9978119900   0.1019376600   22.0611421900  0.00000000  0.00000000  0.00000000  -0.6374709600
I    18.7829246200   3.0255826900   22.0364944400  0.00000000  0.00000000  0.00000000  -0.6361428600
Cs   18.7962194200   6.3107959500   0.0273604200  0.00000000  0.00000000  0.00000000   0.7570548800
Pb   22.0328323100   9.4032565400   3.2153173300  0.00000000  0.00000000  0.00000000   1.1639090900
I    21.9047967600   9.4090180100   0.0786962600  0.00000000  0.00000000  0.00000000  -0.6352161900
I    21.9785725100   6.3069232500   3.1797700600  0.00000000  0.00000000  0.00000000  -0.6379145000
I    18.9231225200   9.4811250400   3.0993507500  0.00000000  0.00000000  0.00000000  -0.6373243600
Cs   18.7627349500   6.4097442900   6.2297791100  0.00000000  0.00000000  0.00000000   0.7555661900
Pb   21.9507907200   9.5179326500   9.5187766900  0.00000000  0.00000000  0.00000000   1.1572490500
I    22.0299939400   9.4400037900   6.2142184200  0.00000000  0.00000000  0.00000000  -0.6366612600
I    22.0418604200   6.3386887900   9.4240648900  0.00000000  0.00000000  0.00000000  -0.6352321300
I    18.9355095300   9.3832039400   9.4233285300  0.00000000  0.00000000  0.00000000  -0.6383637200
Cs   18.8353449300   6.2309061100   12.5513161700  0.00000000  0.00000000  0.00000000   0.7571634800
Pb   21.9594207700   9.5004405500   15.7102683100  0.00000000  0.00000000  0.00000000   1.1549576200
I    22.0526175600   9.4129574900   12.5780218000  0.00000000  0.00000000  0.00000000  -0.6383249400
I    22.0228244300   6.2846337500   15.6477329800  0.00000000  0.00000000  0.00000000  -0.6377958900
I    18.8622648700   9.3974128700   15.6926453000  0.00000000  0.00000000  0.00000000  -0.6370626000
Cs   18.9030393200   6.3948029100   18.8519324100  0.00000000  0.00000000  0.00000000   0.7549903900
Pb   22.0193615900   9.4175063400   22.0349589700  0.00000000  0.00000000  0.00000000   1.1564024200
I    22.0391604200   9.5019590200   18.9245455600  0.00000000  0.00000000  0.00000000  -0.6370742400
I    22.0356384000   6.2742609200   22.1004066900  0.00000000  0.00000000  0.00000000  -0.6377696100
I    18.8473148600   9.4459853200   22.0810480600  0.00000000  0.00000000  0.00000000  -0.6376361700
Cs   18.9053924800   12.5767665100   25.1259772300  0.00000000  0.00000000  0.00000000   0.7600755300
Pb   22.0547966700   15.7369482000   3.1915789300  0.00000000  0.00000000  0.00000000   1.1593366300
I    22.0529415300   15.6449140800   0.0216249300  0.00000000  0.00000000  0.00000000  -0.6367807600
I    21.9742212400   12.5829925200   3.1996191200  0.00000000  0.00000000  0.00000000  -0.6346616800
I    18.8120633700   15.7385441500   3.1277798200  0.00000000  0.00000000  0.00000000  -0.6362966400
Cs   18.8006846000   12.5528279900   6.1982794200  0.00000000  0.00000000  0.00000000   0.7556235100
Pb   22.0973981700   15.7422603500   9.4051556500  0.00000000  0.00000000  0.00000000   1.1549203700
I    21.9340844200   15.7484409800   6.1476932000  0.00000000  0.00000000  0.00000000  -0.6381517500
I    22.0022998000   12.6673251600   9.5401461200  0.00000000  0.00000000  0.00000000  -0.6386546300
I    18.8578356100   15.7509195600   9.5074384600  0.00000000  0.00000000  0.00000000  -0.6354812700
Cs   18.8679003300   12.5718916000   12.5415873400  0.00000000  0.00000000  0.00000000   0.7567119700
Pb   22.0137441500   15.8244820500   15.7144766000  0.00000000  0.00000000  0.00000000   1.1556869300
I    21.9202074800   15.7875841000   12.5834023000  0.00000000  0.00000000  0.00000000  -0.6364901900
I    22.0399196700   12.5532886500   15.7573108900  0.00000000  0.00000000  0.00000000  -0.6375222100
I    18.9573078500   15.7055977400   15.6890337400  0.00000000  0.00000000  0.00000000  -0.6372597200
Cs   18.9228517000   12.6423241700   18.9129739700  0.00000000  0.00000000  0.00000000   0.7561136400
Pb   22.0572343900   15.6903534300   22.0623513800  0.00000000  0.00000000  0.00000000   1.1558988700
I    22.0256156800   15.8223017000   18.8843474700  0.00000000  0.00000000  0.00000000  -0.6371946200
I    21.9099066600   12.5262563100   22.0081110100  0.00000000  0.00000000  0.00000000  -0.6377108000
I    18.7747642200   15.6679287000   22.0303327200  0.00000000  0.00000000  0.00000000  -0.6364308500
Cs   18.8737333400   18.8551927900   0.1258098400  0.00000000  0.00000000  0.00000000   0.7554311500
Pb   22.0633169400   22.1013563500   3.1603400900  0.00000000  0.00000000  0.00000000   1.1533432100
I    22.0796224100   22.0637080500   25.1163605800  0.00000000  0.00000000  0.00000000  -0.6367159300
I    22.0245577900   18.9085518200   3.2435365000  0.00000000  0.00000000  0.00000000  -0.6373759900
I    18.8518260800   22.1412929100   3.1077791300  0.00000000  0.00000000  0.00000000  -0.6380312200
Cs   18.8194707800   18.8611396900   6.2460047900  0.00000000  0.00000000  0.00000000   0.7551974000
Pb   22.0638737400   22.0302309500   9.3691935600  0.00000000  0.00000000  0.00000000   1.1597147700
I    21.9708389100   22.0645161100   6.3017175700  0.00000000  0.00000000  0.00000000  -0.6375073500
I    21.9846053900   18.9166383600   9.4289559100  0.00000000  0.00000000  0.00000000  -0.6365957200
I    18.9444797000   21.9827824600   9.3547734700  0.00000000  0.00000000  0.00000000  -0.6375175700
Cs   18.8538283200   18.8451594100   12.5462936000  0.00000000  0.00000000  0.00000000   0.7583498300
Pb   22.0259959800   21.9700564900   15.7573068600  0.00000000  0.00000000  0.00000000   1.1568463200
I    22.0259695500   22.0865594400   12.5727953600  0.00000000  0.00000000  0.00000000  -0.6347729900
I    21.9955657600   18.8559540100   15.6715818800  0.00000000  0.00000000  0.00000000  -0.6383395500
I    18.8961089500   22.0466162100   15.7111516100  0.00000000  0.00000000  0.00000000  -0.6363060500
Cs   18.8304164500   18.8805820100   18.8276814200  0.00000000  0.00000000  0.00000000   0.7570111800
Pb   21.9966059800   22.0674346200   21.9193330800  0.00000000  0.00000000  0.00000000   1.1557230100
I    21.9745336000   21.9978777100   18.8911296900  0.00000000  0.00000000  0.00000000  -0.6390359800
I    21.9681125400   18.7929512100   22.0365268500  0.00000000  0.00000000  0.00000000  -0.6353412400
I    18.8806789500   22.0368088000   21.9901410300  0.00000000  0.00000000  0.00000000  -0.6376189500
# cspbi3_320atom_train_like_00001 source=scripted_perturbation label=Ewald-QEq_teacher
320
  25.0573210600  0.0000000000  0.0000000000  0.0000000000  25.0285788200  0.0000000000  0.0000000000  0.0000000000  25.0053986200
Cs   0.0000000000   0.0000000000   0.0000000000  0.00000000  0.00000000  0.00000000   0.7563909600
Pb   3.1321651300   3.1285723500   3.1256748300  0.00000000  0.00000000  0.00000000   1.1567585800
I    3.1321651300   3.1285723500   0.0000000000  0.00000000  0.00000000  0.00000000  -0.6377522200
I    3.1321651300   0.0000000000   3.1256748300  0.00000000  0.00000000  0.00000000  -0.6377190300
I    0.0000000000   3.1285723500   3.1256748300  0.00000000  0.00000000  0.00000000  -0.6376782900
Cs   0.0000000000   0.0000000000   6.2513496500  0.00000000  0.00000000  0.00000000   0.7563909600
Pb   3.1321651300   3.1285723500   9.3770244800  0.00000000  0.00000000  0.00000000   1.1567585800
I    3.1321651300   3.1285723500   6.2513496500  0.00000000  0.00000000  0.00000000  -0.6377522200
I    3.1321651300   0.0000000000   9.3770244800  0.00000000  0.00000000  0.00000000  -0.6377190300
I    0.0000000000   3.1285723500   9.3770244800  0.00000000  0.00000000  0.00000000  -0.6376782900
Cs   0.0000000000   0.0000000000   12.5026993100  0.00000000  0.00000000  0.00000000   0.7563909600
Pb   3.1321651300   3.1285723500   15.6283741300  0.00000000  0.00000000  0.00000000   1.1567585800
I    3.1321651300   3.1285723500   12.5026993100  0.00000000  0.00000000  0.00000000  -0.6377522200
I    3.1321651300   0.0000000000   15.6283741300  0.00000000  0.00000000  0.00000000  -0.6377190300
I    0.0000000000   3.1285723500   15.6283741300  0.00000000  0.00000000  0.00000000  -0.6376782900
Cs   0.0000000000   0.0000000000   18.7540489600  0.00000000  0.00000000  0.00000000   0.7563909600
Pb   3.1321651300   3.1285723500   21.8797237900  0.00000000  0.00000000  0.00000000   1.1567585800
I    3.1321651300   3.1285723500   18.7540489600  0.00000000  0.00000000  0.00000000  -0.6377522200
I    3.1321651300   0.0000000000   21.8797237900  0.00000000  0.00000000  0.00000000  -0.6377190300
I    0.0000000000   3.1285723500   21.8797237900  0.00000000  0.00000000  0.00000000  -0.6376782900
Cs   0.0000000000   6.2571447100   0.0000000000  0.00000000  0.00000000  0.00000000   0.7563909600
Pb   3.1321651300   9.3857170600   3.1256748300  0.00000000  0.00000000  0.00000000   1.1567585800
I    3.1321651300   9.3857170600   0.0000000000  0.00000000  0.00000000  0.00000000  -0.6377522200
I    3.1321651300   6.2571447100   3.1256748300  0.00000000  0.00000000  0.00000000  -0.6377190300
I    0.0000000000   9.3857170600   3.1256748300  0.00000000  0.00000000  0.00000000  -0.6376782900
Cs   0.0000000000   6.2571447100   6.2513496500  0.00000000  0.00000000  0.00000000   0.7563909600
Pb   3.1321651300   9.3857170600   9.3770244800  0.00000000  0.00000000  0.00000000   1.1567585800
I    3.1321651300   9.3857170600   6.2513496500  0.00000000  0.00000000  0.00000000  -0.6377522200
I    3.1321651300   6.2571447100   9.3770244800  0.00000000  0.00000000  0.00000000  -0.6377190300
I    0.0000000000   9.3857170600   9.3770244800  0.00000000  0.00000000  0.00000000  -0.6376782900
Cs   0.0000000000   6.2571447100   12.5026993100  0.00000000  0.00000000  0.00000000   0.7563909600
Pb   3.1321651300   9.3857170600   15.6283741300  0.00000000  0.00000000  0.00000000   1.1567585800
I    3.1321651300   9.3857170600   12.5026993100  0.00000000  0.00000000  0.00000000  -0.6377522200
I    3.1321651300   6.2571447100   15.6283741300  0.00000000  0.00000000  0.00000000  -0.6377190300
I    0.0000000000   9.3857170600   15.6283741300  0.00000000  0.00000000  0.00000000  -0.6376782900
Cs   0.0000000000   6.2571447100   18.7540489600  0.00000000  0.00000000  0.00000000   0.7563909600
Pb   3.1321651300   9.3857170600   21.8797237900  0.00000000  0.00000000  0.00000000   1.1567585800
I    3.1321651300   9.3857170600   18.7540489600  0.00000000  0.00000000  0.00000000  -0.6377522200
I    3.1321651300   6.2571447100   21.8797237900  0.00000000  0.00000000  0.00000000  -0.6377190300
I    0.0000000000   9.3857170600   21.8797237900  0.00000000  0.00000000  0.00000000  -0.6376782900
Cs   0.0000000000   12.5142894100   0.0000000000  0.00000000  0.00000000  0.00000000   0.7563909600
Pb   3.1321651300   15.6428617600   3.1256748300  0.00000000  0.00000000  0.00000000   1.1567585800
I    3.1321651300   15.6428617600   0.0000000000  0.00000000  0.00000000  0.00000000  -0.6377522200
I    3.1321651300   12.5142894100   3.1256748300  0.00000000  0.00000000  0.00000000  -0.6377190300
I    0.0000000000   15.6428617600   3.1256748300  0.00000000  0.00000000  0.00000000  -0.6376782900
Cs   0.0000000000   12.5142894100   6.2513496500  0.00000000  0.00000000  0.00000000   0.7563909600
Pb   3.1321651300   15.6428617600   9.3770244800  0.00000000  0.00000000  0.00000000   1.1567585800
I    3.1321651300   15.6428617600   6.2513496500  0.00000000  0.00000000  0.00000000  -0.6377522200
I    3.1321651300   12.5142894100   9.3770244800  0.00000000  0.00000000  0.00000000  -0.6377190300
I    0.0000000000   15.6428617600   9.3770244800  0.00000000  0.00000000  0.00000000  -0.6376782900
Cs   0.0000000000   12.5142894100   12.5026993100  0.00000000  0.00000000  0.00000000   0.7563909600
Pb   3.1321651300   15.6428617600   15.6283741300  0.00000000  0.00000000  0.00000000   1.1567585800
I    3.1321651300   15.6428617600   12.5026993100  0.00000000  0.00000000  0.00000000  -0.6377522200
I    3.1321651300   12.5142894100   15.6283741300  0.00000000  0.00000000  0.00000000  -0.6377190300
I    0.0000000000   15.6428617600   15.6283741300  0.00000000  0.00000000  0.00000000  -0.6376782900
Cs   0.0000000000   12.5142894100   18.7540489600  0.00000000  0.00000000  0.00000000   0.7563909600
Pb   3.1321651300   15.6428617600   21.8797237900  0.00000000  0.00000000  0.00000000   1.1567585800
I    3.1321651300   15.6428617600   18.7540489600  0.00000000  0.00000000  0.00000000  -0.6377522200
I    3.1321651300   12.5142894100   21.8797237900  0.00000000  0.00000000  0.00000000  -0.6377190300
I    0.0000000000   15.6428617600   21.8797237900  0.00000000  0.00000000  0.00000000  -0.6376782900
Cs   0.0000000000   18.7714341200   0.0000000000  0.00000000  0.00000000  0.00000000   0.7563909600
Pb   3.1321651300   21.9000064700   3.1256748300  0.00000000  0.00000000  0.00000000   1.1567585800
I    3.1321651300   21.9000064700   0.0000000000  0.00000000  0.00000000  0.00000000  -0.6377522200
I    3.1321651300   18.7714341200   3.1256748300  0.00000000  0.00000000  0.00000000  -0.6377190300
I    0.0000000000   21.9000064700   3.1256748300  0.00000000  0.00000000  0.00000000  -0.6376782900
Cs   0.0000000000   18.7714341200   6.2513496500  0.00000000  0.00000000  0.00000000   0.7563909600
Pb   3.1321651300   21.9000064700   9.3770244800  0.00000000  0.00000000  0.00000000   1.1567585800
I    3.1321651300   21.9000064700   6.2513496500  0.00000000  0.00000000  0.00000000  -0.6377522200
I    3.1321651300   18.7714341200   9.3770244800  0.00000000  0.00000000  0.00000000  -0.6377190300
I    0.0000000000   21.9000064700   9.3770244800  0.00000000  0.00000000  0.00000000  -0.6376782900
Cs   0.0000000000   18.7714341200   12.5026993100  0.00000000  0.00000000  0.00000000   0.7563909600
Pb   3.1321651300   21.9000064700   15.6283741300  0.00000000  0.00000000  0.00000000   1.1567585800
I    3.1321651300   21.9000064700   12.5026993100  0.00000000  0.00000000  0.00000000  -0.6377522200
I    3.1321651300   18.7714341200   15.6283741300  0.00000000  0.00000000  0.00000000  -0.6377190300
I    0.0000000000   21.9000064700   15.6283741300  0.00000000  0.00000000  0.00000000  -0.6376782900
Cs   0.0000000000   18.7714341200   18.7540489600  0.00000000  0.00000000  0.00000000   0.7563909600
Pb   3.1321651300   21.9000064700   21.8797237900  0.00000000  0.00000000  0.00000000   1.1567585800
I    3.1321651300   21.9000064700   18.7540489600  0.00000000  0.00000000  0.00000000  -0.6377522200
I    3.1321651300   18.7714341200   21.8797237900  0.00000000  0.00000000  0.00000000  -0.6377190300
I    0.0000000000   21.9000064700   21.8797237900  0.00000000  0.00000000  0.00000000  -0.6376782900
Cs   6.2643302600   0.0000000000   0.0000000000  0.00000000  0.00000000  0.00000000   0.7563909600
Pb   9.3964954000   3.1285723500   3.1256748300  0.00000000  0.00000000  0.00000000   1.1567585800
I    9.3964954000   3.1285723500   0.0000000000  0.00000000  0.00000000  0.00000000  -0.6377522200
I    9.3964954000   0.0000000000   3.1256748300  0.00000000  0.00000000  0.00000000  -0.6377190300
I    6.2643302600   3.1285723500   3.1256748300  0.00000000  0.00000000  0.00000000  -0.6376782900
Cs   6.2643302600   0.0000000000   6.2513496500  0.00000000  0.00000000  0.00000000   0.7563909600
Pb   9.3964954000   3.1285723500   9.3770244800  0.00000000  0.00000000  0.00000000   1.1567585800
I    9.3964954000   3.1285723500   6.2513496500  0.00000000  0.00000000  0.00000000  -0.6377522200
I    9.3964954000   0.0000000000   9.3770244800  0.00000000  0.00000000  0.00000000  -0.6377190300
I    6.2643302600   3.1285723500   9.3770244800  0.00000000  0.00000000  0.00000000  -0.6376782900
Cs   6.2643302600   0.0000000000   12.5026993100  0.00000000  0.00000000  0.00000000   0.7563909600
Pb   9.3964954000   3.1285723500   15.6283741300  0.00000000  0.00000000  0.00000000   1.1567585800
I    9.3964954000   3.1285723500   12.5026993100  0.00000000  0.00000000  0.00000000  -0.6377522200
I    9.3964954000   0.0000000000   15.6283741300  0.00000000  0.00000000  0.00000000  -0.6377190300
I    6.2643302600   3.1285723500   15.6283741300  0.00000000  0.00000000  0.00000000  -0.6376782900
Cs   6.2643302600   0.0000000000   18.7540489600  0.00000000  0.00000000  0.00000000   0.7563909600
Pb   9.3964954000   3.1285723500   21.8797237900  0.00000000  0.00000000  0.00000000   1.1567585800
I    9.3964954000   3.1285723500   18.7540489600  0.00000000  0.00000000  0.00000000  -0.6377522200
I    9.3964954000   0.0000000000   21.8797237900  0.00000000  0.00000000  0.00000000  -0.6377190300
I    6.2643302600   3.1285723500   21.8797237900  0.00000000  0.00000000  0.00000000  -0.6376782900
Cs   6.2643302600   6.2571447100   0.0000000000  0.00000000  0.00000000  0.00000000   0.7563909600
Pb   9.3964954000   9.3857170600   3.1256748300  0.00000000  0.00000000  0.00000000   1.1567585800
I    9.3964954000   9.3857170600   0.0000000000  0.00000000  0.00000000  0.00000000  -0.6377522200
I    9.3964954000   6.2571447100   3.1256748300  0.00000000  0.00000000  0.00000000  -0.6377190300
I    6.2643302600   9.3857170600   3.1256748300  0.00000000  0.00000000  0.00000000  -0.6376782900
Cs   6.2643302600   6.2571447100   6.2513496500  0.00000000  0.00000000  0.00000000   0.7563909600
Pb   9.3964954000   9.3857170600   9.3770244800  0.00000000  0.00000000  0.00000000   1.1567585800
I    9.3964954000   9.3857170600   6.2513496500  0.00000000  0.00000000  0.00000000  -0.6377522200
I    9.3964954000   6.2571447100   9.3770244800  0.00000000  0.00000000  0.00000000  -0.6377190300
I    6.2643302600   9.3857170600   9.3770244800  0.00000000  0.00000000  0.00000000  -0.6376782900
Cs   6.2643302600   6.2571447100   12.5026993100  0.00000000  0.00000000  0.00000000   0.7563909600
Pb   9.3964954000   9.3857170600   15.6283741300  0.00000000  0.00000000  0.00000000   1.1567585800
I    9.3964954000   9.3857170600   12.5026993100  0.00000000  0.00000000  0.00000000  -0.6377522200
I    9.3964954000   6.2571447100   15.6283741300  0.00000000  0.00000000  0.00000000  -0.6377190300
I    6.2643302600   9.3857170600   15.6283741300  0.00000000  0.00000000  0.00000000  -0.6376782900
Cs   6.2643302600   6.2571447100   18.7540489600  0.00000000  0.00000000  0.00000000   0.7563909600
Pb   9.3964954000   9.3857170600   21.8797237900  0.00000000  0.00000000  0.00000000   1.1567585800
I    9.3964954000   9.3857170600   18.7540489600  0.00000000  0.00000000  0.00000000  -0.6377522200
I    9.3964954000   6.2571447100   21.8797237900  0.00000000  0.00000000  0.00000000  -0.6377190300
I    6.2643302600   9.3857170600   21.8797237900  0.00000000  0.00000000  0.00000000  -0.6376782900
Cs   6.2643302600   12.5142894100   0.0000000000  0.00000000  0.00000000  0.00000000   0.7563909600
Pb   9.3964954000   15.6428617600   3.1256748300  0.00000000  0.00000000  0.00000000   1.1567585800
I    9.3964954000   15.6428617600   0.0000000000  0.00000000  0.00000000  0.00000000  -0.6377522200
I    9.3964954000   12.5142894100   3.1256748300  0.00000000  0.00000000  0.00000000  -0.6377190300
I    6.2643302600   15.6428617600   3.1256748300  0.00000000  0.00000000  0.00000000  -0.6376782900
Cs   6.2643302600   12.5142894100   6.2513496500  0.00000000  0.00000000  0.00000000   0.7563909600
Pb   9.3964954000   15.6428617600   9.3770244800  0.00000000  0.00000000  0.00000000   1.1567585800
I    9.3964954000   15.6428617600   6.2513496500  0.00000000  0.00000000  0.00000000  -0.6377522200
I    9.3964954000   12.5142894100   9.3770244800  0.00000000  0.00000000  0.00000000  -0.6377190300
I    6.2643302600   15.6428617600   9.3770244800  0.00000000  0.00000000  0.00000000  -0.6376782900
Cs   6.2643302600   12.5142894100   12.5026993100  0.00000000  0.00000000  0.00000000   0.7563909600
Pb   9.3964954000   15.6428617600   15.6283741300  0.00000000  0.00000000  0.00000000   1.1567585800
I    9.3964954000   15.6428617600   12.5026993100  0.00000000  0.00000000  0.00000000  -0.6377522200
I    9.3964954000   12.5142894100   15.6283741300  0.00000000  0.00000000  0.00000000  -0.6377190300
I    6.2643302600   15.6428617600   15.6283741300  0.00000000  0.00000000  0.00000000  -0.6376782900
Cs   6.2643302600   12.5142894100   18.7540489600  0.00000000  0.00000000  0.00000000   0.7563909600
Pb   9.3964954000   15.6428617600   21.8797237900  0.00000000  0.00000000  0.00000000   1.1567585800
I    9.3964954000   15.6428617600   18.7540489600  0.00000000  0.00000000  0.00000000  -0.6377522200
I    9.3964954000   12.5142894100   21.8797237900  0.00000000  0.00000000  0.00000000  -0.6377190300
I    6.2643302600   15.6428617600   21.8797237900  0.00000000  0.00000000  0.00000000  -0.6376782900
Cs   6.2643302600   18.7714341200   0.0000000000  0.00000000  0.00000000  0.00000000   0.7563909600
Pb   9.3964954000   21.9000064700   3.1256748300  0.00000000  0.00000000  0.00000000   1.1567585800
I    9.3964954000   21.9000064700   0.0000000000  0.00000000  0.00000000  0.00000000  -0.6377522200
I    9.3964954000   18.7714341200   3.1256748300  0.00000000  0.00000000  0.00000000  -0.6377190300
I    6.2643302600   21.9000064700   3.1256748300  0.00000000  0.00000000  0.00000000  -0.6376782900
Cs   6.2643302600   18.7714341200   6.2513496500  0.00000000  0.00000000  0.00000000   0.7563909600
Pb   9.3964954000   21.9000064700   9.3770244800  0.00000000  0.00000000  0.00000000   1.1567585800
I    9.3964954000   21.9000064700   6.2513496500  0.00000000  0.00000000  0.00000000  -0.6377522200
I    9.3964954000   18.7714341200   9.3770244800  0.00000000  0.00000000  0.00000000  -0.6377190300
I    6.2643302600   21.9000064700   9.3770244800  0.00000000  0.00000000  0.00000000  -0.6376782900
Cs   6.2643302600   18.7714341200   12.5026993100  0.00000000  0.00000000  0.00000000   0.7563909600
Pb   9.3964954000   21.9000064700   15.6283741300  0.00000000  0.00000000  0.00000000   1.1567585800
I    9.3964954000   21.9000064700   12.5026993100  0.00000000  0.00000000  0.00000000  -0.6377522200
I    9.3964954000   18.7714341200   15.6283741300  0.00000000  0.00000000  0.00000000  -0.6377190300
I    6.2643302600   21.9000064700   15.6283741300  0.00000000  0.00000000  0.00000000  -0.6376782900
Cs   6.2643302600   18.7714341200   18.7540489600  0.00000000  0.00000000  0.00000000   0.7563909600
Pb   9.3964954000   21.9000064700   21.8797237900  0.00000000  0.00000000  0.00000000   1.1567585800
I    9.3964954000   21.9000064700   18.7540489600  0.00000000  0.00000000  0.00000000  -0.6377522200
I    9.3964954000   18.7714341200   21.8797237900  0.00000000  0.00000000  0.00000000  -0.6377190300
I    6.2643302600   21.9000064700   21.8797237900  0.00000000  0.00000000  0.00000000  -0.6376782900
Cs   12.5286605300   0.0000000000   0.0000000000  0.00000000  0.00000000  0.00000000   0.7563909600
Pb   15.6608256600   3.1285723500   3.1256748300  0.00000000  0.00000000  0.00000000   1.1567585800
I    15.6608256600   3.1285723500   0.0000000000  0.00000000  0.00000000  0.00000000  -0.6377522200
I    15.6608256600   0.0000000000   3.1256748300  0.00000000  0.00000000  0.00000000  -0.6377190300
I    12.5286605300   3.1285723500   3.1256748300  0.00000000  0.00000000  0.00000000  -0.6376782900
Cs   12.5286605300   0.0000000000   6.2513496500  0.00000000  0.00000000  0.00000000   0.7563909600
Pb   15.6608256600   3.1285723500   9.3770244800  0.00000000  0.00000000  0.00000000   1.1567585800
I    15.6608256600   3.1285723500   6.2513496500  0.00000000  0.00000000  0.00000000  -0.6377522200
I    15.6608256600   0.0000000000   9.3770244800  0.00000000  0.00000000  0.00000000  -0.6377190300
I    12.5286605300   3.1285723500   9.3770244800  0.00000000  0.00000000  0.00000000  -0.6376782900
Cs   12.5286605300   0.0000000000   12.5026993100  0.00000000  0.00000000  0.00000000   0.7563909600
Pb   15.6608256600   3.1285723500   15.6283741300  0.00000000  0.00000000  0.00000000   1.1567585800
I    15.6608256600   3.1285723500   12.5026993100  0.00000000  0.00000000  0.00000000  -0.6377522200
I    15.6608256600   0.0000000000   15.6283741300  0.00000000  0.00000000  0.00000000  -0.6377190300
I    12.5286605300   3.1285723500   15.6283741300  0.00000000  0.00000000  0.00000000  -0.6376782900
Cs   12.5286605300   0.0000000000   18.7540489600  0.00000000  0.00000000  0.00000000   0.7563909600
Pb   15.6608256600   3.1285723500   21.8797237900  0.00000000  0.00000000  0.00000000   1.1567585800
I    15.6608256600   3.1285723500   18.7540489600  0.00000000  0.00000000  0.00000000  -0.6377522200
I    15.6608256600   0.0000000000   21.8797237900  0.00000000  0.00000000  0.00000000  -0.6377190300
I    12.5286605300   3.1285723500   21.8797237900  0.00000000  0.00000000  0.00000000  -0.6376782900
Cs   12.5286605300   6.2571447100   0.0000000000  0.00000000  0.00000000  0.00000000   0.7563909600
Pb   15.6608256600   9.3857170600   3.1256748300  0.00000000  0.00000000  0.00000000   1.1567585800
I    15.6608256600   9.3857170600   0.0000000000  0.00000000  0.00000000  0.00000000  -0.6377522200
I    15.6608256600   6.2571447100   3.1256748300  0.00000000  0.00000000  0.00000000  -0.6377190300
I    12.5286605300   9.3857170600   3.1256748300  0.00000000  0.00000000  0.00000000  -0.6376782900
Cs   12.5286605300   6.2571447100   6.2513496500  0.00000000  0.00000000  0.00000000   0.7563909600
Pb   15.6608256600   9.3857170600   9.3770244800  0.00000000  0.00000000  0.00000000   1.1567585800
I    15.6608256600   9.3857170600   6.2513496500  0.00000000  0.00000000  0.00000000  -0.6377522200
I    15.6608256600   6.2571447100   9.3770244800  0.00000000  0.00000000  0.00000000  -0.6377190300
I    12.5286605300   9.3857170600   9.3770244800  0.00000000  0.00000000  0.00000000  -0.6376782900
Cs   12.5286605300   6.2571447100   12.5026993100  0.00000000  0.00000000  0.00000000   0.7563909600
Pb   15.6608256600   9.3857170600   15.6283741300  0.00000000  0.00000000  0.00000000   1.1567585800
I    15.6608256600   9.3857170600   12.5026993100  0.00000000  0.00000000  0.00000000  -0.6377522200
I    15.6608256600   6.2571447100   15.6283741300  0.00000000  0.00000000  0.00000000  -0.6377190300
I    12.5286605300   9.3857170600   15.6283741300  0.00000000  0.00000000  0.00000000  -0.6376782900
Cs   12.5286605300   6.2571447100   18.7540489600  0.00000000  0.00000000  0.00000000   0.7563909600
Pb   15.6608256600   9.3857170600   21.8797237900  0.00000000  0.00000000  0.00000000   1.1567585800
I    15.6608256600   9.3857170600   18.7540489600  0.00000000  0.00000000  0.00000000  -0.6377522200
I    15.6608256600   6.2571447100   21.8797237900  0.00000000  0.00000000  0.00000000  -0.6377190300
I    12.5286605300   9.3857170600   21.8797237900  0.00000000  0.00000000  0.00000000  -0.6376782900
Cs   12.5286605300   12.5142894100   0.0000000000  0.00000000  0.00000000  0.00000000   0.7563909600
Pb   15.6608256600   15.6428617600   3.1256748300  0.00000000  0.00000000  0.00000000   1.1567585800
I    15.6608256600   15.6428617600   0.0000000000  0.00000000  0.00000000  0.00000000  -0.6377522200
I    15.6608256600   12.5142894100   3.1256748300  0.00000000  0.00000000  0.00000000  -0.6377190300
I    12.5286605300   15.6428617600   3.1256748300  0.00000000  0.00000000  0.00000000  -0.6376782900
Cs   12.5286605300   12.5142894100   6.2513496500  0.00000000  0.00000000  0.00000000   0.7563909600
Pb   15.6608256600   15.6428617600   9.3770244800  0.00000000  0.00000000  0.00000000   1.1567585800
I    15.6608256600   15.6428617600   6.2513496500  0.00000000  0.00000000  0.00000000  -0.6377522200
I    15.6608256600   12.5142894100   9.3770244800  0.00000000  0.00000000  0.00000000  -0.6377190300
I    12.5286605300   15.6428617600   9.3770244800  0.00000000  0.00000000  0.00000000  -0.6376782900
Cs   12.5286605300   12.5142894100   12.5026993100  0.00000000  0.00000000  0.00000000   0.7563909600
Pb   15.6608256600   15.6428617600   15.6283741300  0.00000000  0.00000000  0.00000000   1.1567585800
I    15.6608256600   15.6428617600   12.5026993100  0.00000000  0.00000000  0.00000000  -0.6377522200
I    15.6608256600   12.5142894100   15.6283741300  0.00000000  0.00000000  0.00000000  -0.6377190300
I    12.5286605300   15.6428617600   15.6283741300  0.00000000  0.00000000  0.00000000  -0.6376782900
Cs   12.5286605300   12.5142894100   18.7540489600  0.00000000  0.00000000  0.00000000   0.7563909600
Pb   15.6608256600   15.6428617600   21.8797237900  0.00000000  0.00000000  0.00000000   1.1567585800
I    15.6608256600   15.6428617600   18.7540489600  0.00000000  0.00000000  0.00000000  -0.6377522200
I    15.6608256600   12.5142894100   21.8797237900  0.00000000  0.00000000  0.00000000  -0.6377190300
I    12.5286605300   15.6428617600   21.8797237900  0.00000000  0.00000000  0.00000000  -0.6376782900
Cs   12.5286605300   18.7714341200   0.0000000000  0.00000000  0.00000000  0.00000000   0.7563909600
Pb   15.6608256600   21.9000064700   3.1256748300  0.00000000  0.00000000  0.00000000   1.1567585800
I    15.6608256600   21.9000064700   0.0000000000  0.00000000  0.00000000  0.00000000  -0.6377522200
I    15.6608256600   18.7714341200   3.1256748300  0.00000000  0.00000000  0.00000000  -0.6377190300
I    12.5286605300   21.9000064700   3.1256748300  0.00000000  0.00000000  0.00000000  -0.6376782900
Cs   12.5286605300   18.7714341200   6.2513496500  0.00000000  0.00000000  0.00000000   0.7563909600
Pb   15.6608256600   21.9000064700   9.3770244800  0.00000000  0.00000000  0.00000000   1.1567585800
I    15.6608256600   21.9000064700   6.2513496500  0.00000000  0.00000000  0.00000000  -0.6377522200
I    15.6608256600   18.7714341200   9.3770244800  0.00000000  0.00000000  0.00000000  -0.6377190300
I    12.5286605300   21.9000064700   9.3770244800  0.00000000  0.00000000  0.00000000  -0.6376782900
Cs   12.5286605300   18.7714341200   12.5026993100  0.00000000  0.00000000  0.00000000   0.7563909600
Pb   15.6608256600   21.9000064700   15.6283741300  0.00000000  0.00000000  0.00000000   1.1567585800
I    15.6608256600   21.9000064700   12.5026993100  0.00000000  0.00000000  0.00000000  -0.6377522200
I    15.6608256600   18.7714341200   15.6283741300  0.00000000  0.00000000  0.00000000  -0.6377190300
I    12.5286605300   21.9000064700   15.6283741300  0.00000000  0.00000000  0.00000000  -0.6376782900
Cs   12.5286605300   18.7714341200   18.7540489600  0.00000000  0.00000000  0.00000000   0.7563909600
Pb   15.6608256600   21.9000064700   21.8797237900  0.00000000  0.00000000  0.00000000   1.1567585800
I    15.6608256600   21.9000064700   18.7540489600  0.00000000  0.00000000  0.00000000  -0.6377522200
I    15.6608256600   18.7714341200   21.8797237900  0.00000000  0.00000000  0.00000000  -0.6377190300
I    12.5286605300   21.9000064700   21.8797237900  0.00000000  0.00000000  0.00000000  -0.6376782900
Cs   18.7929907900   0.0000000000   0.0000000000  0.00000000  0.00000000  0.00000000   0.7563909600
Pb   21.9251559200   3.1285723500   3.1256748300  0.00000000  0.00000000  0.00000000   1.1567585800
I    21.9251559200   3.1285723500   0.0000000000  0.00000000  0.00000000  0.00000000  -0.6377522200
I    21.9251559200   0.0000000000   3.1256748300  0.00000000  0.00000000  0.00000000  -0.6377190300
I    18.7929907900   3.1285723500   3.1256748300  0.00000000  0.00000000  0.00000000  -0.6376782900
Cs   18.7929907900   0.0000000000   6.2513496500  0.00000000  0.00000000  0.00000000   0.7563909600
Pb   21.9251559200   3.1285723500   9.3770244800  0.00000000  0.00000000  0.00000000   1.1567585800
I    21.9251559200   3.1285723500   6.2513496500  0.00000000  0.00000000  0.00000000  -0.6377522200
I    21.9251559200   0.0000000000   9.3770244800  0.00000000  0.00000000  0.00000000  -0.6377190300
I    18.7929907900   3.1285723500   9.3770244800  0.00000000  0.00000000  0.00000000  -0.6376782900
Cs   18.7929907900   0.0000000000   12.5026993100  0.00000000  0.00000000  0.00000000   0.7563909600
Pb   21.9251559200   3.1285723500   15.6283741300  0.00000000  0.00000000  0.00000000   1.1567585800
I    21.9251559200   3.1285723500   12.5026993100  0.00000000  0.00000000  0.00000000  -0.6377522200
I    21.9251559200   0.0000000000   15.6283741300  0.00000000  0.00000000  0.00000000  -0.6377190300
I    18.7929907900   3.1285723500   15.6283741300  0.00000000  0.00000000  0.00000000  -0.6376782900
Cs   18.7929907900   0.0000000000   18.7540489600  0.00000000  0.00000000  0.00000000   0.7563909600
Pb   21.9251559200   3.1285723500   21.8797237900  0.00000000  0.00000000  0.00000000   1.1567585800
I    21.9251559200   3.1285723500   18.7540489600  0.00000000  0.00000000  0.00000000  -0.6377522200
I    21.9251559200   0.0000000000   21.8797237900  0.00000000  0.00000000  0.00000000  -0.6377190300
I    18.7929907900   3.1285723500   21.8797237900  0.00000000  0.00000000  0.00000000  -0.6376782900
Cs   18.7929907900   6.2571447100   0.0000000000  0.00000000  0.00000000  0.00000000   0.7563909600
Pb   21.9251559200   9.3857170600   3.1256748300  0.00000000  0.00000000  0.00000000   1.1567585800
I    21.9251559200   9.3857170600   0.0000000000  0.00000000  0.00000000  0.00000000  -0.6377522200
I    21.9251559200   6.2571447100   3.1256748300  0.00000000  0.00000000  0.00000000  -0.6377190300
I    18.7929907900   9.3857170600   3.1256748300  0.00000000  0.00000000  0.00000000  -0.6376782900
Cs   18.7929907900   6.2571447100   6.2513496500  0.00000000  0.00000000  0.00000000   0.7563909600
Pb   21.9251559200   9.3857170600   9.3770244800  0.00000000  0.00000000  0.00000000   1.1567585800
I    21.9251559200   9.3857170600   6.2513496500  0.00000000  0.00000000  0.00000000  -0.6377522200
I    21.9251559200   6.2571447100   9.3770244800  0.00000000  0.00000000  0.00000000  -0.6377190300
I    18.7929907900   9.3857170600   9.3770244800  0.00000000  0.00000000  0.00000000  -0.6376782900
Cs   18.7929907900   6.2571447100   12.5026993100  0.00000000  0.00000000  0.00000000   0.7563909600
Pb   21.9251559200   9.3857170600   15.6283741300  0.00000000  0.00000000  0.00000000   1.1567585800
I    21.9251559200   9.3857170600   12.5026993100  0.00000000  0.00000000  0.00000000  -0.6377522200
I    21.9251559200   6.2571447100   15.6283741300  0.00000000  0.00000000  0.00000000  -0.6377190300
I    18.7929907900   9.3857170600   15.6283741300  0.00000000  0.00000000  0.00000000  -0.6376782900
Cs   18.7929907900   6.2571447100   18.7540489600  0.00000000  0.00000000  0.00000000   0.7563909600
Pb   21.9251559200   9.3857170600   21.8797237900  0.00000000  0.00000000  0.00000000   1.1567585800
I    21.9251559200   9.3857170600   18.7540489600  0.00000000  0.00000000  0.00000000  -0.6377522200
I    21.9251559200   6.2571447100   21.8797237900  0.00000000  0.00000000  0.00000000  -0.6377190300
I    18.7929907900   9.3857170600   21.8797237900  0.00000000  0.00000000  0.00000000  -0.6376782900
Cs   18.7929907900   12.5142894100   0.0000000000  0.00000000  0.00000000  0.00000000   0.7563909600
Pb   21.9251559200   15.6428617600   3.1256748300  0.00000000  0.00000000  0.00000000   1.1567585800
I    21.9251559200   15.6428617600   0.0000000000  0.00000000  0.00000000  0.00000000  -0.6377522200
I    21.9251559200   12.5142894100   3.1256748300  0.00000000  0.00000000  0.00000000  -0.6377190300
I    18.7929907900   15.6428617600   3.1256748300  0.00000000  0.00000000  0.00000000  -0.6376782900
Cs   18.7929907900   12.5142894100   6.2513496500  0.00000000  0.00000000  0.00000000   0.7563909600
Pb   21.9251559200   15.6428617600   9.3770244800  0.00000000  0.00000000  0.00000000   1.1567585800
I    21.9251559200   15.6428617600   6.2513496500  0.00000000  0.00000000  0.00000000  -0.6377522200
I    21.9251559200   12.5142894100   9.3770244800  0.00000000  0.00000000  0.00000000  -0.6377190300
I    18.7929907900   15.6428617600   9.3770244800  0.00000000  0.00000000  0.00000000  -0.6376782900
Cs   18.7929907900   12.5142894100   12.5026993100  0.00000000  0.00000000  0.00000000   0.7563909600
Pb   21.9251559200   15.6428617600   15.6283741300  0.00000000  0.00000000  0.00000000   1.1567585800
I    21.9251559200   15.6428617600   12.5026993100  0.00000000  0.00000000  0.00000000  -0.6377522200
I    21.9251559200   12.5142894100   15.6283741300  0.00000000  0.00000000  0.00000000  -0.6377190300
I    18.7929907900   15.6428617600   15.6283741300  0.00000000  0.00000000  0.00000000  -0.6376782900
Cs   18.7929907900   12.5142894100   18.7540489600  0.00000000  0.00000000  0.00000000   0.7563909600
Pb   21.9251559200   15.6428617600   21.8797237900  0.00000000  0.00000000  0.00000000   1.1567585800
I    21.9251559200   15.6428617600   18.7540489600  0.00000000  0.00000000  0.00000000  -0.6377522200
I    21.9251559200   12.5142894100   21.8797237900  0.00000000  0.00000000  0.00000000  -0.6377190300
I    18.7929907900   15.6428617600   21.8797237900  0.00000000  0.00000000  0.00000000  -0.6376782900
Cs   18.7929907900   18.7714341200   0.0000000000  0.00000000  0.00000000  0.00000000   0.7563909600
Pb   21.9251559200   21.9000064700   3.1256748300  0.00000000  0.00000000  0.00000000   1.1567585800
I    21.9251559200   21.9000064700   0.0000000000  0.00000000  0.00000000  0.00000000  -0.6377522200
I    21.9251559200   18.7714341200   3.1256748300  0.00000000  0.00000000  0.00000000  -0.6377190300
I    18.7929907900   21.9000064700   3.1256748300  0.00000000  0.00000000  0.00000000  -0.6376782900
Cs   18.7929907900   18.7714341200   6.2513496500  0.00000000  0.00000000  0.00000000   0.7563909600
Pb   21.9251559200   21.9000064700   9.3770244800  0.00000000  0.00000000  0.00000000   1.1567585800
I    21.9251559200   21.9000064700   6.2513496500  0.00000000  0.00000000  0.00000000  -0.6377522200
I    21.9251559200   18.7714341200   9.3770244800  0.00000000  0.00000000  0.00000000  -0.6377190300
I    18.7929907900   21.9000064700   9.3770244800  0.00000000  0.00000000  0.00000000  -0.6376782900
Cs   18.7929907900   18.7714341200   12.5026993100  0.00000000  0.00000000  0.00000000   0.7563909600
Pb   21.9251559200   21.9000064700   15.6283741300  0.00000000  0.00000000  0.00000000   1.1567585800
I    21.9251559200   21.9000064700   12.5026993100  0.00000000  0.00000000  0.00000000  -0.6377522200
I    21.9251559200   18.7714341200   15.6283741300  0.00000000  0.00000000  0.00000000  -0.6377190300
I    18.7929907900   21.9000064700   15.6283741300  0.00000000  0.00000000  0.00000000  -0.6376782900
Cs   18.7929907900   18.7714341200   18.7540489600  0.00000000  0.00000000  0.00000000   0.7563909600
Pb   21.9251559200   21.9000064700   21.8797237900  0.00000000  0.00000000  0.00000000   1.1567585800
I    21.9251559200   21.9000064700   18.7540489600  0.00000000  0.00000000  0.00000000  -0.6377522200
I    21.9251559200   18.7714341200   21.8797237900  0.00000000  0.00000000  0.00000000  -0.6377190300
I    18.7929907900   21.9000064700   21.8797237900  0.00000000  0.00000000  0.00000000  -0.6376782900
# cspbi3_320atom_train_like_00002 source=scripted_perturbation label=Ewald-QEq_teacher
320
  25.1600000000  0.0000000000  0.0000000000  0.0000000000  25.1600000000  0.0000000000  0.0000000000  0.0000000000  25.1600000000
Cs   0.0000000000   0.0000000000   0.0000000000  0.00000000  0.00000000  0.00000000   0.7567546400
Pb   3.0728533700   3.1561765900   3.1743985600  0.00000000  0.00000000  0.00000000   1.1561622800
I    3.0858240800   3.1119926400   0.0123942900  0.00000000  0.00000000  0.00000000  -0.6365505300
I    3.1263904200   0.0041134100   3.1013943100  0.00000000  0.00000000  0.00000000  -0.6365749600
I    0.0321361800   3.0899950700   3.1023704900  0.00000000  0.00000000  0.00000000  -0.6382315100
Cs   0.0000000000   0.0000000000   6.2900000000  0.00000000  0.00000000  0.00000000   0.7553117500
Pb   3.1455892800   3.1607183400   9.4688356000  0.00000000  0.00000000  0.00000000   1.1561004900
I    3.1550722400   3.0870747300   6.3142854300  0.00000000  0.00000000  0.00000000  -0.6374133200
I    3.2261917800   25.1213648100   9.4748328800  0.00000000  0.00000000  0.00000000  -0.6390213200
I    25.1057847500   3.1882477200   9.3880445300  0.00000000  0.00000000  0.00000000  -0.6365546600
Cs   0.0000000000   0.0000000000   12.5800000000  0.00000000  0.00000000  0.00000000   0.7545787000
Pb   3.1762969100   3.1272689700   15.7539622100  0.00000000  0.00000000  0.00000000   1.1559744900
I    3.1045256800   3.1744476500   12.5334481100  0.00000000  0.00000000  0.00000000  -0.6377037500
I    3.0502858300   0.0803902200   15.7454694000  0.00000000  0.00000000  0.00000000  -0.6379517000
I    25.0737814400   3.1348508300   15.7367586500  0.00000000  0.00000000  0.00000000  -0.6368118000
Cs   0.0000000000   0.0000000000   18.8700000000  0.00000000  0.00000000  0.00000000   0.7557704100
Pb   3.1493439300   3.1770413800   22.0072692600  0.00000000  0.00000000  0.00000000   1.1594218300
I    3.1811960300   3.1625391000   18.9599841700  0.00000000  0.00000000  0.00000000  -0.6368594400
I    3.1362831900   0.0284435700   22.0575157900  0.00000000  0.00000000  0.00000000  -0.6363250900
I    25.1299495600   3.1827770500   22.0739180700  0.00000000  0.00000000  0.00000000  -0.6374501700
Cs   0.0000000000   6.2900000000   0.0000000000  0.00000000  0.00000000  0.00000000   0.7560452400
Pb   3.2225925500   9.4248637100   3.1386816900  0.00000000  0.00000000  0.00000000   1.1579174900
I    3.1485092800   9.4627644800   0.0089413800  0.00000000  0.00000000  0.00000000  -0.6378904700
I    3.1919244400   6.3251130700   3.1398273300  0.00000000  0.00000000  0.00000000  -0.6376060100
I    25.1115747700   9.4447894900   3.1645560600  0.00000000  0.00000000  0.00000000  -0.6358017300
Cs   0.0000000000   6.2900000000   6.2900000000  0.00000000  0.00000000  0.00000000   0.7563983100
Pb   3.1324161300   9.3971877300   9.5156642500  0.00000000  0.00000000  0.00000000   1.1549418600
I    3.1119264400   9.4461311100   6.1837783100  0.00000000  0.00000000  0.00000000  -0.6360618200
I    3.1659363200   6.2625417500   9.4665256300  0.00000000  0.00000000  0.00000000  -0.6378725700
I    0.0684216700   9.4178807600   9.3970557100  0.00000000  0.00000000  0.00000000  -0.6362069800
Cs   0.0000000000   6.2900000000   12.5800000000  0.00000000  0.00000000  0.00000000   0.7577771600
Pb   3.0762152600   9.4923426500   15.6516501500  0.00000000  0.00000000  0.00000000   1.1558685300
I    3.0395227900   9.4434718100   12.6044573100  0.00000000  0.00000000  0.00000000  -0.6394437100
I    3.1731111100   6.2571914000   15.7860087500  0.00000000  0.00000000  0.00000000  -0.6362626700
I    25.1040734300   9.4017382800   15.6653597900  0.00000000  0.00000000  0.00000000  -0.6379592100
Cs   0.0000000000   6.2900000000   18.8700000000  0.00000000  0.00000000  0.00000000   0.7571272300
Pb   3.1256237500   9.5174605100   21.9919808000  0.00000000  0.00000000  0.00000000   1.1539005000
I    3.1612506300   9.4009802000   18.8919707200  0.00000000  0.00000000  0.00000000  -0.6364333400
I    3.1451566500   6.2457614500   21.9162236000  0.00000000  0.00000000  0.00000000  -0.6363445800
I    25.1382038700   9.3518382200   22.0094006000  0.00000000  0.00000000  0.00000000  -0.6392458000
Cs   0.0000000000   12.5800000000   0.0000000000  0.00000000  0.00000000  0.00000000   0.7559777600
Pb   3.1811534600   15.7521442000   3.0862701600  0.00000000  0.00000000  0.00000000   1.1537820400
I    3.1406933000   15.7507851700   25.0980780700  0.00000000  0.00000000  0.00000000  -0.6384153700
I    3.1121901900   12.5985044900   3.1662190300  0.00000000  0.00000000  0.00000000  -0.6370067400
I    25.1395079600   15.7638377300   3.1474986300  0.00000000  0.00000000  0.00000000  -0.6353922400
Cs   0.0000000000   12.5800000000   6.2900000000  0.00000000  0.00000000  0.00000000   0.7584113200
Pb   3.1964473900   15.7667548200   9.4613643200  0.00000000  0.00000000  0.00000000   1.1565129800
I    3.1423690500   15.6948872100   6.3136956100  0.00000000  0.00000000  0.00000000  -0.6356921700
I    3.0951636000   12.5942865400   9.5322259600  0.00000000  0.00000000  0.00000000  -0.6364072200
I    25.1153284700   15.8144586200   9.3801526800  0.00000000  0.00000000  0.00000000  -0.6368182000
Cs   0.0000000000   12.5800000000   12.5800000000  0.00000000  0.00000000  0.00000000   0.7564104700
Pb   3.1242273800   15.7801951800   15.6761857500  0.00000000  0.00000000  0.00000000   1.1569950200
I    3.2086896300   15.7228816600   12.6296652200  0.00000000  0.00000000  0.00000000  -0.6382524600
I    3.1530653300   12.5552822900   15.7263208300  0.00000000  0.00000000  0.00000000  -0.6377028200
I    25.1249945700   15.7408630700   15.7398410900  0.00000000  0.00000000  0.00000000  -0.6373924600
Cs   0.0000000000   12.5800000000   18.8700000000  0.00000000  0.00000000  0.00000000   0.7541418500
Pb   3.2209192400   15.7261515100   22.0194072000  0.00000000  0.00000000  0.00000000   1.1543541400
I    3.1319886000   15.7049263800   18.8074287200  0.00000000  0.00000000  0.00000000  -0.6371995700
I    3.1726737700   12.5519559800   22.0352806600  0.00000000  0.00000000  0.00000000  -0.6392361100
I    25.1316180500   15.6848987100   22.1277235600  0.00000000  0.00000000  0.00000000  -0.6376619700
Cs   0.0000000000   18.8700000000   0.0000000000  0.00000000  0.00000000  0.00000000   0.7585928200
Pb   3.2047280300   21.9879213600   3.2322045200  0.00000000  0.00000000  0.00000000   1.1584186700
I    3.1642898400   21.9314269600   0.0292313000  0.00000000  0.00000000  0.00000000  -0.6356100500
I    3.1021703900   18.9748848200   3.0803580900  0.00000000  0.00000000  0.00000000  -0.6370334000
I    25.1230466600   21.9445165800   3.3015608100  0.00000000  0.00000000  0.00000000  -0.6352240200
Cs   0.0000000000   18.8700000000   6.2900000000  0.00000000  0.00000000  0.00000000   0.7598716700
Pb   3.1294226500   22.0768286900   9.4147510100  0.00000000  0.00000000  0.00000000   1.1530991000
I    3.1287696600   21.9371349200   6.2954220300  0.00000000  0.00000000  0.00000000  -0.6388211100
I    3.0467739200   18.8586315500   9.4011162700  0.00000000  0.00000000  0.00000000  -0.6366617000
I    25.0466067100   21.9910296500   9.4441158600  0.00000000  0.00000000  0.00000000  -0.6382774900
Cs   0.0000000000   18.8700000000   12.5800000000  0.00000000  0.00000000  0.00000000   0.7563065700
Pb   3.1047790900   21.9991072500   15.7320902600  0.00000000  0.00000000  0.00000000   1.1530703300
I    3.2190670900   21.9109967400   12.6343218000  0.00000000  0.00000000  0.00000000  -0.6376053800
I    3.2364472100   18.8301087400   15.6744315500  0.00000000  0.00000000  0.00000000  -0.6379600100
I    0.0275882900   21.9691237800   15.7367207700  0.00000000  0.00000000  0.00000000  -0.6395797000
Cs   0.0000000000   18.8700000000   18.8700000000  0.00000000  0.00000000  0.00000000   0.7538043000
Pb   3.1742468500   22.0262501600   22.0316230000  0.00000000  0.00000000  0.00000000   1.1582914500
I    3.1844556800   22.1314447200   18.9304713900  0.00000000  0.00000000  0.00000000  -0.6373038800
I    3.1956900300   18.8692763900   22.0180236900  0.00000000  0.00000000  0.00000000  -0.6372658200
I    0.0484343800   21.9926287400   22.0853568300  0.00000000  0.00000000  0.00000000  -0.6376390800
Cs   6.2900000000   0.0000000000   0.0000000000  0.00000000  0.00000000  0.00000000   0.7558820100
Pb   9.5248903900   3.0655493400   3.1681886500  0.00000000  0.00000000  0.00000000   1.1561639500
I    9.4719587600   3.1853825900   0.0520796900  0.00000000  0.00000000  0.00000000  -0.6393181500
I    9.4771409400   25.1191571600   3.1316119400  0.00000000  0.00000000  0.00000000  -0.6391777800
I    6.2911375800   3.0675466700   3.2137570800  0.00000000  0.00000000  0.00000000  -0.6354589600
Cs   6.2900000000   0.0000000000   6.2900000000  0.00000000  0.00000000  0.00000000   0.7556233800
Pb   9.4967619500   3.1380954500   9.4941451400  0.00000000  0.00000000  0.00000000   1.1545946300
I    9.4283369800   3.2148456600   6.3320211300  0.00000000  0.00000000  0.00000000  -0.6366721000
I    9.3690903600   0.0072840800   9.4190451600  0.00000000  0.00000000  0.00000000  -0.6378148200
I    6.2665976000   3.1331863000   9.4430199600  0.00000000  0.00000000  0.00000000  -0.6363151000
Cs   6.2900000000   0.0000000000   12.5800000000  0.00000000  0.00000000  0.00000000   0.7556566900
Pb   9.4235295000   3.2107935900   15.8168871100  0.00000000  0.00000000  0.00000000   1.1580161300
I    9.4569726400   3.1238047900   12.6630249600  0.00000000  0.00000000  0.00000000  -0.6368657600
I    9.5215681300   25.1462836000   15.7458782600  0.00000000  0.00000000  0.00000000  -0.6363048900
I    6.2155521200   3.0875563000   15.7209484800  0.00000000  0.00000000  0.00000000  -0.6377687600
Cs   6.2900000000   0.0000000000   18.8700000000  0.00000000  0.00000000  0.00000000   0.7581865900
Pb   9.4498532900   3.1282754300   22.0955693200  0.00000000  0.00000000  0.00000000   1.1500933900
I    9.3818918600   3.0953207700   18.8376864400  0.00000000  0.00000000  0.00000000  -0.6377303300
I    9.3523108400   25.1013363100   21.9507698800  0.00000000  0.00000000  0.00000000  -0.6388950900
I    6.2802005100   3.1492357100   21.9878239700  0.00000000  0.00000000  0.00000000  -0.6371209600
Cs   6.2900000000   6.2900000000   0.0000000000  0.00000000  0.00000000  0.00000000   0.7552969700
Pb   9.4979905600   9.4299299600   3.0365952200  0.00000000  0.00000000  0.00000000   1.1564191300
I    9.4848848900   9.3968091900   0.0552559200  0.00000000  0.00000000  0.00000000  -0.6398701200
I    9.4397372400   6.2859114200   3.0829270600  0.00000000  0.00000000  0.00000000  -0.6362886300
I    6.2913631800   9.3472567400   3.1100212000  0.00000000  0.00000000  0.00000000  -0.6375203400
Cs   6.2900000000   6.2900000000   6.2900000000  0.00000000  0.00000000  0.00000000   0.7575114000
Pb   9.4557379400   9.3276715600   9.3681034100  0.00000000  0.00000000  0.00000000   1.1576195500
I    9.4071971300   9.4642883200   6.3429850400  0.00000000  0.00000000  0.00000000  -0.6368861800
I    9.4045372200   6.2984980100   9.3981238800  0.00000000  0.00000000  0.00000000  -0.6382697100
I    6.2844208000   9.3791836800   9.4380433900  0.00000000  0.00000000  0.00000000  -0.6372040500
Cs   6.2900000000   6.2900000000   12.5800000000  0.00000000  0.00000000  0.00000000   0.7552532700
Pb   9.4364502800   9.5193019200   15.7832044600  0.00000000  0.00000000  0.00000000   1.1552834700
I    9.5162282600   9.4091762900   12.4935031500  0.00000000  0.00000000  0.00000000  -0.6360497700
I    9.4314212200   6.2543370300   15.7157773600  0.00000000  0.00000000  0.00000000  -0.6369875500
I    6.2200421800   9.4534243900   15.8463139300  0.00000000  0.00000000  0.00000000  -0.6366997400
Cs   6.2900000000   6.2900000000   18.8700000000  0.00000000  0.00000000  0.00000000   0.7581622300
Pb   9.3387950000   9.3735187400   22.0585359100  0.00000000  0.00000000  0.00000000   1.1551111200
I    9.4204409600   9.3825695000   18.7883096100  0.00000000  0.00000000  0.00000000  -0.6373461200
I    9.4076167700   6.3508261100   22.0022213400  0.00000000  0.00000000  0.00000000  -0.6387627400
I    6.3296456600   9.4200726700   22.0056919800  0.00000000  0.00000000  0.00000000  -0.6387047500
Cs   6.2900000000   12.5800000000   0.0000000000  0.00000000  0.00000000  0.00000000   0.7539433600
Pb   9.4737715500   15.8672140000   3.0980731400  0.00000000  0.00000000  0.00000000   1.1535874000
I    9.3806697800   15.6694616200   0.0354099200  0.00000000  0.00000000  0.00000000  -0.6384430900
I    9.4439760800   12.5805781600   3.1832947500  0.00000000  0.00000000  0.00000000  -0.6361107800
I    6.2770435600   15.8568908500   3.2085929300  0.00000000  0.00000000  0.00000000  -0.6380146800
Cs   6.2900000000   12.5800000000   6.2900000000  0.00000000  0.00000000  0.00000000   0.7567912200
Pb   9.4787641100   15.7007497100   9.4792730600  0.00000000  0.00000000  0.00000000   1.1578131200
I    9.4723501200   15.7211146800   6.3711119100  0.00000000  0.00000000  0.00000000  -0.6363698100
I    9.4217690100   12.5892397000   9.4934669100  0.00000000  0.00000000  0.00000000  -0.6359543100
I    6.2705237600   15.7466278900   9.3818824300  0.00000000  0.00000000  0.00000000  -0.6374029900
Cs   6.2900000000   12.5800000000   12.5800000000  0.00000000  0.00000000  0.00000000   0.7552037700
Pb   9.5635749100   15.6603412000   15.6813054800  0.00000000  0.00000000  0.00000000   1.1582963400
I    9.4667302500   15.7308606300   12.5863193000  0.00000000  0.00000000  0.00000000  -0.6379380600
I    9.5094780300   12.5394698800   15.7149167800  0.00000000  0.00000000  0.00000000  -0.6395490600
I    6.3338320600   15.7656530300   15.6950775700  0.00000000  0.00000000  0.00000000  -0.6346034200
Cs   6.2900000000   12.5800000000   18.8700000000  0.00000000  0.00000000  0.00000000   0.7561501000
Pb   9.4593435500   15.7561553100   22.0082393400  0.00000000  0.00000000  0.00000000   1.1539566800
I    9.3887285600   15.7402019900   18.8859704800  0.00000000  0.00000000  0.00000000  -0.6367855400
I    9.4527514200   12.5261643400   22.0737522700  0.00000000  0.00000000  0.00000000  -0.6369762100
I    6.2631993800   15.6940495400   21.9497293700  0.00000000  0.00000000  0.00000000  -0.6384476500
Cs   6.2900000000   18.8700000000   0.0000000000  0.00000000  0.00000000  0.00000000   0.7556314600
Pb   9.4413298200   22.0491983300   3.1152768000  0.00000000  0.00000000  0.00000000   1.1554320400
I    9.3785580500   22.0580363800   0.0558913100  0.00000000  0.00000000  0.00000000  -0.6393244200
I    9.3904602500   18.9079039500   3.1579495900  0.00000000  0.00000000  0.00000000  -0.6393987000
I    6.2897158800   22.0488538500   3.1145853600  0.00000000  0.00000000  0.00000000  -0.6379609200
Cs   6.2900000000   18.8700000000   6.2900000000  0.00000000  0.00000000  0.00000000   0.7558245900
Pb   9.4117352600   22.0065167200   9.4620481600  0.00000000  0.00000000  0.00000000   1.1533032500
I    9.4813213700   21.9882064000   6.2816233100  0.00000000  0.00000000  0.00000000  -0.6372438100
I    9.4941950100   18.8918573500   9.4586740900  0.00000000  0.00000000  0.00000000  -0.6374173100
I    6.2519735300   21.9694066600   9.4952412900  0.00000000  0.00000000  0.00000000  -0.6378821000
Cs   6.2900000000   18.8700000000   12.5800000000  0.00000000  0.00000000  0.00000000   0.7573618500
Pb   9.3734831000   22.0648024500   15.6726865800  0.00000000  0.00000000  0.00000000   1.1591106500
I    9.4204289400   22.0950185100   12.6020924800  0.00000000  0.00000000  0.00000000  -0.6384613700
I    9.3564374400   18.8201475100   15.7530958700  0.00000000  0.00000000  0.00000000  -0.6348110100
I    6.3083367400   22.0052867100   15.7959429400  0.00000000  0.00000000  0.00000000  -0.6369867500
Cs   6.2900000000   18.8700000000   18.8700000000  0.00000000  0.00000000  0.00000000   0.7583427800
Pb   9.4548866900   22.0606152500   22.0843123900  0.00000000  0.00000000  0.00000000   1.1547869300
I    9.4102331100   22.0036756500   18.8367624800  0.00000000  0.00000000  0.00000000  -0.6348647600
I    9.4909985400   18.8839069300   22.1106365100  0.00000000  0.00000000  0.00000000  -0.6373423600
I    6.2518188200   22.0193362500   21.9652187100  0.00000000  0.00000000  0.00000000  -0.6368186500
Cs   12.5800000000   0.0000000000   0.0000000000  0.00000000  0.00000000  0.00000000   0.7528968700
Pb   15.7853597700   3.1387465900   2.9763374000  0.00000000  0.00000000  0.00000000   1.1489727000
I    15.6509799600   3.0614545400   25.1531554900  0.00000000  0.00000000  0.00000000  -0.6427929800
I    15.7823635200   25.0640092200   3.1207683900  0.00000000  0.00000000  0.00000000  -0.6385295900
I    12.5053790800   3.0930613000   3.1683550000  0.00000000  0.00000000  0.00000000  -0.6386580000
Cs   12.5800000000   0.0000000000   6.2900000000  0.00000000  0.00000000  0.00000000   0.7560647200
Pb   15.6783530300   3.1741016600   9.4733412900  0.00000000  0.00000000  0.00000000   1.1569415200
I    15.7001841600   3.1203080700   6.3029652500  0.00000000  0.00000000  0.00000000  -0.6355267600
I    15.6934548500   0.1484426200   9.5150492900  0.00000000  0.00000000  0.00000000  -0.6356291100
I    12.5922061300   3.1830647300   9.4608785700  0.00000000  0.00000000  0.00000000  -0.6385864400
Cs   12.5800000000   0.0000000000   12.5800000000  0.00000000  0.00000000  0.00000000   0.7571889700
Pb   15.6972815700   3.1315851700   15.7511500300  0.00000000  0.00000000  0.00000000   1.1564290100
I    15.7348056400   3.0400080600   12.6590795200  0.00000000  0.00000000  0.00000000  -0.6365822200
I    15.6872628200   25.1493258100   15.7565366500  0.00000000  0.00000000  0.00000000  -0.6375029600
I    12.5596599100   3.1495693500   15.7000048800  0.00000000  0.00000000  0.00000000  -0.6369374000
Cs   12.5800000000   0.0000000000   18.8700000000  0.00000000  0.00000000  0.00000000   0.7554876100
Pb   15.7188554000   3.0410236800   22.0827722500  0.00000000  0.00000000  0.00000000   1.1513937800
I    15.7565628100   3.1140306200   18.8908675600  0.00000000  0.00000000  0.00000000  -0.6374607700
I    15.6833869900   25.1252116100   22.0787773900  0.00000000  0.00000000  0.00000000  -0.6395286200
I    12.5802496800   3.1154685200   22.0083868900  0.00000000  0.00000000  0.00000000  -0.6394398700
Cs   12.5800000000   6.2900000000   0.0000000000  0.00000000  0.00000000  0.00000000   0.7525058000
Pb   15.6940289700   9.4205248900   3.1044953400  0.00000000  0.00000000  0.00000000   1.1486712600
I    15.7508809300   9.4105754700   25.1366239200  0.00000000  0.00000000  0.00000000  -0.6391914100
I    15.6549452000   6.2273593600   3.2344119300  0.00000000  0.00000000  0.00000000  -0.6393086400
I    12.5205670400   9.4334919500   3.1946171800  0.00000000  0.00000000  0.00000000  -0.6395130900
Cs   12.5800000000   6.2900000000   6.2900000000  0.00000000  0.00000000  0.00000000   0.7563137000
Pb   15.7744280700   9.3781008000   9.4586412100  0.00000000  0.00000000  0.00000000   1.1552078400
I    15.7800289100   9.4460150500   6.2963873700  0.00000000  0.00000000  0.00000000  -0.6373562300
I    15.6764837500   6.3214310800   9.4008043500  0.00000000  0.00000000  0.00000000  -0.6386326400
I    12.6661612800   9.3833410200   9.4830580800  0.00000000  0.00000000  0.00000000  -0.6368302500
Cs   12.5800000000   6.2900000000   12.5800000000  0.00000000  0.00000000  0.00000000   0.7570369700
Pb   15.7574980300   9.4289188000   15.6703443400  0.00000000  0.00000000  0.00000000   1.1623350700
I    15.7797892800   9.4067974800   12.6896567700  0.00000000  0.00000000  0.00000000  -0.6376222100
I    15.6913777400   6.3623834300   15.6726596700  0.00000000  0.00000000  0.00000000  -0.6366033100
I    12.5896655800   9.3885381200   15.7485572300  0.00000000  0.00000000  0.00000000  -0.6360281600
Cs   12.5800000000   6.2900000000   18.8700000000  0.00000000  0.00000000  0.00000000   0.7561847200
Pb   15.6522078800   9.3982100600   21.9951122100  0.00000000  0.00000000  0.00000000   1.1559569700
I    15.7353633400   9.3522999600   18.7783720900  0.00000000  0.00000000  0.00000000  -0.6360982600
I    15.8035206600   6.2938536800   22.0009173900  0.00000000  0.00000000  0.00000000  -0.6374649600
I    12.5735814000   9.4125013300   21.9362160400  0.00000000  0.00000000  0.00000000  -0.6377911400
Cs   12.5800000000   12.5800000000   0.0000000000  0.00000000  0.00000000  0.00000000   0.7552588700
Pb   15.7428443100   15.6743779600   3.2063834500  0.00000000  0.00000000  0.00000000   1.1526095000
I    15.6778054100   15.7009197600   25.1200887800  0.00000000  0.00000000  0.00000000  -0.6354775600
I    15.7633793000   12.5678087900   3.1492007300  0.00000000  0.00000000  0.00000000  -0.6389702100
I    12.5617610900   15.7232736200   3.0814432100  0.00000000  0.00000000  0.00000000  -0.6384657700
Cs   12.5800000000   12.5800000000   6.2900000000  0.00000000  0.00000000  0.00000000   0.7558566100
Pb   15.7121482500   15.7750834600   9.3593466300  0.00000000  0.00000000  0.00000000   1.1565159600
I    15.7392131800   15.6694775500   6.3111597800  0.00000000  0.00000000  0.00000000  -0.6395469000
I    15.7314794500   12.6494321300   9.4144018600  0.00000000  0.00000000  0.00000000  -0.6359247700
I    12.5376419800   15.6927663300   9.4923868300  0.00000000  0.00000000  0.00000000  -0.6377584000
Cs   12.5800000000   12.5800000000   12.5800000000  0.00000000  0.00000000  0.00000000   0.7571493900
Pb   15.7027043400   15.6991025200   15.7246480300  0.00000000  0.00000000  0.00000000   1.1555860000
I    15.6971379700   15.6800496000   12.5306546800  0.00000000  0.00000000  0.00000000  -0.6362740700
I    15.7291149200   12.6096846000   15.6874353600  0.00000000  0.00000000  0.00000000  -0.6373929700
I    12.5115127400   15.6956857500   15.7132377400  0.00000000  0.00000000  0.00000000  -0.6395464500
Cs   12.5800000000   12.5800000000   18.8700000000  0.00000000  0.00000000  0.00000000   0.7550437800
Pb   15.8337991700   15.7311199300   21.9313894700  0.00000000  0.00000000  0.00000000   1.1542920100
I    15.6917908300   15.7904264300   18.7988819500  0.00000000  0.00000000  0.00000000  -0.6390195600
I    15.7099452300   12.5148866900   21.9893861200  0.00000000  0.00000000  0.00000000  -0.6372874500
I    12.5636903800   15.7688515500   22.0203348600  0.00000000  0.00000000  0.00000000  -0.6365443200
Cs   12.5800000000   18.8700000000   0.0000000000  0.00000000  0.00000000  0.00000000   0.7559959200
Pb   15.6837406200   22.0653118400   3.1249977800  0.00000000  0.00000000  0.00000000   1.1593400400
I    15.7079263700   21.9954226100   0.0243138500  0.00000000  0.00000000  0.00000000  -0.6370142300
I    15.7952776700   18.8604237500   3.1458080600  0.00000000  0.00000000  0.00000000  -0.6360730600
I    12.6296409000   22.0397364800   3.1664574700  0.00000000  0.00000000  0.00000000  -0.6384941600
Cs   12.5800000000   18.8700000000   6.2900000000  0.00000000  0.00000000  0.00000000   0.7549466800
Pb   15.8307322900   21.9349489600   9.4833061000  0.00000000  0.00000000  0.00000000   1.1569981200
I    15.8394767900   22.0781048000   6.3183513400  0.00000000  0.00000000  0.00000000  -0.6359731200
I    15.7733126600   18.9037648500   9.3031707300  0.00000000  0.00000000  0.00000000  -0.6389342900
I    12.6516259300   22.0012246300   9.3915233800  0.00000000  0.00000000  0.00000000  -0.6361487400
Cs   12.5800000000   18.8700000000   12.5800000000  0.00000000  0.00000000  0.00000000   0.7556722400
Pb   15.7997085400   22.0579622400   15.7991056500  0.00000000  0.00000000  0.00000000   1.1549200000
I    15.8198271900   21.9495437200   12.5532269000  0.00000000  0.00000000  0.00000000  -0.6367307400
I    15.7836073400   18.8653229700   15.6559534500  0.00000000  0.00000000  0.00000000  -0.6364500200
I    12.5416079500   21.9560641300   15.7259658400  0.00000000  0.00000000  0.00000000  -0.6357900400
Cs   12.5800000000   18.8700000000   18.8700000000  0.00000000  0.00000000  0.00000000   0.7562557200
Pb   15.7926991100   21.9946258400   21.9991940600  0.00000000  0.00000000  0.00000000   1.1549995400
I    15.8291657600   22.0223486600   18.9200041500  0.00000000  0.00000000  0.00000000  -0.6392455900
I    15.7456684800   18.8303913400   22.0772377900  0.00000000  0.00000000  0.00000000  -0.6374554200
I    12.5747052600   21.9363857200   21.9995803800  0.00000000  0.00000000  0.00000000  -0.6374091500
Cs   18.8700000000   0.0000000000   0.0000000000  0.00000000  0.00000000  0.00000000   0.7532599100
Pb   21.9898243500   3.1658530600   3.1535190700  0.00000000  0.00000000  0.00000000   1.1515975300
I    22.0273330300   3.1940752600   25.1272675100  0.00000000  0.00000000  0.00000000  -0.6378856600
I    22.0698592000   25.1464024000   3.2340108200  0.00000000  0.00000000  0.00000000  -0.6387232200
I    18.9431072600   3.1892570800   3.1320547100  0.00000000  0.00000000  0.00000000  -0.6404201700
Cs   18.8700000000   0.0000000000   6.2900000000  0.00000000  0.00000000  0.00000000   0.7562735900
Pb   21.9229038900   3.1029019000   9.4240808400  0.00000000  0.00000000  0.00000000   1.1565975300
I    22.0369347600   3.1537902600   6.3003451600  0.00000000  0.00000000  0.00000000  -0.6383049600
I    21.9444733400   0.0381738200   9.4650863400  0.00000000  0.00000000  0.00000000  -0.6377319300
I    18.9090171900   3.2065759700   9.5413349000  0.00000000  0.00000000  0.00000000  -0.6379523400
Cs   18.8700000000   0.0000000000   12.5800000000  0.00000000  0.00000000  0.00000000   0.7593657400
Pb   22.0309532200   3.1577664400   15.6635585200  0.00000000  0.00000000  0.00000000   1.1600928100
I    21.9808028700   3.1083451500   12.6657131800  0.00000000  0.00000000  0.00000000  -0.6368485500
I    22.0238446700   25.1497604900   15.6443616800  0.00000000  0.00000000  0.00000000  -0.6368971300
I    18.8477373300   2.9567437100   15.6861870100  0.00000000  0.00000000  0.00000000  -0.6360455900
Cs   18.8700000000   0.0000000000   18.8700000000  0.00000000  0.00000000  0.00000000   0.7552335900
Pb   22.0847108900   3.1346475800   22.0014148400  0.00000000  0.00000000  0.00000000   1.1563235000
I    22.0392301100   3.1261161500   18.8177810700  0.00000000  0.00000000  0.00000000  -0.6366035400
I    22.1338450500   0.0113438500   21.9578358200  0.00000000  0.00000000  0.00000000  -0.6384670600
I    18.9256239100   3.1120293500   21.9709687700  0.00000000  0.00000000  0.00000000  -0.6375177600
Cs   18.8700000000   6.2900000000   0.0000000000  0.00000000  0.00000000  0.00000000   0.7535461000
Pb   22.0445482200   9.4581391600   3.1134027700  0.00000000  0.00000000  0.00000000   1.1629875700
I    22.0416855800   9.5001895800   0.0889541300  0.00000000  0.00000000  0.00000000  -0.6387865700
I    22.0348490700   6.4082820800   3.0881652500  0.00000000  0.00000000  0.00000000  -0.6374013000
I    19.0085467900   9.4455203800   3.0851940800  0.00000000  0.00000000  0.00000000  -0.6372869900
Cs   18.8700000000   6.2900000000   6.2900000000  0.00000000  0.00000000  0.00000000   0.7540909100
Pb   21.9710416800   9.3751824400   9.3739011000  0.00000000  0.00000000  0.00000000   1.1558006900
I    22.0530232100   9.4013838700   6.2585970500  0.00000000  0.00000000  0.00000000  -0.6374807900
I    22.0343361100   6.3156122500   9.4849252600  0.00000000  0.00000000  0.00000000  -0.6371887100
I    18.8555687000   9.4284101600   9.4913533700  0.00000000  0.00000000  0.00000000  -0.6389235600
Cs   18.8700000000   6.2900000000   12.5800000000  0.00000000  0.00000000  0.00000000   0.7570051900
Pb   22.0033499200   9.4705729900   15.7475530300  0.00000000  0.00000000  0.00000000   1.1577323000
I    22.0430850900   9.3211542400   12.5915328300  0.00000000  0.00000000  0.00000000  -0.6351803400
I    22.0010618800   6.3317650800   15.6704684100  0.00000000  0.00000000  0.00000000  -0.6362892600
I    18.8389453600   9.4562612300   15.6998388200  0.00000000  0.00000000  0.00000000  -0.6367090300
Cs   18.8700000000   6.2900000000   18.8700000000  0.00000000  0.00000000  0.00000000   0.7572772900
Pb   22.0995832200   9.4334728300   22.1318403700  0.00000000  0.00000000  0.00000000   1.1538472100
I    21.9609949000   9.4614951900   18.8878671600  0.00000000  0.00000000  0.00000000  -0.6362987300
I    22.0426101300   6.3169400300   22.0146708700  0.00000000  0.00000000  0.00000000  -0.6371246400
I    18.8431276500   9.4495655600   21.9698325300  0.00000000  0.00000000  0.00000000  -0.6351993300
Cs   18.8700000000   12.5800000000   0.0000000000  0.00000000  0.00000000  0.00000000   0.7560974600
Pb   22.0004195700   15.6316399800   3.1227193300  0.00000000  0.00000000  0.00000000   1.1631256700
I    22.0355132000   15.7521070100   0.0517342200  0.00000000  0.00000000  0.00000000  -0.6373468800
I    22.0532594600   12.6005194200   3.1651045500  0.00000000  0.00000000  0.00000000  -0.6377917200
I    18.9553616500   15.7831073200   3.0856471300  0.00000000  0.00000000  0.00000000  -0.6369794300
Cs   18.8700000000   12.5800000000   6.2900000000  0.00000000  0.00000000  0.00000000   0.7550750000
Pb   22.0881160100   15.6847977900   9.3808270700  0.00000000  0.00000000  0.00000000   1.1582717600
I    22.0239944700   15.6756547400   6.2539267600  0.00000000  0.00000000  0.00000000  -0.6366424800
I    22.0941872400   12.5315036500   9.5035776600  0.00000000  0.00000000  0.00000000  -0.6369430600
I    18.8970509600   15.7648701500   9.3949112000  0.00000000  0.00000000  0.00000000  -0.6358570700
Cs   18.8700000000   12.5800000000   12.5800000000  0.00000000  0.00000000  0.00000000   0.7574400000
Pb   21.9794646900   15.6992318900   15.7428157800  0.00000000  0.00000000  0.00000000   1.1594909400
I    21.9672660100   15.6771853900   12.5278233500  0.00000000  0.00000000  0.00000000  -0.6358829700
I    21.9425146100   12.5972300800   15.6973515000  0.00000000  0.00000000  0.00000000  -0.6377974000
I    18.8648651800   15.7600967800   15.7717814700  0.00000000  0.00000000  0.00000000  -0.6367816400
Cs   18.8700000000   12.5800000000   18.8700000000  0.00000000  0.00000000  0.00000000   0.7566978600
Pb   22.0610982100   15.7993271200   22.1164834500  0.00000000  0.00000000  0.00000000   1.1547767400
I    22.0088924200   15.7237376100   18.7264121900  0.00000000  0.00000000  0.00000000  -0.6368910200
I    22.0048138300   12.6551593500   22.1018621300  0.00000000  0.00000000  0.00000000  -0.6368341400
I    18.8817668300   15.7070744600   22.0012614000  0.00000000  0.00000000  0.00000000  -0.6384734300
Cs   18.8700000000   18.8700000000   0.0000000000  0.00000000  0.00000000  0.00000000   0.7587115600
Pb   21.9983675300   22.1186092600   3.1231724300  0.00000000  0.00000000  0.00000000   1.1592205200
I    22.0111381600   22.0399650100   0.0124010700  0.00000000  0.00000000  0.00000000  -0.6371073800
I    21.9801693500   18.8085046200   3.0800684300  0.00000000  0.00000000  0.00000000  -0.6328508800
I    18.8401463300   22.0672123100   3.0711329100  0.00000000  0.00000000  0.00000000  -0.6357779500
Cs   18.8700000000   18.8700000000   6.2900000000  0.00000000  0.00000000  0.00000000   0.7581404400
Pb   22.0478612400   22.0258838400   9.4844212800  0.00000000  0.00000000  0.00000000   1.1601486700
I    21.9418488500   21.9909209700   6.2176528300  0.00000000  0.00000000  0.00000000  -0.6354618500
I    22.0363742200   18.8907064400   9.4560069200  0.00000000  0.00000000  0.00000000  -0.6353175000
I    18.9092433800   22.0780437300   9.5118351600  0.00000000  0.00000000  0.00000000  -0.6369762900
Cs   18.8700000000   18.8700000000   12.5800000000  0.00000000  0.00000000  0.00000000   0.7579105600
Pb   22.0624995000   22.0308387600   15.7728864500  0.00000000  0.00000000  0.00000000   1.1526443000
I    21.9806195400   22.0030828400   12.4977454800  0.00000000  0.00000000  0.00000000  -0.6368270200
I    22.0537645100   18.8467417200   15.7423818700  0.00000000  0.00000000  0.00000000  -0.6367687800
I    18.8455179600   21.9887104900   15.7404593600  0.00000000  0.00000000  0.00000000  -0.6375826200
Cs   18.8700000000   18.8700000000   18.8700000000  0.00000000  0.00000000  0.00000000   0.7552733200
Pb   22.0486596900   22.0374321400   21.9802892800  0.00000000  0.00000000  0.00000000   1.1526944900
I    22.0386125800   22.0164770300   18.8795237500  0.00000000  0.00000000  0.00000000  -0.6396173500
I    21.9878758400   18.8615057100   22.0716716800  0.00000000  0.00000000  0.00000000  -0.6385754700
I    18.8518438900   22.0013183300   22.0596956700  0.00000000  0.00000000  0.00000000  -0.6385097100
# cspbi3_320atom_train_like_00003 source=scripted_perturbation label=Ewald-QEq_teacher
320
  25.1600000000  0.0000000000  0.0000000000  0.0000000000  25.1600000000  0.0000000000  0.0000000000  0.0000000000  25.1600000000
Cs   25.1470011700   0.0091696200   25.1551956300  0.00000000  0.00000000  0.00000000   0.7559730700
Pb   3.1138904200   3.1261915800   3.1728616500  0.00000000  0.00000000  0.00000000   1.1557948500
I    2.9435543400   3.3746207200   0.0133763700  0.00000000  0.00000000  0.00000000  -0.6369839500
I    2.8975784500   0.2170756300   3.1608978800  0.00000000  0.00000000  0.00000000  -0.6384340700
I    24.8923075300   3.4625155700   3.1611900600  0.00000000  0.00000000  0.00000000  -0.6376735900
Cs   0.0572562500   25.1283500000   6.3346725700  0.00000000  0.00000000  0.00000000   0.7546413000
Pb   3.1848880100   3.1271172800   9.4289917900  0.00000000  0.00000000  0.00000000   1.1552514900
I    2.9320877400   3.3675707100   6.2738293100  0.00000000  0.00000000  0.00000000  -0.6379852600
I    2.8433180000   0.2251655900   9.4653242000  0.00000000  0.00000000  0.00000000  -0.6391925300
I    24.9180654700   3.4587915800   9.4633220600  0.00000000  0.00000000  0.00000000  -0.6374681000
Cs   25.1529284500   0.0188282800   12.6064922100  0.00000000  0.00000000  0.00000000   0.7556647900
Pb   3.1272074100   3.1433358800   15.7274814600  0.00000000  0.00000000  0.00000000   1.1559593000
I    2.9158400800   3.3155625000   12.5739965600  0.00000000  0.00000000  0.00000000  -0.6371913200
I    2.7954909300   0.2337296300   15.7437758000  0.00000000  0.00000000  0.00000000  -0.6376491900
I    24.9262975600   3.4544113700   15.7120833000  0.00000000  0.00000000  0.00000000  -0.6382268800
Cs   0.0153523400   0.0151326100   18.8370045600  0.00000000  0.00000000  0.00000000   0.7566150400
Pb   3.1326407800   3.1801436100   22.0187519100  0.00000000  0.00000000  0.00000000   1.1579481900
I    2.9077551300   3.3684947400   18.8743124800  0.00000000  0.00000000  0.00000000  -0.6374419000
I    2.8378828300   0.2690468700   22.0009274000  0.00000000  0.00000000  0.00000000  -0.6364691900
I    24.9277893100   3.4360755600   22.0182504900  0.00000000  0.00000000  0.00000000  -0.6374248300
Cs   25.1529948900   6.2477661900   25.1541588000  0.00000000  0.00000000  0.00000000   0.7571714000
Pb   3.1263164000   9.4387106300   3.1629754200  0.00000000  0.00000000  0.00000000   1.1583646200
I    3.0527675700   9.6532572100   0.0301745600  0.00000000  0.00000000  0.00000000  -0.6368984400
I    3.0041451300   6.5293463400   3.1539785600  0.00000000  0.00000000  0.00000000  -0.6373928700
I    25.0750389600   9.7204371500   3.1522671300  0.00000000  0.00000000  0.00000000  -0.6366581900
Cs   25.1302754900   6.3520050200   6.2454768600  0.00000000  0.00000000  0.00000000   0.7564387800
Pb   3.1358919100   9.4656002200   9.3923870300  0.00000000  0.00000000  0.00000000   1.1552435300
I    3.0606253700   9.6825032700   6.2523242500  0.00000000  0.00000000  0.00000000  -0.6380619600
I    2.9727029500   6.5355704200   9.4403285700  0.00000000  0.00000000  0.00000000  -0.6378542800
I    25.0926056500   9.7507874700   9.4346627300  0.00000000  0.00000000  0.00000000  -0.6382450400
Cs   25.1495604600   6.2938442400   12.5432747400  0.00000000  0.00000000  0.00000000   0.7564086400
Pb   3.1285148500   9.3943122100   15.7055538400  0.00000000  0.00000000  0.00000000   1.1552413300
I    3.0433816900   9.6529740900   12.5788935000  0.00000000  0.00000000  0.00000000  -0.6370060100
I    3.0214938100   6.4979358100   15.7099426000  0.00000000  0.00000000  0.00000000  -0.6387508200
I    25.0934491400   9.7518499700   15.7386801800  0.00000000  0.00000000  0.00000000  -0.6376411100
Cs   0.0010157700   6.2805260800   18.8865648900  0.00000000  0.00000000  0.00000000   0.7549034000
Pb   3.1418301600   9.4110613800   22.0170108900  0.00000000  0.00000000  0.00000000   1.1551522300
I    3.0990488200   9.7020930100   18.9075771200  0.00000000  0.00000000  0.00000000  -0.6374339800
I    3.0320813400   6.4877308600   22.0286672600  0.00000000  0.00000000  0.00000000  -0.6387163500
I    25.0527264400   9.7298365300   22.0542132000  0.00000000  0.00000000  0.00000000  -0.6374511500
Cs   0.0486964800   12.5651218500   0.0178405400  0.00000000  0.00000000  0.00000000   0.7570729900
Pb   3.1544370300   15.7369736600   3.1239695800  0.00000000  0.00000000  0.00000000   1.1558610100
I    3.2305590300   15.9188877800   25.1589567900  0.00000000  0.00000000  0.00000000  -0.6371979200
I    3.1397766200   12.7965613600   3.1743425000  0.00000000  0.00000000  0.00000000  -0.6376121200
I    0.0940784300   16.0052429200   3.1388132700  0.00000000  0.00000000  0.00000000  -0.6364102600
Cs   0.0019759500   12.5693039400   6.2924001400  0.00000000  0.00000000  0.00000000   0.7562761800
Pb   3.1845985800   15.7286261800   9.4268715400  0.00000000  0.00000000  0.00000000   1.1580156600
I    3.2287270800   15.9782654000   6.3070593500  0.00000000  0.00000000  0.00000000  -0.6369716000
I    3.1117367000   12.8234930500   9.4795323100  0.00000000  0.00000000  0.00000000  -0.6377441300
I    0.1107958900   16.0632485700   9.4430138800  0.00000000  0.00000000  0.00000000  -0.6360729900
Cs   0.0025122300   12.5650522200   12.6192883000  0.00000000  0.00000000  0.00000000   0.7570610600
Pb   3.1410607500   15.7346584300   15.7018923400  0.00000000  0.00000000  0.00000000   1.1578737900
I    3.2410276500   15.9337483600   12.5950866600  0.00000000  0.00000000  0.00000000  -0.6367103800
I    3.1773451100   12.7961953400   15.7000416900  0.00000000  0.00000000  0.00000000  -0.6368497000
I    0.0830016000   16.0090301500   15.7195051900  0.00000000  0.00000000  0.00000000  -0.6370081400
Cs   0.0294970700   12.5536214600   18.8841775200  0.00000000  0.00000000  0.00000000   0.7567604300
Pb   3.1001255400   15.7216022000   21.9991491400  0.00000000  0.00000000  0.00000000   1.1567852700
I    3.2470582300   15.9389404500   18.8985173200  0.00000000  0.00000000  0.00000000  -0.6365496700
I    3.1656023100   12.8108404000   22.0100899800  0.00000000  0.00000000  0.00000000  -0.6377782300
I    0.0651384500   16.0355388100   21.9968259200  0.00000000  0.00000000  0.00000000  -0.6377340400
Cs   25.1196615700   18.9058237100   25.1367217500  0.00000000  0.00000000  0.00000000   0.7562556300
Pb   3.1563118700   22.0461972700   3.1361375500  0.00000000  0.00000000  0.00000000   1.1558912100
I    3.3889586200   22.2744623200   25.1307235500  0.00000000  0.00000000  0.00000000  -0.6376773000
I    3.3059762600   19.1137893900   3.1439939600  0.00000000  0.00000000  0.00000000  -0.6376962000
I    0.2438200700   22.3310213200   3.1628154000  0.00000000  0.00000000  0.00000000  -0.6376576600
Cs   25.1516939000   18.8837054700   6.2799651200  0.00000000  0.00000000  0.00000000   0.7569966700
Pb   3.1020757800   22.0710585000   9.4099469900  0.00000000  0.00000000  0.00000000   1.1552680500
I    3.3744441100   22.2349735700   6.2873877500  0.00000000  0.00000000  0.00000000  -0.6381678700
I    3.3006385100   19.1209346600   9.4193868300  0.00000000  0.00000000  0.00000000  -0.6370419900
I    0.2135629000   22.2893473200   9.4273188500  0.00000000  0.00000000  0.00000000  -0.6393974700
Cs   25.1453267000   18.8963308300   12.5959634600  0.00000000  0.00000000  0.00000000   0.7562408600
Pb   3.1025592100   22.0163546400   15.7159192600  0.00000000  0.00000000  0.00000000   1.1569471400
I    3.3399923500   22.2638453400   12.5869371800  0.00000000  0.00000000  0.00000000  -0.6375724900
I    3.2889132400   19.0958332200   15.7618849200  0.00000000  0.00000000  0.00000000  -0.6375130000
I    0.2679647400   22.3615065600   15.7210920100  0.00000000  0.00000000  0.00000000  -0.6385613700
Cs   25.1567298100   18.8907341000   18.8928179800  0.00000000  0.00000000  0.00000000   0.7564800600
Pb   3.1700872600   21.9739615100   22.0309764600  0.00000000  0.00000000  0.00000000   1.1565368300
I    3.3865064100   22.2543685700   18.8858078800  0.00000000  0.00000000  0.00000000  -0.6364585500
I    3.3008185100   19.0731167700   22.0396843100  0.00000000  0.00000000  0.00000000  -0.6384346100
I    0.2280430200   22.3168113200   21.9958278600  0.00000000  0.00000000  0.00000000  -0.6375156400
Cs   6.2779980900   0.0262179800   25.1408514200  0.00000000  0.00000000  0.00000000   0.7574271900
Pb   9.4327271000   3.1684444700   3.0816714700  0.00000000  0.00000000  0.00000000   1.1586020300
I    9.1735499500   3.2068175700   0.0300055900  0.00000000  0.00000000  0.00000000  -0.6384958000
I    9.1078194000   0.0788159800   3.1410898900  0.00000000  0.00000000  0.00000000  -0.6359566600
I    6.0788609200   3.3059614900   3.1333305600  0.00000000  0.00000000  0.00000000  -0.6367150700
Cs   6.2507648100   0.0356253000   6.3060261100  0.00000000  0.00000000  0.00000000   0.7570098600
Pb   9.4353578600   3.1351347100   9.4506113500  0.00000000  0.00000000  0.00000000   1.1588256800
I    9.1995861000   3.2007087300   6.3283605300  0.00000000  0.00000000  0.00000000  -0.6354811200
I    9.1343277200   0.0712262000   9.4493034500  0.00000000  0.00000000  0.00000000  -0.6360102200
I    6.0539074300   3.2611484500   9.3785247300  0.00000000  0.00000000  0.00000000  -0.6386434600
Cs   6.2687685400   25.1184095500   12.5814241200  0.00000000  0.00000000  0.00000000   0.7569155900
Pb   9.4082235700   3.2017055500   15.7530678700  0.00000000  0.00000000  0.00000000   1.1549790200
I    9.1773899600   3.2334290600   12.5277892700  0.00000000  0.00000000  0.00000000  -0.6367710200
I    9.1527276000   0.0203007500   15.7580236700  0.00000000  0.00000000  0.00000000  -0.6358071300
I    6.0616439300   3.2949746100   15.6847824000  0.00000000  0.00000000  0.00000000  -0.6381164300
Cs   6.3117988700   0.0507774300   18.8399953100  0.00000000  0.00000000  0.00000000   0.7569939200
Pb   9.4358819100   3.1261498300   22.0570028900  0.00000000  0.00000000  0.00000000   1.1553909400
I    9.2016570700   3.2330111200   18.8600366000  0.00000000  0.00000000  0.00000000  -0.6374818700
I    9.1300391400   0.0873820800   22.0156626600  0.00000000  0.00000000  0.00000000  -0.6374355300
I    6.0287852200   3.3680414500   22.0324984400  0.00000000  0.00000000  0.00000000  -0.6379075000
Cs   6.2829120700   6.2631442800   25.1175705500  0.00000000  0.00000000  0.00000000   0.7575757600
Pb   9.4702447100   9.4772385700   3.1129616100  0.00000000  0.00000000  0.00000000   1.1571365500
I    9.3811854000   9.4989072400   25.1365916600  0.00000000  0.00000000  0.00000000  -0.6368614700
I    9.2870685400   6.3349830200   3.1241277700  0.00000000  0.00000000  0.00000000  -0.6364548200
I    6.2053447400   9.5749471000   3.1088829000  0.00000000  0.00000000  0.00000000  -0.6361936700
Cs   6.2534618500   6.2757542200   6.2703512000  0.00000000  0.00000000  0.00000000   0.7565912400
Pb   9.4690970800   9.4508993300   9.4403505600  0.00000000  0.00000000  0.00000000   1.1564254500
I    9.3575113300   9.5129191300   6.2523980200  0.00000000  0.00000000  0.00000000  -0.6365622600
I    9.3291857400   6.4181258700   9.4509711300  0.00000000  0.00000000  0.00000000  -0.6369289600
I    6.2187143000   9.6607017400   9.4291590000  0.00000000  0.00000000  0.00000000  -0.6369938600
Cs   6.2974130600   6.2902194700   12.5492366100  0.00000000  0.00000000  0.00000000   0.7557204000
Pb   9.3742229100   9.4874614200   15.7371390300  0.00000000  0.00000000  0.00000000   1.1545700200
I    9.3463845400   9.4968644100   12.6164532900  0.00000000  0.00000000  0.00000000  -0.6376379500
I    9.2902657500   6.3868632900   15.7234755600  0.00000000  0.00000000  0.00000000  -0.6377241600
I    6.2119167800   9.6038924100   15.7492827600  0.00000000  0.00000000  0.00000000  -0.6378411200
Cs   6.3083519200   6.3101881000   18.9113633300  0.00000000  0.00000000  0.00000000   0.7556672800
Pb   9.4218166700   9.4071721000   21.9835048600  0.00000000  0.00000000  0.00000000   1.1572930200
I    9.3564949800   9.4908414000   18.9154968000  0.00000000  0.00000000  0.00000000  -0.6379306100
I    9.2631735200   6.3607118900   22.0401278900  0.00000000  0.00000000  0.00000000  -0.6377439100
I    6.1907071700   9.5875025000   21.9979972700  0.00000000  0.00000000  0.00000000  -0.6374113800
Cs   6.2676738100   12.5677201400   25.1546795900  0.00000000  0.00000000  0.00000000   0.7571940600
Pb   9.4500347300   15.6869584600   3.1372784300  0.00000000  0.00000000  0.00000000   1.1583856400
I    9.4961084800   15.7987429300   0.0133906600  0.00000000  0.00000000  0.00000000  -0.6369513500
I    9.4198844200   12.6746434800   3.1159816100  0.00000000  0.00000000  0.00000000  -0.6381011100
I    6.4010028900   15.8853339500   3.1115263500  0.00000000  0.00000000  0.00000000  -0.6370024200
Cs   6.3201993100   12.6183211800   6.2898519500  0.00000000  0.00000000  0.00000000   0.7563365000
Pb   9.4089066700   15.7680668000   9.4298002000  0.00000000  0.00000000  0.00000000   1.1556523500
I    9.5274261800   15.8115296400   6.2676658500  0.00000000  0.00000000  0.00000000  -0.6373312200
I    9.3875601600   12.6789590000   9.4063869600  0.00000000  0.00000000  0.00000000  -0.6372659700
I    6.3533251400   15.8548298900   9.4456722100  0.00000000  0.00000000  0.00000000  -0.6378588700
Cs   6.2996705900   12.5647325600   12.5904172300  0.00000000  0.00000000  0.00000000   0.7569488300
Pb   9.5012982200   15.7029598400   15.6374321400  0.00000000  0.00000000  0.00000000   1.1562419600
I    9.4918716100   15.7705259300   12.5845112700  0.00000000  0.00000000  0.00000000  -0.6385784600
I    9.4330879100   12.6880872500   15.7574003800  0.00000000  0.00000000  0.00000000  -0.6382364800
I    6.3561088700   15.8970792300   15.7329118800  0.00000000  0.00000000  0.00000000  -0.6354079400
Cs   6.2688039200   12.5677787900   18.9148938400  0.00000000  0.00000000  0.00000000   0.7578559000
Pb   9.4529559300   15.7402780900   22.0170187100  0.00000000  0.00000000  0.00000000   1.1567676300
I    9.5264310300   15.7597979400   18.9044304700  0.00000000  0.00000000  0.00000000  -0.6360777500
I    9.4390282800   12.6172129100   22.0463728300  0.00000000  0.00000000  0.00000000  -0.6363879000
I    6.4086452900   15.8767951400   22.0031553600  0.00000000  0.00000000  0.00000000  -0.6363174300
Cs   6.3045260600   18.8811180200   0.0072473400  0.00000000  0.00000000  0.00000000   0.7563806400
Pb   9.4513656000   22.0188525700   3.1546647200  0.00000000  0.00000000  0.00000000   1.1571130500
I    9.6828979200   22.1134623500   0.0205715900  0.00000000  0.00000000  0.00000000  -0.6375888800
I    9.5996460900   18.9604696100   3.1279050700  0.00000000  0.00000000  0.00000000  -0.6364586600
I    6.5391708900   22.1890759700   3.1650675800  0.00000000  0.00000000  0.00000000  -0.6370941700
Cs   6.2551090700   18.9254345000   6.3029670300  0.00000000  0.00000000  0.00000000   0.7563017200
Pb   9.4342562900   21.9683205400   9.3807041600  0.00000000  0.00000000  0.00000000   1.1543001800
I    9.6480470900   22.0954092000   6.2970144300  0.00000000  0.00000000  0.00000000  -0.6381790100
I    9.5862206700   18.8837583200   9.4158856200  0.00000000  0.00000000  0.00000000  -0.6390263700
I    6.5099220200   22.1168518600   9.4546141900  0.00000000  0.00000000  0.00000000  -0.6375185800
Cs   6.2822116800   18.9232649900   12.5758711200  0.00000000  0.00000000  0.00000000   0.7566799800
Pb   9.4189726900   22.0095213300   15.7460948100  0.00000000  0.00000000  0.00000000   1.1596379600
I    9.6357427300   22.0813533000   12.5922292100  0.00000000  0.00000000  0.00000000  -0.6363533800
I    9.5738580400   18.9562642600   15.6788578800  0.00000000  0.00000000  0.00000000  -0.6370094100
I    6.5356351100   22.1297625800   15.7565821300  0.00000000  0.00000000  0.00000000  -0.6370530200
Cs   6.3314708700   18.8831784300   18.9173985200  0.00000000  0.00000000  0.00000000   0.7573933900
Pb   9.4595738700   22.0034973700   22.0257274600  0.00000000  0.00000000  0.00000000   1.1537228700
I    9.6787090200   22.0561732500   18.8498623100  0.00000000  0.00000000  0.00000000  -0.6372842100
I    9.6175021400   18.9456125800   22.0315822200  0.00000000  0.00000000  0.00000000  -0.6383466700
I    6.5028106600   22.1777191500   22.0184762100  0.00000000  0.00000000  0.00000000  -0.6373667400
Cs   12.5744029400   25.1036232700   25.1484732200  0.00000000  0.00000000  0.00000000   0.7554807900
Pb   15.7099728200   3.1439882800   3.1244856400  0.00000000  0.00000000  0.00000000   1.1543550300
I    15.5075567500   3.0888062200   25.1454492500  0.00000000  0.00000000  0.00000000  -0.6389834600
I    15.4126381300   25.1054602900   3.2070056000  0.00000000  0.00000000  0.00000000  -0.6372714700
I    12.3256415300   3.1378223600   3.1586428200  0.00000000  0.00000000  0.00000000  -0.6380690400
Cs   12.6090906800   25.1352909300   6.3121051800  0.00000000  0.00000000  0.00000000   0.7575249300
Pb   15.7497651800   3.1003126700   9.4146803900  0.00000000  0.00000000  0.00000000   1.1576821900
I    15.4708987300   3.1138035100   6.3290650800  0.00000000  0.00000000  0.00000000  -0.6369270600
I    15.4335966500   25.0842335400   9.4325003100  0.00000000  0.00000000  0.00000000  -0.6369979400
I    12.3385238000   3.1553340700   9.4032972800  0.00000000  0.00000000  0.00000000  -0.6367245600
Cs   12.6251123900   25.1413745500   12.5856814800  0.00000000  0.00000000  0.00000000   0.7581566400
Pb   15.7543948900   3.1229525700   15.7374918600  0.00000000  0.00000000  0.00000000   1.1573412200
I    15.5055072700   3.0720899500   12.6189844000  0.00000000  0.00000000  0.00000000  -0.6364676200
I    15.3602136700   25.0679593000   15.7502692900  0.00000000  0.00000000  0.00000000  -0.6365348800
I    12.3461396400   3.1156254600   15.7119206700  0.00000000  0.00000000  0.00000000  -0.6367945400
Cs   12.6337083400   0.0101505300   18.8803061700  0.00000000  0.00000000  0.00000000   0.7573741200
Pb   15.7325368700   3.1083070800   22.0639175100  0.00000000  0.00000000  0.00000000   1.1542845000
I    15.4811045000   3.0683818800   18.8908272100  0.00000000  0.00000000  0.00000000  -0.6367534400
I    15.4223902400   25.0779719200   22.0357240900  0.00000000  0.00000000  0.00000000  -0.6378908500
I    12.3088463100   3.1242966000   21.9836531400  0.00000000  0.00000000  0.00000000  -0.6384935800
Cs   12.5738854400   6.2529955200   0.0113946500  0.00000000  0.00000000  0.00000000   0.7552635900
Pb   15.7074630900   9.4434956500   3.1340325900  0.00000000  0.00000000  0.00000000   1.1543432500
I    15.6382599800   9.3469667100   0.0157782500  0.00000000  0.00000000  0.00000000  -0.6376767400
I    15.5991491400   6.2133031600   3.1350571900  0.00000000  0.00000000  0.00000000  -0.6377509700
I    12.4494620000   9.4292120700   3.1649979700  0.00000000  0.00000000  0.00000000  -0.6383168500
Cs   12.5706829900   6.2927766100   6.3078569000  0.00000000  0.00000000  0.00000000   0.7573056800
Pb   15.7035184400   9.4349896400   9.4517149300  0.00000000  0.00000000  0.00000000   1.1528796300
I    15.6954534100   9.3819519600   6.2972290200  0.00000000  0.00000000  0.00000000  -0.6371134600
I    15.5498714500   6.2056488300   9.4122077400  0.00000000  0.00000000  0.00000000  -0.6363632900
I    12.4510422000   9.4531888000   9.4313680300  0.00000000  0.00000000  0.00000000  -0.6385550600
Cs   12.5694230900   6.3292425600   12.6155278400  0.00000000  0.00000000  0.00000000   0.7569158000
Pb   15.7354552900   9.4240825800   15.7136747700  0.00000000  0.00000000  0.00000000   1.1545658400
I    15.6352744900   9.3466185400   12.5756963100  0.00000000  0.00000000  0.00000000  -0.6385375700
I    15.5657908500   6.2099071000   15.7153772200  0.00000000  0.00000000  0.00000000  -0.6371041600
I    12.5326943600   9.4170611900   15.7379741100  0.00000000  0.00000000  0.00000000  -0.6367967800
Cs   12.5381827900   6.2839469600   18.8463835800  0.00000000  0.00000000  0.00000000   0.7565241300
Pb   15.6970409400   9.4072785500   21.9959103600  0.00000000  0.00000000  0.00000000   1.1569050500
I    15.6546461900   9.3488955300   18.8749462200  0.00000000  0.00000000  0.00000000  -0.6373442300
I    15.5667179400   6.2617491600   22.0049569000  0.00000000  0.00000000  0.00000000  -0.6372785200
I    12.5131679900   9.4268050000   22.0110022700  0.00000000  0.00000000  0.00000000  -0.6373560200
Cs   12.6084108800   12.5585983500   25.1137622100  0.00000000  0.00000000  0.00000000   0.7553299600
Pb   15.7376228000   15.6812953400   3.1606837100  0.00000000  0.00000000  0.00000000   1.1541545400
I    15.8307043600   15.7119953200   25.1399583600  0.00000000  0.00000000  0.00000000  -0.6376052500
I    15.7339727500   12.4911166700   3.1421245900  0.00000000  0.00000000  0.00000000  -0.6385918200
I    12.6192244200   15.7159082000   3.1507528000  0.00000000  0.00000000  0.00000000  -0.6374263500
Cs   12.5642574400   12.6202388300   6.2930670700  0.00000000  0.00000000  0.00000000   0.7553712200
Pb   15.6812647600   15.7252115600   9.3963706200  0.00000000  0.00000000  0.00000000   1.1557822400
I    15.7833630700   15.6289653100   6.2824190600  0.00000000  0.00000000  0.00000000  -0.6381477200
I    15.6928228300   12.5807661000   9.4217490100  0.00000000  0.00000000  0.00000000  -0.6379822000
I    12.6526429600   15.7466686700   9.4085995000  0.00000000  0.00000000  0.00000000  -0.6384072800
Cs   12.6206339500   12.5829466700   12.5788086600  0.00000000  0.00000000  0.00000000   0.7541380400
Pb   15.6999172300   15.6928261700   15.7030509300  0.00000000  0.00000000  0.00000000   1.1550470700
I    15.8334617100   15.6577556700   12.5871983600  0.00000000  0.00000000  0.00000000  -0.6376709600
I    15.6752270900   12.5111282500   15.7142095400  0.00000000  0.00000000  0.00000000  -0.6384709300
I    12.6476579900   15.7332922100   15.7370902600  0.00000000  0.00000000  0.00000000  -0.6389264700
Cs   12.6086632800   12.6139473300   18.8855843100  0.00000000  0.00000000  0.00000000   0.7561551700
Pb   15.7004009700   15.7347757000   22.0342942000  0.00000000  0.00000000  0.00000000   1.1554266300
I    15.7794325700   15.6448847100   18.8558640900  0.00000000  0.00000000  0.00000000  -0.6372336200
I    15.7485828700   12.4991389400   21.9960672500  0.00000000  0.00000000  0.00000000  -0.6373901500
I    12.6517535600   15.7007351400   22.0279729600  0.00000000  0.00000000  0.00000000  -0.6384749500
Cs   12.5627220300   18.8543683700   25.1241521200  0.00000000  0.00000000  0.00000000   0.7562275000
Pb   15.7321487600   22.0062201500   3.1622773700  0.00000000  0.00000000  0.00000000   1.1569569100
I    15.9920121500   21.9348181700   0.0608192300  0.00000000  0.00000000  0.00000000  -0.6372120700
I    15.8941637100   18.7918624300   3.1651135500  0.00000000  0.00000000  0.00000000  -0.6367292400
I    12.8472299900   21.9581494100   3.1021988100  0.00000000  0.00000000  0.00000000  -0.6376638800
Cs   12.5945236700   18.8496542800   6.3279845700  0.00000000  0.00000000  0.00000000   0.7556969800
Pb   15.7332867900   21.9911960000   9.4817173300  0.00000000  0.00000000  0.00000000   1.1569441900
I    15.9582373800   21.9586156200   6.3243563400  0.00000000  0.00000000  0.00000000  -0.6371740800
I    15.8741340500   18.8028819100   9.4101019300  0.00000000  0.00000000  0.00000000  -0.6380737300
I    12.8491936100   22.0610946200   9.4387731500  0.00000000  0.00000000  0.00000000  -0.6380256200
Cs   12.5544089700   18.8921757900   12.5878759500  0.00000000  0.00000000  0.00000000   0.7546532800
Pb   15.7256119300   21.9812270300   15.7275898100  0.00000000  0.00000000  0.00000000   1.1557607900
I    15.9715449000   21.9393940000   12.5637115400  0.00000000  0.00000000  0.00000000  -0.6382703100
I    15.8810307400   18.7776489000   15.7423910100  0.00000000  0.00000000  0.00000000  -0.6375952200
I    12.8086097100   22.0295745600   15.6895792700  0.00000000  0.00000000  0.00000000  -0.6370596200
Cs   12.6037155000   18.8638062300   18.8858318600  0.00000000  0.00000000  0.00000000   0.7554491900
Pb   15.7069535800   22.0051244600   22.0181350200  0.00000000  0.00000000  0.00000000   1.1544710000
I    15.9541310700   21.8972612200   18.8432718500  0.00000000  0.00000000  0.00000000  -0.6376921300
I    15.8801082700   18.7793465100   22.0182092600  0.00000000  0.00000000  0.00000000  -0.6377839900
I    12.8373619200   22.0249882800   22.0388607900  0.00000000  0.00000000  0.00000000  -0.6390017300
Cs   18.9133276200   0.0065643600   0.0127677900  0.00000000  0.00000000  0.00000000   0.7562184700
Pb   21.9848510400   3.1367220900   3.1459406100  0.00000000  0.00000000  0.00000000   1.1565459300
I    21.8002669500   2.9229192500   25.1504448400  0.00000000  0.00000000  0.00000000  -0.6375550300
I    21.7154911800   24.9512520600   3.1288064500  0.00000000  0.00000000  0.00000000  -0.6383603600
I    18.6434762100   2.9667680600   3.1367479700  0.00000000  0.00000000  0.00000000  -0.6385345700
Cs   18.8614135500   0.0226187800   6.2802034900  0.00000000  0.00000000  0.00000000   0.7562338400
Pb   22.0364192600   3.1294930700   9.4491278800  0.00000000  0.00000000  0.00000000   1.1584845000
I    21.7973467700   2.9149216900   6.3381201200  0.00000000  0.00000000  0.00000000  -0.6369906900
I    21.6881712600   24.9310969900   9.4273900800  0.00000000  0.00000000  0.00000000  -0.6375911900
I    18.6337946300   3.0175460000   9.4305216200  0.00000000  0.00000000  0.00000000  -0.6377375600
Cs   18.9038802200   25.1272484600   12.5745391900  0.00000000  0.00000000  0.00000000   0.7566884800
Pb   22.0309239000   3.1701488800   15.7323982600  0.00000000  0.00000000  0.00000000   1.1576759200
I    21.7832387500   2.9224474100   12.6051032700  0.00000000  0.00000000  0.00000000  -0.6372372300
I    21.7118220000   24.9298837100   15.6981496700  0.00000000  0.00000000  0.00000000  -0.6378301500
I    18.6354385800   2.9699440300   15.7361998100  0.00000000  0.00000000  0.00000000  -0.6378375100
Cs   18.8790713800   25.1192837300   18.8883141500  0.00000000  0.00000000  0.00000000   0.7564428600
Pb   21.9824820200   3.1560383700   22.0264065200  0.00000000  0.00000000  0.00000000   1.1574477200
I    21.7562642100   2.9309580800   18.8455565800  0.00000000  0.00000000  0.00000000  -0.6372479300
I    21.7175877300   24.9523721100   22.0356143100  0.00000000  0.00000000  0.00000000  -0.6374245400
I    18.6521597500   2.9535978600   22.0184022700  0.00000000  0.00000000  0.00000000  -0.6383736500
Cs   18.8336834000   6.2736833200   0.0129580700  0.00000000  0.00000000  0.00000000   0.7558567500
Pb   21.9822071800   9.4649842700   3.1557950500  0.00000000  0.00000000  0.00000000   1.1592533400
I    21.9537401200   9.1966217500   0.0013152100  0.00000000  0.00000000  0.00000000  -0.6365767500
I    21.8554132300   6.0391397600   3.1402547300  0.00000000  0.00000000  0.00000000  -0.6369935500
I    18.8286683500   9.2947903800   3.1618755500  0.00000000  0.00000000  0.00000000  -0.6371972300
Cs   18.8629484700   6.2634348800   6.2932725600  0.00000000  0.00000000  0.00000000   0.7573701500
Pb   22.0667261800   9.4548584800   9.4904485400  0.00000000  0.00000000  0.00000000   1.1551558000
I    21.9097416100   9.2520907700   6.2331741000  0.00000000  0.00000000  0.00000000  -0.6368597100
I    21.8512805100   6.0037527600   9.4368055200  0.00000000  0.00000000  0.00000000  -0.6368835800
I    18.8285634700   9.2441722300   9.4277574800  0.00000000  0.00000000  0.00000000  -0.6364792000
Cs   18.8555313900   6.2682305900   12.5973529500  0.00000000  0.00000000  0.00000000   0.7568174800
Pb   22.0124852100   9.4265652500   15.7662912300  0.00000000  0.00000000  0.00000000   1.1548915800
I    21.9438960800   9.1562274800   12.5643033900  0.00000000  0.00000000  0.00000000  -0.6378234400
I    21.8434970500   6.0314728800   15.7446183400  0.00000000  0.00000000  0.00000000  -0.6382774000
I    18.8154916400   9.2600008900   15.7274209900  0.00000000  0.00000000  0.00000000  -0.6382366800
Cs   18.8786299400   6.3187749300   18.8719551200  0.00000000  0.00000000  0.00000000   0.7557887200
Pb   22.0134604100   9.4181957400   22.0019160200  0.00000000  0.00000000  0.00000000   1.1551020000
I    21.9681321800   9.2360707100   18.8841661700  0.00000000  0.00000000  0.00000000  -0.6386616400
I    21.8683951700   6.0059694600   22.0433685500  0.00000000  0.00000000  0.00000000  -0.6384045100
I    18.7745659500   9.2746003000   22.0184371000  0.00000000  0.00000000  0.00000000  -0.6372136800
Cs   18.8889682200   12.5691628400   0.0205426700  0.00000000  0.00000000  0.00000000   0.7560070300
Pb   21.9874405400   15.6814473600   3.1370829900  0.00000000  0.00000000  0.00000000   1.1562036100
I    22.1168580600   15.4746069600   25.1402739800  0.00000000  0.00000000  0.00000000  -0.6374571800
I    21.9990222500   12.3116363500   3.1328048200  0.00000000  0.00000000  0.00000000  -0.6384899900
I    18.9622544700   15.5693215800   3.1756272900  0.00000000  0.00000000  0.00000000  -0.6380870200
Cs   18.8976726700   12.5506771000   6.2941142900  0.00000000  0.00000000  0.00000000   0.7562368100
Pb   22.0177821400   15.7368466600   9.4111085300  0.00000000  0.00000000  0.00000000   1.1561728300
I    22.0877851500   15.5322284600   6.2809394000  0.00000000  0.00000000  0.00000000  -0.6377220900
I    21.9830159200   12.3555804900   9.4355239700  0.00000000  0.00000000  0.00000000  -0.6380160800
I    18.9382901300   15.6052718400   9.4579213400  0.00000000  0.00000000  0.00000000  -0.6368522800
Cs   18.8681495400   12.5537182800   12.5959124200  0.00000000  0.00000000  0.00000000   0.7552972500
Pb   21.9990685500   15.7540433300   15.6910277600  0.00000000  0.00000000  0.00000000   1.1542180000
I    22.1026861900   15.4787648000   12.5705470700  0.00000000  0.00000000  0.00000000  -0.6375459100
I    22.0024059700   12.3226687200   15.7099982500  0.00000000  0.00000000  0.00000000  -0.6375612400
I    18.9548387500   15.5488113500   15.7375796000  0.00000000  0.00000000  0.00000000  -0.6378115200
Cs   18.8510628200   12.6019498400   18.8450304100  0.00000000  0.00000000  0.00000000   0.7560158500
Pb   22.0370507200   15.7152923900   22.0553143000  0.00000000  0.00000000  0.00000000   1.1588963500
I    22.0983033300   15.4884253900   18.8973461300  0.00000000  0.00000000  0.00000000  -0.6362600600
I    22.0005245300   12.3917227600   22.0308394300  0.00000000  0.00000000  0.00000000  -0.6367371200
I    18.9694124400   15.6212176500   22.0655198400  0.00000000  0.00000000  0.00000000  -0.6363046100
Cs   18.8652862600   18.8907878200   25.1543241500  0.00000000  0.00000000  0.00000000   0.7569961000
Pb   21.9649900000   22.0199363200   3.1667681300  0.00000000  0.00000000  0.00000000   1.1545405400
I    22.2740830600   21.8072505600   0.0122021300  0.00000000  0.00000000  0.00000000  -0.6378200300
I    22.1823581800   18.6011966600   3.1045116500  0.00000000  0.00000000  0.00000000  -0.6371577500
I    19.0928576500   21.8624346900   3.1003851800  0.00000000  0.00000000  0.00000000  -0.6387262400
Cs   18.8666910400   18.8826299600   6.2913400800  0.00000000  0.00000000  0.00000000   0.7556090400
Pb   22.0472752700   21.9878730100   9.4117286000  0.00000000  0.00000000  0.00000000   1.1550096800
I    22.2539301200   21.7649875700   6.2895546100  0.00000000  0.00000000  0.00000000  -0.6386426700
I    22.1962876100   18.6225272200   9.4499554100  0.00000000  0.00000000  0.00000000  -0.6381790000
I    19.1268536000   21.8941905500   9.4231487000  0.00000000  0.00000000  0.00000000  -0.6375090500
Cs   18.8760557000   18.8714524000   12.5858955900  0.00000000  0.00000000  0.00000000   0.7554620900
Pb   22.0023756300   22.0212571300   15.6975555200  0.00000000  0.00000000  0.00000000   1.1558339700
I    22.2311775200   21.7884075400   12.5888456300  0.00000000  0.00000000  0.00000000  -0.6381469700
I    22.1774705200   18.6971574200   15.7432949900  0.00000000  0.00000000  0.00000000  -0.6382012800
I    19.1056081900   21.8617274900   15.7241493900  0.00000000  0.00000000  0.00000000  -0.6381111700
Cs   18.9025956900   18.8789109000   18.8774385400  0.00000000  0.00000000  0.00000000   0.7566216400
Pb   22.0163472400   21.9972794100   22.0256521700  0.00000000  0.00000000  0.00000000   1.1549660000
I    22.2523577700   21.7654315500   18.8700616400  0.00000000  0.00000000  0.00000000  -0.6373381800
I    22.1121831600   18.6437940400   22.0301938000  0.00000000  0.00000000  0.00000000  -0.6377257900
I    19.0930777200   21.8902249800   21.9983046600  0.00000000  0.00000000  0.00000000  -0.6377300600
# cspbi3_320atom_train_like_00004 source=scripted_perturbation label=Ewald-QEq_teacher
320
  24.8324415100  0.0000000000  0.0000000000  0.0000000000  24.8324415100  0.0000000000  0.0000000000  0.0000000000  24.8324415100
Cs   24.7936479500   24.7758417600   24.8199639700  0.00000000  0.00000000  0.00000000   0.7545619000
Pb   3.1291543000   3.0645840900   3.0447546100  0.00000000  0.00000000  0.00000000   1.1564248500
I    3.1033302300   3.0963088300   24.7805268700  0.00000000  0.00000000  0.00000000  -0.6395107300
I    3.1069560100   24.7820303300   3.0894994200  0.00000000  0.00000000  0.00000000  -0.6404406400
I    24.8178650700   3.0767277300   3.1403001300  0.00000000  0.00000000  0.00000000  -0.6380048200
Cs   0.0132371800   24.8270669800   6.2015814800  0.00000000  0.00000000  0.00000000   0.7557759500
Pb   3.0705771500   3.1124712300   9.3102579900  0.00000000  0.00000000  0.00000000   1.1571682800
I    3.0764083700   3.1351504600   6.2199387500  0.00000000  0.00000000  0.00000000  -0.6371605700
I    3.0891990400   24.8184789400   9.3070295600  0.00000000  0.00000000  0.00000000  -0.6384787900
I    24.7651837500   3.0996869200   9.2907568900  0.00000000  0.00000000  0.00000000  -0.6376311400
Cs   0.0543496400   0.0162207000   12.4165447600  0.00000000  0.00000000  0.00000000   0.7570685100
Pb   3.1186653200   3.1094311500   15.5218751300  0.00000000  0.00000000  0.00000000   1.1553884700
I    3.1105585300   3.0229330900   12.4478071600  0.00000000  0.00000000  0.00000000  -0.6388053300
I    3.0980633100   24.8047439800   15.5360830500  0.00000000  0.00000000  0.00000000  -0.6376659900
I    24.8203408700   3.0576612900   15.5166379000  0.00000000  0.00000000  0.00000000  -0.6383690000
Cs   0.0014016000   24.7858250300   18.5899461200  0.00000000  0.00000000  0.00000000   0.7568540700
Pb   3.0961646200   3.1507207400   21.7346180200  0.00000000  0.00000000  0.00000000   1.1595124300
I    3.1648852500   3.1210688800   18.6363039700  0.00000000  0.00000000  0.00000000  -0.6386286800
I    3.0953969500   0.0395902000   21.7071025100  0.00000000  0.00000000  0.00000000  -0.6372517400
I    0.0147650800   3.1476475200   21.7276805400  0.00000000  0.00000000  0.00000000  -0.6383331100
Cs   24.8083427600   6.1993035800   0.0052599400  0.00000000  0.00000000  0.00000000   0.7557545700
Pb   3.0679299700   9.2983930600   3.1025323200  0.00000000  0.00000000  0.00000000   1.1577472900
I    3.0684570400   9.2787122000   24.8080541000  0.00000000  0.00000000  0.00000000  -0.6381475700
I    3.0999983600   6.1568716600   3.1392565600  0.00000000  0.00000000  0.00000000  -0.6381672200
I    0.0099175300   9.3782066600   3.1345432800  0.00000000  0.00000000  0.00000000  -0.6385528200
Cs   24.7690378800   6.2411995000   6.1846689300  0.00000000  0.00000000  0.00000000   0.7571987400
Pb   3.1731263500   9.3137607800   9.2529829000  0.00000000  0.00000000  0.00000000   1.1574317000
I    3.0817288200   9.3153151800   6.1621584300  0.00000000  0.00000000  0.00000000  -0.6388123100
I    3.0171038100   6.2003371500   9.3339590000  0.00000000  0.00000000  0.00000000  -0.6379366000
I    24.8247008200   9.2945027900   9.3354984400  0.00000000  0.00000000  0.00000000  -0.6363582900
Cs   0.0012249000   6.1733229200   12.4382065400  0.00000000  0.00000000  0.00000000   0.7576638100
Pb   3.0966730900   9.3170950000   15.4616509500  0.00000000  0.00000000  0.00000000   1.1569375000
I    3.1346058900   9.3295467100   12.4534492800  0.00000000  0.00000000  0.00000000  -0.6382012500
I    3.0625720300   6.2067657400   15.5180161300  0.00000000  0.00000000  0.00000000  -0.6393028700
I    24.8082439400   9.2728281400   15.5350748400  0.00000000  0.00000000  0.00000000  -0.6377963200
Cs   0.0623464000   6.1244928500   18.5847543200  0.00000000  0.00000000  0.00000000   0.7573549700
Pb   3.0620513800   9.3022940200   21.7242557900  0.00000000  0.00000000  0.00000000   1.1605592800
I    3.0739081600   9.3640886200   18.6382096500  0.00000000  0.00000000  0.00000000  -0.6379813700
I    3.1024790200   6.2464226200   21.7045403000  0.00000000  0.00000000  0.00000000  -0.6389915100
I    0.0723610900   9.2459695000   21.7477021800  0.00000000  0.00000000  0.00000000  -0.6387615700
Cs   0.0032844600   12.4479006300   24.7522184300  0.00000000  0.00000000  0.00000000   0.7580854200
Pb   3.1121074800   15.4648020000   3.1425757500  0.00000000  0.00000000  0.00000000   1.1575528100
I    3.1179213700   15.4833474200   0.0119438500  0.00000000  0.00000000  0.00000000  -0.6376750000
I    3.0939980000   12.4330287700   3.0956593500  0.00000000  0.00000000  0.00000000  -0.6386844100
I    24.7555019900   15.5421756200   3.0716722200  0.00000000  0.00000000  0.00000000  -0.6370907800
Cs   0.0275364100   12.4412455100   6.1467236300  0.00000000  0.00000000  0.00000000   0.7580955000
Pb   3.0866412800   15.5577657300   9.2809403400  0.00000000  0.00000000  0.00000000   1.1605182400
I    3.0264633900   15.5636433300   6.2164805200  0.00000000  0.00000000  0.00000000  -0.6394753600
I    3.1296236200   12.3999248700   9.2948322600  0.00000000  0.00000000  0.00000000  -0.6380263800
I    0.0198333300   15.5276511200   9.2968853600  0.00000000  0.00000000  0.00000000  -0.6378409900
Cs   24.8103643300   12.3932776000   12.4569942400  0.00000000  0.00000000  0.00000000   0.7571381600
Pb   3.0783595900   15.5055475600   15.5154410900  0.00000000  0.00000000  0.00000000   1.1594910300
I    3.0853747400   15.5940716100   12.3836103800  0.00000000  0.00000000  0.00000000  -0.6374247200
I    3.1272601700   12.4645233000   15.5227860900  0.00000000  0.00000000  0.00000000  -0.6387504300
I    24.8223516900   15.5021997400   15.5332859900  0.00000000  0.00000000  0.00000000  -0.6376402600
Cs   0.0406959800   12.3840424100   18.6485956400  0.00000000  0.00000000  0.00000000   0.7567421600
Pb   3.1136869100   15.5206220100   21.7689740900  0.00000000  0.00000000  0.00000000   1.1589432600
I    3.0739328800   15.5089623600   18.6545698800  0.00000000  0.00000000  0.00000000  -0.6371679800
I    3.0891369300   12.4071480500   21.7843921400  0.00000000  0.00000000  0.00000000  -0.6377158600
I    24.8261301100   15.5194813400   21.7456704800  0.00000000  0.00000000  0.00000000  -0.6366670900
Cs   0.0127753600   18.5813681600   24.7991950500  0.00000000  0.00000000  0.00000000   0.7592643400
Pb   3.0785959100   21.8050871700   3.0464724500  0.00000000  0.00000000  0.00000000   1.1577121200
I    3.0955454300   21.7030788500   24.8061484000  0.00000000  0.00000000  0.00000000  -0.6385632500
I    3.1103365700   18.5962872900   3.1133678000  0.00000000  0.00000000  0.00000000  -0.6361412900
I    24.8297885100   21.7599529500   3.0874423900  0.00000000  0.00000000  0.00000000  -0.6388696500
Cs   0.0692223600   18.6189440800   6.2254839100  0.00000000  0.00000000  0.00000000   0.7565299500
Pb   3.0768252500   21.7251583700   9.3106484600  0.00000000  0.00000000  0.00000000   1.1551972800
I    3.1600314400   21.7111946300   6.1945825300  0.00000000  0.00000000  0.00000000  -0.6377133600
I    3.0507635000   18.5572808800   9.3241727500  0.00000000  0.00000000  0.00000000  -0.6389068400
I    24.7451144800   21.7234612700   9.3137205600  0.00000000  0.00000000  0.00000000  -0.6389436200
Cs   24.8265953400   18.6408971900   12.4167685800  0.00000000  0.00000000  0.00000000   0.7585389600
Pb   3.0575860800   21.6764442500   15.4591750900  0.00000000  0.00000000  0.00000000   1.1557928900
I    3.0780073000   21.6948960500   12.3963515100  0.00000000  0.00000000  0.00000000  -0.6399313100
I    3.1388181600   18.5767139000   15.5510564500  0.00000000  0.00000000  0.00000000  -0.6386336900
I    0.0021587400   21.6727778300   15.5600566800  0.00000000  0.00000000  0.00000000  -0.6383532100
Cs   24.8312709600   18.6293318600   18.6581507600  0.00000000  0.00000000  0.00000000   0.7589064500
Pb   3.1266399400   21.7202990000   21.6744547400  0.00000000  0.00000000  0.00000000   1.1587387200
I    3.0544944800   21.7348499100   18.6906021100  0.00000000  0.00000000  0.00000000  -0.6380195900
I    3.0125723500   18.6341446400   21.7079620500  0.00000000  0.00000000  0.00000000  -0.6378743500
I    24.8006855200   21.6888600300   21.7162716800  0.00000000  0.00000000  0.00000000  -0.6384324200
Cs   6.2268301600   24.8218146900   0.0473402600  0.00000000  0.00000000  0.00000000   0.7559153500
Pb   9.3504714100   3.1142478000   3.0901985000  0.00000000  0.00000000  0.00000000   1.1557993400
I    9.2912798900   3.1110557700   0.0037626600  0.00000000  0.00000000  0.00000000  -0.6390510000
I    9.3286801800   24.8137264900   3.0623843200  0.00000000  0.00000000  0.00000000  -0.6396884400
I    6.1828966900   3.0659748700   3.1208652600  0.00000000  0.00000000  0.00000000  -0.6387543400
Cs   6.2597984000   24.8054295300   6.1915542200  0.00000000  0.00000000  0.00000000   0.7567905600
Pb   9.3125288900   3.1172512700   9.3617868100  0.00000000  0.00000000  0.00000000   1.1554779800
I    9.3050368000   3.0823312900   6.2240961300  0.00000000  0.00000000  0.00000000  -0.6382110500
I    9.2080888200   24.7986390100   9.3115842900  0.00000000  0.00000000  0.00000000  -0.6384482600
I    6.2001576800   3.1608784600   9.3347580800  0.00000000  0.00000000  0.00000000  -0.6378254000
Cs   6.2046133600   24.7990149100   12.3700138000  0.00000000  0.00000000  0.00000000   0.7566717500
Pb   9.2252624100   3.1032626100   15.4865821600  0.00000000  0.00000000  0.00000000   1.1594200500
I    9.2435880600   3.1072754400   12.3857234900  0.00000000  0.00000000  0.00000000  -0.6402447700
I    9.2662544000   0.0202899100   15.5440605900  0.00000000  0.00000000  0.00000000  -0.6393177500
I    6.2671130500   3.1002667500   15.5248053100  0.00000000  0.00000000  0.00000000  -0.6399419900
Cs   6.2258980400   0.0356892100   18.6563144300  0.00000000  0.00000000  0.00000000   0.7576209800
Pb   9.3396061900   3.1250550900   21.7428568100  0.00000000  0.00000000  0.00000000   1.1576025800
I    9.3564711100   3.0610755200   18.5803846600  0.00000000  0.00000000  0.00000000  -0.6372825900
I    9.2790385700   24.8119340600   21.7557746600  0.00000000  0.00000000  0.00000000  -0.6379060100
I    6.1735683700   3.0999584300   21.7072516200  0.00000000  0.00000000  0.00000000  -0.6378080400
Cs   6.1612797400   6.2127797100   24.7985855700  0.00000000  0.00000000  0.00000000   0.7554431000
Pb   9.3293772300   9.2809453400   3.1081087100  0.00000000  0.00000000  0.00000000   1.1562886900
I    9.3243924400   9.2871507200   24.7852848400  0.00000000  0.00000000  0.00000000  -0.6379471400
I    9.3072795000   6.1907212300   3.0876875100  0.00000000  0.00000000  0.00000000  -0.6394836400
I    6.1924979700   9.3341756600   3.1295106300  0.00000000  0.00000000  0.00000000  -0.6378435000
Cs   6.1946561700   6.1883898500   6.2005047900  0.00000000  0.00000000  0.00000000   0.7568929300
Pb   9.2880165000   9.3204555600   9.3319134800  0.00000000  0.00000000  0.00000000   1.1576063000
I    9.3177734500   9.2269526000   6.2145694800  0.00000000  0.00000000  0.00000000  -0.6383223900
I    9.3315218000   6.2557199000   9.2805362700  0.00000000  0.00000000  0.00000000  -0.6384528400
I    6.1817158800   9.2230157000   9.3374071500  0.00000000  0.00000000  0.00000000  -0.6400338800
Cs   6.2075401700   6.2112034400   12.4606369900  0.00000000  0.00000000  0.00000000   0.7557524300
Pb   9.3488840100   9.2927421600   15.5081049500  0.00000000  0.00000000  0.00000000   1.1578917400
I    9.3461426300   9.3312753700   12.4240479900  0.00000000  0.00000000  0.00000000  -0.6390402400
I    9.3384059800   6.2260486300   15.4874783100  0.00000000  0.00000000  0.00000000  -0.6384861100
I    6.1845100600   9.3077464600   15.4408094400  0.00000000  0.00000000  0.00000000  -0.6384409800
Cs   6.1588503800   6.1702059400   18.6055366500  0.00000000  0.00000000  0.00000000   0.7555293400
Pb   9.2447102200   9.2811744600   21.6804624900  0.00000000  0.00000000  0.00000000   1.1587838700
I    9.3066572200   9.2975456100   18.6143842700  0.00000000  0.00000000  0.00000000  -0.6383854700
I    9.2860486800   6.1334820700   21.6719990700  0.00000000  0.00000000  0.00000000  -0.6390617100
I    6.2213735000   9.3181299800   21.7160063700  0.00000000  0.00000000  0.00000000  -0.6382830000
Cs   6.2050524700   12.4429676000   0.0667192700  0.00000000  0.00000000  0.00000000   0.7579423600
Pb   9.3159676300   15.6168262600   3.1172262300  0.00000000  0.00000000  0.00000000   1.1584918900
I    9.3472416800   15.4851745800   0.0046816600  0.00000000  0.00000000  0.00000000  -0.6373738200
I    9.2917887500   12.4192822600   3.1255509900  0.00000000  0.00000000  0.00000000  -0.6370673800
I    6.2553852200   15.5631949200   3.0797935600  0.00000000  0.00000000  0.00000000  -0.6380686100
Cs   6.2631266200   12.4228706400   6.2894390200  0.00000000  0.00000000  0.00000000   0.7548078200
Pb   9.3306289200   15.5087271700   9.4314910400  0.00000000  0.00000000  0.00000000   1.1558161600
I    9.2619439900   15.6032338500   6.2755390400  0.00000000  0.00000000  0.00000000  -0.6377885500
I    9.3343501400   12.3574150800   9.2977423300  0.00000000  0.00000000  0.00000000  -0.6399140700
I    6.1622335500   15.5008639300   9.3755693800  0.00000000  0.00000000  0.00000000  -0.6386763900
Cs   6.2243862500   12.4459089100   12.3975666700  0.00000000  0.00000000  0.00000000   0.7547409400
Pb   9.3104931900   15.5235350100   15.5066120600  0.00000000  0.00000000  0.00000000   1.1559005900
I    9.3051051400   15.6039391700   12.4116633800  0.00000000  0.00000000  0.00000000  -0.6411017900
I    9.3734885000   12.4198857200   15.6178724100  0.00000000  0.00000000  0.00000000  -0.6386854600
I    6.1835708700   15.5339050600   15.5507658200  0.00000000  0.00000000  0.00000000  -0.6381508700
Cs   6.1915681400   12.3783606000   18.5876400300  0.00000000  0.00000000  0.00000000   0.7573698100
Pb   9.3486870600   15.5233391200   21.7063328400  0.00000000  0.00000000  0.00000000   1.1581652100
I    9.3360612700   15.4602013200   18.6454636200  0.00000000  0.00000000  0.00000000  -0.6381421600
I    9.2846262900   12.3870694300   21.7118424500  0.00000000  0.00000000  0.00000000  -0.6370369100
I    6.2362385500   15.5277722500   21.7372725200  0.00000000  0.00000000  0.00000000  -0.6372618800
Cs   6.2494732000   18.6805822300   24.8210005100  0.00000000  0.00000000  0.00000000   0.7573736000
Pb   9.2996272700   21.8054205400   3.1651798300  0.00000000  0.00000000  0.00000000   1.1582523700
I    9.2973397600   21.7387198600   24.8178487900  0.00000000  0.00000000  0.00000000  -0.6371623200
I    9.3076122100   18.5675728500   3.0343262500  0.00000000  0.00000000  0.00000000  -0.6384107600
I    6.2241951100   21.6493355200   3.1792764300  0.00000000  0.00000000  0.00000000  -0.6381131200
Cs   6.2176708000   18.5780331100   6.1853768500  0.00000000  0.00000000  0.00000000   0.7572071500
Pb   9.2865056200   21.7260169400   9.3399834800  0.00000000  0.00000000  0.00000000   1.1575112500
I    9.2991096400   21.7772978500   6.1960591600  0.00000000  0.00000000  0.00000000  -0.6387238800
I    9.3313141800   18.6354095900   9.2895507700  0.00000000  0.00000000  0.00000000  -0.6385773200
I    6.1820870800   21.7750766700   9.3049311900  0.00000000  0.00000000  0.00000000  -0.6385036200
Cs   6.1691824000   18.6707504700   12.4154167600  0.00000000  0.00000000  0.00000000   0.7559031700
Pb   9.2858615600   21.7927573200   15.5784962400  0.00000000  0.00000000  0.00000000   1.1566887000
I    9.3067528800   21.7613795300   12.4317102400  0.00000000  0.00000000  0.00000000  -0.6384471500
I    9.2695004200   18.6434368800   15.5065528300  0.00000000  0.00000000  0.00000000  -0.6377047600
I    6.2224154100   21.7955952800   15.5190676900  0.00000000  0.00000000  0.00000000  -0.6380967700
Cs   6.1959031900   18.5966603500   18.5936329200  0.00000000  0.00000000  0.00000000   0.7569646200
Pb   9.2821288900   21.7098253500   21.6957454900  0.00000000  0.00000000  0.00000000   1.1594292900
I    9.2881116900   21.7510716800   18.6103752000  0.00000000  0.00000000  0.00000000  -0.6394059200
I    9.2309308400   18.6401124200   21.6219969000  0.00000000  0.00000000  0.00000000  -0.6383658600
I    6.2281098700   21.7596848000   21.7329507800  0.00000000  0.00000000  0.00000000  -0.6386268300
Cs   12.4054837500   0.0195025300   24.8191223900  0.00000000  0.00000000  0.00000000   0.7558961900
Pb   15.5398329400   3.1493392400   3.1272725600  0.00000000  0.00000000  0.00000000   1.1548274500
I    15.4839793500   3.0807882100   24.7859741000  0.00000000  0.00000000  0.00000000  -0.6385462000
I    15.4589666400   0.0547331000   3.1465758900  0.00000000  0.00000000  0.00000000  -0.6394030100
I    12.4095003600   3.1414156100   3.0767700800  0.00000000  0.00000000  0.00000000  -0.6391272100
Cs   12.4138287500   0.0681717000   6.1952530200  0.00000000  0.00000000  0.00000000   0.7559645400
Pb   15.4068885000   3.0808149700   9.3115772000  0.00000000  0.00000000  0.00000000   1.1583937200
I    15.5002011200   3.0704642000   6.2371054000  0.00000000  0.00000000  0.00000000  -0.6393014600
I    15.4873198700   0.0166851600   9.2935292000  0.00000000  0.00000000  0.00000000  -0.6385274800
I    12.4361637600   3.0496868500   9.2689625000  0.00000000  0.00000000  0.00000000  -0.6407074000
Cs   12.3561533000   24.7995109900   12.4233092100  0.00000000  0.00000000  0.00000000   0.7547950500
Pb   15.4669870800   3.0908151800   15.5584415800  0.00000000  0.00000000  0.00000000   1.1575106800
I    15.5609187000   3.1696543600   12.3854795300  0.00000000  0.00000000  0.00000000  -0.6381010900
I    15.5439565700   0.0408661300   15.5846177400  0.00000000  0.00000000  0.00000000  -0.6383396300
I    12.3392450200   3.1740901600   15.5938671700  0.00000000  0.00000000  0.00000000  -0.6382578700
Cs   12.3975071500   24.7896235700   18.6001298200  0.00000000  0.00000000  0.00000000   0.7553696700
Pb   15.5003207800   3.0835746900   21.7496161600  0.00000000  0.00000000  0.00000000   1.1602505400
I    15.5020003000   3.1141402900   18.6734493000  0.00000000  0.00000000  0.00000000  -0.6375870100
I    15.6450809800   24.8007064400   21.7417627200  0.00000000  0.00000000  0.00000000  -0.6392432400
I    12.3979176000   3.1321496400   21.7370514700  0.00000000  0.00000000  0.00000000  -0.6390521100
Cs   12.3629238000   6.2359684700   0.0024960400  0.00000000  0.00000000  0.00000000   0.7548366200
Pb   15.4821323900   9.2707188100   3.0824747700  0.00000000  0.00000000  0.00000000   1.1550114400
I    15.6193349700   9.3206676600   0.0268855100  0.00000000  0.00000000  0.00000000  -0.6389592900
I    15.4583360000   6.1544213600   3.1054508500  0.00000000  0.00000000  0.00000000  -0.6402710000
I    12.3826670800   9.3853751200   3.1091663800  0.00000000  0.00000000  0.00000000  -0.6398166200
Cs   12.4012749900   6.2385094700   6.1617419600  0.00000000  0.00000000  0.00000000   0.7555978700
Pb   15.5318882600   9.2398369600   9.3198291300  0.00000000  0.00000000  0.00000000   1.1592958500
I    15.4977664100   9.3489301000   6.2487380700  0.00000000  0.00000000  0.00000000  -0.6380168000
I    15.5856479700   6.1805754600   9.2576690500  0.00000000  0.00000000  0.00000000  -0.6387435000
I    12.4430134600   9.3053745900   9.2425584700  0.00000000  0.00000000  0.00000000  -0.6375671400
Cs   12.4018683700   6.1897434900   12.4180983300  0.00000000  0.00000000  0.00000000   0.7552482300
Pb   15.4999419700   9.2433730400   15.5572289400  0.00000000  0.00000000  0.00000000   1.1572934200
I    15.5068214700   9.2769636600   12.4295808100  0.00000000  0.00000000  0.00000000  -0.6380752800
I    15.5070159800   6.2240027800   15.5165955400  0.00000000  0.00000000  0.00000000  -0.6388066800
I    12.3905899600   9.2466133200   15.4873967700  0.00000000  0.00000000  0.00000000  -0.6389611000
Cs   12.4209380800   6.1878111700   18.6207565600  0.00000000  0.00000000  0.00000000   0.7573941800
Pb   15.5040780600   9.3016810600   21.7123088900  0.00000000  0.00000000  0.00000000   1.1563108300
I    15.5249340000   9.3300409000   18.6239118400  0.00000000  0.00000000  0.00000000  -0.6386980500
I    15.5873221300   6.1635713300   21.6634763500  0.00000000  0.00000000  0.00000000  -0.6377573200
I    12.4081667600   9.2799639800   21.7258495900  0.00000000  0.00000000  0.00000000  -0.6382131500
Cs   12.4564689100   12.4180674100   0.0255588800  0.00000000  0.00000000  0.00000000   0.7559825100
Pb   15.5524273300   15.4854684800   3.0743682200  0.00000000  0.00000000  0.00000000   1.1585441300
I    15.5415102500   15.5388861200   24.7467078800  0.00000000  0.00000000  0.00000000  -0.6393135800
I    15.4689066900   12.3934136600   3.1460392300  0.00000000  0.00000000  0.00000000  -0.6382829800
I    12.4724713700   15.5583750400   3.0750662000  0.00000000  0.00000000  0.00000000  -0.6380439600
Cs   12.3918361800   12.3914339500   6.2080695200  0.00000000  0.00000000  0.00000000   0.7571209900
Pb   15.4335591300   15.5259753300   9.3933278500  0.00000000  0.00000000  0.00000000   1.1599960100
I    15.5531731800   15.5104297800   6.1726671700  0.00000000  0.00000000  0.00000000  -0.6358132300
I    15.5051111600   12.4152380200   9.3591384500  0.00000000  0.00000000  0.00000000  -0.6365935400
I    12.3572466500   15.5193382300   9.3785822500  0.00000000  0.00000000  0.00000000  -0.6402353900
Cs   12.4838802600   12.4491659500   12.4617558500  0.00000000  0.00000000  0.00000000   0.7544196700
Pb   15.4553614900   15.4598629500   15.5113995700  0.00000000  0.00000000  0.00000000   1.1585578500
I    15.5474671500   15.5309523300   12.4157689200  0.00000000  0.00000000  0.00000000  -0.6386622500
I    15.5507342500   12.4528710700   15.5460838200  0.00000000  0.00000000  0.00000000  -0.6385406200
I    12.3888129000   15.5567373100   15.5486776100  0.00000000  0.00000000  0.00000000  -0.6399104000
Cs   12.4330682700   12.4646086900   18.6211522600  0.00000000  0.00000000  0.00000000   0.7560441800
Pb   15.4762420800   15.5017130500   21.7183685100  0.00000000  0.00000000  0.00000000   1.1593202400
I    15.5700459300   15.4865984900   18.6229951500  0.00000000  0.00000000  0.00000000  -0.6379601300
I    15.5185895600   12.4346924100   21.6985845400  0.00000000  0.00000000  0.00000000  -0.6387278900
I    12.4491892500   15.5779942500   21.7459965100  0.00000000  0.00000000  0.00000000  -0.6397155600
Cs   12.4440409500   18.6134029200   0.0228063800  0.00000000  0.00000000  0.00000000   0.7565667500
Pb   15.5535309000   21.7700466600   3.0827842500  0.00000000  0.00000000  0.00000000   1.1539611500
I    15.5091612300   21.7301066900   0.0251220400  0.00000000  0.00000000  0.00000000  -0.6393225200
I    15.5184679300   18.6452691300   3.1600248200  0.00000000  0.00000000  0.00000000  -0.6372161900
I    12.3702758200   21.7647555300   3.0791207400  0.00000000  0.00000000  0.00000000  -0.6378446700
Cs   12.4286178300   18.6156196300   6.2142379600  0.00000000  0.00000000  0.00000000   0.7564553000
Pb   15.4969818600   21.7659620000   9.2737085600  0.00000000  0.00000000  0.00000000   1.1623503500
I    15.5339929800   21.7120879400   6.3203921600  0.00000000  0.00000000  0.00000000  -0.6385791200
I    15.5664455500   18.6163539000   9.3165843300  0.00000000  0.00000000  0.00000000  -0.6367455800
I    12.3911147200   21.7616017600   9.3610278500  0.00000000  0.00000000  0.00000000  -0.6381647700
Cs   12.3398572400   18.6227570100   12.3789096800  0.00000000  0.00000000  0.00000000   0.7568744000
Pb   15.5143373100   21.7001907000   15.5441084400  0.00000000  0.00000000  0.00000000   1.1592899900
I    15.5222958700   21.7700114800   12.3878681000  0.00000000  0.00000000  0.00000000  -0.6362469700
I    15.5101948700   18.6403967100   15.4792112700  0.00000000  0.00000000  0.00000000  -0.6371029400
I    12.5018198800   21.6784861800   15.4243534000  0.00000000  0.00000000  0.00000000  -0.6383111100
Cs   12.4498133400   18.5892665500   18.6488972600  0.00000000  0.00000000  0.00000000   0.7562747900
Pb   15.5586237000   21.7728043300   21.7388584600  0.00000000  0.00000000  0.00000000   1.1558585600
I    15.4794234400   21.7380396100   18.6478422100  0.00000000  0.00000000  0.00000000  -0.6388740500
I    15.5590925900   18.5887526600   21.6715239100  0.00000000  0.00000000  0.00000000  -0.6378353800
I    12.3866211900   21.6688101200   21.6931062000  0.00000000  0.00000000  0.00000000  -0.6379822100
Cs   18.6685046200   24.8045209900   24.8273554500  0.00000000  0.00000000  0.00000000   0.7552120900
Pb   21.7268984900   3.0473084100   3.0919836000  0.00000000  0.00000000  0.00000000   1.1593058100
I    21.6872476000   3.1573374800   0.0771225100  0.00000000  0.00000000  0.00000000  -0.6398363900
I    21.7464389500   24.8010217200   3.0971424500  0.00000000  0.00000000  0.00000000  -0.6398105200
I    18.7194773400   3.1767653400   3.0764943400  0.00000000  0.00000000  0.00000000  -0.6395132200
Cs   18.6134608500   0.0956800100   6.2030023200  0.00000000  0.00000000  0.00000000   0.7541885800
Pb   21.6826968600   3.1085784400   9.2903964800  0.00000000  0.00000000  0.00000000   1.1592094800
I    21.7603024100   3.1570106000   6.2030070700  0.00000000  0.00000000  0.00000000  -0.6387926600
I    21.8010693600   24.8294783500   9.4154490800  0.00000000  0.00000000  0.00000000  -0.6378529100
I    18.6736332000   3.0983112900   9.3389278700  0.00000000  0.00000000  0.00000000  -0.6376504800
Cs   18.6330302900   0.0556189800   12.4103073400  0.00000000  0.00000000  0.00000000   0.7575607600
Pb   21.7575401900   3.0500819800   15.4594740900  0.00000000  0.00000000  0.00000000   1.1598580600
I    21.7033362300   3.1312462700   12.4250466800  0.00000000  0.00000000  0.00000000  -0.6380460700
I    21.7762520100   0.0092313700   15.5088520700  0.00000000  0.00000000  0.00000000  -0.6390919700
I    18.5396117800   3.1273040200   15.5573371400  0.00000000  0.00000000  0.00000000  -0.6369813800
Cs   18.6226142100   24.8066347000   18.6060484300  0.00000000  0.00000000  0.00000000   0.7569317600
Pb   21.7037424400   3.1458065400   21.7889984800  0.00000000  0.00000000  0.00000000   1.1557015400
I    21.7567484100   3.1708940100   18.5415891900  0.00000000  0.00000000  0.00000000  -0.6364734100
I    21.7020798800   0.0416394900   21.6716042400  0.00000000  0.00000000  0.00000000  -0.6390349700
I    18.5941472700   3.1308912100   21.7103482900  0.00000000  0.00000000  0.00000000  -0.6378273200
Cs   18.6623721100   6.1818462500   24.7868543700  0.00000000  0.00000000  0.00000000   0.7569367900
Pb   21.7357520400   9.2861543900   3.0780184700  0.00000000  0.00000000  0.00000000   1.1579941200
I    21.6956811900   9.3279422400   24.8069628500  0.00000000  0.00000000  0.00000000  -0.6386101800
I    21.7740267700   6.1900079300   3.0844818600  0.00000000  0.00000000  0.00000000  -0.6380720200
I    18.6492793000   9.2092562800   3.0816758800  0.00000000  0.00000000  0.00000000  -0.6379088800
Cs   18.6208128100   6.2605888700   6.2008558100  0.00000000  0.00000000  0.00000000   0.7553693200
Pb   21.7006204700   9.2368698100   9.2984020200  0.00000000  0.00000000  0.00000000   1.1592830800
I    21.6970052000   9.4767055400   6.1861408100  0.00000000  0.00000000  0.00000000  -0.6380562200
I    21.7137296800   6.2540869600   9.3429761800  0.00000000  0.00000000  0.00000000  -0.6390017800
I    18.6086619400   9.2669870300   9.3326255300  0.00000000  0.00000000  0.00000000  -0.6384246100
Cs   18.6084086100   6.2467570300   12.4429796800  0.00000000  0.00000000  0.00000000   0.7575665900
Pb   21.6863916200   9.3044700800   15.4697375500  0.00000000  0.00000000  0.00000000   1.1575412200
I    21.7103194000   9.3223720100   12.4179742700  0.00000000  0.00000000  0.00000000  -0.6382584400
I    21.8231039700   6.1868101800   15.4434798400  0.00000000  0.00000000  0.00000000  -0.6371570900
I    18.6174718200   9.3488295700   15.5367094400  0.00000000  0.00000000  0.00000000  -0.6385796900
Cs   18.6496013000   6.2245783500   18.6058462300  0.00000000  0.00000000  0.00000000   0.7576735800
Pb   21.7285257200   9.2620815700   21.7330040500  0.00000000  0.00000000  0.00000000   1.1560144800
I    21.6792878000   9.3091969700   18.6085382200  0.00000000  0.00000000  0.00000000  -0.6376446600
I    21.7259843000   6.1561603400   21.7541819200  0.00000000  0.00000000  0.00000000  -0.6395808000
I    18.6137830600   9.3201646700   21.7306869400  0.00000000  0.00000000  0.00000000  -0.6378250000
Cs   18.6213899400   12.4495869400   24.7747233100  0.00000000  0.00000000  0.00000000   0.7560711300
Pb   21.7158239400   15.4772027500   3.1736450900  0.00000000  0.00000000  0.00000000   1.1594296400
I    21.8004936800   15.5051161400   0.0011118200  0.00000000  0.00000000  0.00000000  -0.6368341800
I    21.7972737500   12.4111766200   3.1504010300  0.00000000  0.00000000  0.00000000  -0.6376094500
I    18.5884086000   15.5518633400   3.1178316800  0.00000000  0.00000000  0.00000000  -0.6386087300
Cs   18.6412828200   12.3921679600   6.2221817700  0.00000000  0.00000000  0.00000000   0.7580910300
Pb   21.7443366600   15.5630003000   9.2726744500  0.00000000  0.00000000  0.00000000   1.1580764200
I    21.7256626400   15.5060082800   6.2004368600  0.00000000  0.00000000  0.00000000  -0.6391567400
I    21.7338382100   12.4230751300   9.3647708100  0.00000000  0.00000000  0.00000000  -0.6359340100
I    18.5434296500   15.4953508600   9.3455504400  0.00000000  0.00000000  0.00000000  -0.6354072000
Cs   18.6486570800   12.4207852300   12.4521336600  0.00000000  0.00000000  0.00000000   0.7582905100
Pb   21.7406496500   15.3863816500   15.5235946100  0.00000000  0.00000000  0.00000000   1.1644997800
I    21.7303589300   15.5740367700   12.4815560000  0.00000000  0.00000000  0.00000000  -0.6362264000
I    21.7163591500   12.4802417300   15.5136672000  0.00000000  0.00000000  0.00000000  -0.6395214000
I    18.6223456700   15.5251976200   15.5275649200  0.00000000  0.00000000  0.00000000  -0.6354718900
Cs   18.6428064300   12.4448508500   18.6588804800  0.00000000  0.00000000  0.00000000   0.7583026100
Pb   21.6442999600   15.4718901000   21.7408325300  0.00000000  0.00000000  0.00000000   1.1594583900
I    21.6926623600   15.4850819700   18.5912280100  0.00000000  0.00000000  0.00000000  -0.6368947100
I    21.7154569200   12.4043991400   21.7754679200  0.00000000  0.00000000  0.00000000  -0.6383716300
I    18.6613409100   15.4775866400   21.7368262400  0.00000000  0.00000000  0.00000000  -0.6385328000
Cs   18.5640166900   18.5788824300   24.7964880200  0.00000000  0.00000000  0.00000000   0.7578300900
Pb   21.7605483200   21.7305854500   3.1527031700  0.00000000  0.00000000  0.00000000   1.1618463000
I    21.6832349600   21.6847454000   0.0118337000  0.00000000  0.00000000  0.00000000  -0.6369924300
I    21.7460447900   18.7001929400   3.0647551400  0.00000000  0.00000000  0.00000000  -0.6362729300
I    18.6823763900   21.6960240100   3.0646350400  0.00000000  0.00000000  0.00000000  -0.6381598500
Cs   18.6519418200   18.7141009200   6.2157901700  0.00000000  0.00000000  0.00000000   0.7582395200
Pb   21.7442136300   21.7264453000   9.2921898500  0.00000000  0.00000000  0.00000000   1.1592425000
I    21.6937292000   21.7063425300   6.1734840100  0.00000000  0.00000000  0.00000000  -0.6394064600
I    21.7199697800   18.6173105100   9.3599365700  0.00000000  0.00000000  0.00000000  -0.6381828900
I    18.5677540200   21.7640112600   9.3228170000  0.00000000  0.00000000  0.00000000  -0.6369472700
Cs   18.6383222800   18.6516085300   12.4397869600  0.00000000  0.00000000  0.00000000   0.7603657500
Pb   21.7059840700   21.7371192100   15.5747691300  0.00000000  0.00000000  0.00000000   1.1583231700
I    21.7432401300   21.6950227800   12.3894893500  0.00000000  0.00000000  0.00000000  -0.6362683700
I    21.7256797200   18.6158756600   15.4799577000  0.00000000  0.00000000  0.00000000  -0.6349421700
I    18.5995993500   21.7626000000   15.5469516500  0.00000000  0.00000000  0.00000000  -0.6384862700
Cs   18.6131460500   18.7127534900   18.6275236100  0.00000000  0.00000000  0.00000000   0.7581326300
Pb   21.7720997800   21.7528426800   21.7276128600  0.00000000  0.00000000  0.00000000   1.1584269400
I    21.7525934900   21.6802203700   18.6027532100  0.00000000  0.00000000  0.00000000  -0.6389056900
I    21.6723928000   18.6381703900   21.7138242500  0.00000000  0.00000000  0.00000000  -0.6363635900
I    18.6663055500   21.7458270300   21.7378576600  0.00000000  0.00000000  0.00000000  -0.6381570900
# cspbi3_320atom_train_like_00005 source=scripted_perturbation label=Ewald-QEq_teacher
320
  25.1600000000  0.0000000000  0.0000000000  0.0000000000  25.1600000000  0.0000000000  0.0000000000  0.0000000000  25.1600000000
Cs   0.0322403900   25.1400478900   25.1599693700  0.00000000  0.00000000  0.00000000   0.7548238500
Pb   3.1485814800   3.1488821100   3.1314066900  0.00000000  0.00000000  0.00000000   1.1555891400
I    3.1648442900   3.1721628200   25.1541827200  0.00000000  0.00000000  0.00000000  -0.6379162700
I    3.1280023900   0.0090851500   3.1314654600  0.00000000  0.00000000  0.00000000  -0.6372360100
I    0.0155244100   3.1597755800   3.1306141000  0.00000000  0.00000000  0.00000000  -0.6375882200
Cs   25.1300599400   0.0367843700   6.2766484800  0.00000000  0.00000000  0.00000000   0.7557093500
Pb   3.1142842200   3.1323314900   9.4401351200  0.00000000  0.00000000  0.00000000   1.1565677800
I    3.1798285200   3.1805207500   6.3033223500  0.00000000  0.00000000  0.00000000  -0.6371350500
I    3.1340816500   0.0029991700   9.4141626000  0.00000000  0.00000000  0.00000000  -0.6375806400
I    25.1582375300   3.1372622400   9.4564250000  0.00000000  0.00000000  0.00000000  -0.6378183200
Cs   25.1362858300   0.0187846600   12.5942220400  0.00000000  0.00000000  0.00000000   0.7564302600
Pb   3.1123387300   3.1866890900   15.7516758400  0.00000000  0.00000000  0.00000000   1.1565274300
I    3.1365111100   3.1259020100   12.5773834800  0.00000000  0.00000000  0.00000000  -0.6372463300
I    3.1085662500   0.0421489600   15.7411144200  0.00000000  0.00000000  0.00000000  -0.6367410700
I    25.1518037600   3.1373616200   15.7134037800  0.00000000  0.00000000  0.00000000  -0.6380910300
Cs   25.1548281300   0.0144544800   18.8795997300  0.00000000  0.00000000  0.00000000   0.7567739800
Pb   3.1391103300   3.2102355800   22.0081771000  0.00000000  0.00000000  0.00000000   1.1533334900
I    3.1776901300   3.1413733300   18.8503460100  0.00000000  0.00000000  0.00000000  -0.6376052700
I    3.0944076700   0.0013175100   21.9866122400  0.00000000  0.00000000  0.00000000  -0.6373330000
I    25.1098047900   3.1784347800   22.0349944200  0.00000000  0.00000000  0.00000000  -0.6384345700
Cs   25.1130088800   6.2817741700   25.1425731700  0.00000000  0.00000000  0.00000000   0.7556987200
Pb   3.1625260400   9.4329463800   3.1407940800  0.00000000  0.00000000  0.00000000   1.1550761300
I    3.1291175000   9.4391774400   25.1336484600  0.00000000  0.00000000  0.00000000  -0.6371210900
I    3.1487743600   6.3075896900   3.1613912200  0.00000000  0.00000000  0.00000000  -0.6371573900
I    25.0922753600   9.4427584700   3.1203061600  0.00000000  0.00000000  0.00000000  -0.6368401300
Cs   0.0097612100   6.2683003200   6.2816399700  0.00000000  0.00000000  0.00000000   0.7561226200
Pb   3.1406394300   9.4446268200   9.4496054800  0.00000000  0.00000000  0.00000000   1.1566138600
I    3.1239209500   9.4236405200   6.2954266400  0.00000000  0.00000000  0.00000000  -0.6369764100
I    3.1388764500   6.2749310000   9.4392623200  0.00000000  0.00000000  0.00000000  -0.6370216400
I    0.0117944600   9.4199236000   9.4264981500  0.00000000  0.00000000  0.00000000  -0.6374568800
Cs   0.0236673000   6.3111077100   12.5820534400  0.00000000  0.00000000  0.00000000   0.7551529400
Pb   3.1504677400   9.4512169800   15.7528270400  0.00000000  0.00000000  0.00000000   1.1567216000
I    3.1714956600   9.4619945000   12.5834946100  0.00000000  0.00000000  0.00000000  -0.6372188900
I    3.1631400800   6.2917953400   15.7413438300  0.00000000  0.00000000  0.00000000  -0.6380259900
I    0.0292637900   9.4486668700   15.7411819600  0.00000000  0.00000000  0.00000000  -0.6369544400
Cs   25.1415699800   6.3047711800   18.8804707500  0.00000000  0.00000000  0.00000000   0.7554471500
Pb   3.1485782900   9.4487009100   22.0185977600  0.00000000  0.00000000  0.00000000   1.1580228300
I    3.1882421900   9.4352854300   18.8609862700  0.00000000  0.00000000  0.00000000  -0.6372384900
I    3.1629987000   6.3399804500   21.9971799400  0.00000000  0.00000000  0.00000000  -0.6381850900
I    25.1581835900   9.4539122900   22.0025445100  0.00000000  0.00000000  0.00000000  -0.6374359400
Cs   25.1358580100   12.5621332500   0.0040654000  0.00000000  0.00000000  0.00000000   0.7573784800
Pb   3.1156252300   15.6961074500   3.1277323800  0.00000000  0.00000000  0.00000000   1.1571227900
I    3.1315017200   15.6945054500   25.1405173700  0.00000000  0.00000000  0.00000000  -0.6376061700
I    3.1467477800   12.6130219500   3.1343928600  0.00000000  0.00000000  0.00000000  -0.6374040500
I    25.1542058700   15.6837981700   3.1301708100  0.00000000  0.00000000  0.00000000  -0.6370615900
Cs   0.0168875500   12.5703007300   6.2973703200  0.00000000  0.00000000  0.00000000   0.7565747700
Pb   3.1165218100   15.7363828000   9.4441332300  0.00000000  0.00000000  0.00000000   1.1553765900
I    3.1193889000   15.6838438500   6.2890735600  0.00000000  0.00000000  0.00000000  -0.6366711400
I    3.1280842300   12.5988855500   9.4177664100  0.00000000  0.00000000  0.00000000  -0.6371884400
I    0.0269642600   15.7269549600   9.4003153300  0.00000000  0.00000000  0.00000000  -0.6377314700
Cs   0.0210892600   12.6255694000   12.5759878200  0.00000000  0.00000000  0.00000000   0.7563683100
Pb   3.1673235300   15.7122967600   15.7236543100  0.00000000  0.00000000  0.00000000   1.1552078800
I    3.1252694300   15.7180815000   12.6026151200  0.00000000  0.00000000  0.00000000  -0.6377022200
I    3.1515385300   12.6039500300   15.7014405000  0.00000000  0.00000000  0.00000000  -0.6373174100
I    25.1071499900   15.7548265100   15.7126358200  0.00000000  0.00000000  0.00000000  -0.6367593400
Cs   25.1591422000   12.6076497400   18.8706566500  0.00000000  0.00000000  0.00000000   0.7569891800
Pb   3.1352395900   15.7395362300   22.0587348100  0.00000000  0.00000000  0.00000000   1.1578440900
I    3.1157388300   15.7086816700   18.8883991800  0.00000000  0.00000000  0.00000000  -0.6367655700
I    3.1392151200   12.5842856800   22.0438093900  0.00000000  0.00000000  0.00000000  -0.6364209700
I    0.0332145700   15.7010462900   21.9893511900  0.00000000  0.00000000  0.00000000  -0.6370745500
Cs   0.0218254300   18.8784179800   25.1497301200  0.00000000  0.00000000  0.00000000   0.7565652000
Pb   3.1541314700   21.9951165000   3.1079667600  0.00000000  0.00000000  0.00000000   1.1564291000
I    3.2069901700   22.0229146100   0.0112869400  0.00000000  0.00000000  0.00000000  -0.6380350800
I    3.1222046100   18.8647920800   3.1505563600  0.00000000  0.00000000  0.00000000  -0.6371020000
I    0.0076854600   22.0209106100   3.1739338900  0.00000000  0.00000000  0.00000000  -0.6370008300
Cs   25.1410800600   18.8544519700   6.3031915300  0.00000000  0.00000000  0.00000000   0.7568500300
Pb   3.1603811000   22.0331450300   9.4373337500  0.00000000  0.00000000  0.00000000   1.1572299600
I    3.1274375900   22.0241656300   6.2953436500  0.00000000  0.00000000  0.00000000  -0.6365839800
I    3.0994026300   18.8803429300   9.4553774600  0.00000000  0.00000000  0.00000000  -0.6373781200
I    0.0229993600   22.0055201500   9.4586150900  0.00000000  0.00000000  0.00000000  -0.6369605500
Cs   0.0007558500   18.8759525100   12.5462761100  0.00000000  0.00000000  0.00000000   0.7571284400
Pb   3.1767928300   22.0307582600   15.7001834900  0.00000000  0.00000000  0.00000000   1.1579938200
I    3.1298651700   21.9987938700   12.5815925700  0.00000000  0.00000000  0.00000000  -0.6373346900
I    3.1418553600   18.9074183900   15.7500077100  0.00000000  0.00000000  0.00000000  -0.6366252000
I    0.0581484900   21.9943431000   15.7549217900  0.00000000  0.00000000  0.00000000  -0.6363558000
Cs   0.0079687400   18.8570995600   18.8724743800  0.00000000  0.00000000  0.00000000   0.7572725800
Pb   3.0998541800   22.0620808900   22.0276218000  0.00000000  0.00000000  0.00000000   1.1566883600
I    3.1196202400   22.0338763300   18.8778434800  0.00000000  0.00000000  0.00000000  -0.6361635400
I    3.1493865200   18.8726551400   22.0529973300  0.00000000  0.00000000  0.00000000  -0.6368028200
I    0.0084173900   21.9905718800   22.0266479900  0.00000000  0.00000000  0.00000000  -0.6376161600
Cs   6.3114747600   0.0089112400   0.0122484800  0.00000000  0.00000000  0.00000000   0.7558443200
Pb   9.3771303900   3.0959516200   3.1341143400  0.00000000  0.00000000  0.00000000   1.1553034900
I    9.4100748900   3.1280184400   0.0074787100  0.00000000  0.00000000  0.00000000  -0.6378915800
I    9.4624280000   0.0398486900   3.1264453700  0.00000000  0.00000000  0.00000000  -0.6386841200
I    6.2802410500   3.1376757400   3.1395473500  0.00000000  0.00000000  0.00000000  -0.6382256400
Cs   6.3305481100   25.1350560200   6.2997529600  0.00000000  0.00000000  0.00000000   0.7548841000
Pb   9.4382989900   3.1426128900   9.4432757700  0.00000000  0.00000000  0.00000000   1.1522285500
I    9.4365561500   3.1504163700   6.2934518600  0.00000000  0.00000000  0.00000000  -0.6378799600
I    9.4442738000   25.1126529300   9.4654243600  0.00000000  0.00000000  0.00000000  -0.6388622800
I    6.2762746000   3.1749443700   9.4251004100  0.00000000  0.00000000  0.00000000  -0.6372172000
Cs   6.2967780400   25.1427419600   12.5778167100  0.00000000  0.00000000  0.00000000   0.7550849600
Pb   9.4487318800   3.0857270600   15.7031816200  0.00000000  0.00000000  0.00000000   1.1543551200
I    9.4204273000   3.1460781200   12.5742004600  0.00000000  0.00000000  0.00000000  -0.6384145000
I    9.4155640600   25.1464047700   15.7566430400  0.00000000  0.00000000  0.00000000  -0.6386594900
I    6.2916890800   3.1395524400   15.7663614400  0.00000000  0.00000000  0.00000000  -0.6368692900
Cs   6.3035105800   25.1584883300   18.8263340300  0.00000000  0.00000000  0.00000000   0.7568246100
Pb   9.4155462500   3.1210793100   22.0293709500  0.00000000  0.00000000  0.00000000   1.1553857100
I    9.4241119500   3.1231447400   18.8827069700  0.00000000  0.00000000  0.00000000  -0.6370106800
I    9.4460433100   25.1489351500   22.0270933100  0.00000000  0.00000000  0.00000000  -0.6371607600
I    6.2837506000   3.1383924500   22.0105108700  0.00000000  0.00000000  0.00000000  -0.6377994900
Cs   6.3224823500   6.2395658700   25.1023479000  0.00000000  0.00000000  0.00000000   0.7553688100
Pb   9.4140031800   9.4508397600   3.1369541700  0.00000000  0.00000000  0.00000000   1.1562300500
I    9.4344548200   9.4243805100   25.1412968500  0.00000000  0.00000000  0.00000000  -0.6383949300
I    9.4568919600   6.3047802300   3.1622839700  0.00000000  0.00000000  0.00000000  -0.6364513100
I    6.2660991500   9.4319485000   3.1608461800  0.00000000  0.00000000  0.00000000  -0.6377661500
Cs   6.2538697300   6.2826300900   6.3383343600  0.00000000  0.00000000  0.00000000   0.7569456500
Pb   9.4178274000   9.4278478000   9.4258974500  0.00000000  0.00000000  0.00000000   1.1562349700
I    9.3934520700   9.4317476300   6.2836426900  0.00000000  0.00000000  0.00000000  -0.6371236100
I    9.4225136900   6.3408399900   9.4360667300  0.00000000  0.00000000  0.00000000  -0.6374503400
I    6.2444047400   9.4530437500   9.4518624900  0.00000000  0.00000000  0.00000000  -0.6372896100
Cs   6.2784987900   6.2711219800   12.6236669400  0.00000000  0.00000000  0.00000000   0.7561223300
Pb   9.4419196700   9.4123231000   15.7376984200  0.00000000  0.00000000  0.00000000   1.1569874200
I    9.4272266800   9.4149086900   12.6066701600  0.00000000  0.00000000  0.00000000  -0.6364999400
I    9.4462794900   6.3001185700   15.7367373800  0.00000000  0.00000000  0.00000000  -0.6368669800
I    6.2714969100   9.4934109300   15.7426515600  0.00000000  0.00000000  0.00000000  -0.6370468000
Cs   6.2991930600   6.3262892700   18.8761209200  0.00000000  0.00000000  0.00000000   0.7564272800
Pb   9.4431334400   9.4128626200   22.0686752900  0.00000000  0.00000000  0.00000000   1.1551533100
I    9.4605149600   9.4178794100   18.8554125600  0.00000000  0.00000000  0.00000000  -0.6369493900
I    9.4491407900   6.2939991700   22.0156617700  0.00000000  0.00000000  0.00000000  -0.6378373300
I    6.2580584600   9.4378459900   22.0101641700  0.00000000  0.00000000  0.00000000  -0.6371621600
Cs   6.2989187300   12.5525678100   0.0551690400  0.00000000  0.00000000  0.00000000   0.7562927000
Pb   9.4631270600   15.7494277000   3.1539983800  0.00000000  0.00000000  0.00000000   1.1540349600
I    9.4433071000   15.7126122900   25.1421428500  0.00000000  0.00000000  0.00000000  -0.6375907700
I    9.4255350800   12.5623777200   3.1561974700  0.00000000  0.00000000  0.00000000  -0.6377933000
I    6.2809653500   15.7039441400   3.1912155600  0.00000000  0.00000000  0.00000000  -0.6366881300
Cs   6.3181434000   12.5825534300   6.2753541100  0.00000000  0.00000000  0.00000000   0.7566011100
Pb   9.4273287300   15.6911051700   9.4286253900  0.00000000  0.00000000  0.00000000   1.1570879600
I    9.4448882800   15.7279771900   6.3371260200  0.00000000  0.00000000  0.00000000  -0.6375691500
I    9.4598959300   12.5794752800   9.4415324800  0.00000000  0.00000000  0.00000000  -0.6374266000
I    6.3292286900   15.7269471300   9.4153071600  0.00000000  0.00000000  0.00000000  -0.6373541900
Cs   6.2793004100   12.5626811200   12.5720876300  0.00000000  0.00000000  0.00000000   0.7568053000
Pb   9.4291957600   15.7399393800   15.7079750400  0.00000000  0.00000000  0.00000000   1.1575876600
I    9.4490919100   15.7016575000   12.5912669600  0.00000000  0.00000000  0.00000000  -0.6370907400
I    9.4317737700   12.5935069800   15.7345155800  0.00000000  0.00000000  0.00000000  -0.6364932000
I    6.2989272300   15.7141611000   15.6940577600  0.00000000  0.00000000  0.00000000  -0.6376070500
Cs   6.3180030400   12.5861659100   18.8681540000  0.00000000  0.00000000  0.00000000   0.7569586600
Pb   9.4565316100   15.7254613600   22.0280302600  0.00000000  0.00000000  0.00000000   1.1567705900
I    9.4409469100   15.7403372600   18.8524790200  0.00000000  0.00000000  0.00000000  -0.6367570700
I    9.4246700000   12.5754847500   22.0390655300  0.00000000  0.00000000  0.00000000  -0.6370801300
I    6.3121931900   15.7186834300   22.0219024500  0.00000000  0.00000000  0.00000000  -0.6365533300
Cs   6.2904083800   18.8575232200   25.1198291300  0.00000000  0.00000000  0.00000000   0.7565220700
Pb   9.4511537000   22.0339695100   3.1600222200  0.00000000  0.00000000  0.00000000   1.1537433300
I    9.4327279900   22.0359107200   25.1327824300  0.00000000  0.00000000  0.00000000  -0.6371719000
I    9.4155445100   18.8719057400   3.1369336900  0.00000000  0.00000000  0.00000000  -0.6379371000
I    6.2744709400   22.0142585700   3.1387356600  0.00000000  0.00000000  0.00000000  -0.6374228400
Cs   6.2732377900   18.8800795900   6.3326231300  0.00000000  0.00000000  0.00000000   0.7557214400
Pb   9.4579109200   22.0622867700   9.4288429500  0.00000000  0.00000000  0.00000000   1.1546448900
I    9.4360618800   22.0362308000   6.2604130500  0.00000000  0.00000000  0.00000000  -0.6387070000
I    9.4538818000   18.8768129700   9.4802114600  0.00000000  0.00000000  0.00000000  -0.6365911500
I    6.2538268700   22.0143785500   9.4558609300  0.00000000  0.00000000  0.00000000  -0.6379027000
Cs   6.2860116900   18.8542746100   12.5738070300  0.00000000  0.00000000  0.00000000   0.7562411100
Pb   9.4459085300   22.0163473200   15.7403887600  0.00000000  0.00000000  0.00000000   1.1565114200
I    9.4282382400   22.0386436200   12.5940079200  0.00000000  0.00000000  0.00000000  -0.6369080800
I    9.4337695900   18.9028712500   15.7061337900  0.00000000  0.00000000  0.00000000  -0.6370386700
I    6.2761426700   21.9673678200   15.7483470600  0.00000000  0.00000000  0.00000000  -0.6375483200
Cs   6.2506060500   18.8668422900   18.8433279100  0.00000000  0.00000000  0.00000000   0.7569998500
Pb   9.4623030700   21.9981434100   22.0018507000  0.00000000  0.00000000  0.00000000   1.1566887700
I    9.4150074700   22.0033387100   18.8533333900  0.00000000  0.00000000  0.00000000  -0.6375680200
I    9.4364246700   18.8570677400   22.0032880500  0.00000000  0.00000000  0.00000000  -0.6372717000
I    6.2844938100   21.9847671700   22.0078841300  0.00000000  0.00000000  0.00000000  -0.6359914500
Cs   12.6133845100   25.1245024100   0.0096873800  0.00000000  0.00000000  0.00000000   0.7570347400
Pb   15.7326603700   3.1345274100   3.1616473200  0.00000000  0.00000000  0.00000000   1.1569973500
I    15.7167995200   3.0959522000   0.0084585900  0.00000000  0.00000000  0.00000000  -0.6366121900
I    15.7194663800   0.0020584200   3.1660072600  0.00000000  0.00000000  0.00000000  -0.6370345400
I    12.6058219000   3.1041523700   3.1527318200  0.00000000  0.00000000  0.00000000  -0.6367332700
Cs   12.5761659000   0.0101952400   6.2614047200  0.00000000  0.00000000  0.00000000   0.7552321600
Pb   15.7283070500   3.1563809800   9.4079600700  0.00000000  0.00000000  0.00000000   1.1544471600
I    15.7723931400   3.1254310800   6.2847474200  0.00000000  0.00000000  0.00000000  -0.6380824800
I    15.7004916400   25.1320981100   9.4449848200  0.00000000  0.00000000  0.00000000  -0.6372002800
I    12.6291236600   3.1504126000   9.4460655400  0.00000000  0.00000000  0.00000000  -0.6381710400
Cs   12.5909624700   25.1484460400   12.6167174500  0.00000000  0.00000000  0.00000000   0.7557686700
Pb   15.7318145800   3.1380753300   15.7520391900  0.00000000  0.00000000  0.00000000   1.1564516400
I    15.7526989700   3.1264667000   12.6122991000  0.00000000  0.00000000  0.00000000  -0.6366330000
I    15.7102519400   0.0170336200   15.7224017400  0.00000000  0.00000000  0.00000000  -0.6381509500
I    12.5946648800   3.1292606400   15.7426145200  0.00000000  0.00000000  0.00000000  -0.6378144200
Cs   12.5766120300   0.0174873500   18.8757842400  0.00000000  0.00000000  0.00000000   0.7551690400
Pb   15.6800731300   3.1344129400   21.9891514700  0.00000000  0.00000000  0.00000000   1.1561943100
I    15.7473493800   3.1180065800   18.8861487800  0.00000000  0.00000000  0.00000000  -0.6381777000
I    15.7041873800   0.0254016700   22.0459701200  0.00000000  0.00000000  0.00000000  -0.6375148400
I    12.5717307700   3.0872275000   22.0352948200  0.00000000  0.00000000  0.00000000  -0.6377084600
Cs   12.6002022900   6.2834318400   0.0072622100  0.00000000  0.00000000  0.00000000   0.7559216700
Pb   15.7337726700   9.4500359600   3.1600729900  0.00000000  0.00000000  0.00000000   1.1554953600
I    15.6970539800   9.4485403900   0.0079282500  0.00000000  0.00000000  0.00000000  -0.6376735800
I    15.7660057200   6.2819711800   3.1540338700  0.00000000  0.00000000  0.00000000  -0.6373950400
I    12.5512163900   9.4107722300   3.1547892700  0.00000000  0.00000000  0.00000000  -0.6370404800
Cs   12.5646274300   6.2470472700   6.2920129500  0.00000000  0.00000000  0.00000000   0.7558215100
Pb   15.7246707900   9.4778128600   9.4129676300  0.00000000  0.00000000  0.00000000   1.1569823600
I    15.7509468400   9.4225216100   6.2810347900  0.00000000  0.00000000  0.00000000  -0.6376798300
I    15.7493585200   6.3319953600   9.4493507500  0.00000000  0.00000000  0.00000000  -0.6367459100
I    12.5847970600   9.4437282100   9.4566794400  0.00000000  0.00000000  0.00000000  -0.6367609600
Cs   12.6155089400   6.2533206200   12.5750317800  0.00000000  0.00000000  0.00000000   0.7570638900
Pb   15.7492369000   9.4255897900   15.7613065500  0.00000000  0.00000000  0.00000000   1.1568098900
I    15.7107184600   9.4082233900   12.5686838700  0.00000000  0.00000000  0.00000000  -0.6360738900
I    15.6916531500   6.2847934200   15.7161625900  0.00000000  0.00000000  0.00000000  -0.6370975400
I    12.6035607700   9.4064224200   15.7234947500  0.00000000  0.00000000  0.00000000  -0.6365329200
Cs   12.5556461400   6.2925163500   18.8782231900  0.00000000  0.00000000  0.00000000   0.7564303900
Pb   15.7572531300   9.4617576900   22.0226342000  0.00000000  0.00000000  0.00000000   1.1556912900
I    15.7120249800   9.4185587900   18.8478661000  0.00000000  0.00000000  0.00000000  -0.6377424200
I    15.7295080100   6.3135510100   21.9854041500  0.00000000  0.00000000  0.00000000  -0.6372792800
I    12.5962391900   9.4053726600   22.0324564000  0.00000000  0.00000000  0.00000000  -0.6370322900
Cs   12.5536174400   12.5735239400   0.0136199500  0.00000000  0.00000000  0.00000000   0.7556951900
Pb   15.7345007100   15.7416117300   3.1292405100  0.00000000  0.00000000  0.00000000   1.1548287900
I    15.7260174400   15.7252210500   0.0344442700  0.00000000  0.00000000  0.00000000  -0.6376101800
I    15.7015058900   12.5529852400   3.1506222200  0.00000000  0.00000000  0.00000000  -0.6374323200
I    12.5672887500   15.7340626300   3.1571405600  0.00000000  0.00000000  0.00000000  -0.6380752800
Cs   12.6024905900   12.5653185000   6.2843088000  0.00000000  0.00000000  0.00000000   0.7561228100
Pb   15.7135658300   15.7368764700   9.4534944300  0.00000000  0.00000000  0.00000000   1.1567482700
I    15.7298241100   15.6856837700   6.2937263600  0.00000000  0.00000000  0.00000000  -0.6372555600
I    15.7043132600   12.6028646800   9.4518997400  0.00000000  0.00000000  0.00000000  -0.6374856000
I    12.5959006000   15.6970294700   9.4308453300  0.00000000  0.00000000  0.00000000  -0.6372405700
Cs   12.5921208500   12.5974519300   12.5662491700  0.00000000  0.00000000  0.00000000   0.7566962100
Pb   15.7051748800   15.7137618600   15.6965761700  0.00000000  0.00000000  0.00000000   1.1556580000
I    15.7126514700   15.7493775700   12.5849385300  0.00000000  0.00000000  0.00000000  -0.6379912600
I    15.7324364900   12.6131200100   15.7253631700  0.00000000  0.00000000  0.00000000  -0.6375766300
I    12.5362045100   15.7571802700   15.7539946800  0.00000000  0.00000000  0.00000000  -0.6374804000
Cs   12.5894604100   12.5728157700   18.8477584900  0.00000000  0.00000000  0.00000000   0.7560426100
Pb   15.7522505700   15.6995977700   22.0304308200  0.00000000  0.00000000  0.00000000   1.1554299600
I    15.7511725800   15.6813775600   18.8939710600  0.00000000  0.00000000  0.00000000  -0.6367630300
I    15.7525572800   12.5536917800   22.0232301300  0.00000000  0.00000000  0.00000000  -0.6382007300
I    12.5925991000   15.7454244100   22.0288758300  0.00000000  0.00000000  0.00000000  -0.6372541700
Cs   12.5483811500   18.9101792600   0.0099329300  0.00000000  0.00000000  0.00000000   0.7554564800
Pb   15.7238050400   21.9945413500   3.1458018700  0.00000000  0.00000000  0.00000000   1.1541770000
I    15.7243567600   22.0432309900   25.1438451900  0.00000000  0.00000000  0.00000000  -0.6377270400
I    15.7500637800   18.8669782700   3.1467245400  0.00000000  0.00000000  0.00000000  -0.6384451000
I    12.5751497300   22.0283353300   3.1576860400  0.00000000  0.00000000  0.00000000  -0.6384130200
Cs   12.5796922100   18.8661484700   6.2878743800  0.00000000  0.00000000  0.00000000   0.7546111200
Pb   15.7321934700   22.0273530800   9.4386466700  0.00000000  0.00000000  0.00000000   1.1557749700
I    15.7348690000   22.0579323400   6.2893292600  0.00000000  0.00000000  0.00000000  -0.6377434900
I    15.7527856000   18.8454150800   9.4398189000  0.00000000  0.00000000  0.00000000  -0.6378127000
I    12.5754785100   21.9926926100   9.5057888000  0.00000000  0.00000000  0.00000000  -0.6375888100
Cs   12.6068573600   18.8698754600   12.5669308100  0.00000000  0.00000000  0.00000000   0.7566695700
Pb   15.7297347600   22.0562437800   15.7387116300  0.00000000  0.00000000  0.00000000   1.1546054900
I    15.7128271300   22.0310871100   12.5483671900  0.00000000  0.00000000  0.00000000  -0.6373385400
I    15.7543547000   18.8574161400   15.7271583500  0.00000000  0.00000000  0.00000000  -0.6368419400
I    12.5913448500   22.0049581700   15.7132569400  0.00000000  0.00000000  0.00000000  -0.6377086200
Cs   12.5660666300   18.8514531700   18.8589112500  0.00000000  0.00000000  0.00000000   0.7563016300
Pb   15.7233537700   22.0406748100   22.0084896800  0.00000000  0.00000000  0.00000000   1.1562074500
I    15.7328107500   22.0161164400   18.9133351600  0.00000000  0.00000000  0.00000000  -0.6377311000
I    15.7338611200   18.8904034000   22.0138718600  0.00000000  0.00000000  0.00000000  -0.6365897500
I    12.5641587600   22.0062398900   22.0664984600  0.00000000  0.00000000  0.00000000  -0.6377246800
Cs   18.8864380400   25.1267616400   0.0017790800  0.00000000  0.00000000  0.00000000   0.7560742700
Pb   22.0069015700   3.1361633400   3.1409308000  0.00000000  0.00000000  0.00000000   1.1562142700
I    22.0018449700   3.1271233800   0.0198421000  0.00000000  0.00000000  0.00000000  -0.6376442600
I    21.9948353900   0.0180607400   3.1552871400  0.00000000  0.00000000  0.00000000  -0.6381889900
I    18.8614412700   3.1309277900   3.1371703000  0.00000000  0.00000000  0.00000000  -0.6372696200
Cs   18.8817910000   25.1257801000   6.2891334900  0.00000000  0.00000000  0.00000000   0.7562251100
Pb   22.0074015400   3.1597173000   9.4177076700  0.00000000  0.00000000  0.00000000   1.1562633000
I    22.0309955200   3.1592459100   6.2839517300  0.00000000  0.00000000  0.00000000  -0.6379264900
I    21.9565367500   25.1502401000   9.4266441200  0.00000000  0.00000000  0.00000000  -0.6376129700
I    18.9010669200   3.1598054900   9.4414477400  0.00000000  0.00000000  0.00000000  -0.6373910600
Cs   18.8724055600   25.1576515800   12.5955209700  0.00000000  0.00000000  0.00000000   0.7563016100
Pb   22.0256304400   3.1665795000   15.6601744900  0.00000000  0.00000000  0.00000000   1.1546103800
I    22.0192146300   3.1427187300   12.5448764300  0.00000000  0.00000000  0.00000000  -0.6379918000
I    22.0389772500   0.0132555500   15.6971702700  0.00000000  0.00000000  0.00000000  -0.6368573800
I    18.8696952300   3.1760836400   15.6793672900  0.00000000  0.00000000  0.00000000  -0.6373836500
Cs   18.8897061300   25.1588873200   18.9092285200  0.00000000  0.00000000  0.00000000   0.7564572100
Pb   22.0465783300   3.1328182100   22.0291697600  0.00000000  0.00000000  0.00000000   1.1565271800
I    21.9999356800   3.1145834100   18.9113276900  0.00000000  0.00000000  0.00000000  -0.6364816500
I    21.9718816300   25.1587640500   21.9857114600  0.00000000  0.00000000  0.00000000  -0.6376744600
I    18.8582528100   3.1445970500   22.0175327500  0.00000000  0.00000000  0.00000000  -0.6362593700
Cs   18.8369257500   6.2907549200   25.1590296800  0.00000000  0.00000000  0.00000000   0.7552884600
Pb   22.0094863200   9.4056285400   3.1199304700  0.00000000  0.00000000  0.00000000   1.1574663000
I    22.0625992600   9.4426868600   0.0255721300  0.00000000  0.00000000  0.00000000  -0.6387024900
I    22.0057732900   6.2500304400   3.1300112200  0.00000000  0.00000000  0.00000000  -0.6376740500
I    18.8834253600   9.4735203700   3.1564679500  0.00000000  0.00000000  0.00000000  -0.6376543900
Cs   18.8625182200   6.2581229000   6.2868299400  0.00000000  0.00000000  0.00000000   0.7562414100
Pb   22.0095334000   9.4187151400   9.4436100900  0.00000000  0.00000000  0.00000000   1.1548214700
I    21.9925161100   9.4529491400   6.2620497600  0.00000000  0.00000000  0.00000000  -0.6368088200
I    22.0377781200   6.2851884700   9.4509565200  0.00000000  0.00000000  0.00000000  -0.6377253900
I    18.8885581400   9.3968395900   9.4479755700  0.00000000  0.00000000  0.00000000  -0.6370556900
Cs   18.8950690700   6.2772321200   12.6010723700  0.00000000  0.00000000  0.00000000   0.7563291300
Pb   21.9828175500   9.4047257600   15.6958302000  0.00000000  0.00000000  0.00000000   1.1550528800
I    22.0242568600   9.4470294400   12.6149223900  0.00000000  0.00000000  0.00000000  -0.6380052500
I    21.9886463500   6.2882535300   15.7416641900  0.00000000  0.00000000  0.00000000  -0.6386092400
I    18.8316630600   9.4747459300   15.7377780600  0.00000000  0.00000000  0.00000000  -0.6383337600
Cs   18.8431088500   6.2860529300   18.8823410100  0.00000000  0.00000000  0.00000000   0.7559568800
Pb   22.0380988800   9.4508966800   22.0736351000  0.00000000  0.00000000  0.00000000   1.1547625300
I    22.0264701300   9.4659454500   18.8716720300  0.00000000  0.00000000  0.00000000  -0.6363587000
I    22.0420685800   6.3048924700   21.9960830800  0.00000000  0.00000000  0.00000000  -0.6373057600
I    18.8750279800   9.4259050900   22.0240512700  0.00000000  0.00000000  0.00000000  -0.6381125100
Cs   18.8712004900   12.5414195500   25.1509582200  0.00000000  0.00000000  0.00000000   0.7558516300
Pb   22.0159740000   15.7006955300   3.2063318000  0.00000000  0.00000000  0.00000000   1.1580948100
I    22.0244077600   15.7117719600   25.1581165300  0.00000000  0.00000000  0.00000000  -0.6355062000
I    22.0431918700   12.5804176000   3.1488455500  0.00000000  0.00000000  0.00000000  -0.6367128600
I    18.9073364900   15.7045376100   3.1015471200  0.00000000  0.00000000  0.00000000  -0.6371781800
Cs   18.9035474900   12.5875097000   6.2782422900  0.00000000  0.00000000  0.00000000   0.7561308000
Pb   21.9944194800   15.6921431700   9.4013250600  0.00000000  0.00000000  0.00000000   1.1542969700
I    21.9890765000   15.7488324400   6.2656677800  0.00000000  0.00000000  0.00000000  -0.6386325000
I    21.9975878500   12.5940380300   9.4365744700  0.00000000  0.00000000  0.00000000  -0.6377336300
I    18.8659390300   15.6876849400   9.4446996100  0.00000000  0.00000000  0.00000000  -0.6373447000
Cs   18.8651393500   12.5953556500   12.6374929400  0.00000000  0.00000000  0.00000000   0.7563488300
Pb   22.0173865200   15.7326633300   15.7228728500  0.00000000  0.00000000  0.00000000   1.1576613600
I    22.0125607200   15.7158169300   12.6201877600  0.00000000  0.00000000  0.00000000  -0.6368472300
I    22.0325173800   12.5825523300   15.7115413600  0.00000000  0.00000000  0.00000000  -0.6365697400
I    18.8695252300   15.6995148300   15.7240096000  0.00000000  0.00000000  0.00000000  -0.6369569700
Cs   18.8662596500   12.5706257600   18.8666583900  0.00000000  0.00000000  0.00000000   0.7560358500
Pb   22.0271572300   15.6828533300   21.9942606300  0.00000000  0.00000000  0.00000000   1.1569163200
I    22.0345498100   15.7563507100   18.8707066800  0.00000000  0.00000000  0.00000000  -0.6373977700
I    22.0257564500   12.6068126500   22.0248367400  0.00000000  0.00000000  0.00000000  -0.6380463600
I    18.8807091900   15.7226326900   22.0348724400  0.00000000  0.00000000  0.00000000  -0.6372437600
Cs   18.8690595700   18.8894611200   25.1529855000  0.00000000  0.00000000  0.00000000   0.7565012100
Pb   22.0023179800   22.0363804200   3.1420116600  0.00000000  0.00000000  0.00000000   1.1551839200
I    22.0455562600   22.0148131000   25.1402033600  0.00000000  0.00000000  0.00000000  -0.6381500700
I    22.0340545300   18.8700796500   3.1099952300  0.00000000  0.00000000  0.00000000  -0.6363039500
I    18.8763853500   21.9926764000   3.1882005500  0.00000000  0.00000000  0.00000000  -0.6379273100
Cs   18.8468717900   18.8742027900   6.3105241500  0.00000000  0.00000000  0.00000000   0.7558776800
Pb   22.0287610400   22.0334972900   9.4208951600  0.00000000  0.00000000  0.00000000   1.1558023700
I    22.0313689300   21.9867737500   6.2753694800  0.00000000  0.00000000  0.00000000  -0.6373912100
I    21.9938656600   18.8798216200   9.4112869000  0.00000000  0.00000000  0.00000000  -0.6368315000
I    18.8876950600   22.0281606000   9.4113500000  0.00000000  0.00000000  0.00000000  -0.6373123000
Cs   18.8557592900   18.8946606600   12.6017411100  0.00000000  0.00000000  0.00000000   0.7562477900
Pb   22.0336398700   21.9842565700   15.7423672300  0.00000000  0.00000000  0.00000000   1.1557793100
I    22.0451611400   21.9895987900   12.5989876700  0.00000000  0.00000000  0.00000000  -0.6370016400
I    22.0160697700   18.9049555500   15.7343074800  0.00000000  0.00000000  0.00000000  -0.6374296200
I    18.8367168600   22.0116465400   15.7264739300  0.00000000  0.00000000  0.00000000  -0.6373998700
Cs   18.8975650100   18.8781983800   18.8760111000  0.00000000  0.00000000  0.00000000   0.7566401600
Pb   21.9843485800   22.0287131400   22.0458405400  0.00000000  0.00000000  0.00000000   1.1560513700
I    21.9891653500   22.0465511000   18.8721467900  0.00000000  0.00000000  0.00000000  -0.6370603000
I    21.9948559700   18.8711258700   22.0310623900  0.00000000  0.00000000  0.00000000  -0.6364813900
I    18.8766374200   22.0422519700   22.0140089700  0.00000000  0.00000000  0.00000000  -0.6377723200
# cspbi3_320atom_train_like_00006 source=scripted_perturbation label=Ewald-QEq_teacher
320
  25.3269356600  0.0000000000  0.0000000000  0.0000000000  25.1281129000  0.0000000000  0.0000000000  0.0000000000  24.7669981100
Cs   0.0000000000   0.0000000000   0.0000000000  0.00000000  0.00000000  0.00000000   0.7563149000
Pb   3.1658669600   3.1410141100   3.0958747600  0.00000000  0.00000000  0.00000000   1.1565100100
I    3.1658669600   3.1410141100   0.0000000000  0.00000000  0.00000000  0.00000000  -0.6380550400
I    3.1658669600   0.0000000000   3.0958747600  0.00000000  0.00000000  0.00000000  -0.6375177800
I    0.0000000000   3.1410141100   3.0958747600  0.00000000  0.00000000  0.00000000  -0.6372520900
Cs   0.0000000000   0.0000000000   6.1917495300  0.00000000  0.00000000  0.00000000   0.7563149000
Pb   3.1658669600   3.1410141100   9.2876242900  0.00000000  0.00000000  0.00000000   1.1565100100
I    3.1658669600   3.1410141100   6.1917495300  0.00000000  0.00000000  0.00000000  -0.6380550400
I    3.1658669600   0.0000000000   9.2876242900  0.00000000  0.00000000  0.00000000  -0.6375177800
I    0.0000000000   3.1410141100   9.2876242900  0.00000000  0.00000000  0.00000000  -0.6372520900
Cs   0.0000000000   0.0000000000   12.3834990600  0.00000000  0.00000000  0.00000000   0.7563149000
Pb   3.1658669600   3.1410141100   15.4793738200  0.00000000  0.00000000  0.00000000   1.1565100100
I    3.1658669600   3.1410141100   12.3834990600  0.00000000  0.00000000  0.00000000  -0.6380550400
I    3.1658669600   0.0000000000   15.4793738200  0.00000000  0.00000000  0.00000000  -0.6375177800
I    0.0000000000   3.1410141100   15.4793738200  0.00000000  0.00000000  0.00000000  -0.6372520900
Cs   0.0000000000   0.0000000000   18.5752485900  0.00000000  0.00000000  0.00000000   0.7563149000
Pb   3.1658669600   3.1410141100   21.6711233500  0.00000000  0.00000000  0.00000000   1.1565100100
I    3.1658669600   3.1410141100   18.5752485900  0.00000000  0.00000000  0.00000000  -0.6380550400
I    3.1658669600   0.0000000000   21.6711233500  0.00000000  0.00000000  0.00000000  -0.6375177800
I    0.0000000000   3.1410141100   21.6711233500  0.00000000  0.00000000  0.00000000  -0.6372520900
Cs   0.0000000000   6.2820282200   0.0000000000  0.00000000  0.00000000  0.00000000   0.7563149000
Pb   3.1658669600   9.4230423400   3.0958747600  0.00000000  0.00000000  0.00000000   1.1565100100
I    3.1658669600   9.4230423400   0.0000000000  0.00000000  0.00000000  0.00000000  -0.6380550400
I    3.1658669600   6.2820282200   3.0958747600  0.00000000  0.00000000  0.00000000  -0.6375177800
I    0.0000000000   9.4230423400   3.0958747600  0.00000000  0.00000000  0.00000000  -0.6372520900
Cs   0.0000000000   6.2820282200   6.1917495300  0.00000000  0.00000000  0.00000000   0.7563149000
Pb   3.1658669600   9.4230423400   9.2876242900  0.00000000  0.00000000  0.00000000   1.1565100100
I    3.1658669600   9.4230423400   6.1917495300  0.00000000  0.00000000  0.00000000  -0.6380550400
I    3.1658669600   6.2820282200   9.2876242900  0.00000000  0.00000000  0.00000000  -0.6375177800
I    0.0000000000   9.4230423400   9.2876242900  0.00000000  0.00000000  0.00000000  -0.6372520900
Cs   0.0000000000   6.2820282200   12.3834990600  0.00000000  0.00000000  0.00000000   0.7563149000
Pb   3.1658669600   9.4230423400   15.4793738200  0.00000000  0.00000000  0.00000000   1.1565100100
I    3.1658669600   9.4230423400   12.3834990600  0.00000000  0.00000000  0.00000000  -0.6380550400
I    3.1658669600   6.2820282200   15.4793738200  0.00000000  0.00000000  0.00000000  -0.6375177800
I    0.0000000000   9.4230423400   15.4793738200  0.00000000  0.00000000  0.00000000  -0.6372520900
Cs   0.0000000000   6.2820282200   18.5752485900  0.00000000  0.00000000  0.00000000   0.7563149000
Pb   3.1658669600   9.4230423400   21.6711233500  0.00000000  0.00000000  0.00000000   1.1565100100
I    3.1658669600   9.4230423400   18.5752485900  0.00000000  0.00000000  0.00000000  -0.6380550400
I    3.1658669600   6.2820282200   21.6711233500  0.00000000  0.00000000  0.00000000  -0.6375177800
I    0.0000000000   9.4230423400   21.6711233500  0.00000000  0.00000000  0.00000000  -0.6372520900
Cs   0.0000000000   12.5640564500   0.0000000000  0.00000000  0.00000000  0.00000000   0.7563149000
Pb   3.1658669600   15.7050705600   3.0958747600  0.00000000  0.00000000  0.00000000   1.1565100100
I    3.1658669600   15.7050705600   0.0000000000  0.00000000  0.00000000  0.00000000  -0.6380550400
I    3.1658669600   12.5640564500   3.0958747600  0.00000000  0.00000000  0.00000000  -0.6375177800
I    0.0000000000   15.7050705600   3.0958747600  0.00000000  0.00000000  0.00000000  -0.6372520900
Cs   0.0000000000   12.5640564500   6.1917495300  0.00000000  0.00000000  0.00000000   0.7563149000
Pb   3.1658669600   15.7050705600   9.2876242900  0.00000000  0.00000000  0.00000000   1.1565100100
I    3.1658669600   15.7050705600   6.1917495300  0.00000000  0.00000000  0.00000000  -0.6380550400
I    3.1658669600   12.5640564500   9.2876242900  0.00000000  0.00000000  0.00000000  -0.6375177800
I    0.0000000000   15.7050705600   9.2876242900  0.00000000  0.00000000  0.00000000  -0.6372520900
Cs   0.0000000000   12.5640564500   12.3834990600  0.00000000  0.00000000  0.00000000   0.7563149000
Pb   3.1658669600   15.7050705600   15.4793738200  0.00000000  0.00000000  0.00000000   1.1565100100
I    3.1658669600   15.7050705600   12.3834990600  0.00000000  0.00000000  0.00000000  -0.6380550400
I    3.1658669600   12.5640564500   15.4793738200  0.00000000  0.00000000  0.00000000  -0.6375177800
I    0.0000000000   15.7050705600   15.4793738200  0.00000000  0.00000000  0.00000000  -0.6372520900
Cs   0.0000000000   12.5640564500   18.5752485900  0.00000000  0.00000000  0.00000000   0.7563149000
Pb   3.1658669600   15.7050705600   21.6711233500  0.00000000  0.00000000  0.00000000   1.1565100100
I    3.1658669600   15.7050705600   18.5752485900  0.00000000  0.00000000  0.00000000  -0.6380550400
I    3.1658669600   12.5640564500   21.6711233500  0.00000000  0.00000000  0.00000000  -0.6375177800
I    0.0000000000   15.7050705600   21.6711233500  0.00000000  0.00000000  0.00000000  -0.6372520900
Cs   0.0000000000   18.8460846700   0.0000000000  0.00000000  0.00000000  0.00000000   0.7563149000
Pb   3.1658669600   21.9870987900   3.0958747600  0.00000000  0.00000000  0.00000000   1.1565100100
I    3.1658669600   21.9870987900   0.0000000000  0.00000000  0.00000000  0.00000000  -0.6380550400
I    3.1658669600   18.8460846700   3.0958747600  0.00000000  0.00000000  0.00000000  -0.6375177800
I    0.0000000000   21.9870987900   3.0958747600  0.00000000  0.00000000  0.00000000  -0.6372520900
Cs   0.0000000000   18.8460846700   6.1917495300  0.00000000  0.00000000  0.00000000   0.7563149000
Pb   3.1658669600   21.9870987900   9.2876242900  0.00000000  0.00000000  0.00000000   1.1565100100
I    3.1658669600   21.9870987900   6.1917495300  0.00000000  0.00000000  0.00000000  -0.6380550400
I    3.1658669600   18.8460846700   9.2876242900  0.00000000  0.00000000  0.00000000  -0.6375177800
I    0.0000000000   21.9870987900   9.2876242900  0.00000000  0.00000000  0.00000000  -0.6372520900
Cs   0.0000000000   18.8460846700   12.3834990600  0.00000000  0.00000000  0.00000000   0.7563149000
Pb   3.1658669600   21.9870987900   15.4793738200  0.00000000  0.00000000  0.00000000   1.1565100100
I    3.1658669600   21.9870987900   12.3834990600  0.00000000  0.00000000  0.00000000  -0.6380550400
I    3.1658669600   18.8460846700   15.4793738200  0.00000000  0.00000000  0.00000000  -0.6375177800
I    0.0000000000   21.9870987900   15.4793738200  0.00000000  0.00000000  0.00000000  -0.6372520900
Cs   0.0000000000   18.8460846700   18.5752485900  0.00000000  0.00000000  0.00000000   0.7563149000
Pb   3.1658669600   21.9870987900   21.6711233500  0.00000000  0.00000000  0.00000000   1.1565100100
I    3.1658669600   21.9870987900   18.5752485900  0.00000000  0.00000000  0.00000000  -0.6380550400
I    3.1658669600   18.8460846700   21.6711233500  0.00000000  0.00000000  0.00000000  -0.6375177800
I    0.0000000000   21.9870987900   21.6711233500  0.00000000  0.00000000  0.00000000  -0.6372520900
Cs   6.3317339100   0.0000000000   0.0000000000  0.00000000  0.00000000  0.00000000   0.7563149000
Pb   9.4976008700   3.1410141100   3.0958747600  0.00000000  0.00000000  0.00000000   1.1565100100
I    9.4976008700   3.1410141100   0.0000000000  0.00000000  0.00000000  0.00000000  -0.6380550400
I    9.4976008700   0.0000000000   3.0958747600  0.00000000  0.00000000  0.00000000  -0.6375177800
I    6.3317339100   3.1410141100   3.0958747600  0.00000000  0.00000000  0.00000000  -0.6372520900
Cs   6.3317339100   0.0000000000   6.1917495300  0.00000000  0.00000000  0.00000000   0.7563149000
Pb   9.4976008700   3.1410141100   9.2876242900  0.00000000  0.00000000  0.00000000   1.1565100100
I    9.4976008700   3.1410141100   6.1917495300  0.00000000  0.00000000  0.00000000  -0.6380550400
I    9.4976008700   0.0000000000   9.2876242900  0.00000000  0.00000000  0.00000000  -0.6375177800
I    6.3317339100   3.1410141100   9.2876242900  0.00000000  0.00000000  0.00000000  -0.6372520900
Cs   6.3317339100   0.0000000000   12.3834990600  0.00000000  0.00000000  0.00000000   0.7563149000
Pb   9.4976008700   3.1410141100   15.4793738200  0.00000000  0.00000000  0.00000000   1.1565100100
I    9.4976008700   3.1410141100   12.3834990600  0.00000000  0.00000000  0.00000000  -0.6380550400
I    9.4976008700   0.0000000000   15.4793738200  0.00000000  0.00000000  0.00000000  -0.6375177800
I    6.3317339100   3.1410141100   15.4793738200  0.00000000  0.00000000  0.00000000  -0.6372520900
Cs   6.3317339100   0.0000000000   18.5752485900  0.00000000  0.00000000  0.00000000   0.7563149000
Pb   9.4976008700   3.1410141100   21.6711233500  0.00000000  0.00000000  0.00000000   1.1565100100
I    9.4976008700   3.1410141100   18.5752485900  0.00000000  0.00000000  0.00000000  -0.6380550400
I    9.4976008700   0.0000000000   21.6711233500  0.00000000  0.00000000  0.00000000  -0.6375177800
I    6.3317339100   3.1410141100   21.6711233500  0.00000000  0.00000000  0.00000000  -0.6372520900
Cs   6.3317339100   6.2820282200   0.0000000000  0.00000000  0.00000000  0.00000000   0.7563149000
Pb   9.4976008700   9.4230423400   3.0958747600  0.00000000  0.00000000  0.00000000   1.1565100100
I    9.4976008700   9.4230423400   0.0000000000  0.00000000  0.00000000  0.00000000  -0.6380550400
I    9.4976008700   6.2820282200   3.0958747600  0.00000000  0.00000000  0.00000000  -0.6375177800
I    6.3317339100   9.4230423400   3.0958747600  0.00000000  0.00000000  0.00000000  -0.6372520900
Cs   6.3317339100   6.2820282200   6.1917495300  0.00000000  0.00000000  0.00000000   0.7563149000
Pb   9.4976008700   9.4230423400   9.2876242900  0.00000000  0.00000000  0.00000000   1.1565100100
I    9.4976008700   9.4230423400   6.1917495300  0.00000000  0.00000000  0.00000000  -0.6380550400
I    9.4976008700   6.2820282200   9.2876242900  0.00000000  0.00000000  0.00000000  -0.6375177800
I    6.3317339100   9.4230423400   9.2876242900  0.00000000  0.00000000  0.00000000  -0.6372520900
Cs   6.3317339100   6.2820282200   12.3834990600  0.00000000  0.00000000  0.00000000   0.7563149000
Pb   9.4976008700   9.4230423400   15.4793738200  0.00000000  0.00000000  0.00000000   1.1565100100
I    9.4976008700   9.4230423400   12.3834990600  0.00000000  0.00000000  0.00000000  -0.6380550400
I    9.4976008700   6.2820282200   15.4793738200  0.00000000  0.00000000  0.00000000  -0.6375177800
I    6.3317339100   9.4230423400   15.4793738200  0.00000000  0.00000000  0.00000000  -0.6372520900
Cs   6.3317339100   6.2820282200   18.5752485900  0.00000000  0.00000000  0.00000000   0.7563149000
Pb   9.4976008700   9.4230423400   21.6711233500  0.00000000  0.00000000  0.00000000   1.1565100100
I    9.4976008700   9.4230423400   18.5752485900  0.00000000  0.00000000  0.00000000  -0.6380550400
I    9.4976008700   6.2820282200   21.6711233500  0.00000000  0.00000000  0.00000000  -0.6375177800
I    6.3317339100   9.4230423400   21.6711233500  0.00000000  0.00000000  0.00000000  -0.6372520900
Cs   6.3317339100   12.5640564500   0.0000000000  0.00000000  0.00000000  0.00000000   0.7563149000
Pb   9.4976008700   15.7050705600   3.0958747600  0.00000000  0.00000000  0.00000000   1.1565100100
I    9.4976008700   15.7050705600   0.0000000000  0.00000000  0.00000000  0.00000000  -0.6380550400
I    9.4976008700   12.5640564500   3.0958747600  0.00000000  0.00000000  0.00000000  -0.6375177800
I    6.3317339100   15.7050705600   3.0958747600  0.00000000  0.00000000  0.00000000  -0.6372520900
Cs   6.3317339100   12.5640564500   6.1917495300  0.00000000  0.00000000  0.00000000   0.7563149000
Pb   9.4976008700   15.7050705600   9.2876242900  0.00000000  0.00000000  0.00000000   1.1565100100
I    9.4976008700   15.7050705600   6.1917495300  0.00000000  0.00000000  0.00000000  -0.6380550400
I    9.4976008700   12.5640564500   9.2876242900  0.00000000  0.00000000  0.00000000  -0.6375177800
I    6.3317339100   15.7050705600   9.2876242900  0.00000000  0.00000000  0.00000000  -0.6372520900
Cs   6.3317339100   12.5640564500   12.3834990600  0.00000000  0.00000000  0.00000000   0.7563149000
Pb   9.4976008700   15.7050705600   15.4793738200  0.00000000  0.00000000  0.00000000   1.1565100100
I    9.4976008700   15.7050705600   12.3834990600  0.00000000  0.00000000  0.00000000  -0.6380550400
I    9.4976008700   12.5640564500   15.4793738200  0.00000000  0.00000000  0.00000000  -0.6375177800
I    6.3317339100   15.7050705600   15.4793738200  0.00000000  0.00000000  0.00000000  -0.6372520900
Cs   6.3317339100   12.5640564500   18.5752485900  0.00000000  0.00000000  0.00000000   0.7563149000
Pb   9.4976008700   15.7050705600   21.6711233500  0.00000000  0.00000000  0.00000000   1.1565100100
I    9.4976008700   15.7050705600   18.5752485900  0.00000000  0.00000000  0.00000000  -0.6380550400
I    9.4976008700   12.5640564500   21.6711233500  0.00000000  0.00000000  0.00000000  -0.6375177800
I    6.3317339100   15.7050705600   21.6711233500  0.00000000  0.00000000  0.00000000  -0.6372520900
Cs   6.3317339100   18.8460846700   0.0000000000  0.00000000  0.00000000  0.00000000   0.7563149000
Pb   9.4976008700   21.9870987900   3.0958747600  0.00000000  0.00000000  0.00000000   1.1565100100
I    9.4976008700   21.9870987900   0.0000000000  0.00000000  0.00000000  0.00000000  -0.6380550400
I    9.4976008700   18.8460846700   3.0958747600  0.00000000  0.00000000  0.00000000  -0.6375177800
I    6.3317339100   21.9870987900   3.0958747600  0.00000000  0.00000000  0.00000000  -0.6372520900
Cs   6.3317339100   18.8460846700   6.1917495300  0.00000000  0.00000000  0.00000000   0.7563149000
Pb   9.4976008700   21.9870987900   9.2876242900  0.00000000  0.00000000  0.00000000   1.1565100100
I    9.4976008700   21.9870987900   6.1917495300  0.00000000  0.00000000  0.00000000  -0.6380550400
I    9.4976008700   18.8460846700   9.2876242900  0.00000000  0.00000000  0.00000000  -0.6375177800
I    6.3317339100   21.9870987900   9.2876242900  0.00000000  0.00000000  0.00000000  -0.6372520900
Cs   6.3317339100   18.8460846700   12.3834990600  0.00000000  0.00000000  0.00000000   0.7563149000
Pb   9.4976008700   21.9870987900   15.4793738200  0.00000000  0.00000000  0.00000000   1.1565100100
I    9.4976008700   21.9870987900   12.3834990600  0.00000000  0.00000000  0.00000000  -0.6380550400
I    9.4976008700   18.8460846700   15.4793738200  0.00000000  0.00000000  0.00000000  -0.6375177800
I    6.3317339100   21.9870987900   15.4793738200  0.00000000  0.00000000  0.00000000  -0.6372520900
Cs   6.3317339100   18.8460846700   18.5752485900  0.00000000  0.00000000  0.00000000   0.7563149000
Pb   9.4976008700   21.9870987900   21.6711233500  0.00000000  0.00000000  0.00000000   1.1565100100
I    9.4976008700   21.9870987900   18.5752485900  0.00000000  0.00000000  0.00000000  -0.6380550400
I    9.4976008700   18.8460846700   21.6711233500  0.00000000  0.00000000  0.00000000  -0.6375177800
I    6.3317339100   21.9870987900   21.6711233500  0.00000000  0.00000000  0.00000000  -0.6372520900
Cs   12.6634678300   0.0000000000   0.0000000000  0.00000000  0.00000000  0.00000000   0.7563149000
Pb   15.8293347900   3.1410141100   3.0958747600  0.00000000  0.00000000  0.00000000   1.1565100100
I    15.8293347900   3.1410141100   0.0000000000  0.00000000  0.00000000  0.00000000  -0.6380550400
I    15.8293347900   0.0000000000   3.0958747600  0.00000000  0.00000000  0.00000000  -0.6375177800
I    12.6634678300   3.1410141100   3.0958747600  0.00000000  0.00000000  0.00000000  -0.6372520900
Cs   12.6634678300   0.0000000000   6.1917495300  0.00000000  0.00000000  0.00000000   0.7563149000
Pb   15.8293347900   3.1410141100   9.2876242900  0.00000000  0.00000000  0.00000000   1.1565100100
I    15.8293347900   3.1410141100   6.1917495300  0.00000000  0.00000000  0.00000000  -0.6380550400
I    15.8293347900   0.0000000000   9.2876242900  0.00000000  0.00000000  0.00000000  -0.6375177800
I    12.6634678300   3.1410141100   9.2876242900  0.00000000  0.00000000  0.00000000  -0.6372520900
Cs   12.6634678300   0.0000000000   12.3834990600  0.00000000  0.00000000  0.00000000   0.7563149000
Pb   15.8293347900   3.1410141100   15.4793738200  0.00000000  0.00000000  0.00000000   1.1565100100
I    15.8293347900   3.1410141100   12.3834990600  0.00000000  0.00000000  0.00000000  -0.6380550400
I    15.8293347900   0.0000000000   15.4793738200  0.00000000  0.00000000  0.00000000  -0.6375177800
I    12.6634678300   3.1410141100   15.4793738200  0.00000000  0.00000000  0.00000000  -0.6372520900
Cs   12.6634678300   0.0000000000   18.5752485900  0.00000000  0.00000000  0.00000000   0.7563149000
Pb   15.8293347900   3.1410141100   21.6711233500  0.00000000  0.00000000  0.00000000   1.1565100100
I    15.8293347900   3.1410141100   18.5752485900  0.00000000  0.00000000  0.00000000  -0.6380550400
I    15.8293347900   0.0000000000   21.6711233500  0.00000000  0.00000000  0.00000000  -0.6375177800
I    12.6634678300   3.1410141100   21.6711233500  0.00000000  0.00000000  0.00000000  -0.6372520900
Cs   12.6634678300   6.2820282200   0.0000000000  0.00000000  0.00000000  0.00000000   0.7563149000
Pb   15.8293347900   9.4230423400   3.0958747600  0.00000000  0.00000000  0.00000000   1.1565100100
I    15.8293347900   9.4230423400   0.0000000000  0.00000000  0.00000000  0.00000000  -0.6380550400
I    15.8293347900   6.2820282200   3.0958747600  0.00000000  0.00000000  0.00000000  -0.6375177800
I    12.6634678300   9.4230423400   3.0958747600  0.00000000  0.00000000  0.00000000  -0.6372520900
Cs   12.6634678300   6.2820282200   6.1917495300  0.00000000  0.00000000  0.00000000   0.7563149000
Pb   15.8293347900   9.4230423400   9.2876242900  0.00000000  0.00000000  0.00000000   1.1565100100
I    15.8293347900   9.4230423400   6.1917495300  0.00000000  0.00000000  0.00000000  -0.6380550400
I    15.8293347900   6.2820282200   9.2876242900  0.00000000  0.00000000  0.00000000  -0.6375177800
I    12.6634678300   9.4230423400   9.2876242900  0.00000000  0.00000000  0.00000000  -0.6372520900
Cs   12.6634678300   6.2820282200   12.3834990600  0.00000000  0.00000000  0.00000000   0.7563149000
Pb   15.8293347900   9.4230423400   15.4793738200  0.00000000  0.00000000  0.00000000   1.1565100100
I    15.8293347900   9.4230423400   12.3834990600  0.00000000  0.00000000  0.00000000  -0.6380550400
I    15.8293347900   6.2820282200   15.4793738200  0.00000000  0.00000000  0.00000000  -0.6375177800
I    12.6634678300   9.4230423400   15.4793738200  0.00000000  0.00000000  0.00000000  -0.6372520900
Cs   12.6634678300   6.2820282200   18.5752485900  0.00000000  0.00000000  0.00000000   0.7563149000
Pb   15.8293347900   9.4230423400   21.6711233500  0.00000000  0.00000000  0.00000000   1.1565100100
I    15.8293347900   9.4230423400   18.5752485900  0.00000000  0.00000000  0.00000000  -0.6380550400
I    15.8293347900   6.2820282200   21.6711233500  0.00000000  0.00000000  0.00000000  -0.6375177800
I    12.6634678300   9.4230423400   21.6711233500  0.00000000  0.00000000  0.00000000  -0.6372520900
Cs   12.6634678300   12.5640564500   0.0000000000  0.00000000  0.00000000  0.00000000   0.7563149000
Pb   15.8293347900   15.7050705600   3.0958747600  0.00000000  0.00000000  0.00000000   1.1565100100
I    15.8293347900   15.7050705600   0.0000000000  0.00000000  0.00000000  0.00000000  -0.6380550400
I    15.8293347900   12.5640564500   3.0958747600  0.00000000  0.00000000  0.00000000  -0.6375177800
I    12.6634678300   15.7050705600   3.0958747600  0.00000000  0.00000000  0.00000000  -0.6372520900
Cs   12.6634678300   12.5640564500   6.1917495300  0.00000000  0.00000000  0.00000000   0.7563149000
Pb   15.8293347900   15.7050705600   9.2876242900  0.00000000  0.00000000  0.00000000   1.1565100100
I    15.8293347900   15.7050705600   6.1917495300  0.00000000  0.00000000  0.00000000  -0.6380550400
I    15.8293347900   12.5640564500   9.2876242900  0.00000000  0.00000000  0.00000000  -0.6375177800
I    12.6634678300   15.7050705600   9.2876242900  0.00000000  0.00000000  0.00000000  -0.6372520900
Cs   12.6634678300   12.5640564500   12.3834990600  0.00000000  0.00000000  0.00000000   0.7563149000
Pb   15.8293347900   15.7050705600   15.4793738200  0.00000000  0.00000000  0.00000000   1.1565100100
I    15.8293347900   15.7050705600   12.3834990600  0.00000000  0.00000000  0.00000000  -0.6380550400
I    15.8293347900   12.5640564500   15.4793738200  0.00000000  0.00000000  0.00000000  -0.6375177800
I    12.6634678300   15.7050705600   15.4793738200  0.00000000  0.00000000  0.00000000  -0.6372520900
Cs   12.6634678300   12.5640564500   18.5752485900  0.00000000  0.00000000  0.00000000   0.7563149000
Pb   15.8293347900   15.7050705600   21.6711233500  0.00000000  0.00000000  0.00000000   1.1565100100
I    15.8293347900   15.7050705600   18.5752485900  0.00000000  0.00000000  0.00000000  -0.6380550400
I    15.8293347900   12.5640564500   21.6711233500  0.00000000  0.00000000  0.00000000  -0.6375177800
I    12.6634678300   15.7050705600   21.6711233500  0.00000000  0.00000000  0.00000000  -0.6372520900
Cs   12.6634678300   18.8460846700   0.0000000000  0.00000000  0.00000000  0.00000000   0.7563149000
Pb   15.8293347900   21.9870987900   3.0958747600  0.00000000  0.00000000  0.00000000   1.1565100100
I    15.8293347900   21.9870987900   0.0000000000  0.00000000  0.00000000  0.00000000  -0.6380550400
I    15.8293347900   18.8460846700   3.0958747600  0.00000000  0.00000000  0.00000000  -0.6375177800
I    12.6634678300   21.9870987900   3.0958747600  0.00000000  0.00000000  0.00000000  -0.6372520900
Cs   12.6634678300   18.8460846700   6.1917495300  0.00000000  0.00000000  0.00000000   0.7563149000
Pb   15.8293347900   21.9870987900   9.2876242900  0.00000000  0.00000000  0.00000000   1.1565100100
I    15.8293347900   21.9870987900   6.1917495300  0.00000000  0.00000000  0.00000000  -0.6380550400
I    15.8293347900   18.8460846700   9.2876242900  0.00000000  0.00000000  0.00000000  -0.6375177800
I    12.6634678300   21.9870987900   9.2876242900  0.00000000  0.00000000  0.00000000  -0.6372520900
Cs   12.6634678300   18.8460846700   12.3834990600  0.00000000  0.00000000  0.00000000   0.7563149000
Pb   15.8293347900   21.9870987900   15.4793738200  0.00000000  0.00000000  0.00000000   1.1565100100
I    15.8293347900   21.9870987900   12.3834990600  0.00000000  0.00000000  0.00000000  -0.6380550400
I    15.8293347900   18.8460846700   15.4793738200  0.00000000  0.00000000  0.00000000  -0.6375177800
I    12.6634678300   21.9870987900   15.4793738200  0.00000000  0.00000000  0.00000000  -0.6372520900
Cs   12.6634678300   18.8460846700   18.5752485900  0.00000000  0.00000000  0.00000000   0.7563149000
Pb   15.8293347900   21.9870987900   21.6711233500  0.00000000  0.00000000  0.00000000   1.1565100100
I    15.8293347900   21.9870987900   18.5752485900  0.00000000  0.00000000  0.00000000  -0.6380550400
I    15.8293347900   18.8460846700   21.6711233500  0.00000000  0.00000000  0.00000000  -0.6375177800
I    12.6634678300   21.9870987900   21.6711233500  0.00000000  0.00000000  0.00000000  -0.6372520900
Cs   18.9952017400   0.0000000000   0.0000000000  0.00000000  0.00000000  0.00000000   0.7563149000
Pb   22.1610687000   3.1410141100   3.0958747600  0.00000000  0.00000000  0.00000000   1.1565100100
I    22.1610687000   3.1410141100   0.0000000000  0.00000000  0.00000000  0.00000000  -0.6380550400
I    22.1610687000   0.0000000000   3.0958747600  0.00000000  0.00000000  0.00000000  -0.6375177800
I    18.9952017400   3.1410141100   3.0958747600  0.00000000  0.00000000  0.00000000  -0.6372520900
Cs   18.9952017400   0.0000000000   6.1917495300  0.00000000  0.00000000  0.00000000   0.7563149000
Pb   22.1610687000   3.1410141100   9.2876242900  0.00000000  0.00000000  0.00000000   1.1565100100
I    22.1610687000   3.1410141100   6.1917495300  0.00000000  0.00000000  0.00000000  -0.6380550400
I    22.1610687000   0.0000000000   9.2876242900  0.00000000  0.00000000  0.00000000  -0.6375177800
I    18.9952017400   3.1410141100   9.2876242900  0.00000000  0.00000000  0.00000000  -0.6372520900
Cs   18.9952017400   0.0000000000   12.3834990600  0.00000000  0.00000000  0.00000000   0.7563149000
Pb   22.1610687000   3.1410141100   15.4793738200  0.00000000  0.00000000  0.00000000   1.1565100100
I    22.1610687000   3.1410141100   12.3834990600  0.00000000  0.00000000  0.00000000  -0.6380550400
I    22.1610687000   0.0000000000   15.4793738200  0.00000000  0.00000000  0.00000000  -0.6375177800
I    18.9952017400   3.1410141100   15.4793738200  0.00000000  0.00000000  0.00000000  -0.6372520900
Cs   18.9952017400   0.0000000000   18.5752485900  0.00000000  0.00000000  0.00000000   0.7563149000
Pb   22.1610687000   3.1410141100   21.6711233500  0.00000000  0.00000000  0.00000000   1.1565100100
I    22.1610687000   3.1410141100   18.5752485900  0.00000000  0.00000000  0.00000000  -0.6380550400
I    22.1610687000   0.0000000000   21.6711233500  0.00000000  0.00000000  0.00000000  -0.6375177800
I    18.9952017400   3.1410141100   21.6711233500  0.00000000  0.00000000  0.00000000  -0.6372520900
Cs   18.9952017400   6.2820282200   0.0000000000  0.00000000  0.00000000  0.00000000   0.7563149000
Pb   22.1610687000   9.4230423400   3.0958747600  0.00000000  0.00000000  0.00000000   1.1565100100
I    22.1610687000   9.4230423400   0.0000000000  0.00000000  0.00000000  0.00000000  -0.6380550400
I    22.1610687000   6.2820282200   3.0958747600  0.00000000  0.00000000  0.00000000  -0.6375177800
I    18.9952017400   9.4230423400   3.0958747600  0.00000000  0.00000000  0.00000000  -0.6372520900
Cs   18.9952017400   6.2820282200   6.1917495300  0.00000000  0.00000000  0.00000000   0.7563149000
Pb   22.1610687000   9.4230423400   9.2876242900  0.00000000  0.00000000  0.00000000   1.1565100100
I    22.1610687000   9.4230423400   6.1917495300  0.00000000  0.00000000  0.00000000  -0.6380550400
I    22.1610687000   6.2820282200   9.2876242900  0.00000000  0.00000000  0.00000000  -0.6375177800
I    18.9952017400   9.4230423400   9.2876242900  0.00000000  0.00000000  0.00000000  -0.6372520900
Cs   18.9952017400   6.2820282200   12.3834990600  0.00000000  0.00000000  0.00000000   0.7563149000
Pb   22.1610687000   9.4230423400   15.4793738200  0.00000000  0.00000000  0.00000000   1.1565100100
I    22.1610687000   9.4230423400   12.3834990600  0.00000000  0.00000000  0.00000000  -0.6380550400
I    22.1610687000   6.2820282200   15.4793738200  0.00000000  0.00000000  0.00000000  -0.6375177800
I    18.9952017400   9.4230423400   15.4793738200  0.00000000  0.00000000  0.00000000  -0.6372520900
Cs   18.9952017400   6.2820282200   18.5752485900  0.00000000  0.00000000  0.00000000   0.7563149000
Pb   22.1610687000   9.4230423400   21.6711233500  0.00000000  0.00000000  0.00000000   1.1565100100
I    22.1610687000   9.4230423400   18.5752485900  0.00000000  0.00000000  0.00000000  -0.6380550400
I    22.1610687000   6.2820282200   21.6711233500  0.00000000  0.00000000  0.00000000  -0.6375177800
I    18.9952017400   9.4230423400   21.6711233500  0.00000000  0.00000000  0.00000000  -0.6372520900
Cs   18.9952017400   12.5640564500   0.0000000000  0.00000000  0.00000000  0.00000000   0.7563149000
Pb   22.1610687000   15.7050705600   3.0958747600  0.00000000  0.00000000  0.00000000   1.1565100100
I    22.1610687000   15.7050705600   0.0000000000  0.00000000  0.00000000  0.00000000  -0.6380550400
I    22.1610687000   12.5640564500   3.0958747600  0.00000000  0.00000000  0.00000000  -0.6375177800
I    18.9952017400   15.7050705600   3.0958747600  0.00000000  0.00000000  0.00000000  -0.6372520900
Cs   18.9952017400   12.5640564500   6.1917495300  0.00000000  0.00000000  0.00000000   0.7563149000
Pb   22.1610687000   15.7050705600   9.2876242900  0.00000000  0.00000000  0.00000000   1.1565100100
I    22.1610687000   15.7050705600   6.1917495300  0.00000000  0.00000000  0.00000000  -0.6380550400
I    22.1610687000   12.5640564500   9.2876242900  0.00000000  0.00000000  0.00000000  -0.6375177800
I    18.9952017400   15.7050705600   9.2876242900  0.00000000  0.00000000  0.00000000  -0.6372520900
Cs   18.9952017400   12.5640564500   12.3834990600  0.00000000  0.00000000  0.00000000   0.7563149000
Pb   22.1610687000   15.7050705600   15.4793738200  0.00000000  0.00000000  0.00000000   1.1565100100
I    22.1610687000   15.7050705600   12.3834990600  0.00000000  0.00000000  0.00000000  -0.6380550400
I    22.1610687000   12.5640564500   15.4793738200  0.00000000  0.00000000  0.00000000  -0.6375177800
I    18.9952017400   15.7050705600   15.4793738200  0.00000000  0.00000000  0.00000000  -0.6372520900
Cs   18.9952017400   12.5640564500   18.5752485900  0.00000000  0.00000000  0.00000000   0.7563149000
Pb   22.1610687000   15.7050705600   21.6711233500  0.00000000  0.00000000  0.00000000   1.1565100100
I    22.1610687000   15.7050705600   18.5752485900  0.00000000  0.00000000  0.00000000  -0.6380550400
I    22.1610687000   12.5640564500   21.6711233500  0.00000000  0.00000000  0.00000000  -0.6375177800
I    18.9952017400   15.7050705600   21.6711233500  0.00000000  0.00000000  0.00000000  -0.6372520900
Cs   18.9952017400   18.8460846700   0.0000000000  0.00000000  0.00000000  0.00000000   0.7563149000
Pb   22.1610687000   21.9870987900   3.0958747600  0.00000000  0.00000000  0.00000000   1.1565100100
I    22.1610687000   21.9870987900   0.0000000000  0.00000000  0.00000000  0.00000000  -0.6380550400
I    22.1610687000   18.8460846700   3.0958747600  0.00000000  0.00000000  0.00000000  -0.6375177800
I    18.9952017400   21.9870987900   3.0958747600  0.00000000  0.00000000  0.00000000  -0.6372520900
Cs   18.9952017400   18.8460846700   6.1917495300  0.00000000  0.00000000  0.00000000   0.7563149000
Pb   22.1610687000   21.9870987900   9.2876242900  0.00000000  0.00000000  0.00000000   1.1565100100
I    22.1610687000   21.9870987900   6.1917495300  0.00000000  0.00000000  0.00000000  -0.6380550400
I    22.1610687000   18.8460846700   9.2876242900  0.00000000  0.00000000  0.00000000  -0.6375177800
I    18.9952017400   21.9870987900   9.2876242900  0.00000000  0.00000000  0.00000000  -0.6372520900
Cs   18.9952017400   18.8460846700   12.3834990600  0.00000000  0.00000000  0.00000000   0.7563149000
Pb   22.1610687000   21.9870987900   15.4793738200  0.00000000  0.00000000  0.00000000   1.1565100100
I    22.1610687000   21.9870987900   12.3834990600  0.00000000  0.00000000  0.00000000  -0.6380550400
I    22.1610687000   18.8460846700   15.4793738200  0.00000000  0.00000000  0.00000000  -0.6375177800
I    18.9952017400   21.9870987900   15.4793738200  0.00000000  0.00000000  0.00000000  -0.6372520900
Cs   18.9952017400   18.8460846700   18.5752485900  0.00000000  0.00000000  0.00000000   0.7563149000
Pb   22.1610687000   21.9870987900   21.6711233500  0.00000000  0.00000000  0.00000000   1.1565100100
I    22.1610687000   21.9870987900   18.5752485900  0.00000000  0.00000000  0.00000000  -0.6380550400
I    22.1610687000   18.8460846700   21.6711233500  0.00000000  0.00000000  0.00000000  -0.6375177800
I    18.9952017400   21.9870987900   21.6711233500  0.00000000  0.00000000  0.00000000  -0.6372520900
# cspbi3_320atom_train_like_00007 source=scripted_perturbation label=Ewald-QEq_teacher
320
  25.1600000000  0.0000000000  0.0000000000  0.0000000000  25.1600000000  0.0000000000  0.0000000000  0.0000000000  25.1600000000
Cs   0.0000000000   0.0000000000   0.0000000000  0.00000000  0.00000000  0.00000000   0.7561393200
Pb   3.1329843000   3.1431492400   3.1590012500  0.00000000  0.00000000  0.00000000   1.1585869400
I    3.1127202700   3.2022231400   0.0011748600  0.00000000  0.00000000  0.00000000  -0.6359094100
I    3.1691387000   0.0763485600   3.1788870800  0.00000000  0.00000000  0.00000000  -0.6362977400
I    25.1141888400   3.1353057900   3.2098122400  0.00000000  0.00000000  0.00000000  -0.6376692600
Cs   0.0000000000   0.0000000000   6.2900000000  0.00000000  0.00000000  0.00000000   0.7581012900
Pb   3.1725320900   3.0806276300   9.4987943500  0.00000000  0.00000000  0.00000000   1.1562119500
I    3.1098937700   3.1897446500   6.2872219700  0.00000000  0.00000000  0.00000000  -0.6362128500
I    3.1071372900   25.1452645400   9.3989474300  0.00000000  0.00000000  0.00000000  -0.6394288000
I    0.0019299300   3.2866594600   9.3959247300  0.00000000  0.00000000  0.00000000  -0.6358526500
Cs   0.0000000000   0.0000000000   12.5800000000  0.00000000  0.00000000  0.00000000   0.7552405800
Pb   3.1549339600   3.1724016600   15.6806552800  0.00000000  0.00000000  0.00000000   1.1578013100
I    3.1844673100   3.1683409400   12.5850949500  0.00000000  0.00000000  0.00000000  -0.6384825500
I    3.1514872500   0.0601601100   15.7637813600  0.00000000  0.00000000  0.00000000  -0.6371195200
I    0.0970340200   3.1087068000   15.7216074400  0.00000000  0.00000000  0.00000000  -0.6365954500
Cs   0.0000000000   0.0000000000   18.8700000000  0.00000000  0.00000000  0.00000000   0.7553356400
Pb   3.0699523100   3.1952040400   21.9557853500  0.00000000  0.00000000  0.00000000   1.1555394400
I    3.0875107100   3.0824152200   18.9026698300  0.00000000  0.00000000  0.00000000  -0.6378722400
I    3.1980971400   0.0041175400   22.1128935700  0.00000000  0.00000000  0.00000000  -0.6358709200
I    25.0960423500   3.1347592000   22.0206017300  0.00000000  0.00000000  0.00000000  -0.6388184700
Cs   0.0000000000   6.2900000000   0.0000000000  0.00000000  0.00000000  0.00000000   0.7568508300
Pb   3.2585806400   9.4701679700   3.1347016000  0.00000000  0.00000000  0.00000000   1.1560982800
I    3.0758524900   9.4863354900   0.0711728000  0.00000000  0.00000000  0.00000000  -0.6366731700
I    3.1529391800   6.2372290500   3.1500153200  0.00000000  0.00000000  0.00000000  -0.6369385800
I    25.0535770500   9.4442089100   3.1654663400  0.00000000  0.00000000  0.00000000  -0.6364691100
Cs   0.0000000000   6.2900000000   6.2900000000  0.00000000  0.00000000  0.00000000   0.7570365200
Pb   3.1537387600   9.4112637400   9.3211227200  0.00000000  0.00000000  0.00000000   1.1616138900
I    3.1437061000   9.5117926200   6.3368914500  0.00000000  0.00000000  0.00000000  -0.6387480400
I    3.1657398300   6.2887731500   9.5022035800  0.00000000  0.00000000  0.00000000  -0.6363290600
I    0.0359958600   9.4602673800   9.4925429100  0.00000000  0.00000000  0.00000000  -0.6365908200
Cs   0.0000000000   6.2900000000   12.5800000000  0.00000000  0.00000000  0.00000000   0.7580548800
Pb   3.1773449700   9.4733228700   15.7310490700  0.00000000  0.00000000  0.00000000   1.1549514700
I    3.1264437900   9.5367773000   12.4937691500  0.00000000  0.00000000  0.00000000  -0.6350206700
I    3.1567020400   6.2662844800   15.6452496300  0.00000000  0.00000000  0.00000000  -0.6374075400
I    0.0370890700   9.3976508900   15.7891132400  0.00000000  0.00000000  0.00000000  -0.6371824000
Cs   0.0000000000   6.2900000000   18.8700000000  0.00000000  0.00000000  0.00000000   0.7565056100
Pb   3.2354024600   9.4520546000   21.9858302700  0.00000000  0.00000000  0.00000000   1.1549349000
I    3.1514564700   9.4373748000   18.8290557700  0.00000000  0.00000000  0.00000000  -0.6377869700
I    3.0974481100   6.2683741300   22.0163694100  0.00000000  0.00000000  0.00000000  -0.6383837800
I    25.1373095000   9.5230962100   22.0534410900  0.00000000  0.00000000  0.00000000  -0.6344834700
Cs   0.0000000000   12.5800000000   0.0000000000  0.00000000  0.00000000  0.00000000   0.7585643800
Pb   3.1754992400   15.7693055200   3.0658835600  0.00000000  0.00000000  0.00000000   1.1584168500
I    3.2108053500   15.7223048000   0.0625573100  0.00000000  0.00000000  0.00000000  -0.6365106400
I    3.1661782500   12.5489578300   3.0742364700  0.00000000  0.00000000  0.00000000  -0.6368062600
I    25.1067578100   15.7713064600   3.1885004000  0.00000000  0.00000000  0.00000000  -0.6366403000
Cs   0.0000000000   12.5800000000   6.2900000000  0.00000000  0.00000000  0.00000000   0.7564520800
Pb   3.1631080400   15.7430436400   9.3367764200  0.00000000  0.00000000  0.00000000   1.1591017900
I    3.0574498800   15.6678088100   6.3056430200  0.00000000  0.00000000  0.00000000  -0.6369889600
I    3.1576007800   12.5168333300   9.3830570100  0.00000000  0.00000000  0.00000000  -0.6349357900
I    0.0210237900   15.7131015000   9.4899834100  0.00000000  0.00000000  0.00000000  -0.6356403200
Cs   0.0000000000   12.5800000000   12.5800000000  0.00000000  0.00000000  0.00000000   0.7571121600
Pb   3.2279069400   15.7306278000   15.7471297300  0.00000000  0.00000000  0.00000000   1.1543692800
I    3.0646618800   15.7307143000   12.5477232500  0.00000000  0.00000000  0.00000000  -0.6354520200
I    3.2321089700   12.5946271500   15.7601889600  0.00000000  0.00000000  0.00000000  -0.6381391900
I    25.1401995400   15.7704459300   15.6977780500  0.00000000  0.00000000  0.00000000  -0.6371385100
Cs   0.0000000000   12.5800000000   18.8700000000  0.00000000  0.00000000  0.00000000   0.7565848700
Pb   3.1165036200   15.6941162700   21.8836016300  0.00000000  0.00000000  0.00000000   1.1527075500
I    3.0918117400   15.7333874400   18.8538672000  0.00000000  0.00000000  0.00000000  -0.6401787400
I    3.0480663200   12.5215508700   22.0027120300  0.00000000  0.00000000  0.00000000  -0.6378764700
I    25.1358738800   15.6836244600   21.9941036200  0.00000000  0.00000000  0.00000000  -0.6373991700
Cs   0.0000000000   18.8700000000   0.0000000000  0.00000000  0.00000000  0.00000000   0.7569376300
Pb   3.2049796400   21.9817044500   3.1563455100  0.00000000  0.00000000  0.00000000   1.1583421800
I    3.2318750500   21.9914727900   25.1371630100  0.00000000  0.00000000  0.00000000  -0.6355270200
I    3.1702616800   18.8701053500   3.1183036400  0.00000000  0.00000000  0.00000000  -0.6372322900
I    0.1425434200   22.0547821000   3.1242131000  0.00000000  0.00000000  0.00000000  -0.6366019300
Cs   0.0000000000   18.8700000000   6.2900000000  0.00000000  0.00000000  0.00000000   0.7565715300
Pb   3.0989016400   22.0757657400   9.4381130200  0.00000000  0.00000000  0.00000000   1.1525376100
I    3.1564669900   21.9852817200   6.2709353100  0.00000000  0.00000000  0.00000000  -0.6369724000
I    3.1354289200   18.7882232700   9.4096403100  0.00000000  0.00000000  0.00000000  -0.6370398400
I    25.1241286800   22.1089981100   9.3299127500  0.00000000  0.00000000  0.00000000  -0.6379267500
Cs   0.0000000000   18.8700000000   12.5800000000  0.00000000  0.00000000  0.00000000   0.7567678000
Pb   3.1695046300   22.0077836700   15.7428235800  0.00000000  0.00000000  0.00000000   1.1535464500
I    3.1338887900   22.0579620300   12.6601447800  0.00000000  0.00000000  0.00000000  -0.6378587700
I    3.1452247200   18.8892220400   15.6218374000  0.00000000  0.00000000  0.00000000  -0.6377891200
I    25.1571086800   21.9342263700   15.7115563400  0.00000000  0.00000000  0.00000000  -0.6380600700
Cs   0.0000000000   18.8700000000   18.8700000000  0.00000000  0.00000000  0.00000000   0.7550492600
Pb   3.2113794500   22.0006546700   21.9727135800  0.00000000  0.00000000  0.00000000   1.1585619600
I    3.0672502400   22.0616805700   18.9320483800  0.00000000  0.00000000  0.00000000  -0.6389328200
I    3.1356840800   18.8539334800   22.0410170800  0.00000000  0.00000000  0.00000000  -0.6372009000
I    0.0319679200   22.0077724000   21.9891853400  0.00000000  0.00000000  0.00000000  -0.6367154000
Cs   6.2900000000   0.0000000000   0.0000000000  0.00000000  0.00000000  0.00000000   0.7595222400
Pb   9.5303032300   3.1630730800   3.1272753700  0.00000000  0.00000000  0.00000000   1.1567057500
I    9.3895500100   3.0895765100   25.1291906400  0.00000000  0.00000000  0.00000000  -0.6368034600
I    9.4423178600   0.0064000000   3.0434489500  0.00000000  0.00000000  0.00000000  -0.6353579800
I    6.3239929500   3.1015623600   3.1244595100  0.00000000  0.00000000  0.00000000  -0.6353909500
Cs   6.2900000000   0.0000000000   6.2900000000  0.00000000  0.00000000  0.00000000   0.7567259600
Pb   9.4792965100   3.1617697100   9.5129018700  0.00000000  0.00000000  0.00000000   1.1502574100
I    9.4614603700   3.1479313600   6.2737354800  0.00000000  0.00000000  0.00000000  -0.6369827300
I    9.3905052500   0.0550407500   9.4659904000  0.00000000  0.00000000  0.00000000  -0.6383556200
I    6.2439601200   3.1156841000   9.4615378200  0.00000000  0.00000000  0.00000000  -0.6380070900
Cs   6.2900000000   0.0000000000   12.5800000000  0.00000000  0.00000000  0.00000000   0.7547261700
Pb   9.3895562400   3.1175715000   15.7656983600  0.00000000  0.00000000  0.00000000   1.1536576400
I    9.3881125100   3.1179679400   12.6927298700  0.00000000  0.00000000  0.00000000  -0.6389927900
I    9.3803722200   25.1351084900   15.7534292900  0.00000000  0.00000000  0.00000000  -0.6390980500
I    6.3053652300   3.1626061400   15.7503932200  0.00000000  0.00000000  0.00000000  -0.6383825000
Cs   6.2900000000   0.0000000000   18.8700000000  0.00000000  0.00000000  0.00000000   0.7558252000
Pb   9.4223332700   3.1927557700   22.0055997700  0.00000000  0.00000000  0.00000000   1.1537738000
I    9.4397555300   3.0791269000   18.8566247300  0.00000000  0.00000000  0.00000000  -0.6392774400
I    9.4405443300   0.0149149600   22.0065020600  0.00000000  0.00000000  0.00000000  -0.6380266300
I    6.3138735700   3.1124665000   22.0262953500  0.00000000  0.00000000  0.00000000  -0.6366426000
Cs   6.2900000000   6.2900000000   0.0000000000  0.00000000  0.00000000  0.00000000   0.7563528600
Pb   9.4626350700   9.5296883400   3.1468781900  0.00000000  0.00000000  0.00000000   1.1541457300
I    9.4659271600   9.4685538100   25.1169615800  0.00000000  0.00000000  0.00000000  -0.6364323600
I    9.4816140100   6.3447413400   3.1419434600  0.00000000  0.00000000  0.00000000  -0.6368281400
I    6.2115311300   9.3819412000   3.0941251400  0.00000000  0.00000000  0.00000000  -0.6391605000
Cs   6.2900000000   6.2900000000   6.2900000000  0.00000000  0.00000000  0.00000000   0.7544603100
Pb   9.5142133000   9.4325164900   9.3910880300  0.00000000  0.00000000  0.00000000   1.1587504900
I    9.4491969800   9.5837198800   6.2653057300  0.00000000  0.00000000  0.00000000  -0.6378341000
I    9.4858224900   6.4111092900   9.4016838500  0.00000000  0.00000000  0.00000000  -0.6391557800
I    6.2847292800   9.5454984400   9.4797539000  0.00000000  0.00000000  0.00000000  -0.6357553500
Cs   6.2900000000   6.2900000000   12.5800000000  0.00000000  0.00000000  0.00000000   0.7555229200
Pb   9.5173741900   9.4077307100   15.7710479200  0.00000000  0.00000000  0.00000000   1.1543192500
I    9.4947503900   9.4521095000   12.5492377300  0.00000000  0.00000000  0.00000000  -0.6360474000
I    9.4515501500   6.3498466600   15.7201942900  0.00000000  0.00000000  0.00000000  -0.6382630600
I    6.3180444500   9.4475114900   15.8446369000  0.00000000  0.00000000  0.00000000  -0.6370902800
Cs   6.2900000000   6.2900000000   18.8700000000  0.00000000  0.00000000  0.00000000   0.7540941400
Pb   9.6072066800   9.4542963100   21.8936075900  0.00000000  0.00000000  0.00000000   1.1553606400
I    9.4401340900   9.4068607100   18.8875920400  0.00000000  0.00000000  0.00000000  -0.6407482200
I    9.4263282300   6.3788340500   22.0515987000  0.00000000  0.00000000  0.00000000  -0.6387056400
I    6.2753916800   9.4657245300   21.9668507500  0.00000000  0.00000000  0.00000000  -0.6372186300
Cs   6.2900000000   12.5800000000   0.0000000000  0.00000000  0.00000000  0.00000000   0.7557051100
Pb   9.5706803500   15.6954028500   3.1013197000  0.00000000  0.00000000  0.00000000   1.1560984400
I    9.3697889000   15.8026428800   0.0993776100  0.00000000  0.00000000  0.00000000  -0.6378433300
I    9.4384102400   12.6116582000   3.1345682500  0.00000000  0.00000000  0.00000000  -0.6393144300
I    6.2204194000   15.7964201700   3.1079336000  0.00000000  0.00000000  0.00000000  -0.6355726900
Cs   6.2900000000   12.5800000000   6.2900000000  0.00000000  0.00000000  0.00000000   0.7571748600
Pb   9.4285708800   15.6909982900   9.4316248400  0.00000000  0.00000000  0.00000000   1.1615441800
I    9.3671260600   15.7098810400   6.3639963900  0.00000000  0.00000000  0.00000000  -0.6361751700
I    9.4953526900   12.5662402400   9.4903760200  0.00000000  0.00000000  0.00000000  -0.6360068600
I    6.3254639000   15.6453841500   9.3499647900  0.00000000  0.00000000  0.00000000  -0.6365533800
Cs   6.2900000000   12.5800000000   12.5800000000  0.00000000  0.00000000  0.00000000   0.7574563100
Pb   9.3877004100   15.6952001800   15.7724293000  0.00000000  0.00000000  0.00000000   1.1564301300
I    9.4273448100   15.7628778500   12.5516651100  0.00000000  0.00000000  0.00000000  -0.6357392200
I    9.3921616800   12.6173449600   15.6525661700  0.00000000  0.00000000  0.00000000  -0.6383961600
I    6.2704455600   15.8165607500   15.8340316300  0.00000000  0.00000000  0.00000000  -0.6394886400
Cs   6.2900000000   12.5800000000   18.8700000000  0.00000000  0.00000000  0.00000000   0.7542217700
Pb   9.4148731000   15.6259473300   21.9679578300  0.00000000  0.00000000  0.00000000   1.1521252500
I    9.4338360100   15.7512429200   18.8328427900  0.00000000  0.00000000  0.00000000  -0.6393799500
I    9.3219639600   12.6038551900   21.9912908200  0.00000000  0.00000000  0.00000000  -0.6403331100
I    6.3031373400   15.7735084700   21.9529001800  0.00000000  0.00000000  0.00000000  -0.6379931100
Cs   6.2900000000   18.8700000000   0.0000000000  0.00000000  0.00000000  0.00000000   0.7589126600
Pb   9.4107263900   21.9534992800   3.0974669100  0.00000000  0.00000000  0.00000000   1.1598768800
I    9.3631887100   21.9809956000   0.0549002400  0.00000000  0.00000000  0.00000000  -0.6365794800
I    9.5055244700   18.9132622000   3.1671175100  0.00000000  0.00000000  0.00000000  -0.6370429100
I    6.3255249300   21.9538444200   3.1895945000  0.00000000  0.00000000  0.00000000  -0.6372019400
Cs   6.2900000000   18.8700000000   6.2900000000  0.00000000  0.00000000  0.00000000   0.7579442700
Pb   9.4414669100   22.0586897000   9.5217845000  0.00000000  0.00000000  0.00000000   1.1555432100
I    9.4272743100   22.0044296900   6.3239323800  0.00000000  0.00000000  0.00000000  -0.6351097500
I    9.3767600900   18.8415817000   9.4892650300  0.00000000  0.00000000  0.00000000  -0.6352323000
I    6.2679979800   22.0116878400   9.4732711900  0.00000000  0.00000000  0.00000000  -0.6368786200
Cs   6.2900000000   18.8700000000   12.5800000000  0.00000000  0.00000000  0.00000000   0.7570635900
Pb   9.5325996300   22.0811434600   15.6408286300  0.00000000  0.00000000  0.00000000   1.1557917900
I    9.4438271000   21.9420449000   12.5873975000  0.00000000  0.00000000  0.00000000  -0.6394363200
I    9.5194978100   18.8093841800   15.6389765400  0.00000000  0.00000000  0.00000000  -0.6355693000
I    6.3399159800   22.0429023800   15.7062090100  0.00000000  0.00000000  0.00000000  -0.6369831200
Cs   6.2900000000   18.8700000000   18.8700000000  0.00000000  0.00000000  0.00000000   0.7544541300
Pb   9.4366305000   22.1268953200   21.9681181200  0.00000000  0.00000000  0.00000000   1.1557075200
I    9.4075965300   21.9911200500   18.8643153100  0.00000000  0.00000000  0.00000000  -0.6370191900
I    9.5338991400   18.8815639700   22.0023076200  0.00000000  0.00000000  0.00000000  -0.6346340400
I    6.2634682000   22.0559289600   22.0862695300  0.00000000  0.00000000  0.00000000  -0.6376369500
Cs   12.5800000000   0.0000000000   0.0000000000  0.00000000  0.00000000  0.00000000   0.7565503000
Pb   15.7003847400   3.1210031200   3.1911061800  0.00000000  0.00000000  0.00000000   1.1575647300
I    15.6534074700   3.1883197100   25.1380264200  0.00000000  0.00000000  0.00000000  -0.6367155700
I    15.6060734500   0.0079648500   3.1968652900  0.00000000  0.00000000  0.00000000  -0.6361316300
I    12.5705924500   3.1415747100   3.1008623900  0.00000000  0.00000000  0.00000000  -0.6384532300
Cs   12.5800000000   0.0000000000   6.2900000000  0.00000000  0.00000000  0.00000000   0.7575828500
Pb   15.7625494000   3.1806641600   9.4071717000  0.00000000  0.00000000  0.00000000   1.1552343400
I    15.7641464000   3.1282641000   6.3033321600  0.00000000  0.00000000  0.00000000  -0.6379445500
I    15.7325224200   0.0114341700   9.4434695700  0.00000000  0.00000000  0.00000000  -0.6359384300
I    12.5591466500   3.1277201900   9.4996456900  0.00000000  0.00000000  0.00000000  -0.6385850700
Cs   12.5800000000   0.0000000000   12.5800000000  0.00000000  0.00000000  0.00000000   0.7542902900
Pb   15.6921515400   3.1389915400   15.6830794900  0.00000000  0.00000000  0.00000000   1.1600663200
I    15.6908400800   3.1797027100   12.6602406400  0.00000000  0.00000000  0.00000000  -0.6372116100
I    15.7760343900   0.0037776300   15.6742069200  0.00000000  0.00000000  0.00000000  -0.6364250800
I    12.6247533300   3.1656034100   15.7162482600  0.00000000  0.00000000  0.00000000  -0.6381880800
Cs   12.5800000000   0.0000000000   18.8700000000  0.00000000  0.00000000  0.00000000   0.7547439900
Pb   15.6526925000   3.1683924500   22.0110266900  0.00000000  0.00000000  0.00000000   1.1563101100
I    15.8436749200   3.1390112600   18.9101395900  0.00000000  0.00000000  0.00000000  -0.6365397100
I    15.7601738900   25.0240615000   22.0009938200  0.00000000  0.00000000  0.00000000  -0.6373991000
I    12.5868424500   3.1230034600   22.0378764100  0.00000000  0.00000000  0.00000000  -0.6391332300
Cs   12.5800000000   6.2900000000   0.0000000000  0.00000000  0.00000000  0.00000000   0.7552073400
Pb   15.7950564200   9.4596368300   3.1093816300  0.00000000  0.00000000  0.00000000   1.1551570400
I    15.7185444700   9.5669585800   0.0255042700  0.00000000  0.00000000  0.00000000  -0.6382415200
I    15.6946755000   6.2853488600   3.1454671100  0.00000000  0.00000000  0.00000000  -0.6362977900
I    12.5633258500   9.4056465800   3.2480524200  0.00000000  0.00000000  0.00000000  -0.6367701200
Cs   12.5800000000   6.2900000000   6.2900000000  0.00000000  0.00000000  0.00000000   0.7553683900
Pb   15.7362369600   9.4111021700   9.4546696700  0.00000000  0.00000000  0.00000000   1.1562147100
I    15.7556964700   9.3884512500   6.3061413600  0.00000000  0.00000000  0.00000000  -0.6365160800
I    15.7720654900   6.2747882700   9.4408909400  0.00000000  0.00000000  0.00000000  -0.6386133700
I    12.5696399600   9.5413046500   9.3766637700  0.00000000  0.00000000  0.00000000  -0.6378007800
Cs   12.5800000000   6.2900000000   12.5800000000  0.00000000  0.00000000  0.00000000   0.7546448900
Pb   15.7657124500   9.5185875000   15.7260895800  0.00000000  0.00000000  0.00000000   1.1534605700
I    15.7719376000   9.4544219300   12.5028764200  0.00000000  0.00000000  0.00000000  -0.6384149500
I    15.7976090300   6.2509724300   15.6929993500  0.00000000  0.00000000  0.00000000  -0.6362890900
I    12.5517578900   9.3885364400   15.7141608700  0.00000000  0.00000000  0.00000000  -0.6393889000
Cs   12.5800000000   6.2900000000   18.8700000000  0.00000000  0.00000000  0.00000000   0.7521353600
Pb   15.7338621600   9.4128495000   22.0100179800  0.00000000  0.00000000  0.00000000   1.1521048900
I    15.7488693100   9.4877663800   18.8264640800  0.00000000  0.00000000  0.00000000  -0.6384680500
I    15.7183599600   6.2431056300   21.9895817200  0.00000000  0.00000000  0.00000000  -0.6383992900
I    12.5229176100   9.4562470700   22.0595706400  0.00000000  0.00000000  0.00000000  -0.6412998200
Cs   12.5800000000   12.5800000000   0.0000000000  0.00000000  0.00000000  0.00000000   0.7535503200
Pb   15.7467124200   15.7448480700   3.0852314000  0.00000000  0.00000000  0.00000000   1.1522029200
I    15.6805161700   15.8293281800   0.0186640700  0.00000000  0.00000000  0.00000000  -0.6389030800
I    15.6923872600   12.5851017700   3.1096075500  0.00000000  0.00000000  0.00000000  -0.6380057000
I    12.5258728000   15.6660036100   3.2266706500  0.00000000  0.00000000  0.00000000  -0.6398256100
Cs   12.5800000000   12.5800000000   6.2900000000  0.00000000  0.00000000  0.00000000   0.7569480600
Pb   15.6924527700   15.6815155200   9.4153433000  0.00000000  0.00000000  0.00000000   1.1536960000
I    15.7780266800   15.6681925800   6.2803405700  0.00000000  0.00000000  0.00000000  -0.6377793700
I    15.7252731300   12.5363245000   9.4429077300  0.00000000  0.00000000  0.00000000  -0.6376332800
I    12.5367773100   15.7155824800   9.4324585600  0.00000000  0.00000000  0.00000000  -0.6373840800
Cs   12.5800000000   12.5800000000   12.5800000000  0.00000000  0.00000000  0.00000000   0.7561465100
Pb   15.6712456800   15.6633110400   15.7986460800  0.00000000  0.00000000  0.00000000   1.1552435300
I    15.8343022900   15.7243150700   12.5979120800  0.00000000  0.00000000  0.00000000  -0.6362457400
I    15.7236948900   12.5665655800   15.7122352500  0.00000000  0.00000000  0.00000000  -0.6399388700
I    12.5858506100   15.7143558400   15.6958921300  0.00000000  0.00000000  0.00000000  -0.6377094000
Cs   12.5800000000   12.5800000000   18.8700000000  0.00000000  0.00000000  0.00000000   0.7507134500
Pb   15.6842420700   15.7182537600   22.0041781500  0.00000000  0.00000000  0.00000000   1.1523686500
I    15.7130434500   15.6888933800   18.8761067600  0.00000000  0.00000000  0.00000000  -0.6391710000
I    15.7433712900   12.4833940500   22.0748166100  0.00000000  0.00000000  0.00000000  -0.6382435400
I    12.5820331500   15.6946108900   22.0549627300  0.00000000  0.00000000  0.00000000  -0.6391314500
Cs   12.5800000000   18.8700000000   0.0000000000  0.00000000  0.00000000  0.00000000   0.7551296200
Pb   15.7565679400   21.9015897100   3.0780221200  0.00000000  0.00000000  0.00000000   1.1539589100
I    15.7855486600   22.0436388800   25.1199770700  0.00000000  0.00000000  0.00000000  -0.6390000900
I    15.7949241100   18.8623715000   3.1040266100  0.00000000  0.00000000  0.00000000  -0.6402353100
I    12.5750459400   22.0412531500   3.1500904900  0.00000000  0.00000000  0.00000000  -0.6364390800
Cs   12.5800000000   18.8700000000   6.2900000000  0.00000000  0.00000000  0.00000000   0.7560377700
Pb   15.8132021600   21.9794245600   9.4289523400  0.00000000  0.00000000  0.00000000   1.1594780800
I    15.7380206300   22.0639483600   6.3401030700  0.00000000  0.00000000  0.00000000  -0.6362927000
I    15.6606101600   18.8927683300   9.4376172900  0.00000000  0.00000000  0.00000000  -0.6370281700
I    12.5689851300   22.0144770200   9.3866237000  0.00000000  0.00000000  0.00000000  -0.6360772200
Cs   12.5800000000   18.8700000000   12.5800000000  0.00000000  0.00000000  0.00000000   0.7579675800
Pb   15.7366149300   21.9733547300   15.6949285500  0.00000000  0.00000000  0.00000000   1.1573028300
I    15.7737530500   21.9624126000   12.5825691400  0.00000000  0.00000000  0.00000000  -0.6369832500
I    15.6880896100   18.8868135900   15.7246266000  0.00000000  0.00000000  0.00000000  -0.6366392700
I    12.5762705400   22.0196291700   15.6999445200  0.00000000  0.00000000  0.00000000  -0.6386280700
Cs   12.5800000000   18.8700000000   18.8700000000  0.00000000  0.00000000  0.00000000   0.7572550700
Pb   15.7816576800   22.0395066800   22.0498198500  0.00000000  0.00000000  0.00000000   1.1612646400
I    15.7332771900   22.0269520600   18.8967361900  0.00000000  0.00000000  0.00000000  -0.6354531800
I    15.7337851200   18.9344335500   21.9446459300  0.00000000  0.00000000  0.00000000  -0.6367374500
I    12.5669446600   21.9751242700   21.9539454200  0.00000000  0.00000000  0.00000000  -0.6362060000
Cs   18.8700000000   0.0000000000   0.0000000000  0.00000000  0.00000000  0.00000000   0.7539709800
Pb   22.0860724200   3.1680701400   3.1640671500  0.00000000  0.00000000  0.00000000   1.1575810900
I    22.0345219600   3.1300271100   0.0085618200  0.00000000  0.00000000  0.00000000  -0.6375834300
I    22.0889155400   0.0455302000   3.1667222100  0.00000000  0.00000000  0.00000000  -0.6368999600
I    18.7851153300   3.2232081000   3.1663005200  0.00000000  0.00000000  0.00000000  -0.6360094700
Cs   18.8700000000   0.0000000000   6.2900000000  0.00000000  0.00000000  0.00000000   0.7569532400
Pb   21.9693900100   3.1582401300   9.3859693700  0.00000000  0.00000000  0.00000000   1.1574633400
I    22.0464184800   3.0948738000   6.2552649400  0.00000000  0.00000000  0.00000000  -0.6374280000
I    21.9485320800   0.0063517100   9.4849363300  0.00000000  0.00000000  0.00000000  -0.6366877200
I    18.8325597800   3.0612939800   9.4059430300  0.00000000  0.00000000  0.00000000  -0.6379190400
Cs   18.8700000000   0.0000000000   12.5800000000  0.00000000  0.00000000  0.00000000   0.7577609700
Pb   21.9767873200   3.0931659400   15.7370035100  0.00000000  0.00000000  0.00000000   1.1563989900
I    22.0346679700   3.1316277300   12.5172087200  0.00000000  0.00000000  0.00000000  -0.6362528600
I    21.9991822800   0.0317818100   15.6616024400  0.00000000  0.00000000  0.00000000  -0.6378763300
I    18.8001749500   3.1137892900   15.7549679200  0.00000000  0.00000000  0.00000000  -0.6360709900
Cs   18.8700000000   0.0000000000   18.8700000000  0.00000000  0.00000000  0.00000000   0.7575097100
Pb   22.0581791400   3.1485376100   22.0549359800  0.00000000  0.00000000  0.00000000   1.1558704200
I    21.9861269500   3.1162766200   18.7685545900  0.00000000  0.00000000  0.00000000  -0.6369454500
I    21.9875384600   0.0195917900   21.9793246300  0.00000000  0.00000000  0.00000000  -0.6390360700
I    18.8254646800   3.2192807100   22.0311205700  0.00000000  0.00000000  0.00000000  -0.6355221300
Cs   18.8700000000   6.2900000000   0.0000000000  0.00000000  0.00000000  0.00000000   0.7577454200
Pb   22.0427512200   9.4713892500   3.1549804700  0.00000000  0.00000000  0.00000000   1.1586599600
I    21.9541927100   9.4366996300   25.0484751500  0.00000000  0.00000000  0.00000000  -0.6368796200
I    21.8766467000   6.3001332900   3.1345049000  0.00000000  0.00000000  0.00000000  -0.6362532900
I    18.9046510900   9.3891066500   3.0996931700  0.00000000  0.00000000  0.00000000  -0.6374347100
Cs   18.8700000000   6.2900000000   6.2900000000  0.00000000  0.00000000  0.00000000   0.7577008600
Pb   22.0180896400   9.5550070300   9.4646204500  0.00000000  0.00000000  0.00000000   1.1532656100
I    22.0473800000   9.4183339500   6.2106643000  0.00000000  0.00000000  0.00000000  -0.6371088300
I    21.9838457900   6.2695141800   9.4464438400  0.00000000  0.00000000  0.00000000  -0.6358064800
I    18.9204557000   9.4024376100   9.3563773000  0.00000000  0.00000000  0.00000000  -0.6376816900
Cs   18.8700000000   6.2900000000   12.5800000000  0.00000000  0.00000000  0.00000000   0.7560671300
Pb   22.0348255600   9.4238295200   15.7052923100  0.00000000  0.00000000  0.00000000   1.1550943600
I    22.0477416600   9.4156596600   12.6164271300  0.00000000  0.00000000  0.00000000  -0.6384988000
I    22.0109378600   6.2589050200   15.7147150000  0.00000000  0.00000000  0.00000000  -0.6365312200
I    18.8285576100   9.4780249600   15.7810604800  0.00000000  0.00000000  0.00000000  -0.6376474300
Cs   18.8700000000   6.2900000000   18.8700000000  0.00000000  0.00000000  0.00000000   0.7587696300
Pb   21.9442032000   9.4672231400   22.0453587000  0.00000000  0.00000000  0.00000000   1.1595156500
I    21.9724557500   9.3257628800   18.8749107400  0.00000000  0.00000000  0.00000000  -0.6359024700
I    22.0640140000   6.2503438400   22.0604835000  0.00000000  0.00000000  0.00000000  -0.6360691600
I    18.8743526900   9.3387930000   21.9554051800  0.00000000  0.00000000  0.00000000  -0.6378476900
Cs   18.8700000000   12.5800000000   0.0000000000  0.00000000  0.00000000  0.00000000   0.7564686000
Pb   22.0129282600   15.7132122700   3.1843727700  0.00000000  0.00000000  0.00000000   1.1582030400
I    22.0132816900   15.7241017800   0.0376281300  0.00000000  0.00000000  0.00000000  -0.6351107000
I    21.9993742200   12.6028305600   3.0958259100  0.00000000  0.00000000  0.00000000  -0.6376140000
I    18.9340716400   15.7194060000   3.1258358800  0.00000000  0.00000000  0.00000000  -0.6378621800
Cs   18.8700000000   12.5800000000   6.2900000000  0.00000000  0.00000000  0.00000000   0.7547580500
Pb   21.9424807000   15.6507835600   9.3934146400  0.00000000  0.00000000  0.00000000   1.1557043000
I    22.0018430400   15.7110034000   6.3296033400  0.00000000  0.00000000  0.00000000  -0.6385565700
I    21.9991340600   12.5950832000   9.4434013800  0.00000000  0.00000000  0.00000000  -0.6403452000
I    18.8625030700   15.6900047000   9.4457237100  0.00000000  0.00000000  0.00000000  -0.6378115100
Cs   18.8700000000   12.5800000000   12.5800000000  0.00000000  0.00000000  0.00000000   0.7548431300
Pb   22.0590909800   15.7644406500   15.6696454700  0.00000000  0.00000000  0.00000000   1.1562650400
I    21.9911783300   15.6752789200   12.5815366100  0.00000000  0.00000000  0.00000000  -0.6373392200
I    22.0303357800   12.5715354800   15.7894502700  0.00000000  0.00000000  0.00000000  -0.6372612400
I    18.8650659400   15.7747481600   15.8316806900  0.00000000  0.00000000  0.00000000  -0.6358644700
Cs   18.8700000000   12.5800000000   18.8700000000  0.00000000  0.00000000  0.00000000   0.7564814000
Pb   22.0098739700   15.8557634400   21.8931440500  0.00000000  0.00000000  0.00000000   1.1564635500
I    21.9501603800   15.8009563800   18.9298970200  0.00000000  0.00000000  0.00000000  -0.6381501700
I    21.9945434100   12.6165611000   21.9225212700  0.00000000  0.00000000  0.00000000  -0.6354128800
I    18.8097642400   15.7012257200   22.0905732000  0.00000000  0.00000000  0.00000000  -0.6370931500
Cs   18.8700000000   18.8700000000   0.0000000000  0.00000000  0.00000000  0.00000000   0.7551427300
Pb   22.0381513700   21.9799664900   3.0381860500  0.00000000  0.00000000  0.00000000   1.1522885100
I    22.1170988200   21.9278780800   0.0088529500  0.00000000  0.00000000  0.00000000  -0.6388200900
I    22.0021677500   18.8844877800   3.2021319800  0.00000000  0.00000000  0.00000000  -0.6376859400
I    18.8220447200   22.0045373300   3.0899857700  0.00000000  0.00000000  0.00000000  -0.6384628500
Cs   18.8700000000   18.8700000000   6.2900000000  0.00000000  0.00000000  0.00000000   0.7554010700
Pb   21.9906660900   22.0171233400   9.5047109500  0.00000000  0.00000000  0.00000000   1.1567094300
I    22.0212563200   22.0429669600   6.2918575000  0.00000000  0.00000000  0.00000000  -0.6353700900
I    21.8896488000   18.8906289400   9.4785244800  0.00000000  0.00000000  0.00000000  -0.6365552500
I    18.7928679900   21.9709778500   9.4936846100  0.00000000  0.00000000  0.00000000  -0.6380444400
Cs   18.8700000000   18.8700000000   12.5800000000  0.00000000  0.00000000  0.00000000   0.7576902800
Pb   22.0434734500   21.9827674300   15.7851976700  0.00000000  0.00000000  0.00000000   1.1517410500
I    22.0204582800   22.0101641500   12.5458944900  0.00000000  0.00000000  0.00000000  -0.6375788800
I    21.9825590200   18.8118103600   15.6963493000  0.00000000  0.00000000  0.00000000  -0.6382461900
I    18.8390702800   22.0502821600   15.7394488800  0.00000000  0.00000000  0.00000000  -0.6369355600
Cs   18.8700000000   18.8700000000   18.8700000000  0.00000000  0.00000000  0.00000000   0.7567461400
Pb   22.0489424100   22.0806168900   21.9341210700  0.00000000  0.00000000  0.00000000   1.1545706000
I    22.0580314800   21.9712509000   18.9175929200  0.00000000  0.00000000  0.00000000  -0.6396738600
I    22.0835596400   18.9211978300   21.9858557700  0.00000000  0.00000000  0.00000000  -0.6381227300
I    18.8408954200   21.9821920400   21.9265090400  0.00000000  0.00000000  0.00000000  -0.6375308700
# cspbi3_320atom_train_like_00008 source=scripted_perturbation label=Ewald-QEq_teacher
320
  25.1600000000  0.0000000000  0.0000000000  0.0000000000  25.1600000000  0.0000000000  0.0000000000  0.0000000000  25.1600000000
Cs   0.0476873400   25.1498611100   0.0499747100  0.00000000  0.00000000  0.00000000   0.7559161500
Pb   3.1844730400   3.1203026500   3.1716407000  0.00000000  0.00000000  0.00000000   1.1536765700
I    3.0894779100   3.2054667400   25.1318016500  0.00000000  0.00000000  0.00000000  -0.6372495800
I    3.0405517500   0.0672767000   3.1256457400  0.00000000  0.00000000  0.00000000  -0.6385027000
I    25.0999148500   3.2369608500   3.1389153600  0.00000000  0.00000000  0.00000000  -0.6369344300
Cs   0.0333042300   0.0150483800   6.3091677600  0.00000000  0.00000000  0.00000000   0.7561329000
Pb   3.1183699600   3.1852019300   9.4028555300  0.00000000  0.00000000  0.00000000   1.1563288500
I    3.0784947500   3.1741443000   6.3118703100  0.00000000  0.00000000  0.00000000  -0.6388280900
I    3.0152206400   0.0711756000   9.4163672300  0.00000000  0.00000000  0.00000000  -0.6367383200
I    25.1351931800   3.2506372400   9.4465140200  0.00000000  0.00000000  0.00000000  -0.6381741500
Cs   25.1231442300   0.0448506500   12.5903251800  0.00000000  0.00000000  0.00000000   0.7558585200
Pb   3.1446185300   3.1593980000   15.6939164200  0.00000000  0.00000000  0.00000000   1.1538444100
I    3.0842473000   3.2121627700   12.5645259600  0.00000000  0.00000000  0.00000000  -0.6375505000
I    3.0734690000   0.0345505800   15.6947389600  0.00000000  0.00000000  0.00000000  -0.6373796200
I    25.0648081400   3.2174161200   15.6913114900  0.00000000  0.00000000  0.00000000  -0.6373708600
Cs   0.0312742900   25.1466502400   18.8747892500  0.00000000  0.00000000  0.00000000   0.7556690400
Pb   3.1348519100   3.1811619400   22.0180533500  0.00000000  0.00000000  0.00000000   1.1549788500
I    3.0791884600   3.2734380300   18.8556190100  0.00000000  0.00000000  0.00000000  -0.6376062000
I    3.0519794900   0.0596533000   21.9851901400  0.00000000  0.00000000  0.00000000  -0.6369726300
I    25.0788031100   3.2129357100   22.0481674500  0.00000000  0.00000000  0.00000000  -0.6373537700
Cs   25.1568522200   6.3066280200   0.0059732700  0.00000000  0.00000000  0.00000000   0.7560590000
Pb   3.1828700800   9.4680477500   3.1417386900  0.00000000  0.00000000  0.00000000   1.1573211700
I    3.1417950800   9.5060450100   0.0294653300  0.00000000  0.00000000  0.00000000  -0.6376635300
I    3.1312574600   6.3678046100   3.1577799500  0.00000000  0.00000000  0.00000000  -0.6368450500
I    0.0203626500   9.5683352200   3.1475575100  0.00000000  0.00000000  0.00000000  -0.6361860200
Cs   0.0144551500   6.2809237200   6.2987576200  0.00000000  0.00000000  0.00000000   0.7555171200
Pb   3.1476531800   9.4581584100   9.4389423800  0.00000000  0.00000000  0.00000000   1.1526986200
I    3.1552709400   9.4387337100   6.2419711900  0.00000000  0.00000000  0.00000000  -0.6373680400
I    3.1180586300   6.3341595700   9.4417388600  0.00000000  0.00000000  0.00000000  -0.6381191600
I    25.1249129600   9.5126495700   9.4172543900  0.00000000  0.00000000  0.00000000  -0.6375840800
Cs   25.1216891200   6.2892675200   12.5393975500  0.00000000  0.00000000  0.00000000   0.7555021000
Pb   3.1708445000   9.4611289100   15.7005322600  0.00000000  0.00000000  0.00000000   1.1544325100
I    3.1370898400   9.4907653200   12.5665316400  0.00000000  0.00000000  0.00000000  -0.6384394700
I    3.0957631100   6.3839475200   15.7480140900  0.00000000  0.00000000  0.00000000  -0.6375625100
I    25.1123567300   9.5212529000   15.7314169300  0.00000000  0.00000000  0.00000000  -0.6375504300
Cs   0.0047155600   6.2838076100   18.9204344200  0.00000000  0.00000000  0.00000000   0.7565251600
Pb   3.1536361000   9.4133067500   21.9982665000  0.00000000  0.00000000  0.00000000   1.1551479400
I    3.1286202200   9.5653318800   18.9202673200  0.00000000  0.00000000  0.00000000  -0.6372315200
I    3.1130638000   6.3412769100   21.9655762700  0.00000000  0.00000000  0.00000000  -0.6388546600
I    25.1528469700   9.5458227300   21.9852322700  0.00000000  0.00000000  0.00000000  -0.6370754300
Cs   0.0239830700   12.5685260000   0.0068266900  0.00000000  0.00000000  0.00000000   0.7572217700
Pb   3.2131006300   15.7197273900   3.1623508900  0.00000000  0.00000000  0.00000000   1.1543167800
I    3.1516721600   15.8013341600   25.1192220400  0.00000000  0.00000000  0.00000000  -0.6380728200
I    3.1435297600   12.6553803800   3.1565144300  0.00000000  0.00000000  0.00000000  -0.6382038000
I    0.0064359200   15.7837767600   3.1562692100  0.00000000  0.00000000  0.00000000  -0.6360565300
Cs   25.1509949700   12.5873553700   6.2882546100  0.00000000  0.00000000  0.00000000   0.7570437300
Pb   3.1805465900   15.7525639400   9.4416111500  0.00000000  0.00000000  0.00000000   1.1570859900
I    3.1982978200   15.8181299900   6.3122302000  0.00000000  0.00000000  0.00000000  -0.6376016100
I    3.1142115900   12.6574662900   9.4179331000  0.00000000  0.00000000  0.00000000  -0.6379515400
I    25.1211682400   15.7734889400   9.4390526100  0.00000000  0.00000000  0.00000000  -0.6361273300
Cs   0.0559269800   12.5582707900   12.5735240300  0.00000000  0.00000000  0.00000000   0.7561779400
Pb   3.1599449300   15.7123277200   15.7140969700  0.00000000  0.00000000  0.00000000   1.1554063500
I    3.1868230600   15.7871002600   12.5076097800  0.00000000  0.00000000  0.00000000  -0.6378827900
I    3.1610441500   12.6350951500   15.7373057600  0.00000000  0.00000000  0.00000000  -0.6380227900
I    0.0057915300   15.8144791800   15.7438514300  0.00000000  0.00000000  0.00000000  -0.6381318500
Cs   0.0352643700   12.5553461400   18.8762382800  0.00000000  0.00000000  0.00000000   0.7576640300
Pb   3.1580588600   15.7037727200   22.0432472900  0.00000000  0.00000000  0.00000000   1.1559320800
I    3.1430030400   15.7845838600   18.8664619500  0.00000000  0.00000000  0.00000000  -0.6368107600
I    3.0940886000   12.6422542000   22.0054146300  0.00000000  0.00000000  0.00000000  -0.6372621900
I    0.0460908000   15.7958538500   21.9790596000  0.00000000  0.00000000  0.00000000  -0.6368596500
Cs   0.0195055000   18.8838179100   0.0112991500  0.00000000  0.00000000  0.00000000   0.7559760200
Pb   3.1079307600   22.0036771900   3.1683175100  0.00000000  0.00000000  0.00000000   1.1533426500
I    3.2049523700   22.0834703300   25.1527257900  0.00000000  0.00000000  0.00000000  -0.6378038500
I    3.1616062100   18.9384403900   3.1266268400  0.00000000  0.00000000  0.00000000  -0.6381223900
I    0.0292871700   22.0672925900   3.1704503300  0.00000000  0.00000000  0.00000000  -0.6387482000
Cs   25.1528934500   18.8839781700   6.2341896800  0.00000000  0.00000000  0.00000000   0.7565766200
Pb   3.1910820700   22.0018902200   9.4304656600  0.00000000  0.00000000  0.00000000   1.1559780300
I    3.1619996800   22.0700917100   6.3066108800  0.00000000  0.00000000  0.00000000  -0.6379518500
I    3.1983431100   18.9393221100   9.4080925000  0.00000000  0.00000000  0.00000000  -0.6373903400
I    0.0361972200   22.1146458800   9.4129920500  0.00000000  0.00000000  0.00000000  -0.6361480800
Cs   25.1348482800   18.8469466300   12.5798904800  0.00000000  0.00000000  0.00000000   0.7563637000
Pb   3.1445230400   22.0046430700   15.7255360800  0.00000000  0.00000000  0.00000000   1.1573486900
I    3.2072440200   22.0417337100   12.5695714900  0.00000000  0.00000000  0.00000000  -0.6371384000
I    3.1764578300   18.9152039900   15.7474587100  0.00000000  0.00000000  0.00000000  -0.6372047900
I    0.1072013300   22.0443355800   15.7260006900  0.00000000  0.00000000  0.00000000  -0.6376120800
Cs   0.0295751600   18.8478666900   18.8598635800  0.00000000  0.00000000  0.00000000   0.7570645800
Pb   3.1644353800   22.0324438000   22.0195029700  0.00000000  0.00000000  0.00000000   1.1571126800
I    3.1669703000   22.0721572900   18.8585936300  0.00000000  0.00000000  0.00000000  -0.6369181600
I    3.1638517100   18.9785767700   21.9981268400  0.00000000  0.00000000  0.00000000  -0.6373377200
I    0.0848563900   22.1055069200   22.0087420000  0.00000000  0.00000000  0.00000000  -0.6368145400
Cs   6.3010153000   25.1228197600   0.0254456700  0.00000000  0.00000000  0.00000000   0.7564000500
Pb   9.4746550800   3.1502018600   3.1788991000  0.00000000  0.00000000  0.00000000   1.1558506300
I    9.3899783100   3.1467667400   0.0186460700  0.00000000  0.00000000  0.00000000  -0.6361498700
I    9.3486010900   0.0536042900   3.1293882000  0.00000000  0.00000000  0.00000000  -0.6371906400
I    6.2543028200   3.1833055100   3.1313674900  0.00000000  0.00000000  0.00000000  -0.6376826900
Cs   6.2723751100   25.1527976800   6.3060970000  0.00000000  0.00000000  0.00000000   0.7551274700
Pb   9.4313839400   3.1672778500   9.4331258600  0.00000000  0.00000000  0.00000000   1.1548629800
I    9.3372988500   3.1920383400   6.3116829800  0.00000000  0.00000000  0.00000000  -0.6382925600
I    9.3181463700   0.0420168400   9.4414917400  0.00000000  0.00000000  0.00000000  -0.6376274100
I    6.2287317100   3.1737981100   9.4373898800  0.00000000  0.00000000  0.00000000  -0.6376403100
Cs   6.3250414100   0.0133106500   12.5821921900  0.00000000  0.00000000  0.00000000   0.7556034900
Pb   9.4053178700   3.1453205700   15.6747534800  0.00000000  0.00000000  0.00000000   1.1544449900
I    9.3778350900   3.1878477000   12.6111802500  0.00000000  0.00000000  0.00000000  -0.6384804000
I    9.3514573300   0.0077941000   15.7305494200  0.00000000  0.00000000  0.00000000  -0.6379539200
I    6.2206213800   3.1802263100   15.6924436100  0.00000000  0.00000000  0.00000000  -0.6383882000
Cs   6.3044813300   0.0291020700   18.8344037100  0.00000000  0.00000000  0.00000000   0.7558258600
Pb   9.4072608400   3.1232827400   21.9947390500  0.00000000  0.00000000  0.00000000   1.1559759500
I    9.3412325200   3.2260399100   18.8691553300  0.00000000  0.00000000  0.00000000  -0.6374061800
I    9.3748944000   25.1517693100   22.0103592300  0.00000000  0.00000000  0.00000000  -0.6370608500
I    6.2499239400   3.1455942800   22.0379598100  0.00000000  0.00000000  0.00000000  -0.6376829400
Cs   6.2926614400   6.2742726200   25.1513796500  0.00000000  0.00000000  0.00000000   0.7561786800
Pb   9.4004045300   9.4391927100   3.1535360600  0.00000000  0.00000000  0.00000000   1.1573703800
I    9.4263609300   9.4512066700   25.1556084200  0.00000000  0.00000000  0.00000000  -0.6364127400
I    9.4085543900   6.3505820800   3.1402141700  0.00000000  0.00000000  0.00000000  -0.6372307200
I    6.2966724000   9.4858376000   3.1362269900  0.00000000  0.00000000  0.00000000  -0.6380742500
Cs   6.2584260300   6.2375901700   6.3133014200  0.00000000  0.00000000  0.00000000   0.7556805100
Pb   9.4058685000   9.4178006400   9.4698067400  0.00000000  0.00000000  0.00000000   1.1572138800
I    9.4012310400   9.4839332000   6.3390682000  0.00000000  0.00000000  0.00000000  -0.6365049500
I    9.4074088700   6.3029398100   9.4750955200  0.00000000  0.00000000  0.00000000  -0.6378769900
I    6.3176969100   9.4776869600   9.4202340200  0.00000000  0.00000000  0.00000000  -0.6378667800
Cs   6.2880033400   6.2394444600   12.5991861000  0.00000000  0.00000000  0.00000000   0.7552226400
Pb   9.3897543300   9.4342411200   15.7228618400  0.00000000  0.00000000  0.00000000   1.1573317200
I    9.4355411800   9.4740967800   12.5854229400  0.00000000  0.00000000  0.00000000  -0.6376464000
I    9.3647589400   6.3323255600   15.6909426400  0.00000000  0.00000000  0.00000000  -0.6374994500
I    6.2872808800   9.5361405400   15.7319436100  0.00000000  0.00000000  0.00000000  -0.6378408500
Cs   6.2511836400   6.2796601300   18.9298834300  0.00000000  0.00000000  0.00000000   0.7557274000
Pb   9.4593576300   9.4447045600   21.9882087900  0.00000000  0.00000000  0.00000000   1.1568065500
I    9.3914730600   9.4832436200   18.8393969400  0.00000000  0.00000000  0.00000000  -0.6372946900
I    9.3611859400   6.3003208900   22.0036535700  0.00000000  0.00000000  0.00000000  -0.6370144600
I    6.3000830400   9.4828616000   22.0345372400  0.00000000  0.00000000  0.00000000  -0.6372454500
Cs   6.2669000400   12.5286077200   0.0348624300  0.00000000  0.00000000  0.00000000   0.7552036800
Pb   9.4147051600   15.7394336100   3.1759257800  0.00000000  0.00000000  0.00000000   1.1558358500
I    9.4847755500   15.7281707900   25.1437579000  0.00000000  0.00000000  0.00000000  -0.6369740100
I    9.4422126900   12.6128041000   3.1015416200  0.00000000  0.00000000  0.00000000  -0.6369576200
I    6.2714271700   15.7979983700   3.1800785300  0.00000000  0.00000000  0.00000000  -0.6393225400
Cs   6.2754211300   12.6226235600   6.3002378700  0.00000000  0.00000000  0.00000000   0.7552630100
Pb   9.4047600300   15.7190132000   9.4379338700  0.00000000  0.00000000  0.00000000   1.1558121400
I    9.4485109300   15.7300741000   6.3048513500  0.00000000  0.00000000  0.00000000  -0.6380466600
I    9.3910065800   12.6125368700   9.4226805000  0.00000000  0.00000000  0.00000000  -0.6370357200
I    6.2771020100   15.7828027000   9.4506505300  0.00000000  0.00000000  0.00000000  -0.6381931800
Cs   6.3026182400   12.6012362100   12.5370771400  0.00000000  0.00000000  0.00000000   0.7554029700
Pb   9.4193961300   15.7029430200   15.7150478100  0.00000000  0.00000000  0.00000000   1.1543658300
I    9.4461969400   15.7286070900   12.5594427000  0.00000000  0.00000000  0.00000000  -0.6377128000
I    9.4032403200   12.5993200700   15.7248000400  0.00000000  0.00000000  0.00000000  -0.6375785000
I    6.2424425100   15.7736399000   15.7129829900  0.00000000  0.00000000  0.00000000  -0.6380119700
Cs   6.2861870300   12.6140124200   18.8953997500  0.00000000  0.00000000  0.00000000   0.7565486300
Pb   9.4256803500   15.7443627500   22.0159575100  0.00000000  0.00000000  0.00000000   1.1545196600
I    9.4934038500   15.7600468300   18.8675397900  0.00000000  0.00000000  0.00000000  -0.6373560700
I    9.4147407700   12.5765561800   21.9643455900  0.00000000  0.00000000  0.00000000  -0.6367609400
I    6.3067980000   15.7747742500   21.9979858800  0.00000000  0.00000000  0.00000000  -0.6385367700
Cs   6.2569454100   18.8655597200   25.1555693100  0.00000000  0.00000000  0.00000000   0.7544198800
Pb   9.4757551900   22.0129123800   3.1501217800  0.00000000  0.00000000  0.00000000   1.1542171600
I    9.5336794600   22.0504353600   25.1288868700  0.00000000  0.00000000  0.00000000  -0.6374633400
I    9.4807579500   18.8520316700   3.1274511700  0.00000000  0.00000000  0.00000000  -0.6378910100
I    6.3543277900   22.0323737500   3.1705104700  0.00000000  0.00000000  0.00000000  -0.6374253900
Cs   6.3066959100   18.8637223100   6.2627356300  0.00000000  0.00000000  0.00000000   0.7555761700
Pb   9.4214178500   22.0204532500   9.4266129700  0.00000000  0.00000000  0.00000000   1.1568871800
I    9.5292348300   22.0253579900   6.2947256700  0.00000000  0.00000000  0.00000000  -0.6375092800
I    9.4859802900   18.8908820600   9.4229293100  0.00000000  0.00000000  0.00000000  -0.6370598200
I    6.3742015700   22.0399454800   9.4015486300  0.00000000  0.00000000  0.00000000  -0.6381828400
Cs   6.2879236200   18.8732525200   12.6382066300  0.00000000  0.00000000  0.00000000   0.7557519000
Pb   9.4523158000   22.0376205200   15.7556093100  0.00000000  0.00000000  0.00000000   1.1536006400
I    9.4716473400   22.0505893500   12.5523188300  0.00000000  0.00000000  0.00000000  -0.6372574400
I    9.4785453900   18.8604166500   15.7027528600  0.00000000  0.00000000  0.00000000  -0.6375629500
I    6.3421628100   22.0712016000   15.7757016700  0.00000000  0.00000000  0.00000000  -0.6374315200
Cs   6.2748978200   18.8674719700   18.9280040300  0.00000000  0.00000000  0.00000000   0.7555597400
Pb   9.4234066500   22.0110234200   22.0174927400  0.00000000  0.00000000  0.00000000   1.1588907300
I    9.5076311500   22.0523696200   18.9025779900  0.00000000  0.00000000  0.00000000  -0.6375845200
I    9.4901285700   18.9814315100   21.9718475600  0.00000000  0.00000000  0.00000000  -0.6379938000
I    6.3444154500   22.1008321100   22.0134964400  0.00000000  0.00000000  0.00000000  -0.6377593600
Cs   12.5959909700   25.1389176100   25.1334707900  0.00000000  0.00000000  0.00000000   0.7568122800
Pb   15.6991382100   3.1454699900   3.1454513800  0.00000000  0.00000000  0.00000000   1.1549569900
I    15.6487924700   3.1471996100   25.1438912100  0.00000000  0.00000000  0.00000000  -0.6371178900
I    15.6797751700   25.1217016700   3.1254800800  0.00000000  0.00000000  0.00000000  -0.6379086500
I    12.5373587900   3.1236288000   3.1348687700  0.00000000  0.00000000  0.00000000  -0.6383047200
Cs   12.6044631300   0.0046205100   6.3151308400  0.00000000  0.00000000  0.00000000   0.7551741100
Pb   15.7534233600   3.1297729100   9.4212754800  0.00000000  0.00000000  0.00000000   1.1550684200
I    15.6542665500   3.0981400500   6.2793988500  0.00000000  0.00000000  0.00000000  -0.6382970400
I    15.6472723300   0.0067924800   9.4638632300  0.00000000  0.00000000  0.00000000  -0.6383377100
I    12.5194941000   3.1455736900   9.4261618100  0.00000000  0.00000000  0.00000000  -0.6376474700
Cs   12.5879086700   0.0369149300   12.5079166300  0.00000000  0.00000000  0.00000000   0.7561396200
Pb   15.7077063900   3.1595406000   15.7477742700  0.00000000  0.00000000  0.00000000   1.1571414500
I    15.6588592500   3.0987938500   12.5656668900  0.00000000  0.00000000  0.00000000  -0.6368374600
I    15.6563346400   0.0538377300   15.7147601900  0.00000000  0.00000000  0.00000000  -0.6371249000
I    12.5421379400   3.0775002300   15.7182812000  0.00000000  0.00000000  0.00000000  -0.6372895600
Cs   12.5946674800   25.1339045800   18.8630148000  0.00000000  0.00000000  0.00000000   0.7561971500
Pb   15.7244542200   3.1342521900   22.0081967200  0.00000000  0.00000000  0.00000000   1.1567826300
I    15.6978942000   3.1165268500   18.9282748100  0.00000000  0.00000000  0.00000000  -0.6375201200
I    15.6171928600   0.0073204700   21.9862918400  0.00000000  0.00000000  0.00000000  -0.6376344900
I    12.5274519500   3.1386351200   22.0662016200  0.00000000  0.00000000  0.00000000  -0.6368546300
Cs   12.5950161200   6.2892035700   25.1287153200  0.00000000  0.00000000  0.00000000   0.7567105700
Pb   15.7463088800   9.4176250100   3.1453045100  0.00000000  0.00000000  0.00000000   1.1565721100
I    15.7001153800   9.4364704800   25.1349631500  0.00000000  0.00000000  0.00000000  -0.6373183800
I    15.7172872900   6.2688739800   3.1843106800  0.00000000  0.00000000  0.00000000  -0.6376567000
I    12.5430458000   9.4389330600   3.1747388700  0.00000000  0.00000000  0.00000000  -0.6361043000
Cs   12.5631878600   6.2782321300   6.2814865100  0.00000000  0.00000000  0.00000000   0.7558387800
Pb   15.7366091200   9.4459773600   9.4292923200  0.00000000  0.00000000  0.00000000   1.1564955400
I    15.6960438700   9.4306120200   6.2736119000  0.00000000  0.00000000  0.00000000  -0.6372435500
I    15.6693143100   6.3218407000   9.4633040200  0.00000000  0.00000000  0.00000000  -0.6373261500
I    12.5843350900   9.4150257600   9.4481092800  0.00000000  0.00000000  0.00000000  -0.6364108200
Cs   12.5739714100   6.3016442000   12.5905904400  0.00000000  0.00000000  0.00000000   0.7562611100
Pb   15.7321733300   9.4566169000   15.6948146900  0.00000000  0.00000000  0.00000000   1.1567718800
I    15.6875075500   9.4434014300   12.6058932800  0.00000000  0.00000000  0.00000000  -0.6374318500
I    15.7160497800   6.2590372600   15.7609756300  0.00000000  0.00000000  0.00000000  -0.6372478300
I    12.5499775800   9.4015066000   15.7327526400  0.00000000  0.00000000  0.00000000  -0.6370303600
Cs   12.5653586800   6.3079318300   18.8795140400  0.00000000  0.00000000  0.00000000   0.7559272100
Pb   15.7016384700   9.4347661800   22.0447738400  0.00000000  0.00000000  0.00000000   1.1583790700
I    15.6868540100   9.4170263000   18.8933623600  0.00000000  0.00000000  0.00000000  -0.6363134500
I    15.6760751700   6.3398167300   22.0326876900  0.00000000  0.00000000  0.00000000  -0.6369483200
I    12.5586360200   9.4092642200   22.0067813700  0.00000000  0.00000000  0.00000000  -0.6376657600
Cs   12.6012657500   12.6045293500   0.0036910400  0.00000000  0.00000000  0.00000000   0.7578185200
Pb   15.7665571800   15.7236091500   3.1897392000  0.00000000  0.00000000  0.00000000   1.1557762600
I    15.7412139000   15.7236783200   25.1516859300  0.00000000  0.00000000  0.00000000  -0.6359755000
I    15.7035220000   12.5426707600   3.1378624500  0.00000000  0.00000000  0.00000000  -0.6368415400
I    12.5568310100   15.7302538300   3.0992350900  0.00000000  0.00000000  0.00000000  -0.6362907100
Cs   12.5822100900   12.5970483500   6.3048152500  0.00000000  0.00000000  0.00000000   0.7569280000
Pb   15.7132219600   15.7262449200   9.4532374400  0.00000000  0.00000000  0.00000000   1.1565758300
I    15.7489255600   15.6999461700   6.2801692500  0.00000000  0.00000000  0.00000000  -0.6379904400
I    15.7432844700   12.5537926000   9.4518485500  0.00000000  0.00000000  0.00000000  -0.6372200500
I    12.6086695500   15.6744677100   9.4322078900  0.00000000  0.00000000  0.00000000  -0.6369107300
Cs   12.5934072600   12.5639623300   12.6257653800  0.00000000  0.00000000  0.00000000   0.7564083200
Pb   15.7201318600   15.7455535900   15.6980314200  0.00000000  0.00000000  0.00000000   1.1575734400
I    15.7214073000   15.7111131500   12.5790803700  0.00000000  0.00000000  0.00000000  -0.6375121600
I    15.7617593000   12.5462761800   15.7089130500  0.00000000  0.00000000  0.00000000  -0.6370006200
I    12.6051409400   15.6949981600   15.7172807100  0.00000000  0.00000000  0.00000000  -0.6374366500
Cs   12.5895864900   12.5482262300   18.8219200600  0.00000000  0.00000000  0.00000000   0.7566450800
Pb   15.7464850400   15.7120979400   22.0060319700  0.00000000  0.00000000  0.00000000   1.1589760600
I    15.7414508000   15.7197941600   18.8652315900  0.00000000  0.00000000  0.00000000  -0.6363726300
I    15.7535996000   12.6174157600   22.0181281900  0.00000000  0.00000000  0.00000000  -0.6365517900
I    12.5860919800   15.6973431300   22.0214431800  0.00000000  0.00000000  0.00000000  -0.6363420300
Cs   12.5778940200   18.8562691700   25.1462007700  0.00000000  0.00000000  0.00000000   0.7565153900
Pb   15.7479398000   22.0387380500   3.1273129800  0.00000000  0.00000000  0.00000000   1.1558855900
I    15.7776045100   22.0270893100   25.1570702900  0.00000000  0.00000000  0.00000000  -0.6378691600
I    15.7837553700   18.8310727700   3.1688617100  0.00000000  0.00000000  0.00000000  -0.6371203900
I    12.6142507000   22.0524824700   3.1943117000  0.00000000  0.00000000  0.00000000  -0.6376303100
Cs   12.5925687800   18.8521395600   6.2907788600  0.00000000  0.00000000  0.00000000   0.7561613200
Pb   15.7384808600   22.0283309500   9.4126626800  0.00000000  0.00000000  0.00000000   1.1535794300
I    15.7876120400   21.9801046400   6.2824778700  0.00000000  0.00000000  0.00000000  -0.6378416400
I    15.7202397500   18.7977390400   9.4410407400  0.00000000  0.00000000  0.00000000  -0.6376562000
I    12.6022969600   22.0193027100   9.4246454800  0.00000000  0.00000000  0.00000000  -0.6372320400
Cs   12.5738500900   18.8793637000   12.6037706800  0.00000000  0.00000000  0.00000000   0.7557961300
Pb   15.6754018600   22.0262133600   15.7334971300  0.00000000  0.00000000  0.00000000   1.1536625700
I    15.7608201200   21.9899681300   12.5672652900  0.00000000  0.00000000  0.00000000  -0.6373818400
I    15.8111714400   18.8473916500   15.7338246200  0.00000000  0.00000000  0.00000000  -0.6374229600
I    12.6493154000   22.0462679700   15.7297759300  0.00000000  0.00000000  0.00000000  -0.6386896800
Cs   12.5649417700   18.8771847600   18.8643127900  0.00000000  0.00000000  0.00000000   0.7565970200
Pb   15.6777641900   22.0461881000   22.0326722000  0.00000000  0.00000000  0.00000000   1.1570122500
I    15.7311904300   21.9643949300   18.8936290900  0.00000000  0.00000000  0.00000000  -0.6371502600
I    15.7378416700   18.8610232900   22.0038804800  0.00000000  0.00000000  0.00000000  -0.6361986700
I    12.6337783400   22.0290518900   22.0085317700  0.00000000  0.00000000  0.00000000  -0.6373012200
Cs   18.8916591800   0.0087645000   0.0154452900  0.00000000  0.00000000  0.00000000   0.7560674200
Pb   21.9869950400   3.1175152100   3.1468318500  0.00000000  0.00000000  0.00000000   1.1555764200
I    21.9594222400   3.0652575600   0.0170412300  0.00000000  0.00000000  0.00000000  -0.6370521200
I    21.9186963000   25.0474617800   3.1539044400  0.00000000  0.00000000  0.00000000  -0.6379848500
I    18.8197902900   3.1130561000   3.1132224600  0.00000000  0.00000000  0.00000000  -0.6375108400
Cs   18.8271920200   0.0169578000   6.2678474500  0.00000000  0.00000000  0.00000000   0.7554240800
Pb   22.0207818700   3.1340694500   9.4560633000  0.00000000  0.00000000  0.00000000   1.1531815700
I    21.9295210600   3.0515485700   6.2858622100  0.00000000  0.00000000  0.00000000  -0.6375925700
I    21.9581478900   25.0864973200   9.4614159500  0.00000000  0.00000000  0.00000000  -0.6374583400
I    18.7689965700   3.1597507200   9.3890303500  0.00000000  0.00000000  0.00000000  -0.6384451700
Cs   18.8697357000   0.0198615200   12.6080604100  0.00000000  0.00000000  0.00000000   0.7554828200
Pb   22.0008849300   3.0846158400   15.7319258900  0.00000000  0.00000000  0.00000000   1.1559902200
I    21.9819684600   3.1113616800   12.5684353800  0.00000000  0.00000000  0.00000000  -0.6383013300
I    21.9167907700   25.1142649000   15.7722751200  0.00000000  0.00000000  0.00000000  -0.6389237000
I    18.7964762800   3.0683570300   15.7013210100  0.00000000  0.00000000  0.00000000  -0.6371613000
Cs   18.8931310400   25.1263797000   18.8501343700  0.00000000  0.00000000  0.00000000   0.7560399800
Pb   21.9978201500   3.1072654800   22.0112946900  0.00000000  0.00000000  0.00000000   1.1561104300
I    21.9759293700   3.1065150700   18.8540569300  0.00000000  0.00000000  0.00000000  -0.6372975700
I    21.9281805500   25.1214302400   22.0201357200  0.00000000  0.00000000  0.00000000  -0.6380868200
I    18.8199732700   3.1357225700   22.0443754800  0.00000000  0.00000000  0.00000000  -0.6374468000
Cs   18.8864260000   6.2798646100   25.1236650000  0.00000000  0.00000000  0.00000000   0.7567991300
Pb   21.9839654100   9.4370242100   3.1776303200  0.00000000  0.00000000  0.00000000   1.1568012300
I    22.0100053200   9.3890450300   25.1422989700  0.00000000  0.00000000  0.00000000  -0.6367729000
I    21.9672596100   6.2313536000   3.0983526000  0.00000000  0.00000000  0.00000000  -0.6368414200
I    18.8414767400   9.4359206400   3.1120598600  0.00000000  0.00000000  0.00000000  -0.6377239700
Cs   18.8404069700   6.2809627200   6.3217113800  0.00000000  0.00000000  0.00000000   0.7555565800
Pb   21.9941536100   9.4423491600   9.4690049900  0.00000000  0.00000000  0.00000000   1.1557518800
I    21.9619700100   9.3741433400   6.2197231700  0.00000000  0.00000000  0.00000000  -0.6373497800
I    21.9495515800   6.2320922800   9.4390855600  0.00000000  0.00000000  0.00000000  -0.6379254600
I    18.8629681300   9.4236438900   9.4256588000  0.00000000  0.00000000  0.00000000  -0.6379855200
Cs   18.8724591500   6.3212862000   12.5330522200  0.00000000  0.00000000  0.00000000   0.7556775600
Pb   22.0645735100   9.3713409100   15.7204711200  0.00000000  0.00000000  0.00000000   1.1572569600
I    22.0059276200   9.3999700500   12.5398403800  0.00000000  0.00000000  0.00000000  -0.6377905200
I    21.9837876100   6.2407845000   15.7527070700  0.00000000  0.00000000  0.00000000  -0.6369280700
I    18.8385863100   9.3841549900   15.6786555900  0.00000000  0.00000000  0.00000000  -0.6362268900
Cs   18.8465630200   6.2987728800   18.8808349300  0.00000000  0.00000000  0.00000000   0.7572217400
Pb   22.0158661500   9.4304232200   22.0128948100  0.00000000  0.00000000  0.00000000   1.1577232300
I    22.0116072100   9.3620932500   18.8756122800  0.00000000  0.00000000  0.00000000  -0.6363445600
I    21.9270374400   6.2508231000   21.9963441600  0.00000000  0.00000000  0.00000000  -0.6368503600
I    18.8287606600   9.4240842400   22.0103483800  0.00000000  0.00000000  0.00000000  -0.6362706800
Cs   18.8878888200   12.5435642400   0.0217440000  0.00000000  0.00000000  0.00000000   0.7575308300
Pb   21.9940198100   15.7598548400   3.1392127900  0.00000000  0.00000000  0.00000000   1.1586600100
I    22.0424877200   15.6602471800   25.1456084600  0.00000000  0.00000000  0.00000000  -0.6365038300
I    22.0214102900   12.5315573500   3.1665395700  0.00000000  0.00000000  0.00000000  -0.6363506700
I    18.8993862900   15.6792703400   3.1493201300  0.00000000  0.00000000  0.00000000  -0.6377363700
Cs   18.8555064600   12.5788654400   6.2927279300  0.00000000  0.00000000  0.00000000   0.7561910800
Pb   21.9881841300   15.7514660100   9.3897145000  0.00000000  0.00000000  0.00000000   1.1566844800
I    22.0409986700   15.7080265500   6.2556475200  0.00000000  0.00000000  0.00000000  -0.6374082500
I    22.0179881600   12.5173761200   9.4261958600  0.00000000  0.00000000  0.00000000  -0.6366691700
I    18.8851374700   15.6598496000   9.4317633000  0.00000000  0.00000000  0.00000000  -0.6378866300
Cs   18.8597134600   12.5914615500   12.5757388200  0.00000000  0.00000000  0.00000000   0.7577071700
Pb   22.1026898400   15.7326986000   15.7374615900  0.00000000  0.00000000  0.00000000   1.1572877400
I    22.0536241500   15.6604047500   12.6117704000  0.00000000  0.00000000  0.00000000  -0.6362469300
I    22.0107311400   12.5164405400   15.7430024700  0.00000000  0.00000000  0.00000000  -0.6354584200
I    18.8427631300   15.6276046500   15.7163799100  0.00000000  0.00000000  0.00000000  -0.6354498900
Cs   18.8567742400   12.5940796000   18.8659448600  0.00000000  0.00000000  0.00000000   0.7586205400
Pb   22.0278495200   15.7113603800   21.9981546500  0.00000000  0.00000000  0.00000000   1.1576827500
I    21.9894639200   15.6538244700   18.8994936900  0.00000000  0.00000000  0.00000000  -0.6368971100
I    21.9967955900   12.5063430400   21.9913853800  0.00000000  0.00000000  0.00000000  -0.6363904800
I    18.8793765500   15.6786673300   22.0294172900  0.00000000  0.00000000  0.00000000  -0.6362120400
Cs   18.8707370400   18.8942542500   25.1567399900  0.00000000  0.00000000  0.00000000   0.7571111400
Pb   22.0492210300   22.0288621500   3.1448213400  0.00000000  0.00000000  0.00000000   1.1561131400
I    22.0406502200   21.9636036800   0.0107281400  0.00000000  0.00000000  0.00000000  -0.6373898800
I    22.0458824300   18.7696602100   3.1231688300  0.00000000  0.00000000  0.00000000  -0.6375615000
I    18.8874650600   21.9673979100   3.1455800500  0.00000000  0.00000000  0.00000000  -0.6370796200
Cs   18.8481449900   18.8639458200   6.2968439000  0.00000000  0.00000000  0.00000000   0.7553914700
Pb   22.0051255600   21.9885237100   9.4469525500  0.00000000  0.00000000  0.00000000   1.1548840500
I    22.0764952100   21.9498500700   6.2755119500  0.00000000  0.00000000  0.00000000  -0.6371142400
I    22.0869222300   18.7814164100   9.4480877900  0.00000000  0.00000000  0.00000000  -0.6384179900
I    18.8987470100   21.9887309800   9.4124190200  0.00000000  0.00000000  0.00000000  -0.6383663600
Cs   18.9041762100   18.8742335500   12.5516970500  0.00000000  0.00000000  0.00000000   0.7553375700
Pb   22.0368757100   22.0471893900   15.7151065000  0.00000000  0.00000000  0.00000000   1.1551858400
I    22.0685847000   21.9956094900   12.5835218600  0.00000000  0.00000000  0.00000000  -0.6380914200
I    22.0794837400   18.7988918500   15.6980699400  0.00000000  0.00000000  0.00000000  -0.6370702400
I    18.9699980900   22.0138537300   15.7430523200  0.00000000  0.00000000  0.00000000  -0.6368449100
Cs   18.8598043200   18.8599699300   18.8729576100  0.00000000  0.00000000  0.00000000   0.7576314200
Pb   21.9937182200   22.0350983900   22.0020779300  0.00000000  0.00000000  0.00000000   1.1551195600
I    22.0536392000   21.9513057400   18.8669755100  0.00000000  0.00000000  0.00000000  -0.6372942700
I    21.9914950200   18.8202518700   22.0068228600  0.00000000  0.00000000  0.00000000  -0.6365493800
I    18.8968593400   21.9790504400   21.9985896300  0.00000000  0.00000000  0.00000000  -0.6368799600
# cspbi3_320atom_train_like_00009 source=scripted_perturbation label=Ewald-QEq_teacher
320
  25.4759034300  0.0000000000  0.0000000000  0.0000000000  25.4759034300  0.0000000000  0.0000000000  0.0000000000  25.4759034300
Cs   0.0680200800   0.0131029000   0.0380876100  0.00000000  0.00000000  0.00000000   0.7569316200
Pb   3.2026110200   3.2203354100   3.1714253900  0.00000000  0.00000000  0.00000000   1.1551791000
I    3.1738466300   3.2587822600   0.0538526000  0.00000000  0.00000000  0.00000000  -0.6380412000
I    3.1738277100   0.0221130100   3.2175861900  0.00000000  0.00000000  0.00000000  -0.6357126200
I    0.0041034500   3.1548902700   3.1975451200  0.00000000  0.00000000  0.00000000  -0.6358177800
Cs   0.0357736900   25.4627074800   6.3569674900  0.00000000  0.00000000  0.00000000   0.7565237400
Pb   3.1617994100   3.1480500600   9.6008399800  0.00000000  0.00000000  0.00000000   1.1581063500
I    3.1820461400   3.2062114300   6.3938191400  0.00000000  0.00000000  0.00000000  -0.6349615400
I    3.1504912000   0.0848540900   9.5581221700  0.00000000  0.00000000  0.00000000  -0.6366336300
I    25.4568093900   3.2382996900   9.5602085700  0.00000000  0.00000000  0.00000000  -0.6342922300
Cs   0.0449880200   25.4346739000   12.7545600800  0.00000000  0.00000000  0.00000000   0.7567306700
Pb   3.2001073900   3.1887236200   15.8825310300  0.00000000  0.00000000  0.00000000   1.1544982100
I    3.2109663500   3.1576482600   12.7297575400  0.00000000  0.00000000  0.00000000  -0.6375427100
I    3.1840413300   0.0590354700   15.9310429200  0.00000000  0.00000000  0.00000000  -0.6372028300
I    25.4314174800   3.1188997600   15.9240506800  0.00000000  0.00000000  0.00000000  -0.6362923200
Cs   0.0391233500   0.0191841300   19.1065505000  0.00000000  0.00000000  0.00000000   0.7573368900
Pb   3.2223308500   3.2301688900   22.3500473700  0.00000000  0.00000000  0.00000000   1.1510678100
I    3.2881607000   3.1794901100   19.0494471300  0.00000000  0.00000000  0.00000000  -0.6350651800
I    3.1425957600   0.0009094800   22.2112455500  0.00000000  0.00000000  0.00000000  -0.6362407800
I    0.0240830100   3.2063114900   22.3489246400  0.00000000  0.00000000  0.00000000  -0.6358855500
Cs   0.0857380700   6.3268381900   0.0308817600  0.00000000  0.00000000  0.00000000   0.7541701800
Pb   3.1173209500   9.4922248700   3.1884631600  0.00000000  0.00000000  0.00000000   1.1557351500
I    3.2159622400   9.5685326800   0.0052320600  0.00000000  0.00000000  0.00000000  -0.6363339900
I    3.1938603800   6.3678298600   3.1885037200  0.00000000  0.00000000  0.00000000  -0.6378770400
I    0.0434680900   9.5813982400   3.2178431000  0.00000000  0.00000000  0.00000000  -0.6376412900
Cs   25.4305652600   6.4163964400   6.3220384900  0.00000000  0.00000000  0.00000000   0.7555820400
Pb   3.1862287100   9.6034910300   9.5572660000  0.00000000  0.00000000  0.00000000   1.1550376500
I    3.1543419200   9.5857059500   6.4176341900  0.00000000  0.00000000  0.00000000  -0.6359343900
I    3.2263022400   6.3310562700   9.5813842100  0.00000000  0.00000000  0.00000000  -0.6347973600
I    0.0020491200   9.5278399800   9.4669588800  0.00000000  0.00000000  0.00000000  -0.6360530200
Cs   0.0399596900   6.4105183500   12.7322452700  0.00000000  0.00000000  0.00000000   0.7569027700
Pb   3.1173330400   9.5078852000   15.9865508000  0.00000000  0.00000000  0.00000000   1.1516521000
I    3.1450477800   9.5803279000   12.7284176800  0.00000000  0.00000000  0.00000000  -0.6358953700
I    3.2152494400   6.3423473300   15.9381896800  0.00000000  0.00000000  0.00000000  -0.6378140100
I    25.4464888900   9.5199257300   15.9383012400  0.00000000  0.00000000  0.00000000  -0.6370343800
Cs   0.0539249500   6.3706441800   19.0721149700  0.00000000  0.00000000  0.00000000   0.7555615800
Pb   3.2327521500   9.4798515300   22.2916343300  0.00000000  0.00000000  0.00000000   1.1556066400
I    3.1818253500   9.5421549100   19.1540169000  0.00000000  0.00000000  0.00000000  -0.6371566400
I    3.2388639100   6.4251017100   22.2139322000  0.00000000  0.00000000  0.00000000  -0.6378174000
I    25.4732285800   9.5411786400   22.2955609200  0.00000000  0.00000000  0.00000000  -0.6352150100
Cs   0.0209511300   12.7322478100   0.0848018300  0.00000000  0.00000000  0.00000000   0.7565143800
Pb   3.1551265700   15.9127224900   3.1748771200  0.00000000  0.00000000  0.00000000   1.1538090800
I    3.1558486300   15.8897492000   25.4372563700  0.00000000  0.00000000  0.00000000  -0.6357302100
I    3.1929267700   12.6513739600   3.1806249300  0.00000000  0.00000000  0.00000000  -0.6354664400
I    25.4685033600   15.8939934500   3.1719076700  0.00000000  0.00000000  0.00000000  -0.6367639800
Cs   25.4706536800   12.8177951700   6.3866339800  0.00000000  0.00000000  0.00000000   0.7561694500
Pb   3.1594409700   15.8560505500   9.6158332300  0.00000000  0.00000000  0.00000000   1.1508168300
I    3.2142434300   15.8957358500   6.3217803900  0.00000000  0.00000000  0.00000000  -0.6360002500
I    3.0998246100   12.7931886900   9.5701790700  0.00000000  0.00000000  0.00000000  -0.6380111300
I    25.4274011000   15.8602449800   9.5495935600  0.00000000  0.00000000  0.00000000  -0.6377532100
Cs   25.4544237800   12.7487020900   12.6834635100  0.00000000  0.00000000  0.00000000   0.7552263300
Pb   3.1538040200   15.9034706200   15.9581350000  0.00000000  0.00000000  0.00000000   1.1528156300
I    3.2155773100   15.9603138200   12.7638240500  0.00000000  0.00000000  0.00000000  -0.6372290900
I    3.1743384300   12.7228531700   15.9426419400  0.00000000  0.00000000  0.00000000  -0.6363379500
I    25.4248826000   15.9019390400   15.8356207100  0.00000000  0.00000000  0.00000000  -0.6366857500
Cs   0.0382641200   12.7613672200   19.0657032600  0.00000000  0.00000000  0.00000000   0.7553192800
Pb   3.1753122100   15.8498175000   22.2817077100  0.00000000  0.00000000  0.00000000   1.1550957600
I    3.1737958500   15.9084896500   19.0778199200  0.00000000  0.00000000  0.00000000  -0.6377440600
I    3.1699882000   12.7361220100   22.3437689800  0.00000000  0.00000000  0.00000000  -0.6358263600
I    0.0611065400   15.8972373000   22.3648908300  0.00000000  0.00000000  0.00000000  -0.6356019600
Cs   25.4359180400   19.1219959200   25.4369733200  0.00000000  0.00000000  0.00000000   0.7565682400
Pb   3.1836236800   22.1973782600   3.2549061500  0.00000000  0.00000000  0.00000000   1.1503409100
I    3.1363904900   22.2424974400   25.4303454800  0.00000000  0.00000000  0.00000000  -0.6367476400
I    3.1323632300   19.1238360100   3.1966888200  0.00000000  0.00000000  0.00000000  -0.6377396000
I    25.4083643900   22.3224006800   3.1925780100  0.00000000  0.00000000  0.00000000  -0.6364698700
Cs   25.4709174300   19.1175061300   6.3677795400  0.00000000  0.00000000  0.00000000   0.7545616500
Pb   3.0953292100   22.2838536500   9.5776594100  0.00000000  0.00000000  0.00000000   1.1559233400
I    3.1523324700   22.2817898800   6.4328666200  0.00000000  0.00000000  0.00000000  -0.6370568700
I    3.1470776700   19.1405050900   9.5411765000  0.00000000  0.00000000  0.00000000  -0.6354917600
I    0.0202397200   22.3778899400   9.5657687900  0.00000000  0.00000000  0.00000000  -0.6376865100
Cs   25.4577673400   19.0811769400   12.7707346100  0.00000000  0.00000000  0.00000000   0.7556103200
Pb   3.2164566800   22.3236070500   16.0378422100  0.00000000  0.00000000  0.00000000   1.1521197800
I    3.1388167600   22.2605539200   12.7204995900  0.00000000  0.00000000  0.00000000  -0.6356028800
I    3.1560601000   19.1291849900   15.9320215300  0.00000000  0.00000000  0.00000000  -0.6362867400
I    25.4503520200   22.2653989200   15.9648550000  0.00000000  0.00000000  0.00000000  -0.6351322600
Cs   0.0245982800   19.1119101100   19.0777361100  0.00000000  0.00000000  0.00000000   0.7552639200
Pb   3.1205396800   22.2729662400   22.3213165100  0.00000000  0.00000000  0.00000000   1.1545647200
I    3.1646694200   22.3043166100   19.0799913900  0.00000000  0.00000000  0.00000000  -0.6377637100
I    3.1347859600   19.1310030600   22.3096076000  0.00000000  0.00000000  0.00000000  -0.6357702400
I    25.4524429500   22.3028223400   22.2430774000  0.00000000  0.00000000  0.00000000  -0.6364738600
Cs   6.4038508800   25.4084370800   0.0279553900  0.00000000  0.00000000  0.00000000   0.7543805700
Pb   9.6033512600   3.1352259100   3.2238618300  0.00000000  0.00000000  0.00000000   1.1543506300
I    9.5239691000   3.2042469600   0.0106464600  0.00000000  0.00000000  0.00000000  -0.6357271200
I    9.5879110700   25.4037080200   3.1622870600  0.00000000  0.00000000  0.00000000  -0.6369971600
I    6.3437597300   3.2047659900   3.1696641100  0.00000000  0.00000000  0.00000000  -0.6357287700
Cs   6.3162828300   0.0264536500   6.3906423700  0.00000000  0.00000000  0.00000000   0.7564394100
Pb   9.5346431300   3.2513548000   9.5734590300  0.00000000  0.00000000  0.00000000   1.1513982400
I    9.4924513500   3.1792505700   6.3398745600  0.00000000  0.00000000  0.00000000  -0.6366837500
I    9.5331478900   25.4313325300   9.5744334400  0.00000000  0.00000000  0.00000000  -0.6353277500
I    6.3475733400   3.2503005000   9.5489758500  0.00000000  0.00000000  0.00000000  -0.6359423200
Cs   6.3487652100   0.0218624200   12.8529413900  0.00000000  0.00000000  0.00000000   0.7550100100
Pb   9.5406092000   3.1559608100   15.8844339000  0.00000000  0.00000000  0.00000000   1.1508074900
I    9.4755943900   3.1614238500   12.7497361400  0.00000000  0.00000000  0.00000000  -0.6381059500
I    9.4719903900   0.0194630300   15.9538001000  0.00000000  0.00000000  0.00000000  -0.6372451100
I    6.3889563700   3.1736616100   15.9774119300  0.00000000  0.00000000  0.00000000  -0.6367143400
Cs   6.3667528700   25.4425890000   19.1721359600  0.00000000  0.00000000  0.00000000   0.7558142800
Pb   9.5002477200   3.1793192100   22.2665686900  0.00000000  0.00000000  0.00000000   1.1536867900
I    9.5385389200   3.1508596500   19.1472371200  0.00000000  0.00000000  0.00000000  -0.6368528900
I    9.5303980700   25.4622553500   22.2925898800  0.00000000  0.00000000  0.00000000  -0.6366802800
I    6.3882692800   3.2454217600   22.2825769600  0.00000000  0.00000000  0.00000000  -0.6372830400
Cs   6.3986556000   6.3842069500   0.1034650900  0.00000000  0.00000000  0.00000000   0.7559303500
Pb   9.5496247000   9.4731060000   3.1943266300  0.00000000  0.00000000  0.00000000   1.1544682200
I    9.5708925000   9.5595971400   0.0605893600  0.00000000  0.00000000  0.00000000  -0.6374105300
I    9.5254224000   6.3040151800   3.2270853200  0.00000000  0.00000000  0.00000000  -0.6365977700
I    6.3343352100   9.4834817600   3.1964653700  0.00000000  0.00000000  0.00000000  -0.6356006900
Cs   6.3297417800   6.4094017300   6.4093059500  0.00000000  0.00000000  0.00000000   0.7569134700
Pb   9.5021237400   9.5585634100   9.5142491100  0.00000000  0.00000000  0.00000000   1.1527637300
I    9.4654356900   9.5616641200   6.3694856300  0.00000000  0.00000000  0.00000000  -0.6363098300
I    9.5714560600   6.3586173400   9.5674678200  0.00000000  0.00000000  0.00000000  -0.6376546500
I    6.3186733000   9.5948070000   9.5557371000  0.00000000  0.00000000  0.00000000  -0.6368414000
Cs   6.3568705000   6.3091014500   12.7526134500  0.00000000  0.00000000  0.00000000   0.7554659800
Pb   9.5263327900   9.5485778600   15.9508714600  0.00000000  0.00000000  0.00000000   1.1552289200
I    9.5401951100   9.5592364900   12.7746323400  0.00000000  0.00000000  0.00000000  -0.6355297000
I    9.4873606200   6.4427740500   15.8903677000  0.00000000  0.00000000  0.00000000  -0.6371969300
I    6.3948947400   9.6567312500   15.9250624700  0.00000000  0.00000000  0.00000000  -0.6356159600
Cs   6.4175025900   6.3556492900   19.0945213500  0.00000000  0.00000000  0.00000000   0.7567047500
Pb   9.5867676100   9.5907074200   22.3312619300  0.00000000  0.00000000  0.00000000   1.1553729200
I    9.4937195800   9.4885699100   19.2284290800  0.00000000  0.00000000  0.00000000  -0.6361915800
I    9.5454996700   6.3787276000   22.3159915400  0.00000000  0.00000000  0.00000000  -0.6360381400
I    6.4126630600   9.5819841800   22.2972517100  0.00000000  0.00000000  0.00000000  -0.6359112000
Cs   6.3908684600   12.7059213500   25.4209278000  0.00000000  0.00000000  0.00000000   0.7559418400
Pb   9.6200996100   15.9294389100   3.1869806900  0.00000000  0.00000000  0.00000000   1.1530355300
I    9.5797782400   15.9065582600   25.3686506100  0.00000000  0.00000000  0.00000000  -0.6377431200
I    9.5584260700   12.7415894200   3.3059636800  0.00000000  0.00000000  0.00000000  -0.6354862700
I    6.3170996200   15.9866928200   3.1510287700  0.00000000  0.00000000  0.00000000  -0.6354528200
Cs   6.3741278300   12.7251519500   6.3011229800  0.00000000  0.00000000  0.00000000   0.7568530900
Pb   9.4889349900   15.9112722300   9.6077315400  0.00000000  0.00000000  0.00000000   1.1569466000
I    9.5581149000   15.9170350200   6.3876479500  0.00000000  0.00000000  0.00000000  -0.6351967300
I    9.5935224800   12.7513341500   9.4558484700  0.00000000  0.00000000  0.00000000  -0.6359737800
I    6.4465437200   15.9583822500   9.5989777700  0.00000000  0.00000000  0.00000000  -0.6370614600
Cs   6.3761921800   12.8166793200   12.8009879600  0.00000000  0.00000000  0.00000000   0.7557343400
Pb   9.5839486000   15.9693466200   15.9191869300  0.00000000  0.00000000  0.00000000   1.1502009100
I    9.6100187200   15.9145346600   12.7027690100  0.00000000  0.00000000  0.00000000  -0.6377212600
I    9.5587462900   12.6983525100   15.8960015500  0.00000000  0.00000000  0.00000000  -0.6362025300
I    6.3340741900   15.8474705300   15.9014379200  0.00000000  0.00000000  0.00000000  -0.6366895100
Cs   6.3749239300   12.7460911800   19.0916191300  0.00000000  0.00000000  0.00000000   0.7566918800
Pb   9.5350262000   15.9154162100   22.3507553500  0.00000000  0.00000000  0.00000000   1.1560196000
I    9.4828252700   15.8961116400   19.0551924300  0.00000000  0.00000000  0.00000000  -0.6363210800
I    9.5226565700   12.7332952200   22.2764916600  0.00000000  0.00000000  0.00000000  -0.6367693500
I    6.4023309600   15.9021530800   22.2420954000  0.00000000  0.00000000  0.00000000  -0.6363239700
Cs   6.3558786100   19.1458229500   0.0421469100  0.00000000  0.00000000  0.00000000   0.7554550600
Pb   9.6253067400   22.2543212400   3.1717198600  0.00000000  0.00000000  0.00000000   1.1542461500
I    9.5430001900   22.3031822800   0.0057894100  0.00000000  0.00000000  0.00000000  -0.6371881200
I    9.5417925100   19.0127257300   3.1514518800  0.00000000  0.00000000  0.00000000  -0.6375479600
I    6.3746562200   22.2381338900   3.1837485200  0.00000000  0.00000000  0.00000000  -0.6364835200
Cs   6.3967604800   19.1374002400   6.3197311800  0.00000000  0.00000000  0.00000000   0.7568920400
Pb   9.6009719600   22.2273711200   9.5890900200  0.00000000  0.00000000  0.00000000   1.1532603000
I    9.5391202800   22.2662988700   6.3382638600  0.00000000  0.00000000  0.00000000  -0.6358874800
I    9.6182047200   19.0988748800   9.5370451300  0.00000000  0.00000000  0.00000000  -0.6368108200
I    6.3590242400   22.2154788700   9.4713567700  0.00000000  0.00000000  0.00000000  -0.6343393600
Cs   6.4036931300   19.0798395200   12.7826121800  0.00000000  0.00000000  0.00000000   0.7551961600
Pb   9.5158690200   22.3302591000   15.9706270600  0.00000000  0.00000000  0.00000000   1.1539117300
I    9.5597542700   22.2832517500   12.8036626400  0.00000000  0.00000000  0.00000000  -0.6365798100
I    9.6353630000   19.1038286400   15.9253454000  0.00000000  0.00000000  0.00000000  -0.6373426100
I    6.3984953700   22.2500660100   15.8890781500  0.00000000  0.00000000  0.00000000  -0.6380130900
Cs   6.3679356000   19.0835060900   19.0891979200  0.00000000  0.00000000  0.00000000   0.7548336900
Pb   9.5439934800   22.3051993000   22.3274913600  0.00000000  0.00000000  0.00000000   1.1543471400
I    9.5286087000   22.2734723000   19.1357839500  0.00000000  0.00000000  0.00000000  -0.6368092300
I    9.5356554800   19.1034240100   22.2523582200  0.00000000  0.00000000  0.00000000  -0.6363062000
I    6.3379082800   22.2778196000   22.2916495000  0.00000000  0.00000000  0.00000000  -0.6363174800
Cs   12.8024122400   0.0081640200   0.0764934500  0.00000000  0.00000000  0.00000000   0.7553732500
Pb   15.8917481900   3.2567537700   3.2212426800  0.00000000  0.00000000  0.00000000   1.1538968600
I    15.9230308200   3.2116493900   0.0438403500  0.00000000  0.00000000  0.00000000  -0.6367195300
I    15.9240917400   0.0314349000   3.1711384600  0.00000000  0.00000000  0.00000000  -0.6362851200
I    12.7002514700   3.2294753900   3.1933060000  0.00000000  0.00000000  0.00000000  -0.6382081800
Cs   12.6832023400   25.4385106000   6.3174589100  0.00000000  0.00000000  0.00000000   0.7549329400
Pb   15.8903500100   3.2150575100   9.6143282600  0.00000000  0.00000000  0.00000000   1.1531204400
I    15.9178802000   3.1510601400   6.3300913300  0.00000000  0.00000000  0.00000000  -0.6367751500
I    15.9804225600   25.3783045200   9.4932021600  0.00000000  0.00000000  0.00000000  -0.6360730300
I    12.7726494900   3.1293986200   9.5401513800  0.00000000  0.00000000  0.00000000  -0.6373605700
Cs   12.7063210600   25.4406180200   12.6534911600  0.00000000  0.00000000  0.00000000   0.7556483100
Pb   15.9395296300   3.2011511500   15.8684006200  0.00000000  0.00000000  0.00000000   1.1539616100
I    15.8560614800   3.2023853300   12.7007442400  0.00000000  0.00000000  0.00000000  -0.6380152100
I    15.9241799700   0.0098535800   15.8920017900  0.00000000  0.00000000  0.00000000  -0.6350139100
I    12.8034370700   3.1776679100   15.8904663900  0.00000000  0.00000000  0.00000000  -0.6366157600
Cs   12.8011049300   0.0383984700   19.1556208300  0.00000000  0.00000000  0.00000000   0.7564036000
Pb   15.8752481500   3.2201276300   22.2997376200  0.00000000  0.00000000  0.00000000   1.1527662400
I    15.8639368000   3.1233897100   19.0756715800  0.00000000  0.00000000  0.00000000  -0.6360478300
I    15.9381012900   0.0288687500   22.2456062800  0.00000000  0.00000000  0.00000000  -0.6360995600
I    12.7791770100   3.1639533600   22.3223623600  0.00000000  0.00000000  0.00000000  -0.6371234900
Cs   12.7586780600   6.3740200000   0.0018036800  0.00000000  0.00000000  0.00000000   0.7537185500
Pb   15.9176310200   9.5225357300   3.1786738600  0.00000000  0.00000000  0.00000000   1.1525980400
I    15.9645066600   9.5112848900   0.0409874300  0.00000000  0.00000000  0.00000000  -0.6368787300
I    15.9230880300   6.3470192300   3.1496966300  0.00000000  0.00000000  0.00000000  -0.6387814400
I    12.6749103300   9.5370179900   3.2303556800  0.00000000  0.00000000  0.00000000  -0.6368353000
Cs   12.7992321000   6.3597740200   6.3240957800  0.00000000  0.00000000  0.00000000   0.7542121700
Pb   15.9268506300   9.5513256400   9.4981226600  0.00000000  0.00000000  0.00000000   1.1554820600
I    15.8842225100   9.5448790800   6.3890226800  0.00000000  0.00000000  0.00000000  -0.6373865700
I    15.9418354700   6.3147423000   9.5531813800  0.00000000  0.00000000  0.00000000  -0.6374113200
I    12.7601367500   9.5466743700   9.5338724800  0.00000000  0.00000000  0.00000000  -0.6356797800
Cs   12.7127368000   6.3625258200   12.7471380600  0.00000000  0.00000000  0.00000000   0.7541261600
Pb   15.8067127900   9.4829352300   15.8976556300  0.00000000  0.00000000  0.00000000   1.1575080200
I    15.9634739000   9.5429585200   12.7581169500  0.00000000  0.00000000  0.00000000  -0.6350480800
I    15.9384159600   6.3824141600   15.8816395100  0.00000000  0.00000000  0.00000000  -0.6371470300
I    12.7177517100   9.5599952700   15.9953229800  0.00000000  0.00000000  0.00000000  -0.6376089700
Cs   12.6843126700   6.3371241900   19.1313748200  0.00000000  0.00000000  0.00000000   0.7544366100
Pb   15.9710044600   9.4586945000   22.3045731300  0.00000000  0.00000000  0.00000000   1.1558336300
I    15.9429112700   9.5509832300   19.0810980800  0.00000000  0.00000000  0.00000000  -0.6344508700
I    15.9390004400   6.3956295200   22.1676165100  0.00000000  0.00000000  0.00000000  -0.6387205600
I    12.7618791200   9.6215372400   22.2835436300  0.00000000  0.00000000  0.00000000  -0.6363877500
Cs   12.7538467200   12.7425507900   25.4167657100  0.00000000  0.00000000  0.00000000   0.7549587300
Pb   15.9644675900   15.8447188600   3.2083760100  0.00000000  0.00000000  0.00000000   1.1494999400
I    15.9866407500   15.9503875600   25.4607595500  0.00000000  0.00000000  0.00000000  -0.6372814000
I    15.9287813000   12.6800229600   3.1831765500  0.00000000  0.00000000  0.00000000  -0.6376135000
I    12.7052472800   15.9390639000   3.1647200000  0.00000000  0.00000000  0.00000000  -0.6378948900
Cs   12.7426129300   12.8185056100   6.3656627800  0.00000000  0.00000000  0.00000000   0.7564391300
Pb   15.8645103200   15.9777980500   9.5332793800  0.00000000  0.00000000  0.00000000   1.1522221000
I    15.9052467100   15.8692386700   6.3911838800  0.00000000  0.00000000  0.00000000  -0.6383205700
I    15.9848636200   12.6565663300   9.6049979300  0.00000000  0.00000000  0.00000000  -0.6350167100
I    12.7269199500   15.9206749000   9.5500711400  0.00000000  0.00000000  0.00000000  -0.6363455300
Cs   12.7427332400   12.7602611100   12.7449778600  0.00000000  0.00000000  0.00000000   0.7564747000
Pb   15.9692513300   15.8883517600   15.9082664100  0.00000000  0.00000000  0.00000000   1.1552857000
I    15.8766694300   15.9606644700   12.7504386000  0.00000000  0.00000000  0.00000000  -0.6358882300
I    15.9949451100   12.6787833900   15.8927651100  0.00000000  0.00000000  0.00000000  -0.6344699400
I    12.8476975100   15.8965760500   15.8533545700  0.00000000  0.00000000  0.00000000  -0.6362073200
Cs   12.6569575100   12.7661334400   19.0555832700  0.00000000  0.00000000  0.00000000   0.7564768600
Pb   15.9443435700   16.0140395600   22.3267581400  0.00000000  0.00000000  0.00000000   1.1525947200
I    15.9101412800   15.8754887800   19.0879711100  0.00000000  0.00000000  0.00000000  -0.6357118800
I    15.9157373100   12.7234862100   22.3578476800  0.00000000  0.00000000  0.00000000  -0.6337664300
I    12.6849801100   15.9137949300   22.2868560600  0.00000000  0.00000000  0.00000000  -0.6363935800
Cs   12.7309220800   19.0072767000   0.0592478700  0.00000000  0.00000000  0.00000000   0.7548870800
Pb   15.9764629900   22.3124808900   3.2366205600  0.00000000  0.00000000  0.00000000   1.1523602600
I    15.9592705600   22.2983160700   0.0602434500  0.00000000  0.00000000  0.00000000  -0.6355925300
I    15.8721313400   19.1262118900   3.1228289900  0.00000000  0.00000000  0.00000000  -0.6362207300
I    12.6749335300   22.3115826700   3.2088384700  0.00000000  0.00000000  0.00000000  -0.6375580700
Cs   12.7520253100   19.1398222600   6.3558347600  0.00000000  0.00000000  0.00000000   0.7544416900
Pb   15.9545336400   22.3077827000   9.5638414000  0.00000000  0.00000000  0.00000000   1.1572600900
I    15.9787925600   22.2387799700   6.3756401000  0.00000000  0.00000000  0.00000000  -0.6373986700
I    15.9762783500   19.1054505300   9.5922280300  0.00000000  0.00000000  0.00000000  -0.6372207900
I    12.7450563900   22.3091734100   9.5221817500  0.00000000  0.00000000  0.00000000  -0.6370613300
Cs   12.7410136500   19.0867461000   12.7168620400  0.00000000  0.00000000  0.00000000   0.7560297400
Pb   15.9201497600   22.2051467900   15.9307614300  0.00000000  0.00000000  0.00000000   1.1546859800
I    15.8753051500   22.3011962500   12.7256829500  0.00000000  0.00000000  0.00000000  -0.6361780700
I    15.8909398800   19.1469554900   15.9530929500  0.00000000  0.00000000  0.00000000  -0.6373395900
I    12.7482598000   22.3343596300   15.9291446500  0.00000000  0.00000000  0.00000000  -0.6353750800
Cs   12.6637825600   19.1491899600   19.1629141000  0.00000000  0.00000000  0.00000000   0.7553518600
Pb   15.9452858400   22.2971070600   22.2327348400  0.00000000  0.00000000  0.00000000   1.1515862200
I    15.8622253700   22.2549013900   19.1397169000  0.00000000  0.00000000  0.00000000  -0.6372212800
I    15.9451212100   19.0741868500   22.3191675600  0.00000000  0.00000000  0.00000000  -0.6380058700
I    12.7016767300   22.3186794100   22.3178433200  0.00000000  0.00000000  0.00000000  -0.6361675000
Cs   19.1033697300   25.4654066800   0.0139502200  0.00000000  0.00000000  0.00000000   0.7568330600
Pb   22.2305652700   3.2831716300   3.2486666400  0.00000000  0.00000000  0.00000000   1.1510056600
I    22.3103639700   3.2049008800   25.4497701600  0.00000000  0.00000000  0.00000000  -0.6363715000
I    22.2372724400   25.4167400400   3.1097862700  0.00000000  0.00000000  0.00000000  -0.6345021600
I    19.0964241100   3.2097563500   3.1798365200  0.00000000  0.00000000  0.00000000  -0.6373452200
Cs   19.0828183900   25.4600161200   6.4277637700  0.00000000  0.00000000  0.00000000   0.7564334300
Pb   22.2012784800   3.1406073700   9.5685144100  0.00000000  0.00000000  0.00000000   1.1570427100
I    22.2829970800   3.1843178500   6.3623441100  0.00000000  0.00000000  0.00000000  -0.6374845000
I    22.2461008000   0.0303599400   9.5928461400  0.00000000  0.00000000  0.00000000  -0.6359857000
I    19.0951423400   3.1213805200   9.5721911100  0.00000000  0.00000000  0.00000000  -0.6373530900
Cs   19.0793441100   25.4637645400   12.7805463200  0.00000000  0.00000000  0.00000000   0.7558375800
Pb   22.3318896200   3.1255182500   15.9228174900  0.00000000  0.00000000  0.00000000   1.1579054900
I    22.3527625100   3.1840538300   12.7044288400  0.00000000  0.00000000  0.00000000  -0.6351569000
I    22.2833486900   0.0506206200   15.9757821100  0.00000000  0.00000000  0.00000000  -0.6365953800
I    19.1451988200   3.2119954600   15.8814112800  0.00000000  0.00000000  0.00000000  -0.6365407800
Cs   19.1317380300   0.0869445600   19.0629299900  0.00000000  0.00000000  0.00000000   0.7561562800
Pb   22.2666443600   3.1856868700   22.3286954800  0.00000000  0.00000000  0.00000000   1.1525054200
I    22.3373600900   3.2122984600   19.0557165000  0.00000000  0.00000000  0.00000000  -0.6358998400
I    22.3347637800   25.3742446600   22.2601763600  0.00000000  0.00000000  0.00000000  -0.6347965500
I    19.0752567700   3.1341715300   22.2655065100  0.00000000  0.00000000  0.00000000  -0.6369039900
Cs   19.1483890100   6.4055312300   0.0550984700  0.00000000  0.00000000  0.00000000   0.7534513000
Pb   22.2649330000   9.5245034700   3.1796835500  0.00000000  0.00000000  0.00000000   1.1495436200
I    22.2422938300   9.5566498300   25.4613907300  0.00000000  0.00000000  0.00000000  -0.6374035100
I    22.3532164000   6.4100320600   3.1781448200  0.00000000  0.00000000  0.00000000  -0.6397468000
I    19.0867996300   9.5880990900   3.0911888300  0.00000000  0.00000000  0.00000000  -0.6374184600
Cs   19.1570756300   6.3316541300   6.3938873400  0.00000000  0.00000000  0.00000000   0.7527105700
Pb   22.2863109600   9.6104891100   9.4952039100  0.00000000  0.00000000  0.00000000   1.1574059400
I    22.2218696200   9.6129090200   6.3548913400  0.00000000  0.00000000  0.00000000  -0.6371687600
I    22.2311262700   6.3312279000   9.5819020100  0.00000000  0.00000000  0.00000000  -0.6349338700
I    19.1572217300   9.6363425900   9.5644460900  0.00000000  0.00000000  0.00000000  -0.6351740200
Cs   19.1168046800   6.3015899300   12.7565980600  0.00000000  0.00000000  0.00000000   0.7571950700
Pb   22.2383399100   9.5421487500   15.9442907800  0.00000000  0.00000000  0.00000000   1.1552645700
I    22.3058338100   9.5607855700   12.6919851900  0.00000000  0.00000000  0.00000000  -0.6347000400
I    22.2586584700   6.3590374500   15.8363362600  0.00000000  0.00000000  0.00000000  -0.6349465600
I    19.1397379500   9.5438186900   15.9543103700  0.00000000  0.00000000  0.00000000  -0.6342323700
Cs   19.1065224400   6.3184842000   19.1741195400  0.00000000  0.00000000  0.00000000   0.7559890500
Pb   22.2827117500   9.5428540300   22.2719647200  0.00000000  0.00000000  0.00000000   1.1539066500
I    22.2922676400   9.5757367800   19.1639822600  0.00000000  0.00000000  0.00000000  -0.6364523600
I    22.3011267700   6.3282205400   22.2245846100  0.00000000  0.00000000  0.00000000  -0.6367684600
I    19.0328917600   9.5701825400   22.2540496100  0.00000000  0.00000000  0.00000000  -0.6371648800
Cs   19.1940591100   12.7848770500   25.4341220400  0.00000000  0.00000000  0.00000000   0.7549278900
Pb   22.2979049300   15.9495077800   3.1676847100  0.00000000  0.00000000  0.00000000   1.1571946900
I    22.2671144100   16.0106958500   0.0155965400  0.00000000  0.00000000  0.00000000  -0.6356355400
I    22.3338166200   12.8561478400   3.2611678900  0.00000000  0.00000000  0.00000000  -0.6364123300
I    19.1052049700   15.9524274000   3.2029651100  0.00000000  0.00000000  0.00000000  -0.6372638500
Cs   19.0646364500   12.8320456500   6.3100718400  0.00000000  0.00000000  0.00000000   0.7562707600
Pb   22.2887367600   15.9119155400   9.5391220600  0.00000000  0.00000000  0.00000000   1.1525440200
I    22.2151466600   15.9791197700   6.3961605200  0.00000000  0.00000000  0.00000000  -0.6361872700
I    22.2659447900   12.6683019200   9.5210953200  0.00000000  0.00000000  0.00000000  -0.6366735900
I    19.1463149100   15.8690806400   9.5673805200  0.00000000  0.00000000  0.00000000  -0.6357939800
Cs   19.1770058000   12.7050259700   12.7369009100  0.00000000  0.00000000  0.00000000   0.7586164700
Pb   22.2585246500   15.9160351000   15.8910529300  0.00000000  0.00000000  0.00000000   1.1559192100
I    22.2847318600   15.9072094900   12.8092201900  0.00000000  0.00000000  0.00000000  -0.6371298700
I    22.2423605300   12.7250056600   15.9542593900  0.00000000  0.00000000  0.00000000  -0.6361814400
I    19.1292580000   15.8747167100   15.8896199600  0.00000000  0.00000000  0.00000000  -0.6375471000
Cs   19.1826018900   12.6959109800   19.1183366100  0.00000000  0.00000000  0.00000000   0.7570288400
Pb   22.2449735200   15.9206607300   22.2107349300  0.00000000  0.00000000  0.00000000   1.1530917600
I    22.3234155000   15.9822976500   19.0978069300  0.00000000  0.00000000  0.00000000  -0.6376054800
I    22.3184712600   12.7037892500   22.2401743000  0.00000000  0.00000000  0.00000000  -0.6367108600
I    19.1625236500   15.9724719500   22.2814858700  0.00000000  0.00000000  0.00000000  -0.6376746400
Cs   19.0744892100   19.0793393700   0.0114527600  0.00000000  0.00000000  0.00000000   0.7560376800
Pb   22.2835348000   22.2986222700   3.1508415500  0.00000000  0.00000000  0.00000000   1.1558265700
I    22.3189496200   22.3760794800   25.4614390400  0.00000000  0.00000000  0.00000000  -0.6358588900
I    22.3067497200   19.0164409800   3.1829760500  0.00000000  0.00000000  0.00000000  -0.6366307900
I    19.1348592500   22.3193458500   3.2232589900  0.00000000  0.00000000  0.00000000  -0.6370450300
Cs   19.0842228600   19.1709419100   6.3894552800  0.00000000  0.00000000  0.00000000   0.7548509300
Pb   22.3079712700   22.2657559900   9.5090153800  0.00000000  0.00000000  0.00000000   1.1513011800
I    22.2738315700   22.3459083600   6.3578257800  0.00000000  0.00000000  0.00000000  -0.6369072400
I    22.3357980700   19.1264965300   9.5222627200  0.00000000  0.00000000  0.00000000  -0.6376852300
I    19.0037485400   22.2923424300   9.5472942400  0.00000000  0.00000000  0.00000000  -0.6367081300
Cs   19.1435204800   19.0823449900   12.7825336100  0.00000000  0.00000000  0.00000000   0.7537650600
Pb   22.2101918200   22.2893322500   15.9476932800  0.00000000  0.00000000  0.00000000   1.1524781900
I    22.2728726700   22.3635410000   12.7267699900  0.00000000  0.00000000  0.00000000  -0.6362389000
I    22.3256042300   19.0534667900   15.9080460300  0.00000000  0.00000000  0.00000000  -0.6371591000
I    19.0726484400   22.3438767800   15.9319383600  0.00000000  0.00000000  0.00000000  -0.6381575900
Cs   19.1006531500   19.0840666100   19.0901631500  0.00000000  0.00000000  0.00000000   0.7537212400
Pb   22.2931086100   22.2386893400   22.2882742200  0.00000000  0.00000000  0.00000000   1.1570113200
I    22.2705519100   22.2966012000   19.0568738800  0.00000000  0.00000000  0.00000000  -0.6362288800
I    22.2522798500   19.0743642000   22.3677119600  0.00000000  0.00000000  0.00000000  -0.6368655700
I    19.1518648300   22.2833081500   22.2463651700  0.00000000  0.00000000  0.00000000  -0.6363342300
# cspbi3_320atom_train_like_00010 source=scripted_perturbation label=Ewald-QEq_teacher
320
  25.1600000000  0.0000000000  0.0000000000  0.0000000000  25.1600000000  0.0000000000  0.0000000000  0.0000000000  25.1600000000
Cs   25.0899724300   25.0864176600   25.1007209700  0.00000000  0.00000000  0.00000000   0.7528218500
Pb   3.1161995500   3.1487032600   3.0594285600  0.00000000  0.00000000  0.00000000   1.1491956300
I    3.1522926200   3.0934227500   25.1339955600  0.00000000  0.00000000  0.00000000  -0.6400931400
I    3.1612735700   25.1001195500   2.9675574200  0.00000000  0.00000000  0.00000000  -0.6347575100
I    25.0307310400   3.2430670100   3.1311984200  0.00000000  0.00000000  0.00000000  -0.6402971400
Cs   0.0386818700   0.0208528700   6.3051350100  0.00000000  0.00000000  0.00000000   0.7543904700
Pb   3.0814882800   3.2455461900   9.5102265200  0.00000000  0.00000000  0.00000000   1.1477996700
I    3.2062763000   3.2582067500   6.2032167100  0.00000000  0.00000000  0.00000000  -0.6381780300
I    2.9877105300   24.9276566000   9.3819431400  0.00000000  0.00000000  0.00000000  -0.6383068500
I    0.0417428100   3.1659319000   9.5608921300  0.00000000  0.00000000  0.00000000  -0.6382183900
Cs   25.0921429100   25.0498160100   12.6670533500  0.00000000  0.00000000  0.00000000   0.7579184200
Pb   3.2260082100   3.1932101400   15.7120018700  0.00000000  0.00000000  0.00000000   1.1570884800
I    3.2107854200   3.0946512500   12.6674816400  0.00000000  0.00000000  0.00000000  -0.6385222900
I    3.1397058700   25.0095974100   15.7825723400  0.00000000  0.00000000  0.00000000  -0.6340245900
I    25.1031842600   3.2055909000   15.7449127600  0.00000000  0.00000000  0.00000000  -0.6355542500
Cs   0.0605009200   0.1292380900   18.8957329700  0.00000000  0.00000000  0.00000000   0.7545590400
Pb   3.0684769400   3.2133051600   22.1411836200  0.00000000  0.00000000  0.00000000   1.1584259200
I    3.1923335200   3.1283503600   18.8980752000  0.00000000  0.00000000  0.00000000  -0.6356827000
I    3.2140523200   0.0030865800   22.2267442000  0.00000000  0.00000000  0.00000000  -0.6398834000
I    25.1422931300   3.1072924300   21.9161163400  0.00000000  0.00000000  0.00000000  -0.6378881600
Cs   25.1120413900   6.2619063400   0.1235978600  0.00000000  0.00000000  0.00000000   0.7537096200
Pb   3.2671229200   9.4987601400   3.1584101000  0.00000000  0.00000000  0.00000000   1.1676129600
I    3.2735269800   9.5041350700   25.1044296100  0.00000000  0.00000000  0.00000000  -0.6359993800
I    3.2151897900   6.5404130200   3.0965601200  0.00000000  0.00000000  0.00000000  -0.6364483900
I    25.1464592800   9.5870254900   3.1184174400  0.00000000  0.00000000  0.00000000  -0.6357472100
Cs   25.1406885800   6.2614781100   6.4136946900  0.00000000  0.00000000  0.00000000   0.7523066700
Pb   3.1641428200   9.4410994600   9.3342825800  0.00000000  0.00000000  0.00000000   1.1606905100
I    3.1028254300   9.5078308400   6.1071014700  0.00000000  0.00000000  0.00000000  -0.6377798100
I    3.1503585100   6.3048159700   9.5541047400  0.00000000  0.00000000  0.00000000  -0.6384417300
I    0.1130575000   9.3890989800   9.4931323900  0.00000000  0.00000000  0.00000000  -0.6363587200
Cs   25.0883916000   6.2323131600   12.5613249600  0.00000000  0.00000000  0.00000000   0.7603377200
Pb   3.1909425900   9.4422969500   15.7459666500  0.00000000  0.00000000  0.00000000   1.1606232700
I    3.2172380800   9.4919512200   12.5146861600  0.00000000  0.00000000  0.00000000  -0.6336697800
I    3.0627959000   6.4008887100   15.7458120600  0.00000000  0.00000000  0.00000000  -0.6365187100
I    0.0070017900   9.5349293800   15.6962464400  0.00000000  0.00000000  0.00000000  -0.6347563400
Cs   0.0432022400   6.3784498600   18.8980306400  0.00000000  0.00000000  0.00000000   0.7592836200
Pb   3.0229288000   9.3883410000   22.0443629800  0.00000000  0.00000000  0.00000000   1.1556911600
I    3.1083848500   9.3878401900   18.9039011500  0.00000000  0.00000000  0.00000000  -0.6367887500
I    3.1579303600   6.1543591900   21.9395313800  0.00000000  0.00000000  0.00000000  -0.6385151900
I    0.0495386300   9.2899603600   22.0370008500  0.00000000  0.00000000  0.00000000  -0.6394925900
Cs   25.1568851000   12.3658515600   0.0450246000  0.00000000  0.00000000  0.00000000   0.7588914800
Pb   3.1551402400   15.9248485400   3.3585071600  0.00000000  0.00000000  0.00000000   1.1549090700
I    3.1471977700   15.7212119800   25.0584239700  0.00000000  0.00000000  0.00000000  -0.6322130700
I    3.1555186500   12.4828652700   3.1566142300  0.00000000  0.00000000  0.00000000  -0.6345853400
I    25.1263191300   15.7678887300   3.2238363400  0.00000000  0.00000000  0.00000000  -0.6334693500
Cs   0.1508565000   12.5870348800   6.2829742900  0.00000000  0.00000000  0.00000000   0.7584011000
Pb   3.1791306200   15.6807327600   9.5812542200  0.00000000  0.00000000  0.00000000   1.1583076500
I    3.0818383800   15.7455799900   6.3651511400  0.00000000  0.00000000  0.00000000  -0.6377664800
I    3.1708606000   12.5560508800   9.5174161000  0.00000000  0.00000000  0.00000000  -0.6372838000
I    25.0046877800   15.7444672900   9.4816922700  0.00000000  0.00000000  0.00000000  -0.6382882700
Cs   25.0451541000   12.7121765900   12.6168573700  0.00000000  0.00000000  0.00000000   0.7562316500
Pb   3.1466170800   15.7173600000   15.6682077600  0.00000000  0.00000000  0.00000000   1.1532467300
I    3.1452003600   15.7964339800   12.5100634500  0.00000000  0.00000000  0.00000000  -0.6404137200
I    3.2048526700   12.6429622600   15.7713586600  0.00000000  0.00000000  0.00000000  -0.6366328600
I    25.0838062200   15.6089810000   15.8339472900  0.00000000  0.00000000  0.00000000  -0.6409490600
Cs   0.0914556200   12.6087954600   18.8590590500  0.00000000  0.00000000  0.00000000   0.7570276500
Pb   3.0346373300   15.7360171200   21.9428947300  0.00000000  0.00000000  0.00000000   1.1595997500
I    3.1183130900   15.6879282600   18.8246994100  0.00000000  0.00000000  0.00000000  -0.6362453200
I    3.1276793600   12.5739594200   22.1694389100  0.00000000  0.00000000  0.00000000  -0.6357274000
I    25.0857001300   15.7037066700   22.0832759500  0.00000000  0.00000000  0.00000000  -0.6372517200
Cs   25.0891123000   18.8912686900   0.1153929500  0.00000000  0.00000000  0.00000000   0.7575187100
Pb   3.1252114600   21.8322238000   3.1290318200  0.00000000  0.00000000  0.00000000   1.1542348700
I    3.0655432600   22.0894125300   25.1202430900  0.00000000  0.00000000  0.00000000  -0.6375904100
I    3.1035458100   18.8181933700   3.1073870500  0.00000000  0.00000000  0.00000000  -0.6422022200
I    0.0036680300   22.0120479900   3.2606065600  0.00000000  0.00000000  0.00000000  -0.6360358600
Cs   25.0208452800   18.9966533300   6.2970140200  0.00000000  0.00000000  0.00000000   0.7580110800
Pb   3.1874360800   22.0783768000   9.2960097500  0.00000000  0.00000000  0.00000000   1.1585052400
I    3.0033413500   22.1529882400   6.3048359500  0.00000000  0.00000000  0.00000000  -0.6385162000
I    3.1495120100   18.8821030200   9.4143633500  0.00000000  0.00000000  0.00000000  -0.6352273400
I    25.0785362000   21.9356039900   9.3168913300  0.00000000  0.00000000  0.00000000  -0.6373590700
Cs   25.1417086600   18.7848986500   12.6820671000  0.00000000  0.00000000  0.00000000   0.7548458300
Pb   3.1938814400   21.9143462500   15.6107701900  0.00000000  0.00000000  0.00000000   1.1694647400
I    3.1695063900   22.1062400900   12.7082452700  0.00000000  0.00000000  0.00000000  -0.6361154800
I    3.2933800200   18.9561194300   15.6492001500  0.00000000  0.00000000  0.00000000  -0.6372716900
I    0.0846526800   22.0285963700   15.7354751900  0.00000000  0.00000000  0.00000000  -0.6354206000
Cs   25.1387301000   18.9061203400   18.9309878700  0.00000000  0.00000000  0.00000000   0.7549742300
Pb   3.0084980800   22.1444164700   22.0377341400  0.00000000  0.00000000  0.00000000   1.1523251200
I    3.1163557700   21.8809004100   18.7288166800  0.00000000  0.00000000  0.00000000  -0.6346024200
I    3.2734122500   18.9014493700   21.9523266600  0.00000000  0.00000000  0.00000000  -0.6346919700
I    0.0272080000   21.8701839800   22.0324662100  0.00000000  0.00000000  0.00000000  -0.6394124100
Cs   6.2991574900   25.1577247300   24.9467791200  0.00000000  0.00000000  0.00000000   0.7560753500
Pb   9.5402483200   3.1680709600   3.1127185700  0.00000000  0.00000000  0.00000000   1.1583428800
I    9.4508576000   3.0727265700   0.0058093600  0.00000000  0.00000000  0.00000000  -0.6356854800
I    9.4747848400   0.0684812900   3.0970401000  0.00000000  0.00000000  0.00000000  -0.6392593900
I    6.3043550600   3.2485804600   3.1539610600  0.00000000  0.00000000  0.00000000  -0.6352297400
Cs   6.3781385100   0.0086343000   6.3478737000  0.00000000  0.00000000  0.00000000   0.7535344700
Pb   9.5039182800   3.2656986100   9.2737572300  0.00000000  0.00000000  0.00000000   1.1600266400
I    9.4839227300   3.1660303700   6.2619585800  0.00000000  0.00000000  0.00000000  -0.6393676500
I    9.4156077800   0.0141732600   9.3607395300  0.00000000  0.00000000  0.00000000  -0.6377473200
I    6.3344026400   3.2300434000   9.4677596800  0.00000000  0.00000000  0.00000000  -0.6372150400
Cs   6.2608424400   0.0592814300   12.5216840600  0.00000000  0.00000000  0.00000000   0.7561719800
Pb   9.5374569100   3.1127999400   15.7532920200  0.00000000  0.00000000  0.00000000   1.1474314400
I    9.5342443500   3.0637725300   12.5511071100  0.00000000  0.00000000  0.00000000  -0.6343608000
I    9.4146451600   25.0736753300   15.5674007500  0.00000000  0.00000000  0.00000000  -0.6402061200
I    6.1156507500   3.2454487600   15.6538113200  0.00000000  0.00000000  0.00000000  -0.6384876600
Cs   6.3269042800   25.1477118900   19.0091919300  0.00000000  0.00000000  0.00000000   0.7523496800
Pb   9.4272199800   3.1281657100   21.8683060300  0.00000000  0.00000000  0.00000000   1.1504541600
I    9.4253197100   3.1318712800   18.8910471000  0.00000000  0.00000000  0.00000000  -0.6423870700
I    9.4359472900   25.1492691100   22.0011891300  0.00000000  0.00000000  0.00000000  -0.6417953300
I    6.1890253500   3.1650141800   22.0803328300  0.00000000  0.00000000  0.00000000  -0.6378693600
Cs   6.2467306900   6.2852522200   25.0573113100  0.00000000  0.00000000  0.00000000   0.7590173100
Pb   9.4947657800   9.5149896000   3.2400245200  0.00000000  0.00000000  0.00000000   1.1606240800
I    9.5235883300   9.5146670900   25.1340181100  0.00000000  0.00000000  0.00000000  -0.6346724200
I    9.3593734000   6.3777116000   3.1019303200  0.00000000  0.00000000  0.00000000  -0.6346771000
I    6.2882124500   9.3850853400   3.0764908800  0.00000000  0.00000000  0.00000000  -0.6347420300
Cs   6.3085273500   6.1377160100   6.2336784700  0.00000000  0.00000000  0.00000000   0.7578085100
Pb   9.4965929500   9.5315617900   9.4875959200  0.00000000  0.00000000  0.00000000   1.1588100100
I    9.4596896800   9.3986575300   6.3183466400  0.00000000  0.00000000  0.00000000  -0.6373964000
I    9.5171475200   6.2659747000   9.4487490800  0.00000000  0.00000000  0.00000000  -0.6369300700
I    6.1505998600   9.3737875400   9.3902049600  0.00000000  0.00000000  0.00000000  -0.6359964100
Cs   6.1037263200   6.2354798700   12.6194094700  0.00000000  0.00000000  0.00000000   0.7566658200
Pb   9.4891688500   9.2577811600   15.6641218400  0.00000000  0.00000000  0.00000000   1.1525158400
I    9.4898963900   9.4492362700   12.4452927300  0.00000000  0.00000000  0.00000000  -0.6391486000
I    9.5265514700   6.3432933100   15.7438685600  0.00000000  0.00000000  0.00000000  -0.6401098400
I    6.1690335800   9.3455384800   15.8282684700  0.00000000  0.00000000  0.00000000  -0.6371396200
Cs   6.3314555400   6.3155128900   18.9983868400  0.00000000  0.00000000  0.00000000   0.7558130100
Pb   9.3514069100   9.4516255800   22.0351339900  0.00000000  0.00000000  0.00000000   1.1544112400
I    9.4867120700   9.5029908100   18.8695389500  0.00000000  0.00000000  0.00000000  -0.6363971200
I    9.3947761400   6.3751472600   22.0500899700  0.00000000  0.00000000  0.00000000  -0.6379471300
I    6.3176478300   9.3179151600   22.0228220700  0.00000000  0.00000000  0.00000000  -0.6373171200
Cs   6.2464153100   12.6708533900   25.0669423300  0.00000000  0.00000000  0.00000000   0.7602215100
Pb   9.5858895800   15.8814505500   3.1387467000  0.00000000  0.00000000  0.00000000   1.1592915900
I    9.4819473200   15.8771640000   25.0358948500  0.00000000  0.00000000  0.00000000  -0.6382501800
I    9.4487668800   12.5246088300   3.1814944300  0.00000000  0.00000000  0.00000000  -0.6357713300
I    6.3808149200   15.7896819500   3.1389702400  0.00000000  0.00000000  0.00000000  -0.6345798600
Cs   6.3204013000   12.5542516700   6.2906216000  0.00000000  0.00000000  0.00000000   0.7566167500
Pb   9.5617327900   15.7849099100   9.5475610100  0.00000000  0.00000000  0.00000000   1.1491445600
I    9.4044375000   15.6854845300   6.1594637700  0.00000000  0.00000000  0.00000000  -0.6354833500
I    9.4800219800   12.4721035500   9.5090192500  0.00000000  0.00000000  0.00000000  -0.6385500600
I    6.1760130000   15.7408041400   9.4665084000  0.00000000  0.00000000  0.00000000  -0.6365036900
Cs   6.2752186300   12.5974978100   12.6074876900  0.00000000  0.00000000  0.00000000   0.7565712300
Pb   9.5448759700   15.8264738600   15.7568568900  0.00000000  0.00000000  0.00000000   1.1583493100
I    9.5415441000   15.6751083100   12.6079575800  0.00000000  0.00000000  0.00000000  -0.6386570400
I    9.4837501300   12.6666928000   15.8204190900  0.00000000  0.00000000  0.00000000  -0.6328701700
I    6.3655218600   15.6985640000   15.8193788000  0.00000000  0.00000000  0.00000000  -0.6337388500
Cs   6.3752757300   12.5175481700   18.9896486100  0.00000000  0.00000000  0.00000000   0.7598282200
Pb   9.5001420800   15.6950227100   22.0802830500  0.00000000  0.00000000  0.00000000   1.1578424100
I    9.3581683700   15.5935086100   18.8844852000  0.00000000  0.00000000  0.00000000  -0.6355873500
I    9.4140138100   12.7117149300   22.0306118000  0.00000000  0.00000000  0.00000000  -0.6385036100
I    6.2720680700   15.6970786600   21.9558462100  0.00000000  0.00000000  0.00000000  -0.6330464500
Cs   6.2698504900   18.9447953700   24.9755515200  0.00000000  0.00000000  0.00000000   0.7596308300
Pb   9.5146270900   22.0809702800   3.0632623200  0.00000000  0.00000000  0.00000000   1.1493232000
I    9.4221972800   21.9449711700   25.0786535700  0.00000000  0.00000000  0.00000000  -0.6382185000
I    9.4662602000   18.8744838500   3.1808644800  0.00000000  0.00000000  0.00000000  -0.6383871400
I    6.3096023400   21.9627910000   3.1686678600  0.00000000  0.00000000  0.00000000  -0.6370799400
Cs   6.3396911700   18.9076109400   6.2548147300  0.00000000  0.00000000  0.00000000   0.7544355000
Pb   9.4236681600   22.1325631100   9.4007655900  0.00000000  0.00000000  0.00000000   1.1526620100
I    9.5436927100   21.9831201800   6.3873298500  0.00000000  0.00000000  0.00000000  -0.6387708400
I    9.3927185200   18.8358113400   9.4808301800  0.00000000  0.00000000  0.00000000  -0.6382583800
I    6.2701648100   22.0923482600   9.4611220200  0.00000000  0.00000000  0.00000000  -0.6392411500
Cs   6.4484545000   18.9704652300   12.5808190500  0.00000000  0.00000000  0.00000000   0.7562475000
Pb   9.3479429900   22.1556353100   15.6212984800  0.00000000  0.00000000  0.00000000   1.1592197500
I    9.4762646600   21.9764808400   12.6009034000  0.00000000  0.00000000  0.00000000  -0.6389369000
I    9.4796004700   18.8737550400   15.7253506400  0.00000000  0.00000000  0.00000000  -0.6363490200
I    6.2844001600   22.0398730400   15.7188906000  0.00000000  0.00000000  0.00000000  -0.6367663200
Cs   6.3352533100   18.9665980200   18.9581967100  0.00000000  0.00000000  0.00000000   0.7621864200
Pb   9.3630150200   22.1411576500   21.9161749600  0.00000000  0.00000000  0.00000000   1.1562659900
I    9.3254445000   21.9155852500   18.7872614000  0.00000000  0.00000000  0.00000000  -0.6372959700
I    9.2485072900   18.9077658400   22.0080869800  0.00000000  0.00000000  0.00000000  -0.6350984600
I    6.3912356600   21.8739245400   21.9951741000  0.00000000  0.00000000  0.00000000  -0.6375637400
Cs   12.3367954000   25.0419420000   0.0623262300  0.00000000  0.00000000  0.00000000   0.7547876100
Pb   15.8670269900   3.0820392200   3.1942904300  0.00000000  0.00000000  0.00000000   1.1497624800
I    15.7382460800   3.1250698900   25.1293457200  0.00000000  0.00000000  0.00000000  -0.6373312000
I    15.6373451800   25.1378611500   3.0575516200  0.00000000  0.00000000  0.00000000  -0.6434279500
I    12.5220347900   3.1559208800   3.0499188500  0.00000000  0.00000000  0.00000000  -0.6376458800
Cs   12.6584848100   25.1046489400   6.2538777900  0.00000000  0.00000000  0.00000000   0.7523810200
Pb   15.7849253600   3.0964750400   9.2350168000  0.00000000  0.00000000  0.00000000   1.1511687700
I    15.8572512900   3.1250332000   6.2819060400  0.00000000  0.00000000  0.00000000  -0.6447060400
I    15.6773969900   0.0346706200   9.3288428100  0.00000000  0.00000000  0.00000000  -0.6395353800
I    12.4441931800   3.1203307100   9.4572573600  0.00000000  0.00000000  0.00000000  -0.6375917300
Cs   12.5280072500   25.0631089900   12.5811979100  0.00000000  0.00000000  0.00000000   0.7585092200
Pb   15.7792866600   3.0957632900   15.7427343100  0.00000000  0.00000000  0.00000000   1.1623174300
I    15.8547493400   3.2293150500   12.5863033000  0.00000000  0.00000000  0.00000000  -0.6330737900
I    15.6908878100   0.0616462200   15.5376992200  0.00000000  0.00000000  0.00000000  -0.6359784400
I    12.6736001000   3.1219787000   15.6287398900  0.00000000  0.00000000  0.00000000  -0.6365484000
Cs   12.6037464000   25.1542574900   18.9608558900  0.00000000  0.00000000  0.00000000   0.7554692800
Pb   15.8306287200   3.3013359600   22.0794144700  0.00000000  0.00000000  0.00000000   1.1580677300
I    15.6542358300   3.1312649600   18.8946716400  0.00000000  0.00000000  0.00000000  -0.6355710400
I    15.5581458600   0.1167692700   21.9533110000  0.00000000  0.00000000  0.00000000  -0.6356470600
I    12.5308469600   3.0925190200   22.0242758700  0.00000000  0.00000000  0.00000000  -0.6357578100
Cs   12.6086088300   6.2866136200   25.0077970200  0.00000000  0.00000000  0.00000000   0.7570690200
Pb   15.6949044100   9.5866044300   3.2687957600  0.00000000  0.00000000  0.00000000   1.1565132400
I    15.6984251000   9.5842878300   0.1684109700  0.00000000  0.00000000  0.00000000  -0.6372043100
I    15.7792734500   6.2905706300   3.0849399900  0.00000000  0.00000000  0.00000000  -0.6358148000
I    12.5749997300   9.4380511300   3.0158590000  0.00000000  0.00000000  0.00000000  -0.6379318700
Cs   12.6951404400   6.3375900600   6.2743065400  0.00000000  0.00000000  0.00000000   0.7519997900
Pb   15.5081046500   9.4484865500   9.4186613600  0.00000000  0.00000000  0.00000000   1.1509572300
I    15.6191624400   9.4420433600   6.3666105200  0.00000000  0.00000000  0.00000000  -0.6408187400
I    15.8508942800   6.2333147800   9.5468965200  0.00000000  0.00000000  0.00000000  -0.6385321900
I    12.5167074500   9.4254443400   9.2599999900  0.00000000  0.00000000  0.00000000  -0.6421767900
Cs   12.5578076900   6.3048071900   12.5112982400  0.00000000  0.00000000  0.00000000   0.7563654100
Pb   15.7393732000   9.5397673300   15.7133920400  0.00000000  0.00000000  0.00000000   1.1680130400
I    15.8231798800   9.6168760000   12.6737457500  0.00000000  0.00000000  0.00000000  -0.6367415400
I    15.5975847500   6.2828670800   15.7996043900  0.00000000  0.00000000  0.00000000  -0.6325537300
I    12.6505701000   9.3853277500   15.7275167500  0.00000000  0.00000000  0.00000000  -0.6354158900
Cs   12.5983562600   6.2758917400   18.8416138400  0.00000000  0.00000000  0.00000000   0.7577298700
Pb   15.6335397300   9.4483774200   22.1902480700  0.00000000  0.00000000  0.00000000   1.1565829300
I    15.6709644200   9.5322350300   18.8918626800  0.00000000  0.00000000  0.00000000  -0.6313845200
I    15.7455228200   6.2599075900   22.0587474800  0.00000000  0.00000000  0.00000000  -0.6398176600
I    12.6925943900   9.4200405400   21.9331274000  0.00000000  0.00000000  0.00000000  -0.6376626300
Cs   12.6935035600   12.5789453100   25.1439852500  0.00000000  0.00000000  0.00000000   0.7551620900
Pb   15.7021401700   15.7576012100   3.1326470200  0.00000000  0.00000000  0.00000000   1.1540763300
I    15.8290067900   15.6624356100   0.1192652500  0.00000000  0.00000000  0.00000000  -0.6403362000
I    15.6664818700   12.5978257800   3.1044867200  0.00000000  0.00000000  0.00000000  -0.6390285900
I    12.5195161500   15.6299750800   3.2685010100  0.00000000  0.00000000  0.00000000  -0.6396044600
Cs   12.6059763900   12.5170326600   6.1111473100  0.00000000  0.00000000  0.00000000   0.7555210500
Pb   15.8520904000   15.6118609300   9.4710890200  0.00000000  0.00000000  0.00000000   1.1593064000
I    15.6038904400   15.6991956400   6.2333618600  0.00000000  0.00000000  0.00000000  -0.6353689500
I    15.9652036100   12.5428004500   9.3108220100  0.00000000  0.00000000  0.00000000  -0.6380695500
I    12.6927182800   15.7442355000   9.3756707400  0.00000000  0.00000000  0.00000000  -0.6372806200
Cs   12.6945704000   12.5848494300   12.4837613100  0.00000000  0.00000000  0.00000000   0.7546558400
Pb   15.6661292200   15.6252730600   15.8650535300  0.00000000  0.00000000  0.00000000   1.1614288300
I    15.7428440100   15.6690800400   12.5784311200  0.00000000  0.00000000  0.00000000  -0.6349102500
I    15.7832669900   12.4226547400   15.6445100400  0.00000000  0.00000000  0.00000000  -0.6371691600
I    12.7877293200   15.7588835200   15.7034390800  0.00000000  0.00000000  0.00000000  -0.6381658300
Cs   12.4052192700   12.6291480000   19.1084699600  0.00000000  0.00000000  0.00000000   0.7599727600
Pb   15.7550138900   15.7402838900   21.9804654000  0.00000000  0.00000000  0.00000000   1.1535944300
I    15.6535202000   15.6633050400   18.9816798100  0.00000000  0.00000000  0.00000000  -0.6381054900
I    15.6895879200   12.5753505000   21.9525156300  0.00000000  0.00000000  0.00000000  -0.6358862300
I    12.6714906700   15.6512406100   21.9076058000  0.00000000  0.00000000  0.00000000  -0.6398803100
Cs   12.6512232300   18.8464945600   0.0087423100  0.00000000  0.00000000  0.00000000   0.7507757400
Pb   15.7079070900   22.2553415400   3.1129295300  0.00000000  0.00000000  0.00000000   1.1522288100
I    15.7471325200   21.8913934900   25.1384734300  0.00000000  0.00000000  0.00000000  -0.6412703200
I    15.7349874500   18.9268938800   3.3205604600  0.00000000  0.00000000  0.00000000  -0.6362745300
I    12.5545306000   22.0480729400   3.1102445000  0.00000000  0.00000000  0.00000000  -0.6409987700
Cs   12.5495541300   19.0044644200   6.3422335600  0.00000000  0.00000000  0.00000000   0.7567877600
Pb   15.8486353700   22.0788720500   9.4008320800  0.00000000  0.00000000  0.00000000   1.1536222900
I    15.8912794700   22.0145871300   6.2255108900  0.00000000  0.00000000  0.00000000  -0.6378846600
I    15.7675140500   18.8917058900   9.5383738000  0.00000000  0.00000000  0.00000000  -0.6346768800
I    12.6344835500   22.0911672400   9.3186898200  0.00000000  0.00000000  0.00000000  -0.6366264100
Cs   12.6280495100   18.8804494400   12.5817093300  0.00000000  0.00000000  0.00000000   0.7571374000
Pb   15.6603268900   21.9492284300   15.7281431900  0.00000000  0.00000000  0.00000000   1.1593175200
I    15.6441868100   22.0598934700   12.5694358700  0.00000000  0.00000000  0.00000000  -0.6360647900
I    15.7739833400   18.8339074500   15.7116125600  0.00000000  0.00000000  0.00000000  -0.6350292800
I    12.5822643700   21.9829967600   15.8212607900  0.00000000  0.00000000  0.00000000  -0.6354887700
Cs   12.4313439400   18.8282187500   19.0279858000  0.00000000  0.00000000  0.00000000   0.7562597900
Pb   15.5962100200   21.9752871900   22.1298040100  0.00000000  0.00000000  0.00000000   1.1513823100
I    15.5773993500   21.9535997500   18.7127618400  0.00000000  0.00000000  0.00000000  -0.6361345200
I    15.7417672000   19.0563046300   21.9228486700  0.00000000  0.00000000  0.00000000  -0.6392259000
I    12.4685540400   21.9976231000   22.0139500800  0.00000000  0.00000000  0.00000000  -0.6393734800
Cs   18.9740057400   25.0878845600   25.0826924800  0.00000000  0.00000000  0.00000000   0.7483195700
Pb   21.9886797300   3.0878270700   3.0535713600  0.00000000  0.00000000  0.00000000   1.1451746500
I    21.9848605700   3.2198383900   25.0411282000  0.00000000  0.00000000  0.00000000  -0.6416721000
I    22.1281590600   25.1355477100   3.1001031800  0.00000000  0.00000000  0.00000000  -0.6426798400
I    18.8284536900   3.1808320500   3.1624308000  0.00000000  0.00000000  0.00000000  -0.6426217000
Cs   18.9234607500   0.1529047700   6.2822655000  0.00000000  0.00000000  0.00000000   0.7494239700
Pb   21.9207553600   3.1148397300   9.2425227500  0.00000000  0.00000000  0.00000000   1.1484306600
I    21.9362063800   3.1707405300   6.2965632500  0.00000000  0.00000000  0.00000000  -0.6432323100
I    22.0091558000   25.1094117300   9.4610879600  0.00000000  0.00000000  0.00000000  -0.6381773700
I    18.8518031800   3.0904530600   9.5518894000  0.00000000  0.00000000  0.00000000  -0.6409050400
Cs   18.8783473200   0.0719050500   12.5827824200  0.00000000  0.00000000  0.00000000   0.7575323700
Pb   22.0318070000   3.0552344300   15.8403160900  0.00000000  0.00000000  0.00000000   1.1623855100
I    22.1464585000   3.0882146900   12.6363162800  0.00000000  0.00000000  0.00000000  -0.6329080200
I    21.8919436800   25.1324434700   15.8118675300  0.00000000  0.00000000  0.00000000  -0.6388079900
I    18.9065211200   3.2214665100   15.8284453100  0.00000000  0.00000000  0.00000000  -0.6357657900
Cs   18.9224441700   25.1168466200   18.8969921200  0.00000000  0.00000000  0.00000000   0.7546295400
Pb   21.9793891100   3.0169495400   22.0971560100  0.00000000  0.00000000  0.00000000   1.1583425200
I    21.9369059000   3.2446595100   18.8789655300  0.00000000  0.00000000  0.00000000  -0.6365311300
I    22.0002075400   0.0618033400   22.0381767200  0.00000000  0.00000000  0.00000000  -0.6402016100
I    18.8557653000   3.2493169500   21.9244063800  0.00000000  0.00000000  0.00000000  -0.6401078500
Cs   18.8530220500   6.3144334000   25.0534335600  0.00000000  0.00000000  0.00000000   0.7549758700
Pb   22.0349264200   9.4655928600   3.1159047100  0.00000000  0.00000000  0.00000000   1.1593788000
I    22.0417591900   9.4344125200   0.0268916600  0.00000000  0.00000000  0.00000000  -0.6383414800
I    21.9435380600   6.4042205700   3.0917844800  0.00000000  0.00000000  0.00000000  -0.6377057600
I    18.8014815000   9.5421806000   2.9997514100  0.00000000  0.00000000  0.00000000  -0.6354963200
Cs   18.8422916200   6.2188289300   6.3182117500  0.00000000  0.00000000  0.00000000   0.7509771700
Pb   22.0233399300   9.4273610400   9.3433610300  0.00000000  0.00000000  0.00000000   1.1538289000
I    21.9669909000   9.5633425700   6.2167555300  0.00000000  0.00000000  0.00000000  -0.6377455000
I    22.1438049400   6.3165630400   9.4918228000  0.00000000  0.00000000  0.00000000  -0.6388620000
I    18.8434680500   9.4316610100   9.4082868500  0.00000000  0.00000000  0.00000000  -0.6345675300
Cs   18.8376984300   6.3067050100   12.4734426600  0.00000000  0.00000000  0.00000000   0.7584424600
Pb   22.0063685100   9.4251579200   15.7165379500  0.00000000  0.00000000  0.00000000   1.1595556700
I    22.1758232400   9.5628230000   12.6051761600  0.00000000  0.00000000  0.00000000  -0.6353680200
I    22.0042012800   6.1940916000   15.7095516800  0.00000000  0.00000000  0.00000000  -0.6336465900
I    18.8313562400   9.4544728000   15.8667343400  0.00000000  0.00000000  0.00000000  -0.6350279300
Cs   18.9896137100   6.1321729500   19.0166020600  0.00000000  0.00000000  0.00000000   0.7601782800
Pb   22.0062645000   9.3899080700   22.0328535900  0.00000000  0.00000000  0.00000000   1.1503875900
I    22.0297215100   9.3762311900   18.7722521200  0.00000000  0.00000000  0.00000000  -0.6358597800
I    22.1140597600   6.1124313100   22.0266583000  0.00000000  0.00000000  0.00000000  -0.6361622400
I    18.8818472800   9.4358866700   22.0007759500  0.00000000  0.00000000  0.00000000  -0.6362390900
Cs   18.8769355900   12.7043772300   0.0164951300  0.00000000  0.00000000  0.00000000   0.7566245500
Pb   21.8870196700   15.8290471800   3.2140068100  0.00000000  0.00000000  0.00000000   1.1615882200
I    22.0346349800   15.7710899400   0.0139234100  0.00000000  0.00000000  0.00000000  -0.6353717700
I    21.8869777900   12.5928395900   3.2342715600  0.00000000  0.00000000  0.00000000  -0.6346574300
I    18.8808169100   15.8193304800   3.2296362800  0.00000000  0.00000000  0.00000000  -0.6397104700
Cs   18.8525554900   12.6118191900   6.2490672200  0.00000000  0.00000000  0.00000000   0.7578189900
Pb   22.1037238200   15.6186372300   9.4922294000  0.00000000  0.00000000  0.00000000   1.1549517300
I    22.0859520300   15.6937233000   6.1978957800  0.00000000  0.00000000  0.00000000  -0.6361611600
I    22.0186407600   12.5434507500   9.4357855300  0.00000000  0.00000000  0.00000000  -0.6380068700
I    18.7789953700   15.7220583800   9.3676749700  0.00000000  0.00000000  0.00000000  -0.6379700700
Cs   18.9004193200   12.7026741000   12.6321461500  0.00000000  0.00000000  0.00000000   0.7577481600
Pb   22.1597626100   15.7222437400   15.6791788700  0.00000000  0.00000000  0.00000000   1.1505983300
I    22.1163577800   15.8288674700   12.5397477600  0.00000000  0.00000000  0.00000000  -0.6403337900
I    22.0216884600   12.6057454500   15.7682697800  0.00000000  0.00000000  0.00000000  -0.6371545600
I    18.6917013100   15.6298826900   15.6062859100  0.00000000  0.00000000  0.00000000  -0.6358614500
Cs   18.8372036500   12.5610558200   18.7007792000  0.00000000  0.00000000  0.00000000   0.7597286300
Pb   22.0385070800   15.6949526800   21.9657059700  0.00000000  0.00000000  0.00000000   1.1603236800
I    22.0515867200   15.7373434600   18.9524437100  0.00000000  0.00000000  0.00000000  -0.6372397900
I    22.0703446600   12.6391086900   21.9316827300  0.00000000  0.00000000  0.00000000  -0.6362792600
I    18.8177413200   15.6557646800   21.9131024200  0.00000000  0.00000000  0.00000000  -0.6370053500
Cs   18.8918626100   18.8630668500   0.1442136400  0.00000000  0.00000000  0.00000000   0.7523320200
Pb   21.8611262200   22.1366601400   3.1602992600  0.00000000  0.00000000  0.00000000   1.1502542600
I    22.0203820000   21.9438755100   25.1111265600  0.00000000  0.00000000  0.00000000  -0.6408813400
I    22.1347047600   18.7884086300   3.2111923000  0.00000000  0.00000000  0.00000000  -0.6382670100
I    18.8394322000   22.1758883800   3.1786181000  0.00000000  0.00000000  0.00000000  -0.6414281500
Cs   18.9142196200   18.8479338200   6.2646465800  0.00000000  0.00000000  0.00000000   0.7561140500
Pb   22.1050415800   21.9863482600   9.4166206300  0.00000000  0.00000000  0.00000000   1.1577296500
I    21.9987725200   22.0418831300   6.1745082700  0.00000000  0.00000000  0.00000000  -0.6383553300
I    21.9296889400   18.9240408400   9.4925833600  0.00000000  0.00000000  0.00000000  -0.6363820300
I    18.9977858200   22.0509848800   9.4779789800  0.00000000  0.00000000  0.00000000  -0.6374524500
Cs   18.9337744600   18.8962411400   12.4939600400  0.00000000  0.00000000  0.00000000   0.7589052400
Pb   21.9602525300   22.0491269600   15.7676875100  0.00000000  0.00000000  0.00000000   1.1562474400
I    22.0595049000   21.9563685000   12.6890745300  0.00000000  0.00000000  0.00000000  -0.6361184900
I    21.9708981200   18.8844364300   15.7439423300  0.00000000  0.00000000  0.00000000  -0.6380185400
I    18.9099556200   21.9989658200   15.6363247800  0.00000000  0.00000000  0.00000000  -0.6368502600
Cs   18.8527089400   18.8785152600   18.7328583500  0.00000000  0.00000000  0.00000000   0.7555512600
Pb   21.9449662800   21.8457059400   22.0839644300  0.00000000  0.00000000  0.00000000   1.1532952800
I    21.9681210300   22.0653733900   18.9485489400  0.00000000  0.00000000  0.00000000  -0.6379518600
I    21.9689637800   18.8734671300   22.1598018100  0.00000000  0.00000000  0.00000000  -0.6386895100
I    18.8767673700   21.9779071200   22.0188013600  0.00000000  0.00000000  0.00000000  -0.6382461200
# cspbi3_320atom_train_like_00011 source=scripted_perturbation label=Ewald-QEq_teacher
320
  25.2739181400  0.0000000000  0.0000000000  0.0000000000  25.3195257800  0.0000000000  0.0000000000  0.0000000000  25.0142538500
Cs   0.0000000000   0.0000000000   0.0000000000  0.00000000  0.00000000  0.00000000   0.7561093600
Pb   3.1592397700   3.1649407200   3.1267817300  0.00000000  0.00000000  0.00000000   1.1556612900
I    3.1592397700   3.1649407200   0.0000000000  0.00000000  0.00000000  0.00000000  -0.6375256400
I    3.1592397700   0.0000000000   3.1267817300  0.00000000  0.00000000  0.00000000  -0.6370916700
I    0.0000000000   3.1649407200   3.1267817300  0.00000000  0.00000000  0.00000000  -0.6371533500
Cs   0.0000000000   0.0000000000   6.2535634600  0.00000000  0.00000000  0.00000000   0.7561093600
Pb   3.1592397700   3.1649407200   9.3803451900  0.00000000  0.00000000  0.00000000   1.1556612900
I    3.1592397700   3.1649407200   6.2535634600  0.00000000  0.00000000  0.00000000  -0.6375256400
I    3.1592397700   0.0000000000   9.3803451900  0.00000000  0.00000000  0.00000000  -0.6370916700
I    0.0000000000   3.1649407200   9.3803451900  0.00000000  0.00000000  0.00000000  -0.6371533500
Cs   0.0000000000   0.0000000000   12.5071269200  0.00000000  0.00000000  0.00000000   0.7561093600
Pb   3.1592397700   3.1649407200   15.6339086500  0.00000000  0.00000000  0.00000000   1.1556612900
I    3.1592397700   3.1649407200   12.5071269200  0.00000000  0.00000000  0.00000000  -0.6375256400
I    3.1592397700   0.0000000000   15.6339086500  0.00000000  0.00000000  0.00000000  -0.6370916700
I    0.0000000000   3.1649407200   15.6339086500  0.00000000  0.00000000  0.00000000  -0.6371533500
Cs   0.0000000000   0.0000000000   18.7606903900  0.00000000  0.00000000  0.00000000   0.7561093600
Pb   3.1592397700   3.1649407200   21.8874721200  0.00000000  0.00000000  0.00000000   1.1556612900
I    3.1592397700   3.1649407200   18.7606903900  0.00000000  0.00000000  0.00000000  -0.6375256400
I    3.1592397700   0.0000000000   21.8874721200  0.00000000  0.00000000  0.00000000  -0.6370916700
I    0.0000000000   3.1649407200   21.8874721200  0.00000000  0.00000000  0.00000000  -0.6371533500
Cs   0.0000000000   6.3298814400   0.0000000000  0.00000000  0.00000000  0.00000000   0.7561093600
Pb   3.1592397700   9.4948221700   3.1267817300  0.00000000  0.00000000  0.00000000   1.1556612900
I    3.1592397700   9.4948221700   0.0000000000  0.00000000  0.00000000  0.00000000  -0.6375256400
I    3.1592397700   6.3298814400   3.1267817300  0.00000000  0.00000000  0.00000000  -0.6370916700
I    0.0000000000   9.4948221700   3.1267817300  0.00000000  0.00000000  0.00000000  -0.6371533500
Cs   0.0000000000   6.3298814400   6.2535634600  0.00000000  0.00000000  0.00000000   0.7561093600
Pb   3.1592397700   9.4948221700   9.3803451900  0.00000000  0.00000000  0.00000000   1.1556612900
I    3.1592397700   9.4948221700   6.2535634600  0.00000000  0.00000000  0.00000000  -0.6375256400
I    3.1592397700   6.3298814400   9.3803451900  0.00000000  0.00000000  0.00000000  -0.6370916700
I    0.0000000000   9.4948221700   9.3803451900  0.00000000  0.00000000  0.00000000  -0.6371533500
Cs   0.0000000000   6.3298814400   12.5071269200  0.00000000  0.00000000  0.00000000   0.7561093600
Pb   3.1592397700   9.4948221700   15.6339086500  0.00000000  0.00000000  0.00000000   1.1556612900
I    3.1592397700   9.4948221700   12.5071269200  0.00000000  0.00000000  0.00000000  -0.6375256400
I    3.1592397700   6.3298814400   15.6339086500  0.00000000  0.00000000  0.00000000  -0.6370916700
I    0.0000000000   9.4948221700   15.6339086500  0.00000000  0.00000000  0.00000000  -0.6371533500
Cs   0.0000000000   6.3298814400   18.7606903900  0.00000000  0.00000000  0.00000000   0.7561093600
Pb   3.1592397700   9.4948221700   21.8874721200  0.00000000  0.00000000  0.00000000   1.1556612900
I    3.1592397700   9.4948221700   18.7606903900  0.00000000  0.00000000  0.00000000  -0.6375256400
I    3.1592397700   6.3298814400   21.8874721200  0.00000000  0.00000000  0.00000000  -0.6370916700
I    0.0000000000   9.4948221700   21.8874721200  0.00000000  0.00000000  0.00000000  -0.6371533500
Cs   0.0000000000   12.6597628900   0.0000000000  0.00000000  0.00000000  0.00000000   0.7561093600
Pb   3.1592397700   15.8247036100   3.1267817300  0.00000000  0.00000000  0.00000000   1.1556612900
I    3.1592397700   15.8247036100   0.0000000000  0.00000000  0.00000000  0.00000000  -0.6375256400
I    3.1592397700   12.6597628900   3.1267817300  0.00000000  0.00000000  0.00000000  -0.6370916700
I    0.0000000000   15.8247036100   3.1267817300  0.00000000  0.00000000  0.00000000  -0.6371533500
Cs   0.0000000000   12.6597628900   6.2535634600  0.00000000  0.00000000  0.00000000   0.7561093600
Pb   3.1592397700   15.8247036100   9.3803451900  0.00000000  0.00000000  0.00000000   1.1556612900
I    3.1592397700   15.8247036100   6.2535634600  0.00000000  0.00000000  0.00000000  -0.6375256400
I    3.1592397700   12.6597628900   9.3803451900  0.00000000  0.00000000  0.00000000  -0.6370916700
I    0.0000000000   15.8247036100   9.3803451900  0.00000000  0.00000000  0.00000000  -0.6371533500
Cs   0.0000000000   12.6597628900   12.5071269200  0.00000000  0.00000000  0.00000000   0.7561093600
Pb   3.1592397700   15.8247036100   15.6339086500  0.00000000  0.00000000  0.00000000   1.1556612900
I    3.1592397700   15.8247036100   12.5071269200  0.00000000  0.00000000  0.00000000  -0.6375256400
I    3.1592397700   12.6597628900   15.6339086500  0.00000000  0.00000000  0.00000000  -0.6370916700
I    0.0000000000   15.8247036100   15.6339086500  0.00000000  0.00000000  0.00000000  -0.6371533500
Cs   0.0000000000   12.6597628900   18.7606903900  0.00000000  0.00000000  0.00000000   0.7561093600
Pb   3.1592397700   15.8247036100   21.8874721200  0.00000000  0.00000000  0.00000000   1.1556612900
I    3.1592397700   15.8247036100   18.7606903900  0.00000000  0.00000000  0.00000000  -0.6375256400
I    3.1592397700   12.6597628900   21.8874721200  0.00000000  0.00000000  0.00000000  -0.6370916700
I    0.0000000000   15.8247036100   21.8874721200  0.00000000  0.00000000  0.00000000  -0.6371533500
Cs   0.0000000000   18.9896443300   0.0000000000  0.00000000  0.00000000  0.00000000   0.7561093600
Pb   3.1592397700   22.1545850600   3.1267817300  0.00000000  0.00000000  0.00000000   1.1556612900
I    3.1592397700   22.1545850600   0.0000000000  0.00000000  0.00000000  0.00000000  -0.6375256400
I    3.1592397700   18.9896443300   3.1267817300  0.00000000  0.00000000  0.00000000  -0.6370916700
I    0.0000000000   22.1545850600   3.1267817300  0.00000000  0.00000000  0.00000000  -0.6371533500
Cs   0.0000000000   18.9896443300   6.2535634600  0.00000000  0.00000000  0.00000000   0.7561093600
Pb   3.1592397700   22.1545850600   9.3803451900  0.00000000  0.00000000  0.00000000   1.1556612900
I    3.1592397700   22.1545850600   6.2535634600  0.00000000  0.00000000  0.00000000  -0.6375256400
I    3.1592397700   18.9896443300   9.3803451900  0.00000000  0.00000000  0.00000000  -0.6370916700
I    0.0000000000   22.1545850600   9.3803451900  0.00000000  0.00000000  0.00000000  -0.6371533500
Cs   0.0000000000   18.9896443300   12.5071269200  0.00000000  0.00000000  0.00000000   0.7561093600
Pb   3.1592397700   22.1545850600   15.6339086500  0.00000000  0.00000000  0.00000000   1.1556612900
I    3.1592397700   22.1545850600   12.5071269200  0.00000000  0.00000000  0.00000000  -0.6375256400
I    3.1592397700   18.9896443300   15.6339086500  0.00000000  0.00000000  0.00000000  -0.6370916700
I    0.0000000000   22.1545850600   15.6339086500  0.00000000  0.00000000  0.00000000  -0.6371533500
Cs   0.0000000000   18.9896443300   18.7606903900  0.00000000  0.00000000  0.00000000   0.7561093600
Pb   3.1592397700   22.1545850600   21.8874721200  0.00000000  0.00000000  0.00000000   1.1556612900
I    3.1592397700   22.1545850600   18.7606903900  0.00000000  0.00000000  0.00000000  -0.6375256400
I    3.1592397700   18.9896443300   21.8874721200  0.00000000  0.00000000  0.00000000  -0.6370916700
I    0.0000000000   22.1545850600   21.8874721200  0.00000000  0.00000000  0.00000000  -0.6371533500
Cs   6.3184795400   0.0000000000   0.0000000000  0.00000000  0.00000000  0.00000000   0.7561093600
Pb   9.4777193000   3.1649407200   3.1267817300  0.00000000  0.00000000  0.00000000   1.1556612900
I    9.4777193000   3.1649407200   0.0000000000  0.00000000  0.00000000  0.00000000  -0.6375256400
I    9.4777193000   0.0000000000   3.1267817300  0.00000000  0.00000000  0.00000000  -0.6370916700
I    6.3184795400   3.1649407200   3.1267817300  0.00000000  0.00000000  0.00000000  -0.6371533500
Cs   6.3184795400   0.0000000000   6.2535634600  0.00000000  0.00000000  0.00000000   0.7561093600
Pb   9.4777193000   3.1649407200   9.3803451900  0.00000000  0.00000000  0.00000000   1.1556612900
I    9.4777193000   3.1649407200   6.2535634600  0.00000000  0.00000000  0.00000000  -0.6375256400
I    9.4777193000   0.0000000000   9.3803451900  0.00000000  0.00000000  0.00000000  -0.6370916700
I    6.3184795400   3.1649407200   9.3803451900  0.00000000  0.00000000  0.00000000  -0.6371533500
Cs   6.3184795400   0.0000000000   12.5071269200  0.00000000  0.00000000  0.00000000   0.7561093600
Pb   9.4777193000   3.1649407200   15.6339086500  0.00000000  0.00000000  0.00000000   1.1556612900
I    9.4777193000   3.1649407200   12.5071269200  0.00000000  0.00000000  0.00000000  -0.6375256400
I    9.4777193000   0.0000000000   15.6339086500  0.00000000  0.00000000  0.00000000  -0.6370916700
I    6.3184795400   3.1649407200   15.6339086500  0.00000000  0.00000000  0.00000000  -0.6371533500
Cs   6.3184795400   0.0000000000   18.7606903900  0.00000000  0.00000000  0.00000000   0.7561093600
Pb   9.4777193000   3.1649407200   21.8874721200  0.00000000  0.00000000  0.00000000   1.1556612900
I    9.4777193000   3.1649407200   18.7606903900  0.00000000  0.00000000  0.00000000  -0.6375256400
I    9.4777193000   0.0000000000   21.8874721200  0.00000000  0.00000000  0.00000000  -0.6370916700
I    6.3184795400   3.1649407200   21.8874721200  0.00000000  0.00000000  0.00000000  -0.6371533500
Cs   6.3184795400   6.3298814400   0.0000000000  0.00000000  0.00000000  0.00000000   0.7561093600
Pb   9.4777193000   9.4948221700   3.1267817300  0.00000000  0.00000000  0.00000000   1.1556612900
I    9.4777193000   9.4948221700   0.0000000000  0.00000000  0.00000000  0.00000000  -0.6375256400
I    9.4777193000   6.3298814400   3.1267817300  0.00000000  0.00000000  0.00000000  -0.6370916700
I    6.3184795400   9.4948221700   3.1267817300  0.00000000  0.00000000  0.00000000  -0.6371533500
Cs   6.3184795400   6.3298814400   6.2535634600  0.00000000  0.00000000  0.00000000   0.7561093600
Pb   9.4777193000   9.4948221700   9.3803451900  0.00000000  0.00000000  0.00000000   1.1556612900
I    9.4777193000   9.4948221700   6.2535634600  0.00000000  0.00000000  0.00000000  -0.6375256400
I    9.4777193000   6.3298814400   9.3803451900  0.00000000  0.00000000  0.00000000  -0.6370916700
I    6.3184795400   9.4948221700   9.3803451900  0.00000000  0.00000000  0.00000000  -0.6371533500
Cs   6.3184795400   6.3298814400   12.5071269200  0.00000000  0.00000000  0.00000000   0.7561093600
Pb   9.4777193000   9.4948221700   15.6339086500  0.00000000  0.00000000  0.00000000   1.1556612900
I    9.4777193000   9.4948221700   12.5071269200  0.00000000  0.00000000  0.00000000  -0.6375256400
I    9.4777193000   6.3298814400   15.6339086500  0.00000000  0.00000000  0.00000000  -0.6370916700
I    6.3184795400   9.4948221700   15.6339086500  0.00000000  0.00000000  0.00000000  -0.6371533500
Cs   6.3184795400   6.3298814400   18.7606903900  0.00000000  0.00000000  0.00000000   0.7561093600
Pb   9.4777193000   9.4948221700   21.8874721200  0.00000000  0.00000000  0.00000000   1.1556612900
I    9.4777193000   9.4948221700   18.7606903900  0.00000000  0.00000000  0.00000000  -0.6375256400
I    9.4777193000   6.3298814400   21.8874721200  0.00000000  0.00000000  0.00000000  -0.6370916700
I    6.3184795400   9.4948221700   21.8874721200  0.00000000  0.00000000  0.00000000  -0.6371533500
Cs   6.3184795400   12.6597628900   0.0000000000  0.00000000  0.00000000  0.00000000   0.7561093600
Pb   9.4777193000   15.8247036100   3.1267817300  0.00000000  0.00000000  0.00000000   1.1556612900
I    9.4777193000   15.8247036100   0.0000000000  0.00000000  0.00000000  0.00000000  -0.6375256400
I    9.4777193000   12.6597628900   3.1267817300  0.00000000  0.00000000  0.00000000  -0.6370916700
I    6.3184795400   15.8247036100   3.1267817300  0.00000000  0.00000000  0.00000000  -0.6371533500
Cs   6.3184795400   12.6597628900   6.2535634600  0.00000000  0.00000000  0.00000000   0.7561093600
Pb   9.4777193000   15.8247036100   9.3803451900  0.00000000  0.00000000  0.00000000   1.1556612900
I    9.4777193000   15.8247036100   6.2535634600  0.00000000  0.00000000  0.00000000  -0.6375256400
I    9.4777193000   12.6597628900   9.3803451900  0.00000000  0.00000000  0.00000000  -0.6370916700
I    6.3184795400   15.8247036100   9.3803451900  0.00000000  0.00000000  0.00000000  -0.6371533500
Cs   6.3184795400   12.6597628900   12.5071269200  0.00000000  0.00000000  0.00000000   0.7561093600
Pb   9.4777193000   15.8247036100   15.6339086500  0.00000000  0.00000000  0.00000000   1.1556612900
I    9.4777193000   15.8247036100   12.5071269200  0.00000000  0.00000000  0.00000000  -0.6375256400
I    9.4777193000   12.6597628900   15.6339086500  0.00000000  0.00000000  0.00000000  -0.6370916700
I    6.3184795400   15.8247036100   15.6339086500  0.00000000  0.00000000  0.00000000  -0.6371533500
Cs   6.3184795400   12.6597628900   18.7606903900  0.00000000  0.00000000  0.00000000   0.7561093600
Pb   9.4777193000   15.8247036100   21.8874721200  0.00000000  0.00000000  0.00000000   1.1556612900
I    9.4777193000   15.8247036100   18.7606903900  0.00000000  0.00000000  0.00000000  -0.6375256400
I    9.4777193000   12.6597628900   21.8874721200  0.00000000  0.00000000  0.00000000  -0.6370916700
I    6.3184795400   15.8247036100   21.8874721200  0.00000000  0.00000000  0.00000000  -0.6371533500
Cs   6.3184795400   18.9896443300   0.0000000000  0.00000000  0.00000000  0.00000000   0.7561093600
Pb   9.4777193000   22.1545850600   3.1267817300  0.00000000  0.00000000  0.00000000   1.1556612900
I    9.4777193000   22.1545850600   0.0000000000  0.00000000  0.00000000  0.00000000  -0.6375256400
I    9.4777193000   18.9896443300   3.1267817300  0.00000000  0.00000000  0.00000000  -0.6370916700
I    6.3184795400   22.1545850600   3.1267817300  0.00000000  0.00000000  0.00000000  -0.6371533500
Cs   6.3184795400   18.9896443300   6.2535634600  0.00000000  0.00000000  0.00000000   0.7561093600
Pb   9.4777193000   22.1545850600   9.3803451900  0.00000000  0.00000000  0.00000000   1.1556612900
I    9.4777193000   22.1545850600   6.2535634600  0.00000000  0.00000000  0.00000000  -0.6375256400
I    9.4777193000   18.9896443300   9.3803451900  0.00000000  0.00000000  0.00000000  -0.6370916700
I    6.3184795400   22.1545850600   9.3803451900  0.00000000  0.00000000  0.00000000  -0.6371533500
Cs   6.3184795400   18.9896443300   12.5071269200  0.00000000  0.00000000  0.00000000   0.7561093600
Pb   9.4777193000   22.1545850600   15.6339086500  0.00000000  0.00000000  0.00000000   1.1556612900
I    9.4777193000   22.1545850600   12.5071269200  0.00000000  0.00000000  0.00000000  -0.6375256400
I    9.4777193000   18.9896443300   15.6339086500  0.00000000  0.00000000  0.00000000  -0.6370916700
I    6.3184795400   22.1545850600   15.6339086500  0.00000000  0.00000000  0.00000000  -0.6371533500
Cs   6.3184795400   18.9896443300   18.7606903900  0.00000000  0.00000000  0.00000000   0.7561093600
Pb   9.4777193000   22.1545850600   21.8874721200  0.00000000  0.00000000  0.00000000   1.1556612900
I    9.4777193000   22.1545850600   18.7606903900  0.00000000  0.00000000  0.00000000  -0.6375256400
I    9.4777193000   18.9896443300   21.8874721200  0.00000000  0.00000000  0.00000000  -0.6370916700
I    6.3184795400   22.1545850600   21.8874721200  0.00000000  0.00000000  0.00000000  -0.6371533500
Cs   12.6369590700   0.0000000000   0.0000000000  0.00000000  0.00000000  0.00000000   0.7561093600
Pb   15.7961988400   3.1649407200   3.1267817300  0.00000000  0.00000000  0.00000000   1.1556612900
I    15.7961988400   3.1649407200   0.0000000000  0.00000000  0.00000000  0.00000000  -0.6375256400
I    15.7961988400   0.0000000000   3.1267817300  0.00000000  0.00000000  0.00000000  -0.6370916700
I    12.6369590700   3.1649407200   3.1267817300  0.00000000  0.00000000  0.00000000  -0.6371533500
Cs   12.6369590700   0.0000000000   6.2535634600  0.00000000  0.00000000  0.00000000   0.7561093600
Pb   15.7961988400   3.1649407200   9.3803451900  0.00000000  0.00000000  0.00000000   1.1556612900
I    15.7961988400   3.1649407200   6.2535634600  0.00000000  0.00000000  0.00000000  -0.6375256400
I    15.7961988400   0.0000000000   9.3803451900  0.00000000  0.00000000  0.00000000  -0.6370916700
I    12.6369590700   3.1649407200   9.3803451900  0.00000000  0.00000000  0.00000000  -0.6371533500
Cs   12.6369590700   0.0000000000   12.5071269200  0.00000000  0.00000000  0.00000000   0.7561093600
Pb   15.7961988400   3.1649407200   15.6339086500  0.00000000  0.00000000  0.00000000   1.1556612900
I    15.7961988400   3.1649407200   12.5071269200  0.00000000  0.00000000  0.00000000  -0.6375256400
I    15.7961988400   0.0000000000   15.6339086500  0.00000000  0.00000000  0.00000000  -0.6370916700
I    12.6369590700   3.1649407200   15.6339086500  0.00000000  0.00000000  0.00000000  -0.6371533500
Cs   12.6369590700   0.0000000000   18.7606903900  0.00000000  0.00000000  0.00000000   0.7561093600
Pb   15.7961988400   3.1649407200   21.8874721200  0.00000000  0.00000000  0.00000000   1.1556612900
I    15.7961988400   3.1649407200   18.7606903900  0.00000000  0.00000000  0.00000000  -0.6375256400
I    15.7961988400   0.0000000000   21.8874721200  0.00000000  0.00000000  0.00000000  -0.6370916700
I    12.6369590700   3.1649407200   21.8874721200  0.00000000  0.00000000  0.00000000  -0.6371533500
Cs   12.6369590700   6.3298814400   0.0000000000  0.00000000  0.00000000  0.00000000   0.7561093600
Pb   15.7961988400   9.4948221700   3.1267817300  0.00000000  0.00000000  0.00000000   1.1556612900
I    15.7961988400   9.4948221700   0.0000000000  0.00000000  0.00000000  0.00000000  -0.6375256400
I    15.7961988400   6.3298814400   3.1267817300  0.00000000  0.00000000  0.00000000  -0.6370916700
I    12.6369590700   9.4948221700   3.1267817300  0.00000000  0.00000000  0.00000000  -0.6371533500
Cs   12.6369590700   6.3298814400   6.2535634600  0.00000000  0.00000000  0.00000000   0.7561093600
Pb   15.7961988400   9.4948221700   9.3803451900  0.00000000  0.00000000  0.00000000   1.1556612900
I    15.7961988400   9.4948221700   6.2535634600  0.00000000  0.00000000  0.00000000  -0.6375256400
I    15.7961988400   6.3298814400   9.3803451900  0.00000000  0.00000000  0.00000000  -0.6370916700
I    12.6369590700   9.4948221700   9.3803451900  0.00000000  0.00000000  0.00000000  -0.6371533500
Cs   12.6369590700   6.3298814400   12.5071269200  0.00000000  0.00000000  0.00000000   0.7561093600
Pb   15.7961988400   9.4948221700   15.6339086500  0.00000000  0.00000000  0.00000000   1.1556612900
I    15.7961988400   9.4948221700   12.5071269200  0.00000000  0.00000000  0.00000000  -0.6375256400
I    15.7961988400   6.3298814400   15.6339086500  0.00000000  0.00000000  0.00000000  -0.6370916700
I    12.6369590700   9.4948221700   15.6339086500  0.00000000  0.00000000  0.00000000  -0.6371533500
Cs   12.6369590700   6.3298814400   18.7606903900  0.00000000  0.00000000  0.00000000   0.7561093600
Pb   15.7961988400   9.4948221700   21.8874721200  0.00000000  0.00000000  0.00000000   1.1556612900
I    15.7961988400   9.4948221700   18.7606903900  0.00000000  0.00000000  0.00000000  -0.6375256400
I    15.7961988400   6.3298814400   21.8874721200  0.00000000  0.00000000  0.00000000  -0.6370916700
I    12.6369590700   9.4948221700   21.8874721200  0.00000000  0.00000000  0.00000000  -0.6371533500
Cs   12.6369590700   12.6597628900   0.0000000000  0.00000000  0.00000000  0.00000000   0.7561093600
Pb   15.7961988400   15.8247036100   3.1267817300  0.00000000  0.00000000  0.00000000   1.1556612900
I    15.7961988400   15.8247036100   0.0000000000  0.00000000  0.00000000  0.00000000  -0.6375256400
I    15.7961988400   12.6597628900   3.1267817300  0.00000000  0.00000000  0.00000000  -0.6370916700
I    12.6369590700   15.8247036100   3.1267817300  0.00000000  0.00000000  0.00000000  -0.6371533500
Cs   12.6369590700   12.6597628900   6.2535634600  0.00000000  0.00000000  0.00000000   0.7561093600
Pb   15.7961988400   15.8247036100   9.3803451900  0.00000000  0.00000000  0.00000000   1.1556612900
I    15.7961988400   15.8247036100   6.2535634600  0.00000000  0.00000000  0.00000000  -0.6375256400
I    15.7961988400   12.6597628900   9.3803451900  0.00000000  0.00000000  0.00000000  -0.6370916700
I    12.6369590700   15.8247036100   9.3803451900  0.00000000  0.00000000  0.00000000  -0.6371533500
Cs   12.6369590700   12.6597628900   12.5071269200  0.00000000  0.00000000  0.00000000   0.7561093600
Pb   15.7961988400   15.8247036100   15.6339086500  0.00000000  0.00000000  0.00000000   1.1556612900
I    15.7961988400   15.8247036100   12.5071269200  0.00000000  0.00000000  0.00000000  -0.6375256400
I    15.7961988400   12.6597628900   15.6339086500  0.00000000  0.00000000  0.00000000  -0.6370916700
I    12.6369590700   15.8247036100   15.6339086500  0.00000000  0.00000000  0.00000000  -0.6371533500
Cs   12.6369590700   12.6597628900   18.7606903900  0.00000000  0.00000000  0.00000000   0.7561093600
Pb   15.7961988400   15.8247036100   21.8874721200  0.00000000  0.00000000  0.00000000   1.1556612900
I    15.7961988400   15.8247036100   18.7606903900  0.00000000  0.00000000  0.00000000  -0.6375256400
I    15.7961988400   12.6597628900   21.8874721200  0.00000000  0.00000000  0.00000000  -0.6370916700
I    12.6369590700   15.8247036100   21.8874721200  0.00000000  0.00000000  0.00000000  -0.6371533500
Cs   12.6369590700   18.9896443300   0.0000000000  0.00000000  0.00000000  0.00000000   0.7561093600
Pb   15.7961988400   22.1545850600   3.1267817300  0.00000000  0.00000000  0.00000000   1.1556612900
I    15.7961988400   22.1545850600   0.0000000000  0.00000000  0.00000000  0.00000000  -0.6375256400
I    15.7961988400   18.9896443300   3.1267817300  0.00000000  0.00000000  0.00000000  -0.6370916700
I    12.6369590700   22.1545850600   3.1267817300  0.00000000  0.00000000  0.00000000  -0.6371533500
Cs   12.6369590700   18.9896443300   6.2535634600  0.00000000  0.00000000  0.00000000   0.7561093600
Pb   15.7961988400   22.1545850600   9.3803451900  0.00000000  0.00000000  0.00000000   1.1556612900
I    15.7961988400   22.1545850600   6.2535634600  0.00000000  0.00000000  0.00000000  -0.6375256400
I    15.7961988400   18.9896443300   9.3803451900  0.00000000  0.00000000  0.00000000  -0.6370916700
I    12.6369590700   22.1545850600   9.3803451900  0.00000000  0.00000000  0.00000000  -0.6371533500
Cs   12.6369590700   18.9896443300   12.5071269200  0.00000000  0.00000000  0.00000000   0.7561093600
Pb   15.7961988400   22.1545850600   15.6339086500  0.00000000  0.00000000  0.00000000   1.1556612900
I    15.7961988400   22.1545850600   12.5071269200  0.00000000  0.00000000  0.00000000  -0.6375256400
I    15.7961988400   18.9896443300   15.6339086500  0.00000000  0.00000000  0.00000000  -0.6370916700
I    12.6369590700   22.1545850600   15.6339086500  0.00000000  0.00000000  0.00000000  -0.6371533500
Cs   12.6369590700   18.9896443300   18.7606903900  0.00000000  0.00000000  0.00000000   0.7561093600
Pb   15.7961988400   22.1545850600   21.8874721200  0.00000000  0.00000000  0.00000000   1.1556612900
I    15.7961988400   22.1545850600   18.7606903900  0.00000000  0.00000000  0.00000000  -0.6375256400
I    15.7961988400   18.9896443300   21.8874721200  0.00000000  0.00000000  0.00000000  -0.6370916700
I    12.6369590700   22.1545850600   21.8874721200  0.00000000  0.00000000  0.00000000  -0.6371533500
Cs   18.9554386100   0.0000000000   0.0000000000  0.00000000  0.00000000  0.00000000   0.7561093600
Pb   22.1146783800   3.1649407200   3.1267817300  0.00000000  0.00000000  0.00000000   1.1556612900
I    22.1146783800   3.1649407200   0.0000000000  0.00000000  0.00000000  0.00000000  -0.6375256400
I    22.1146783800   0.0000000000   3.1267817300  0.00000000  0.00000000  0.00000000  -0.6370916700
I    18.9554386100   3.1649407200   3.1267817300  0.00000000  0.00000000  0.00000000  -0.6371533500
Cs   18.9554386100   0.0000000000   6.2535634600  0.00000000  0.00000000  0.00000000   0.7561093600
Pb   22.1146783800   3.1649407200   9.3803451900  0.00000000  0.00000000  0.00000000   1.1556612900
I    22.1146783800   3.1649407200   6.2535634600  0.00000000  0.00000000  0.00000000  -0.6375256400
I    22.1146783800   0.0000000000   9.3803451900  0.00000000  0.00000000  0.00000000  -0.6370916700
I    18.9554386100   3.1649407200   9.3803451900  0.00000000  0.00000000  0.00000000  -0.6371533500
Cs   18.9554386100   0.0000000000   12.5071269200  0.00000000  0.00000000  0.00000000   0.7561093600
Pb   22.1146783800   3.1649407200   15.6339086500  0.00000000  0.00000000  0.00000000   1.1556612900
I    22.1146783800   3.1649407200   12.5071269200  0.00000000  0.00000000  0.00000000  -0.6375256400
I    22.1146783800   0.0000000000   15.6339086500  0.00000000  0.00000000  0.00000000  -0.6370916700
I    18.9554386100   3.1649407200   15.6339086500  0.00000000  0.00000000  0.00000000  -0.6371533500
Cs   18.9554386100   0.0000000000   18.7606903900  0.00000000  0.00000000  0.00000000   0.7561093600
Pb   22.1146783800   3.1649407200   21.8874721200  0.00000000  0.00000000  0.00000000   1.1556612900
I    22.1146783800   3.1649407200   18.7606903900  0.00000000  0.00000000  0.00000000  -0.6375256400
I    22.1146783800   0.0000000000   21.8874721200  0.00000000  0.00000000  0.00000000  -0.6370916700
I    18.9554386100   3.1649407200   21.8874721200  0.00000000  0.00000000  0.00000000  -0.6371533500
Cs   18.9554386100   6.3298814400   0.0000000000  0.00000000  0.00000000  0.00000000   0.7561093600
Pb   22.1146783800   9.4948221700   3.1267817300  0.00000000  0.00000000  0.00000000   1.1556612900
I    22.1146783800   9.4948221700   0.0000000000  0.00000000  0.00000000  0.00000000  -0.6375256400
I    22.1146783800   6.3298814400   3.1267817300  0.00000000  0.00000000  0.00000000  -0.6370916700
I    18.9554386100   9.4948221700   3.1267817300  0.00000000  0.00000000  0.00000000  -0.6371533500
Cs   18.9554386100   6.3298814400   6.2535634600  0.00000000  0.00000000  0.00000000   0.7561093600
Pb   22.1146783800   9.4948221700   9.3803451900  0.00000000  0.00000000  0.00000000   1.1556612900
I    22.1146783800   9.4948221700   6.2535634600  0.00000000  0.00000000  0.00000000  -0.6375256400
I    22.1146783800   6.3298814400   9.3803451900  0.00000000  0.00000000  0.00000000  -0.6370916700
I    18.9554386100   9.4948221700   9.3803451900  0.00000000  0.00000000  0.00000000  -0.6371533500
Cs   18.9554386100   6.3298814400   12.5071269200  0.00000000  0.00000000  0.00000000   0.7561093600
Pb   22.1146783800   9.4948221700   15.6339086500  0.00000000  0.00000000  0.00000000   1.1556612900
I    22.1146783800   9.4948221700   12.5071269200  0.00000000  0.00000000  0.00000000  -0.6375256400
I    22.1146783800   6.3298814400   15.6339086500  0.00000000  0.00000000  0.00000000  -0.6370916700
I    18.9554386100   9.4948221700   15.6339086500  0.00000000  0.00000000  0.00000000  -0.6371533500
Cs   18.9554386100   6.3298814400   18.7606903900  0.00000000  0.00000000  0.00000000   0.7561093600
Pb   22.1146783800   9.4948221700   21.8874721200  0.00000000  0.00000000  0.00000000   1.1556612900
I    22.1146783800   9.4948221700   18.7606903900  0.00000000  0.00000000  0.00000000  -0.6375256400
I    22.1146783800   6.3298814400   21.8874721200  0.00000000  0.00000000  0.00000000  -0.6370916700
I    18.9554386100   9.4948221700   21.8874721200  0.00000000  0.00000000  0.00000000  -0.6371533500
Cs   18.9554386100   12.6597628900   0.0000000000  0.00000000  0.00000000  0.00000000   0.7561093600
Pb   22.1146783800   15.8247036100   3.1267817300  0.00000000  0.00000000  0.00000000   1.1556612900
I    22.1146783800   15.8247036100   0.0000000000  0.00000000  0.00000000  0.00000000  -0.6375256400
I    22.1146783800   12.6597628900   3.1267817300  0.00000000  0.00000000  0.00000000  -0.6370916700
I    18.9554386100   15.8247036100   3.1267817300  0.00000000  0.00000000  0.00000000  -0.6371533500
Cs   18.9554386100   12.6597628900   6.2535634600  0.00000000  0.00000000  0.00000000   0.7561093600
Pb   22.1146783800   15.8247036100   9.3803451900  0.00000000  0.00000000  0.00000000   1.1556612900
I    22.1146783800   15.8247036100   6.2535634600  0.00000000  0.00000000  0.00000000  -0.6375256400
I    22.1146783800   12.6597628900   9.3803451900  0.00000000  0.00000000  0.00000000  -0.6370916700
I    18.9554386100   15.8247036100   9.3803451900  0.00000000  0.00000000  0.00000000  -0.6371533500
Cs   18.9554386100   12.6597628900   12.5071269200  0.00000000  0.00000000  0.00000000   0.7561093600
Pb   22.1146783800   15.8247036100   15.6339086500  0.00000000  0.00000000  0.00000000   1.1556612900
I    22.1146783800   15.8247036100   12.5071269200  0.00000000  0.00000000  0.00000000  -0.6375256400
I    22.1146783800   12.6597628900   15.6339086500  0.00000000  0.00000000  0.00000000  -0.6370916700
I    18.9554386100   15.8247036100   15.6339086500  0.00000000  0.00000000  0.00000000  -0.6371533500
Cs   18.9554386100   12.6597628900   18.7606903900  0.00000000  0.00000000  0.00000000   0.7561093600
Pb   22.1146783800   15.8247036100   21.8874721200  0.00000000  0.00000000  0.00000000   1.1556612900
I    22.1146783800   15.8247036100   18.7606903900  0.00000000  0.00000000  0.00000000  -0.6375256400
I    22.1146783800   12.6597628900   21.8874721200  0.00000000  0.00000000  0.00000000  -0.6370916700
I    18.9554386100   15.8247036100   21.8874721200  0.00000000  0.00000000  0.00000000  -0.6371533500
Cs   18.9554386100   18.9896443300   0.0000000000  0.00000000  0.00000000  0.00000000   0.7561093600
Pb   22.1146783800   22.1545850600   3.1267817300  0.00000000  0.00000000  0.00000000   1.1556612900
I    22.1146783800   22.1545850600   0.0000000000  0.00000000  0.00000000  0.00000000  -0.6375256400
I    22.1146783800   18.9896443300   3.1267817300  0.00000000  0.00000000  0.00000000  -0.6370916700
I    18.9554386100   22.1545850600   3.1267817300  0.00000000  0.00000000  0.00000000  -0.6371533500
Cs   18.9554386100   18.9896443300   6.2535634600  0.00000000  0.00000000  0.00000000   0.7561093600
Pb   22.1146783800   22.1545850600   9.3803451900  0.00000000  0.00000000  0.00000000   1.1556612900
I    22.1146783800   22.1545850600   6.2535634600  0.00000000  0.00000000  0.00000000  -0.6375256400
I    22.1146783800   18.9896443300   9.3803451900  0.00000000  0.00000000  0.00000000  -0.6370916700
I    18.9554386100   22.1545850600   9.3803451900  0.00000000  0.00000000  0.00000000  -0.6371533500
Cs   18.9554386100   18.9896443300   12.5071269200  0.00000000  0.00000000  0.00000000   0.7561093600
Pb   22.1146783800   22.1545850600   15.6339086500  0.00000000  0.00000000  0.00000000   1.1556612900
I    22.1146783800   22.1545850600   12.5071269200  0.00000000  0.00000000  0.00000000  -0.6375256400
I    22.1146783800   18.9896443300   15.6339086500  0.00000000  0.00000000  0.00000000  -0.6370916700
I    18.9554386100   22.1545850600   15.6339086500  0.00000000  0.00000000  0.00000000  -0.6371533500
Cs   18.9554386100   18.9896443300   18.7606903900  0.00000000  0.00000000  0.00000000   0.7561093600
Pb   22.1146783800   22.1545850600   21.8874721200  0.00000000  0.00000000  0.00000000   1.1556612900
I    22.1146783800   22.1545850600   18.7606903900  0.00000000  0.00000000  0.00000000  -0.6375256400
I    22.1146783800   18.9896443300   21.8874721200  0.00000000  0.00000000  0.00000000  -0.6370916700
I    18.9554386100   22.1545850600   21.8874721200  0.00000000  0.00000000  0.00000000  -0.6371533500
