# nacl216_train_like_00000 source=scripted_perturbation label=Ewald-QEq_teacher material=NaCl atoms=216
216
  16.9200000000  0.0000000000  0.0000000000  0.0000000000  16.9200000000  0.0000000000  0.0000000000  0.0000000000  16.9200000000
Na   16.9128041100   16.8188831700   16.8623460700  0.00000000  0.00000000  0.00000000   0.5989939200
Na   0.0564272600   2.8431791400   2.7404943500  0.00000000  0.00000000  0.00000000   0.6000700900
Na   2.8309761200   0.0379645300   2.7497445800  0.00000000  0.00000000  0.00000000   0.5979512200
Na   3.0417109600   2.8581347900   0.0330271800  0.00000000  0.00000000  0.00000000   0.5979118300
Cl   2.6851485000   16.9080736100   0.0692586300  0.00000000  0.00000000  0.00000000  -0.6006030200
Cl   16.9193469900   2.7098996600   16.7535107300  0.00000000  0.00000000  0.00000000  -0.5927853000
Cl   0.0294480600   0.1032900300   2.6840696000  0.00000000  0.00000000  0.00000000  -0.5972490700
Cl   2.8876454100   2.7897033200   2.6562472000  0.00000000  0.00000000  0.00000000  -0.5995820800
Na   16.8665441600   0.0420214000   5.5685329500  0.00000000  0.00000000  0.00000000   0.5955229100
Na   0.0369351300   2.7931484900   8.4558001200  0.00000000  0.00000000  0.00000000   0.5911172700
Na   2.8467605700   16.8552361800   8.5593891200  0.00000000  0.00000000  0.00000000   0.5979415000
Na   2.7790917900   2.8512685000   5.6576278900  0.00000000  0.00000000  0.00000000   0.5973137800
Cl   2.9065487700   16.8956333200   5.6191491700  0.00000000  0.00000000  0.00000000  -0.5938478200
Cl   0.1056448700   2.6975042800   5.5510325400  0.00000000  0.00000000  0.00000000  -0.6012919800
Cl   0.1486002100   16.8071062100   8.5170896200  0.00000000  0.00000000  0.00000000  -0.5966687700
Cl   2.8017959300   2.9054226800   8.4544119700  0.00000000  0.00000000  0.00000000  -0.5960058000
Na   0.0568994300   0.0497086600   11.2930109900  0.00000000  0.00000000  0.00000000   0.6042056200
Na   0.0862014500   2.7839760900   14.1635689600  0.00000000  0.00000000  0.00000000   0.6057174200
Na   2.8851472400   16.8013008900   14.1974855000  0.00000000  0.00000000  0.00000000   0.5935906600
Na   2.8317896500   2.8911237700   11.3283042100  0.00000000  0.00000000  0.00000000   0.5986688400
Cl   2.6560121400   0.0763606200   11.3083635100  0.00000000  0.00000000  0.00000000  -0.5980893400
Cl   16.8950859200   2.7093081400   11.4511873700  0.00000000  0.00000000  0.00000000  -0.5960716900
Cl   16.8674421800   0.0797917000   13.9915297900  0.00000000  0.00000000  0.00000000  -0.5956687200
Cl   2.8360046100   2.9283244600   14.1138683800  0.00000000  0.00000000  0.00000000  -0.5968562800
Na   0.0011490600   5.6203493200   16.8685615000  0.00000000  0.00000000  0.00000000   0.6009000200
Na   16.8908012600   8.4691952500   2.8288542700  0.00000000  0.00000000  0.00000000   0.5999140600
Na   2.8953000700   5.5558653600   2.7925409800  0.00000000  0.00000000  0.00000000   0.5954770300
Na   2.7888677500   8.4057773400   0.0686847600  0.00000000  0.00000000  0.00000000   0.5991621400
Cl   2.8381409300   5.5481945700   0.0166074300  0.00000000  0.00000000  0.00000000  -0.6001639400
Cl   0.0021301700   8.5039749800   0.0714104400  0.00000000  0.00000000  0.00000000  -0.5950712600
Cl   16.8918739000   5.6086053100   2.7954833300  0.00000000  0.00000000  0.00000000  -0.5950948700
Cl   2.8335555800   8.4715795400   2.8197687100  0.00000000  0.00000000  0.00000000  -0.5955301000
Na   16.7868795300   5.6120239700   5.6898864600  0.00000000  0.00000000  0.00000000   0.5936296200
Na   16.8831544900   8.4334635100   8.4710984400  0.00000000  0.00000000  0.00000000   0.5980238300
Na   2.8336414400   5.6197321200   8.4843704400  0.00000000  0.00000000  0.00000000   0.6009194100
Na   2.8400381100   8.5268448200   5.6777811000  0.00000000  0.00000000  0.00000000   0.5985034600
Cl   2.8442549400   5.7059604900   5.7109114000  0.00000000  0.00000000  0.00000000  -0.5944193700
Cl   16.8485905700   8.5220766600   5.6060419000  0.00000000  0.00000000  0.00000000  -0.5958432900
Cl   0.0675817400   5.6342130100   8.5249940900  0.00000000  0.00000000  0.00000000  -0.6001025500
Cl   2.8226515400   8.4179664900   8.5899006300  0.00000000  0.00000000  0.00000000  -0.5988579900
Na   16.8154012500   5.6078702200   11.3405275600  0.00000000  0.00000000  0.00000000   0.5972524000
Na   16.7368319000   8.4760747200   13.9799747200  0.00000000  0.00000000  0.00000000   0.5988563400
Na   2.8236648700   5.7256067600   14.1622893500  0.00000000  0.00000000  0.00000000   0.5991939700
Na   2.8727889600   8.4002019800   11.1720361300  0.00000000  0.00000000  0.00000000   0.5989074800
Cl   2.7782386300   5.5646476400   11.2800858100  0.00000000  0.00000000  0.00000000  -0.5970929800
Cl   16.9104776700   8.4171949500   11.2553955200  0.00000000  0.00000000  0.00000000  -0.5962788900
Cl   16.9009054000   5.6757058400   14.1313308500  0.00000000  0.00000000  0.00000000  -0.5956292800
Cl   2.7213968300   8.4033140900   14.0409644300  0.00000000  0.00000000  0.00000000  -0.5927027100
Na   16.9152976100   11.3101909100   0.0499731400  0.00000000  0.00000000  0.00000000   0.5993739200
Na   16.8391059100   14.1777243400   2.7713172900  0.00000000  0.00000000  0.00000000   0.5950880400
Na   2.8655288900   11.3142557700   2.7154438000  0.00000000  0.00000000  0.00000000   0.6002460900
Na   2.8591981300   14.0819520100   16.8687817000  0.00000000  0.00000000  0.00000000   0.5882650100
Cl   2.8969411600   11.1224721800   16.8928175900  0.00000000  0.00000000  0.00000000  -0.5989547600
Cl   16.7746176100   13.9978480700   0.1005273600  0.00000000  0.00000000  0.00000000  -0.6011011300
Cl   16.8685316300   11.3403635400   2.8335642800  0.00000000  0.00000000  0.00000000  -0.5959316900
Cl   2.9430085700   14.0971042700   2.9156431600  0.00000000  0.00000000  0.00000000  -0.5970010500
Na   16.8779722100   11.2969610800   5.7253174300  0.00000000  0.00000000  0.00000000   0.6000966400
Na   16.8728355000   14.0258550400   8.4162583500  0.00000000  0.00000000  0.00000000   0.6033134800
Na   2.7236249100   11.2399636600   8.5729093800  0.00000000  0.00000000  0.00000000   0.6019720900
Na   2.7736858000   14.0920603100   5.5550105900  0.00000000  0.00000000  0.00000000   0.6026297200
Cl   2.7410259500   11.3015360900   5.6954867000  0.00000000  0.00000000  0.00000000  -0.5937054300
Cl   0.1318226000   14.1582309900   5.8427274300  0.00000000  0.00000000  0.00000000  -0.5965464700
Cl   0.1221023500   11.3458718900   8.4373600300  0.00000000  0.00000000  0.00000000  -0.5975579900
Cl   2.7569935600   13.9793960900   8.4096204900  0.00000000  0.00000000  0.00000000  -0.5940052500
Na   0.0821900500   11.2280691700   11.2582970300  0.00000000  0.00000000  0.00000000   0.5965844700
Na   0.0689118400   14.0769669400   14.0139447600  0.00000000  0.00000000  0.00000000   0.5930245400
Na   2.8067175600   11.3276778700   14.2034680900  0.00000000  0.00000000  0.00000000   0.5965621800
Na   2.8685987600   14.1655189400   11.3020985500  0.00000000  0.00000000  0.00000000   0.5981991500
Cl   2.8588682200   11.3734341100   11.2113029700  0.00000000  0.00000000  0.00000000  -0.5954305500
Cl   0.0503053900   14.1753354200   11.3072351700  0.00000000  0.00000000  0.00000000  -0.5952929200
Cl   16.8036213800   11.2279108400   14.2099567700  0.00000000  0.00000000  0.00000000  -0.5985306600
Cl   2.8103917200   14.1292922400   14.0411314300  0.00000000  0.00000000  0.00000000  -0.6041212400
Na   5.6665736500   16.8923965500   16.8551771400  0.00000000  0.00000000  0.00000000   0.5923716700
Na   5.6652011100   2.8988797700   2.8899967200  0.00000000  0.00000000  0.00000000   0.5946527500
Na   8.4923554800   0.0254510500   3.0202499200  0.00000000  0.00000000  0.00000000   0.6019963900
Na   8.4011592300   2.7647017800   16.9135597300  0.00000000  0.00000000  0.00000000   0.5990700400
Cl   8.5022215300   16.8619344400   16.9188731200  0.00000000  0.00000000  0.00000000  -0.5967571800
Cl   5.7286384900   2.7822863900   0.0198865700  0.00000000  0.00000000  0.00000000  -0.6016223100
Cl   5.7293554100   0.0313842100   2.8250300500  0.00000000  0.00000000  0.00000000  -0.5977176700
Cl   8.5972477900   2.7519684000   2.8809393500  0.00000000  0.00000000  0.00000000  -0.5952045800
Na   5.6911362400   16.9018909400   5.5501251400  0.00000000  0.00000000  0.00000000   0.6000409700
Na   5.6892854800   2.8390651000   8.5727351600  0.00000000  0.00000000  0.00000000   0.6007461000
Na   8.4913242800   16.8887526900   8.3715213600  0.00000000  0.00000000  0.00000000   0.5979639500
Na   8.3670582300   2.9114551500   5.7125464600  0.00000000  0.00000000  0.00000000   0.5971371000
Cl   8.4685511500   16.7847530600   5.6132960200  0.00000000  0.00000000  0.00000000  -0.5973616900
Cl   5.6608600900   2.8488979600   5.7823600500  0.00000000  0.00000000  0.00000000  -0.5965559400
Cl   5.6898891500   0.0606842900   8.4657234900  0.00000000  0.00000000  0.00000000  -0.5957559400
Cl   8.3861193900   2.6626326900   8.3551937800  0.00000000  0.00000000  0.00000000  -0.6012915700
Na   5.6031943100   0.0406701200   11.2424482800  0.00000000  0.00000000  0.00000000   0.5934968300
Na   5.5872697800   2.8981925500   14.1484780500  0.00000000  0.00000000  0.00000000   0.5930430200
Na   8.4130411200   0.0926043900   14.0806834700  0.00000000  0.00000000  0.00000000   0.5963014600
Na   8.5074850300   2.7533604600   11.2990826500  0.00000000  0.00000000  0.00000000   0.5934765500
Cl   8.5297823800   16.8626799500   11.2996214000  0.00000000  0.00000000  0.00000000  -0.5958978300
Cl   5.6678525100   2.7967706700   11.2085613900  0.00000000  0.00000000  0.00000000  -0.6000412200
Cl   5.5989201800   0.0382409900   14.0780204500  0.00000000  0.00000000  0.00000000  -0.6023251300
Cl   8.5166757300   2.8689816400   14.0401075300  0.00000000  0.00000000  0.00000000  -0.5985947400
Na   5.5695205700   5.6683849600   16.9053404300  0.00000000  0.00000000  0.00000000   0.5935062400
Na   5.5755735800   8.3824845300   2.8526487400  0.00000000  0.00000000  0.00000000   0.6009464000
Na   8.4903334800   5.7051529400   2.8131042800  0.00000000  0.00000000  0.00000000   0.5977105900
Na   8.4699796500   8.4767775700   16.8665207600  0.00000000  0.00000000  0.00000000   0.5953047800
Cl   8.5429318600   5.5277780200   16.9055407100  0.00000000  0.00000000  0.00000000  -0.5961601600
Cl   5.6223751800   8.4712448100   0.0806586200  0.00000000  0.00000000  0.00000000  -0.5964049200
Cl   5.6980064400   5.6507851700   2.7986574100  0.00000000  0.00000000  0.00000000  -0.5998314700
Cl   8.3589540900   8.4650236800   2.9366855700  0.00000000  0.00000000  0.00000000  -0.5968441600
Na   5.7933120800   5.6538072500   5.6849619200  0.00000000  0.00000000  0.00000000   0.5983819200
Na   5.6279099200   8.5365464900   8.4623769200  0.00000000  0.00000000  0.00000000   0.5929661600
Na   8.4047585100   5.5428020000   8.3879112000  0.00000000  0.00000000  0.00000000   0.5941062800
Na   8.3464737600   8.4237521900   5.7274788000  0.00000000  0.00000000  0.00000000   0.5970713900
Cl   8.4309092600   5.5644915000   5.5906826900  0.00000000  0.00000000  0.00000000  -0.6011836800
Cl   5.6194745200   8.4704883200   5.5944911800  0.00000000  0.00000000  0.00000000  -0.5983638300
Cl   5.5710558100   5.5806136900   8.3063260500  0.00000000  0.00000000  0.00000000  -0.5988663800
Cl   8.4853190500   8.3226449800   8.4492491100  0.00000000  0.00000000  0.00000000  -0.5998647900
Na   5.6036089700   5.6469264200   11.2578370500  0.00000000  0.00000000  0.00000000   0.5936891500
Na   5.7610536700   8.3403857200   14.1491177500  0.00000000  0.00000000  0.00000000   0.5989189200
Na   8.3668957600   5.6139905600   13.9818472200  0.00000000  0.00000000  0.00000000   0.5968199600
Na   8.4173322900   8.5383535900   11.2882371200  0.00000000  0.00000000  0.00000000   0.5937127400
Cl   8.3333636300   5.6844219400   11.2378388400  0.00000000  0.00000000  0.00000000  -0.5999856500
Cl   5.6091247700   8.6157075100   11.4762549200  0.00000000  0.00000000  0.00000000  -0.5995670100
Cl   5.6066578900   5.7064367100   14.0464591400  0.00000000  0.00000000  0.00000000  -0.6019179100
Cl   8.4208484200   8.4321265100   14.1599606700  0.00000000  0.00000000  0.00000000  -0.6011285300
Na   5.6696762800   11.3733449300   16.9092005500  0.00000000  0.00000000  0.00000000   0.5996051100
Na   5.6530609100   14.2575615300   2.7303238000  0.00000000  0.00000000  0.00000000   0.6038383600
Na   8.5366735500   11.1340160000   2.8913585600  0.00000000  0.00000000  0.00000000   0.6035896400
Na   8.4903773600   14.1166909200   16.8397115900  0.00000000  0.00000000  0.00000000   0.5978900800
Cl   8.3338073200   11.2716440100   16.8843567800  0.00000000  0.00000000  0.00000000  -0.5962378400
Cl   5.7106388800   14.0581109400   0.0776138900  0.00000000  0.00000000  0.00000000  -0.6017276600
Cl   5.5245687800   11.3582555400   2.8684735000  0.00000000  0.00000000  0.00000000  -0.5894500100
Cl   8.3783709200   13.9986538600   2.9285535500  0.00000000  0.00000000  0.00000000  -0.5894416200
Na   5.5813104900   11.2977188900   5.8168715400  0.00000000  0.00000000  0.00000000   0.5990801900
Na   5.5205843300   14.0095449900   8.4610126000  0.00000000  0.00000000  0.00000000   0.5977846100
Na   8.5391829500   11.2767423200   8.3223165900  0.00000000  0.00000000  0.00000000   0.5926605800
Na   8.3638742000   14.1027081300   5.7362787100  0.00000000  0.00000000  0.00000000   0.6049262800
Cl   8.4811606100   11.2678025800   5.5823349300  0.00000000  0.00000000  0.00000000  -0.5966803700
Cl   5.8203465500   14.1125407100   5.5815022600  0.00000000  0.00000000  0.00000000  -0.5935086000
Cl   5.5924149900   11.2243143800   8.4780092400  0.00000000  0.00000000  0.00000000  -0.5984325000
Cl   8.3619814700   14.0189986500   8.3885645900  0.00000000  0.00000000  0.00000000  -0.5968170600
Na   5.6253450900   11.1523182300   11.3771088200  0.00000000  0.00000000  0.00000000   0.6033607300
Na   5.6413541300   14.1383870200   14.1934268200  0.00000000  0.00000000  0.00000000   0.5938978400
Na   8.4081346500   11.3351686400   14.0412088200  0.00000000  0.00000000  0.00000000   0.5942728300
Na   8.4216060100   14.0146875000   11.2882179100  0.00000000  0.00000000  0.00000000   0.6001028000
Cl   8.4638443200   11.3298210100   11.2963433300  0.00000000  0.00000000  0.00000000  -0.6009151800
Cl   5.6272161400   13.9152633600   11.2620910600  0.00000000  0.00000000  0.00000000  -0.5956308100
Cl   5.5577278100   11.2064224000   13.9932516400  0.00000000  0.00000000  0.00000000  -0.5963421100
Cl   8.2954578900   14.1412873100   14.0753409900  0.00000000  0.00000000  0.00000000  -0.5983265300
Na   11.2544974300   16.7714987600   16.8301120800  0.00000000  0.00000000  0.00000000   0.5985817900
Na   11.2715243900   2.8488355500   2.8613765300  0.00000000  0.00000000  0.00000000   0.6029843500
Na   14.0961018900   16.9105362700   2.7732661800  0.00000000  0.00000000  0.00000000   0.5981871100
Na   14.1735396000   2.8062861700   16.8428770900  0.00000000  0.00000000  0.00000000   0.6038219700
Cl   14.1785174500   16.8830313100   0.0516129300  0.00000000  0.00000000  0.00000000  -0.5983097600
Cl   11.3309292200   2.7857869000   16.8813157100  0.00000000  0.00000000  0.00000000  -0.5911401400
Cl   11.2143983400   0.0054471600   2.8385679500  0.00000000  0.00000000  0.00000000  -0.5937074900
Cl   14.2149833900   2.7908810500   2.7310421700  0.00000000  0.00000000  0.00000000  -0.5937406800
Na   11.2838946900   0.0043506700   5.6814208200  0.00000000  0.00000000  0.00000000   0.5990904000
Na   11.2481947900   2.7382074200   8.5765151700  0.00000000  0.00000000  0.00000000   0.5915483900
Na   14.1893666600   0.0751979400   8.3966117300  0.00000000  0.00000000  0.00000000   0.5920950400
Na   14.1744832200   2.7890343400   5.5493735500  0.00000000  0.00000000  0.00000000   0.5934608300
Cl   14.0873071200   0.0401135900   5.5973176100  0.00000000  0.00000000  0.00000000  -0.6008407500
Cl   11.3714150600   2.7970270100   5.5779052500  0.00000000  0.00000000  0.00000000  -0.5967480100
Cl   11.3465965600   16.8349900500   8.3942944000  0.00000000  0.00000000  0.00000000  -0.6002626600
Cl   14.0303753000   2.9654753200   8.5377087700  0.00000000  0.00000000  0.00000000  -0.6026885700
Na   11.3730870000   0.0098941900   11.1152719900  0.00000000  0.00000000  0.00000000   0.5987859600
Na   11.3690654700   2.7885431900   14.0285955200  0.00000000  0.00000000  0.00000000   0.5992662500
Na   14.1810007200   16.8344920700   14.1846120400  0.00000000  0.00000000  0.00000000   0.6016838900
Na   14.1425956000   2.8206645600   11.1773110400  0.00000000  0.00000000  0.00000000   0.5966768800
Cl   14.0864888400   0.0011048900   11.3974483600  0.00000000  0.00000000  0.00000000  -0.5948416900
Cl   11.3022637400   2.8028561200   11.3229618400  0.00000000  0.00000000  0.00000000  -0.6019538000
Cl   11.3730782500   16.9114324000   14.1086490700  0.00000000  0.00000000  0.00000000  -0.5935726200
Cl   14.2012138900   2.8778448600   14.1269392600  0.00000000  0.00000000  0.00000000  -0.5923304000
Na   11.2136859700   5.6262311100   0.0051186600  0.00000000  0.00000000  0.00000000   0.6005104800
Na   11.3312535800   8.4902865300   2.8809395700  0.00000000  0.00000000  0.00000000   0.5948103900
Na   14.0818826100   5.7234824000   2.9660490900  0.00000000  0.00000000  0.00000000   0.5992721000
Na   14.1339187700   8.5645447700   16.9076770700  0.00000000  0.00000000  0.00000000   0.5971460700
Cl   14.2549174800   5.6112290800   0.1672241400  0.00000000  0.00000000  0.00000000  -0.5918656400
Cl   11.3020912200   8.4660381100   0.0068538500  0.00000000  0.00000000  0.00000000  -0.5997181600
Cl   11.2613232600   5.5009369400   2.8241530400  0.00000000  0.00000000  0.00000000  -0.5972424500
Cl   14.1031617600   8.5579198200   2.8709279000  0.00000000  0.00000000  0.00000000  -0.5973913100
Na   11.2565545400   5.5534867200   5.6529241600  0.00000000  0.00000000  0.00000000   0.5978288000
Na   11.2809997400   8.6255407400   8.5407215800  0.00000000  0.00000000  0.00000000   0.5963349500
Na   14.2763955600   5.6243896000   8.3949891500  0.00000000  0.00000000  0.00000000   0.5956160600
Na   14.0189114100   8.5255382000   5.6605243700  0.00000000  0.00000000  0.00000000   0.5967344600
Cl   14.1086823800   5.6974897600   5.6220595200  0.00000000  0.00000000  0.00000000  -0.6011519300
Cl   11.2221787300   8.5267343800   5.6746693400  0.00000000  0.00000000  0.00000000  -0.5985328600
Cl   11.2547710800   5.7485789000   8.3275864400  0.00000000  0.00000000  0.00000000  -0.5958410000
Cl   14.1992822300   8.4413296000   8.4265236400  0.00000000  0.00000000  0.00000000  -0.5971977500
Na   11.2620868700   5.6018619000   11.2079361200  0.00000000  0.00000000  0.00000000   0.5934105900
Na   11.1576445200   8.4046119200   14.1960370100  0.00000000  0.00000000  0.00000000   0.5964612100
Na   14.0921681700   5.7655662300   13.9883135800  0.00000000  0.00000000  0.00000000   0.5977160300
Na   13.9745380200   8.5210003800   11.3412001200  0.00000000  0.00000000  0.00000000   0.5997334800
Cl   14.0065603000   5.7287287700   11.3562139000  0.00000000  0.00000000  0.00000000  -0.5989324800
Cl   11.2968974800   8.5316643800   11.2687929500  0.00000000  0.00000000  0.00000000  -0.5996283100
Cl   11.1811283500   5.7412086000   14.2264097600  0.00000000  0.00000000  0.00000000  -0.5964659400
Cl   14.0436135200   8.4818830700   13.9340625100  0.00000000  0.00000000  0.00000000  -0.5996568900
Na   11.3096676300   11.1664384400   16.7716201900  0.00000000  0.00000000  0.00000000   0.5966972900
Na   11.3390396300   13.9991434100   2.6983214600  0.00000000  0.00000000  0.00000000   0.5981814200
Na   14.2050509100   11.3511532800   2.8383349800  0.00000000  0.00000000  0.00000000   0.5998043300
Na   14.1503693800   14.2378794800   16.8072745700  0.00000000  0.00000000  0.00000000   0.5963168400
Cl   14.1909972800   11.2064429400   0.1087517500  0.00000000  0.00000000  0.00000000  -0.5974377900
Cl   11.2796707000   14.0301801100   16.8035614800  0.00000000  0.00000000  0.00000000  -0.5994079900
Cl   11.1651858900   11.3037674000   2.7204044700  0.00000000  0.00000000  0.00000000  -0.5957267100
Cl   14.1266538600   14.0938280500   2.6999994400  0.00000000  0.00000000  0.00000000  -0.5985295400
Na   11.2647674500   11.1885619600   5.7482637200  0.00000000  0.00000000  0.00000000   0.5958965400
Na   11.3318852200   13.9917031200   8.4402595000  0.00000000  0.00000000  0.00000000   0.5946060200
Na   14.0275719700   11.3999513500   8.4872334100  0.00000000  0.00000000  0.00000000   0.5937734800
Na   14.0893424800   14.1465415100   5.6752480900  0.00000000  0.00000000  0.00000000   0.5955522800
Cl   14.1070248500   11.3898907900   5.6587172100  0.00000000  0.00000000  0.00000000  -0.5989273500
Cl   11.3241441200   14.0621766700   5.7138867300  0.00000000  0.00000000  0.00000000  -0.5949539500
Cl   11.3209868300   11.2684344100   8.4893855800  0.00000000  0.00000000  0.00000000  -0.6061297200
Cl   14.1343785300   14.1705301700   8.4174423900  0.00000000  0.00000000  0.00000000  -0.6005740100
Na   11.1656278300   11.2893540800   11.2503578000  0.00000000  0.00000000  0.00000000   0.5924307400
Na   11.3063410100   14.0172572100   14.1114128800  0.00000000  0.00000000  0.00000000   0.5981537500
Na   14.1041351500   11.3509659600   14.1524375900  0.00000000  0.00000000  0.00000000   0.5951529200
Na   14.0800007100   14.0915131100   11.2614618700  0.00000000  0.00000000  0.00000000   0.5964622500
Cl   14.2329665900   11.2539355400   11.2405738300  0.00000000  0.00000000  0.00000000  -0.5982762500
Cl   11.1463594300   14.2004433500   11.3651675700  0.00000000  0.00000000  0.00000000  -0.5973840900
Cl   11.3134333100   11.3052562000   14.1505783100  0.00000000  0.00000000  0.00000000  -0.6011765700
Cl   14.0364097200   14.2003206300   13.9509310300  0.00000000  0.00000000  0.00000000  -0.5995998100
# nacl216_train_like_00001 source=scripted_perturbation label=Ewald-QEq_teacher material=NaCl atoms=216
216
  17.6050838400  0.0000000000  0.0000000000  0.0000000000  17.6050838400  0.0000000000  0.0000000000  0.0000000000  17.6050838400
Na   0.0285088400   0.0146075700   0.0214358600  0.00000000  0.00000000  0.00000000   0.5947394200
Na   17.6034067800   2.9362418000   2.9425431700  0.00000000  0.00000000  0.00000000   0.5947628500
Na   2.9164463800   0.0027149700   2.9578674900  0.00000000  0.00000000  0.00000000   0.5951134500
Na   2.9418020800   2.9390357600   0.0037603900  0.00000000  0.00000000  0.00000000   0.5945395700
Cl   2.9237834700   17.5781401100   0.0143074600  0.00000000  0.00000000  0.00000000  -0.5958103800
Cl   17.6021013700   2.9586728900   17.5883660400  0.00000000  0.00000000  0.00000000  -0.5960034100
Cl   0.0202677500   0.0076566500   2.9521012000  0.00000000  0.00000000  0.00000000  -0.5962174900
Cl   2.9726557500   2.9449118000   2.9191696600  0.00000000  0.00000000  0.00000000  -0.5958472800
Na   0.0212709000   0.0211538400   5.8758981700  0.00000000  0.00000000  0.00000000   0.5955085100
Na   17.5854568400   2.9070136500   8.8158812500  0.00000000  0.00000000  0.00000000   0.5957523400
Na   2.9378771900   17.5654047800   8.8168948600  0.00000000  0.00000000  0.00000000   0.5960579100
Na   2.9671708200   2.9285421100   5.8752993400  0.00000000  0.00000000  0.00000000   0.5953417900
Cl   2.9302497300   17.5971435500   5.8646159900  0.00000000  0.00000000  0.00000000  -0.5957664500
Cl   0.0036167000   2.9430983800   5.8467497800  0.00000000  0.00000000  0.00000000  -0.5951989600
Cl   17.6029726800   17.5848176800   8.7959378700  0.00000000  0.00000000  0.00000000  -0.5945682500
Cl   2.9495669500   2.9533694100   8.7807763900  0.00000000  0.00000000  0.00000000  -0.5949863700
Na   17.5914672300   0.0020511700   11.7567599100  0.00000000  0.00000000  0.00000000   0.5961737700
Na   0.0361354600   2.9453569100   14.6719978100  0.00000000  0.00000000  0.00000000   0.5948438900
Na   2.9288719700   0.0145282200   14.6727951200  0.00000000  0.00000000  0.00000000   0.5937820700
Na   2.9124614300   2.9442978700   11.7628130500  0.00000000  0.00000000  0.00000000   0.5949017200
Cl   2.9131591500   17.5965000300   11.6870800200  0.00000000  0.00000000  0.00000000  -0.5951600500
Cl   17.5858471200   2.9236848700   11.7344947400  0.00000000  0.00000000  0.00000000  -0.5957262300
Cl   17.5935225100   17.5921029200   14.6573975100  0.00000000  0.00000000  0.00000000  -0.5957870900
Cl   2.9344159400   2.9786349600   14.6683474200  0.00000000  0.00000000  0.00000000  -0.5962634200
Na   17.5904142200   5.8804259800   0.0048125200  0.00000000  0.00000000  0.00000000   0.5952983700
Na   17.5873247300   8.7953316100   2.9182533100  0.00000000  0.00000000  0.00000000   0.5958013000
Na   2.9269288300   5.8735830700   2.9089666900  0.00000000  0.00000000  0.00000000   0.5946879800
Na   2.9206129600   8.8195790600   0.0251055500  0.00000000  0.00000000  0.00000000   0.5954538800
Cl   2.9425219100   5.8854784400   17.6026787000  0.00000000  0.00000000  0.00000000  -0.5954556500
Cl   17.5957297300   8.8071058600   0.0108633300  0.00000000  0.00000000  0.00000000  -0.5957877500
Cl   17.5871908800   5.8676728200   2.9387896000  0.00000000  0.00000000  0.00000000  -0.5956712600
Cl   2.9485778700   8.8365903900   2.9288507200  0.00000000  0.00000000  0.00000000  -0.5947647900
Na   0.0102048600   5.9068570600   5.8688807900  0.00000000  0.00000000  0.00000000   0.5957920000
Na   17.5893579600   8.8010184900   8.8229680300  0.00000000  0.00000000  0.00000000   0.5943389500
Na   2.9541235700   5.8224401100   8.8011331400  0.00000000  0.00000000  0.00000000   0.5966549300
Na   2.9327493500   8.8076116600   5.9085123800  0.00000000  0.00000000  0.00000000   0.5962617900
Cl   2.9724169000   5.8926636100   5.8601948300  0.00000000  0.00000000  0.00000000  -0.5949846700
Cl   17.5837707500   8.8132545900   5.8416499800  0.00000000  0.00000000  0.00000000  -0.5949033400
Cl   0.0125245700   5.8433773300   8.7922956500  0.00000000  0.00000000  0.00000000  -0.5945201900
Cl   2.9908152400   8.7712325700   8.7803372700  0.00000000  0.00000000  0.00000000  -0.5949884500
Na   17.5855893600   5.8569825100   11.7417432600  0.00000000  0.00000000  0.00000000   0.5954595600
Na   17.6017272900   8.8236873000   14.6544153500  0.00000000  0.00000000  0.00000000   0.5940195200
Na   2.9171824300   5.8851041900   14.6455565600  0.00000000  0.00000000  0.00000000   0.5960273200
Na   2.9600127200   8.7802918500   11.7424396300  0.00000000  0.00000000  0.00000000   0.5955623800
Cl   2.9170677600   5.8978731700   11.7339290200  0.00000000  0.00000000  0.00000000  -0.5952833300
Cl   0.0240472100   8.7636186600   11.7066227200  0.00000000  0.00000000  0.00000000  -0.5961070400
Cl   0.0114189500   5.8742104100   14.6972588800  0.00000000  0.00000000  0.00000000  -0.5958474300
Cl   2.9453376900   8.7597270200   14.6586718100  0.00000000  0.00000000  0.00000000  -0.5956452000
Na   17.5905791900   11.7367390500   17.5795696400  0.00000000  0.00000000  0.00000000   0.5955193500
Na   0.0311417300   14.6568346900   2.9625894300  0.00000000  0.00000000  0.00000000   0.5949447300
Na   2.9534680300   11.7708022300   2.9132123200  0.00000000  0.00000000  0.00000000   0.5962502300
Na   2.9610300100   14.6576815500   0.0324813700  0.00000000  0.00000000  0.00000000   0.5957265800
Cl   2.9518511100   11.7445866000   17.5935918200  0.00000000  0.00000000  0.00000000  -0.5954768000
Cl   0.0055380000   14.6945543800   17.5971585500  0.00000000  0.00000000  0.00000000  -0.5946040100
Cl   17.6036633300   11.7304197800   2.9241158500  0.00000000  0.00000000  0.00000000  -0.5945613400
Cl   2.9439847100   14.6534523300   2.9235856000  0.00000000  0.00000000  0.00000000  -0.5958028100
Na   17.6030741000   11.7506023000   5.8719190000  0.00000000  0.00000000  0.00000000   0.5950361100
Na   0.0263556600   14.6387090700   8.8018390600  0.00000000  0.00000000  0.00000000   0.5964426400
Na   2.9196462700   11.6949838300   8.8044886600  0.00000000  0.00000000  0.00000000   0.5954254300
Na   2.9275674300   14.6766413700   5.8643248200  0.00000000  0.00000000  0.00000000   0.5957126700
Cl   2.9731369700   11.7382597100   5.8364261800  0.00000000  0.00000000  0.00000000  -0.5948057400
Cl   0.0315028200   14.7221431900   5.8880488700  0.00000000  0.00000000  0.00000000  -0.5957394200
Cl   0.0038754800   11.7754888300   8.7838647400  0.00000000  0.00000000  0.00000000  -0.5962439300
Cl   2.9629080300   14.6519338000   8.8110090600  0.00000000  0.00000000  0.00000000  -0.5948394300
Na   17.5790631200   11.7099041400   11.7533832800  0.00000000  0.00000000  0.00000000   0.5940905500
Na   0.0170861700   14.6628457400   14.6618675800  0.00000000  0.00000000  0.00000000   0.5949137600
Na   2.9256829900   11.7328168700   14.6468510900  0.00000000  0.00000000  0.00000000   0.5954365900
Na   2.9084179300   14.6700943900   11.7226559300  0.00000000  0.00000000  0.00000000   0.5966724100
Cl   2.9507942200   11.7546063700   11.7388012300  0.00000000  0.00000000  0.00000000  -0.5950985200
Cl   0.0108209000   14.6991913400   11.7023675100  0.00000000  0.00000000  0.00000000  -0.5951877500
Cl   17.6037523700   11.7182341600   14.6703118700  0.00000000  0.00000000  0.00000000  -0.5967477100
Cl   2.9567021200   14.6379382600   14.6692078500  0.00000000  0.00000000  0.00000000  -0.5951382300
Na   5.8846203500   0.0015972400   0.0150853700  0.00000000  0.00000000  0.00000000   0.5945960400
Na   5.8685545200   2.9431977700   2.9218052400  0.00000000  0.00000000  0.00000000   0.5952267600
Na   8.7775578600   0.0053071100   2.9247593600  0.00000000  0.00000000  0.00000000   0.5949530700
Na   8.8122614800   2.9485260300   17.5716958700  0.00000000  0.00000000  0.00000000   0.5940885400
Cl   8.7946557000   17.5696100300   0.0012826800  0.00000000  0.00000000  0.00000000  -0.5965357500
Cl   5.8769745300   2.9423608600   0.0198490400  0.00000000  0.00000000  0.00000000  -0.5960072900
Cl   5.8715985000   17.5733808000   2.9573571100  0.00000000  0.00000000  0.00000000  -0.5956023900
Cl   8.8151244300   2.9402910300   2.9298431800  0.00000000  0.00000000  0.00000000  -0.5959479700
Na   5.8492800900   17.5999454700   5.8760635700  0.00000000  0.00000000  0.00000000   0.5957254100
Na   5.8620308400   2.9621947300   8.8220139800  0.00000000  0.00000000  0.00000000   0.5956003000
Na   8.8030862800   0.0093481800   8.7704853800  0.00000000  0.00000000  0.00000000   0.5942476600
Na   8.7973952300   2.9498495000   5.8532442200  0.00000000  0.00000000  0.00000000   0.5954905200
Cl   8.7774012600   17.6045627700   5.8822979400  0.00000000  0.00000000  0.00000000  -0.5955395900
Cl   5.8628623700   2.9633309600   5.8460672300  0.00000000  0.00000000  0.00000000  -0.5954370600
Cl   5.8547245200   0.0001836200   8.8051823700  0.00000000  0.00000000  0.00000000  -0.5951639400
Cl   8.7888929700   2.9569862500   8.7669796400  0.00000000  0.00000000  0.00000000  -0.5955910300
Na   5.8944456300   0.0147455500   11.7431131000  0.00000000  0.00000000  0.00000000   0.5948545800
Na   5.8831921800   2.9637135500   14.6491995100  0.00000000  0.00000000  0.00000000   0.5953973900
Na   8.7772819600   17.5748765400   14.6471413300  0.00000000  0.00000000  0.00000000   0.5940678500
Na   8.8439048200   2.9174561900   11.7290849400  0.00000000  0.00000000  0.00000000   0.5944749600
Cl   8.7790002500   17.6047715800   11.7854136300  0.00000000  0.00000000  0.00000000  -0.5969070100
Cl   5.8436840000   2.9606863600   11.7440575400  0.00000000  0.00000000  0.00000000  -0.5951857000
Cl   5.8723538200   0.0562607300   14.6700041100  0.00000000  0.00000000  0.00000000  -0.5962001400
Cl   8.8150991900   2.9591238600   14.6665774600  0.00000000  0.00000000  0.00000000  -0.5967987200
Na   5.8508224500   5.8564263300   17.5984842100  0.00000000  0.00000000  0.00000000   0.5951883000
Na   5.8516780600   8.7956375900   2.9527635800  0.00000000  0.00000000  0.00000000   0.5958684100
Na   8.8042031800   5.8654721800   2.9266002300  0.00000000  0.00000000  0.00000000   0.5950535600
Na   8.7800187000   8.7781834100   0.0025828000  0.00000000  0.00000000  0.00000000   0.5948338200
Cl   8.7903838800   5.8897026500   17.5773368000  0.00000000  0.00000000  0.00000000  -0.5964278600
Cl   5.8521939600   8.7999661300   17.5976891400  0.00000000  0.00000000  0.00000000  -0.5956507100
Cl   5.9031912900   5.8758845100   2.9299179000  0.00000000  0.00000000  0.00000000  -0.5956988800
Cl   8.8103687300   8.8035581200   2.9502942000  0.00000000  0.00000000  0.00000000  -0.5955839600
Na   5.8471032900   5.8536247600   5.8196729900  0.00000000  0.00000000  0.00000000   0.5962986400
Na   5.8877583900   8.7786750300   8.8120765400  0.00000000  0.00000000  0.00000000   0.5970789900
Na   8.7893793300   5.8806389700   8.8248905100  0.00000000  0.00000000  0.00000000   0.5962431000
Na   8.8424204800   8.8349810500   5.8675907800  0.00000000  0.00000000  0.00000000   0.5958287000
Cl   8.8300624100   5.8792535600   5.8680790500  0.00000000  0.00000000  0.00000000  -0.5942458400
Cl   5.8732688300   8.8003132900   5.8634072100  0.00000000  0.00000000  0.00000000  -0.5936661400
Cl   5.8522473500   5.8825050100   8.8175777200  0.00000000  0.00000000  0.00000000  -0.5946535000
Cl   8.7933028000   8.7927799700   8.7921952000  0.00000000  0.00000000  0.00000000  -0.5946901300
Na   5.8765501100   5.9052043700   11.7647521500  0.00000000  0.00000000  0.00000000   0.5955548300
Na   5.8650271400   8.7730019900   14.6924092600  0.00000000  0.00000000  0.00000000   0.5943839700
Na   8.7883520100   5.8093207800   14.6825728000  0.00000000  0.00000000  0.00000000   0.5954659900
Na   8.7878314300   8.8177685900   11.7875846500  0.00000000  0.00000000  0.00000000   0.5951976100
Cl   8.7833057000   5.8518072900   11.7450784400  0.00000000  0.00000000  0.00000000  -0.5951371400
Cl   5.8583473400   8.8198285400   11.7328066700  0.00000000  0.00000000  0.00000000  -0.5960559200
Cl   5.8631811100   5.8391640900   14.6624367900  0.00000000  0.00000000  0.00000000  -0.5962291500
Cl   8.8357731000   8.7879746800   14.6774713800  0.00000000  0.00000000  0.00000000  -0.5957996200
Na   5.8607466300   11.7297518100   0.0426717700  0.00000000  0.00000000  0.00000000   0.5953443200
Na   5.8948885100   14.6825572200   2.8975457400  0.00000000  0.00000000  0.00000000   0.5960588600
Na   8.8138129300   11.7327999200   2.9371297500  0.00000000  0.00000000  0.00000000   0.5953282900
Na   8.8067318500   14.6770622900   17.5652831900  0.00000000  0.00000000  0.00000000   0.5950472500
Cl   8.8065316100   11.7443274000   0.0296090100  0.00000000  0.00000000  0.00000000  -0.5955019400
Cl   5.8720472900   14.6801999400   0.0277518900  0.00000000  0.00000000  0.00000000  -0.5960785600
Cl   5.8634297400   11.7385855500   2.9435899000  0.00000000  0.00000000  0.00000000  -0.5953713600
Cl   8.7920943600   14.6670034400   2.9519986200  0.00000000  0.00000000  0.00000000  -0.5952193400
Na   5.8697509100   11.7740454700   5.8409136700  0.00000000  0.00000000  0.00000000   0.5965983200
Na   5.8637804000   14.6704665500   8.7730055400  0.00000000  0.00000000  0.00000000   0.5963741000
Na   8.7928655500   11.7406921600   8.8177598600  0.00000000  0.00000000  0.00000000   0.5957850600
Na   8.8129533600   14.6685957700   5.8586209100  0.00000000  0.00000000  0.00000000   0.5952908300
Cl   8.7707986800   11.7579254500   5.8849506800  0.00000000  0.00000000  0.00000000  -0.5958600200
Cl   5.8583682200   14.6807738400   5.8690332900  0.00000000  0.00000000  0.00000000  -0.5949734900
Cl   5.8730556000   11.7284856500   8.8331538300  0.00000000  0.00000000  0.00000000  -0.5939399100
Cl   8.7984983900   14.6804772500   8.8023770800  0.00000000  0.00000000  0.00000000  -0.5953700600
Na   5.8647684500   11.7128183700   11.7562235600  0.00000000  0.00000000  0.00000000   0.5962297100
Na   5.8644991900   14.6580105500   14.6800956800  0.00000000  0.00000000  0.00000000   0.5944576000
Na   8.8115647700   11.7165288400   14.6864116200  0.00000000  0.00000000  0.00000000   0.5948580000
Na   8.7967369000   14.6448193300   11.7686036800  0.00000000  0.00000000  0.00000000   0.5941304200
Cl   8.8279988600   11.7151966300   11.7466959800  0.00000000  0.00000000  0.00000000  -0.5957049200
Cl   5.8272299600   14.6408941600   11.7287381300  0.00000000  0.00000000  0.00000000  -0.5944909000
Cl   5.8602827300   11.7605889100   14.6858567700  0.00000000  0.00000000  0.00000000  -0.5951610200
Cl   8.8445630500   14.6193676300   14.6828710000  0.00000000  0.00000000  0.00000000  -0.5969440800
Na   11.7038497800   0.0000829300   0.0101376300  0.00000000  0.00000000  0.00000000   0.5949242300
Na   11.7211114400   2.9387901500   2.9352577700  0.00000000  0.00000000  0.00000000   0.5957571700
Na   14.6942419500   17.5877832500   2.9395664100  0.00000000  0.00000000  0.00000000   0.5954082400
Na   14.6832943200   2.9347906400   17.5796785500  0.00000000  0.00000000  0.00000000   0.5953216300
Cl   14.6435574700   17.5849377700   17.5818215200  0.00000000  0.00000000  0.00000000  -0.5952992000
Cl   11.7220873600   2.9107794800   17.5784402700  0.00000000  0.00000000  0.00000000  -0.5961131100
Cl   11.7481683400   17.5909113900   2.9673547900  0.00000000  0.00000000  0.00000000  -0.5947248700
Cl   14.6540046800   2.9483675400   2.9380586200  0.00000000  0.00000000  0.00000000  -0.5947981800
Na   11.7049585600   0.0054920200   5.8802222600  0.00000000  0.00000000  0.00000000   0.5967782800
Na   11.7437708900   2.9337947500   8.8006196800  0.00000000  0.00000000  0.00000000   0.5948494400
Na   14.6387382200   17.5972378000   8.7687054000  0.00000000  0.00000000  0.00000000   0.5956069300
Na   14.6899278800   2.9627523200   5.8423584500  0.00000000  0.00000000  0.00000000   0.5957606800
Cl   14.6270534800   17.5973500200   5.8573813100  0.00000000  0.00000000  0.00000000  -0.5947755500
Cl   11.7646393900   2.9146871000   5.8387553200  0.00000000  0.00000000  0.00000000  -0.5947630200
Cl   11.7562212200   17.5962283400   8.7657883100  0.00000000  0.00000000  0.00000000  -0.5964205800
Cl   14.6790653100   2.9490626000   8.8298930000  0.00000000  0.00000000  0.00000000  -0.5951342100
Na   11.7097782700   17.5991199300   11.7089777500  0.00000000  0.00000000  0.00000000   0.5944477100
Na   11.6979689000   2.8956224900   14.7071905100  0.00000000  0.00000000  0.00000000   0.5952633000
Na   14.6694062700   17.6041058800   14.6563467700  0.00000000  0.00000000  0.00000000   0.5953403000
Na   14.6562018700   2.9087041500   11.7270261400  0.00000000  0.00000000  0.00000000   0.5958225400
Cl   14.6893785200   0.0143643300   11.7414578700  0.00000000  0.00000000  0.00000000  -0.5953340600
Cl   11.7464270600   2.9016262100   11.7201679000  0.00000000  0.00000000  0.00000000  -0.5958211800
Cl   11.7354780100   17.5838409600   14.6369701600  0.00000000  0.00000000  0.00000000  -0.5953593900
Cl   14.6690483400   2.9648392700   14.6846139100  0.00000000  0.00000000  0.00000000  -0.5948777500
Na   11.7131444000   5.8727371300   17.6012696000  0.00000000  0.00000000  0.00000000   0.5950646200
Na   11.7221722800   8.7962036300   2.9387481100  0.00000000  0.00000000  0.00000000   0.5954741500
Na   14.6637185400   5.8977942700   2.9371206100  0.00000000  0.00000000  0.00000000   0.5958452500
Na   14.6628165100   8.7823475400   17.6016213000  0.00000000  0.00000000  0.00000000   0.5958198000
Cl   14.6585239300   5.8856942600   0.0005386800  0.00000000  0.00000000  0.00000000  -0.5953300900
Cl   11.7723435800   8.7847459100   0.0052408900  0.00000000  0.00000000  0.00000000  -0.5948836500
Cl   11.7586758100   5.8674408300   2.9686153000  0.00000000  0.00000000  0.00000000  -0.5958284000
Cl   14.6395148100   8.8183111900   2.9156119600  0.00000000  0.00000000  0.00000000  -0.5950934800
Na   11.7581545700   5.8803532300   5.8370766600  0.00000000  0.00000000  0.00000000   0.5957305300
Na   11.7607189900   8.8141799100   8.7971774300  0.00000000  0.00000000  0.00000000   0.5948329900
Na   14.6471589000   5.8916950200   8.8272021500  0.00000000  0.00000000  0.00000000   0.5954537100
Na   14.6151457000   8.8039656600   5.8787787400  0.00000000  0.00000000  0.00000000   0.5957233400
Cl   14.6842487000   5.8865942600   5.8646591900  0.00000000  0.00000000  0.00000000  -0.5952700100
Cl   11.7584981400   8.8218743500   5.8600467600  0.00000000  0.00000000  0.00000000  -0.5963480500
Cl   11.7281292300   5.8713582800   8.7874155000  0.00000000  0.00000000  0.00000000  -0.5952244000
Cl   14.6660995000   8.8057585100   8.7998449600  0.00000000  0.00000000  0.00000000  -0.5961051300
Na   11.7696779700   5.8911747800   11.7321872300  0.00000000  0.00000000  0.00000000   0.5951194300
Na   11.7420842400   8.8431076600   14.6808586000  0.00000000  0.00000000  0.00000000   0.5962267600
Na   14.6914351300   5.8762591700   14.6700014100  0.00000000  0.00000000  0.00000000   0.5953151200
Na   14.6485788000   8.8010883400   11.7753160800  0.00000000  0.00000000  0.00000000   0.5951334600
Cl   14.6788962900   5.8946632400   11.7191588200  0.00000000  0.00000000  0.00000000  -0.5959176400
Cl   11.7416858500   8.7916922000   11.7227400000  0.00000000  0.00000000  0.00000000  -0.5953897800
Cl   11.7471615300   5.8664132100   14.6726775000  0.00000000  0.00000000  0.00000000  -0.5943379700
Cl   14.6216271400   8.8296256000   14.6244203200  0.00000000  0.00000000  0.00000000  -0.5962669800
Na   11.7362503800   11.7720007500   0.0221354200  0.00000000  0.00000000  0.00000000   0.5957169400
Na   11.7521887000   14.6771178000   2.9316253800  0.00000000  0.00000000  0.00000000   0.5956920600
Na   14.6368658400   11.7319969500   2.9268658900  0.00000000  0.00000000  0.00000000   0.5961742200
Na   14.6544031700   14.7155586200   17.5976351600  0.00000000  0.00000000  0.00000000   0.5962987100
Cl   14.6773808800   11.7365907100   17.5982401600  0.00000000  0.00000000  0.00000000  -0.5944011000
Cl   11.7462951900   14.6677487900   17.5932218900  0.00000000  0.00000000  0.00000000  -0.5956869600
Cl   11.7396078700   11.7510436200   2.9104732100  0.00000000  0.00000000  0.00000000  -0.5956602200
Cl   14.6623073200   14.6615574300   2.9263222600  0.00000000  0.00000000  0.00000000  -0.5948954700
Na   11.7102827100   11.7660286600   5.8885396000  0.00000000  0.00000000  0.00000000   0.5944373000
Na   11.7211416200   14.6790331400   8.7912556200  0.00000000  0.00000000  0.00000000   0.5958554400
Na   14.6938177100   11.7268021700   8.7816541200  0.00000000  0.00000000  0.00000000   0.5955863100
Na   14.6874961000   14.7096154900   5.8871299400  0.00000000  0.00000000  0.00000000   0.5962122800
Cl   14.6763045100   11.7336183000   5.8849057400  0.00000000  0.00000000  0.00000000  -0.5949146500
Cl   11.7710225100   14.6939367000   5.8702857500  0.00000000  0.00000000  0.00000000  -0.5952027100
Cl   11.7100658300   11.7880594100   8.8207910900  0.00000000  0.00000000  0.00000000  -0.5954674800
Cl   14.6638972600   14.6597436300   8.7653812500  0.00000000  0.00000000  0.00000000  -0.5945030900
Na   11.7383430700   11.7369670400   11.7173458500  0.00000000  0.00000000  0.00000000   0.5961125400
Na   11.7101327100   14.6437493700   14.6807306100  0.00000000  0.00000000  0.00000000   0.5961801500
Na   14.6871102800   11.7122498400   14.6627370000  0.00000000  0.00000000  0.00000000   0.5961268300
Na   14.6548166200   14.6851956200   11.7470807100  0.00000000  0.00000000  0.00000000   0.5957295600
Cl   14.6850682700   11.7345324700   11.7207498600  0.00000000  0.00000000  0.00000000  -0.5954022700
Cl   11.7728383500   14.6372459300   11.7405648500  0.00000000  0.00000000  0.00000000  -0.5952985600
Cl   11.7539917000   11.7291413200   14.6657612700  0.00000000  0.00000000  0.00000000  -0.5950651300
Cl   14.6543047100   14.6189071000   14.6734468100  0.00000000  0.00000000  0.00000000  -0.5945845700
# nacl216_train_like_00002 source=scripted_perturbation label=Ewald-QEq_teacher material=NaCl atoms=216
216
  16.8443166800  0.0000000000  0.0000000000  0.0000000000  16.7058934600  0.0000000000  0.0000000000  0.0000000000  16.7540630300
Na   0.0328807900   0.0285450900   0.0033623300  0.00000000  0.00000000  0.00000000   0.5977634200
Na   16.8394696300   2.7743909100   2.7783217700  0.00000000  0.00000000  0.00000000   0.5969815800
Na   2.8037180700   16.6731367900   2.7656683200  0.00000000  0.00000000  0.00000000   0.5981897700
Na   2.8057515200   2.7935840200   0.0154084900  0.00000000  0.00000000  0.00000000   0.5975662800
Cl   2.8089414200   16.6857936600   0.0250141900  0.00000000  0.00000000  0.00000000  -0.5991588200
Cl   16.8290909200   2.7561392800   0.0015560600  0.00000000  0.00000000  0.00000000  -0.5986279300
Cl   0.0025893000   16.6925010200   2.8128104500  0.00000000  0.00000000  0.00000000  -0.5978998000
Cl   2.8209978900   2.7911743000   2.7638189700  0.00000000  0.00000000  0.00000000  -0.5978041200
Na   0.0230606500   0.0210835200   5.6299741900  0.00000000  0.00000000  0.00000000   0.5979154700
Na   16.8162077100   2.7918583100   8.3622077900  0.00000000  0.00000000  0.00000000   0.5978159800
Na   2.7828552500   0.0151184000   8.3617947800  0.00000000  0.00000000  0.00000000   0.5987769500
Na   2.7624249700   2.7335433500   5.5752897800  0.00000000  0.00000000  0.00000000   0.5980506000
Cl   2.8106097800   16.6917042300   5.5579111400  0.00000000  0.00000000  0.00000000  -0.5985149700
Cl   0.0041912200   2.7709085800   5.6034371400  0.00000000  0.00000000  0.00000000  -0.5995038000
Cl   0.0139328100   16.6797893400   8.3846259600  0.00000000  0.00000000  0.00000000  -0.5986928500
Cl   2.7800844400   2.7859324100   8.3686851800  0.00000000  0.00000000  0.00000000  -0.5970749700
Na   0.0027078500   16.6787667000   11.1612109000  0.00000000  0.00000000  0.00000000   0.5976053100
Na   16.8269452800   2.7894209400   13.9492521500  0.00000000  0.00000000  0.00000000   0.5976847800
Na   2.7735370700   16.6885160200   13.9817139900  0.00000000  0.00000000  0.00000000   0.5977962000
Na   2.7937505100   2.7819358600   11.1880024700  0.00000000  0.00000000  0.00000000   0.5983606500
Cl   2.7957195000   0.0146691300   11.1587991100  0.00000000  0.00000000  0.00000000  -0.5979559100
Cl   0.0156452900   2.7937273400   11.1588298400  0.00000000  0.00000000  0.00000000  -0.5984714000
Cl   16.8260898500   16.6613087000   13.9554810600  0.00000000  0.00000000  0.00000000  -0.5983023600
Cl   2.8031398000   2.7798642500   13.9879617100  0.00000000  0.00000000  0.00000000  -0.5979558900
Na   16.8045994800   5.5423412300   16.7329808200  0.00000000  0.00000000  0.00000000   0.5986284500
Na   0.0584386400   8.3546923700   2.8129224000  0.00000000  0.00000000  0.00000000   0.5976490400
Na   2.8110207300   5.5729988900   2.7767798100  0.00000000  0.00000000  0.00000000   0.5981258200
Na   2.8262755300   8.3452739400   16.7339422000  0.00000000  0.00000000  0.00000000   0.5984833900
Cl   2.7999592400   5.6166718800   16.7057818800  0.00000000  0.00000000  0.00000000  -0.5980903400
Cl   16.8208259900   8.3407383800   16.7535444600  0.00000000  0.00000000  0.00000000  -0.5976433400
Cl   0.0367129400   5.5682006800   2.8027227900  0.00000000  0.00000000  0.00000000  -0.5983787500
Cl   2.7988254200   8.3529147200   2.7982680800  0.00000000  0.00000000  0.00000000  -0.5992435600
Na   16.8238835300   5.5539705500   5.5570515200  0.00000000  0.00000000  0.00000000   0.5973900200
Na   0.0183909900   8.3393583000   8.4063004200  0.00000000  0.00000000  0.00000000   0.5975116600
Na   2.8046584400   5.5744730600   8.3733598500  0.00000000  0.00000000  0.00000000   0.5993992100
Na   2.7924841200   8.3636816100   5.5542344700  0.00000000  0.00000000  0.00000000   0.5981161300
Cl   2.8168271600   5.5996662100   5.5845990900  0.00000000  0.00000000  0.00000000  -0.5968698100
Cl   16.8437826800   8.3816428100   5.5748531200  0.00000000  0.00000000  0.00000000  -0.5985885500
Cl   0.0153674900   5.5409124200   8.3700191000  0.00000000  0.00000000  0.00000000  -0.5981452400
Cl   2.8192106100   8.3315067800   8.3821057800  0.00000000  0.00000000  0.00000000  -0.5977842300
Na   0.0097294000   5.5507618800   11.1570731400  0.00000000  0.00000000  0.00000000   0.5979035600
Na   16.8114301400   8.3682864100   13.9508166000  0.00000000  0.00000000  0.00000000   0.5988933600
Na   2.7835399100   5.5854672500   13.9766414000  0.00000000  0.00000000  0.00000000   0.5980631000
Na   2.8634571400   8.3482792900   11.2080517700  0.00000000  0.00000000  0.00000000   0.5978248400
Cl   2.8547892800   5.5635732200   11.1380953300  0.00000000  0.00000000  0.00000000  -0.5979084600
Cl   16.8328281600   8.3510778300   11.1908421700  0.00000000  0.00000000  0.00000000  -0.5982022000
Cl   16.8312419800   5.5819875100   13.9757859700  0.00000000  0.00000000  0.00000000  -0.5978984100
Cl   2.7855004400   8.3693901900   14.0080199400  0.00000000  0.00000000  0.00000000  -0.5981564500
Na   16.8352440300   11.1160656700   16.7471510100  0.00000000  0.00000000  0.00000000   0.5976746000
Na   0.0042974800   13.8987979000   2.7794353400  0.00000000  0.00000000  0.00000000   0.5976243200
Na   2.8180248700   11.1289363000   2.7504418300  0.00000000  0.00000000  0.00000000   0.5978752400
Na   2.8236442700   13.9086178500   16.7429545200  0.00000000  0.00000000  0.00000000   0.5974939700
Cl   2.8186814000   11.1716645600   0.0144490600  0.00000000  0.00000000  0.00000000  -0.5988097500
Cl   0.0103826300   13.9178682300   16.7132699400  0.00000000  0.00000000  0.00000000  -0.5974050300
Cl   0.0523020500   11.1534752400   2.8086981600  0.00000000  0.00000000  0.00000000  -0.5988390900
Cl   2.8189915800   13.9326225100   2.7939085400  0.00000000  0.00000000  0.00000000  -0.5980876800
Na   0.0074974000   11.1229555600   5.5566890000  0.00000000  0.00000000  0.00000000   0.5984348400
Na   16.8172302700   13.9063044900   8.3347846500  0.00000000  0.00000000  0.00000000   0.5981077300
Na   2.8107019900   11.1125064200   8.3845388800  0.00000000  0.00000000  0.00000000   0.5979710200
Na   2.7980502000   13.9353651100   5.5921223600  0.00000000  0.00000000  0.00000000   0.5989297900
Cl   2.8184724700   11.1523130200   5.5933745300  0.00000000  0.00000000  0.00000000  -0.5974138400
Cl   0.0010806800   13.9132353000   5.5772115000  0.00000000  0.00000000  0.00000000  -0.5977426600
Cl   0.0005877600   11.1403640600   8.3809803700  0.00000000  0.00000000  0.00000000  -0.5978585200
Cl   2.8067643900   13.9659196600   8.3639158800  0.00000000  0.00000000  0.00000000  -0.5967185400
Na   16.8168903100   11.1120762100   11.1749322400  0.00000000  0.00000000  0.00000000   0.5978858400
Na   0.0309700500   13.9144623700   13.9308495200  0.00000000  0.00000000  0.00000000   0.5981031900
Na   2.7724831200   11.1536189500   13.9847846200  0.00000000  0.00000000  0.00000000   0.5980387300
Na   2.7868026900   13.9644194100   11.1987823000  0.00000000  0.00000000  0.00000000   0.5980952400
Cl   2.7886693200   11.1061192500   11.2126144800  0.00000000  0.00000000  0.00000000  -0.5973093200
Cl   16.8410367000   13.9044925100   11.1807100600  0.00000000  0.00000000  0.00000000  -0.5985310200
Cl   0.0008834200   11.1101175800   13.9678383300  0.00000000  0.00000000  0.00000000  -0.5992305300
Cl   2.8395288000   13.9449411800   13.9310458100  0.00000000  0.00000000  0.00000000  -0.5989315100
Na   5.5721350700   16.6945792400   0.0125954400  0.00000000  0.00000000  0.00000000   0.5986756700
Na   5.6487185400   2.7863240000   2.8008570700  0.00000000  0.00000000  0.00000000   0.5990487800
Na   8.4411861700   0.0103804700   2.8000128800  0.00000000  0.00000000  0.00000000   0.5984210500
Na   8.4083653300   2.7894299600   0.0117836000  0.00000000  0.00000000  0.00000000   0.5982333100
Cl   8.3932934700   16.6924499200   0.0001205100  0.00000000  0.00000000  0.00000000  -0.5971408000
Cl   5.6101595800   2.7662734300   16.7441766200  0.00000000  0.00000000  0.00000000  -0.5981680100
Cl   5.6324280000   0.0250797300   2.8094935300  0.00000000  0.00000000  0.00000000  -0.5980052200
Cl   8.4212370000   2.7789045400   2.7713130700  0.00000000  0.00000000  0.00000000  -0.5980458800
Na   5.6100878800   16.6873538500   5.5418349100  0.00000000  0.00000000  0.00000000   0.5988316100
Na   5.6031581400   2.7970167000   8.3637283500  0.00000000  0.00000000  0.00000000   0.6001921800
Na   8.4132691300   16.6876567500   8.3934673500  0.00000000  0.00000000  0.00000000   0.5979643900
Na   8.4355747800   2.7727152500   5.5927571600  0.00000000  0.00000000  0.00000000   0.5985075100
Cl   8.4101453100   16.6839261100   5.5989886000  0.00000000  0.00000000  0.00000000  -0.5979054700
Cl   5.6179314500   2.7895376100   5.5858575100  0.00000000  0.00000000  0.00000000  -0.5960678800
Cl   5.6176087400   0.0269224000   8.3657121300  0.00000000  0.00000000  0.00000000  -0.5969479800
Cl   8.4098916400   2.7965769400   8.3616740200  0.00000000  0.00000000  0.00000000  -0.5968410600
Na   5.6086248700   16.6923713500   11.1485473600  0.00000000  0.00000000  0.00000000   0.5987553600
Na   5.6189810600   2.7714173000   13.9443277800  0.00000000  0.00000000  0.00000000   0.5979963600
Na   8.4306435400   0.0160597700   13.9595405800  0.00000000  0.00000000  0.00000000   0.5985471300
Na   8.4599152600   2.7938438400   11.1980716800  0.00000000  0.00000000  0.00000000   0.5985073000
Cl   8.4269538200   16.6858816200   11.1685451200  0.00000000  0.00000000  0.00000000  -0.5978448800
Cl   5.6366425900   2.7731219700   11.1619175900  0.00000000  0.00000000  0.00000000  -0.5969178800
Cl   5.5957216000   0.0088342900   13.9511861900  0.00000000  0.00000000  0.00000000  -0.5968617100
Cl   8.4589768700   2.7898439600   13.9576375900  0.00000000  0.00000000  0.00000000  -0.5983894600
Na   5.6106156400   5.5272502700   16.7240841300  0.00000000  0.00000000  0.00000000   0.5976246500
Na   5.5940868000   8.3508324500   2.7629675800  0.00000000  0.00000000  0.00000000   0.5973444400
Na   8.4144107800   5.5786786800   2.7925037000  0.00000000  0.00000000  0.00000000   0.5977232000
Na   8.4219838200   8.4005421700   0.0224447500  0.00000000  0.00000000  0.00000000   0.5974055300
Cl   8.4363354000   5.5684853100   16.7531491700  0.00000000  0.00000000  0.00000000  -0.5979419300
Cl   5.5994339900   8.3517057100   16.7540195200  0.00000000  0.00000000  0.00000000  -0.5981129600
Cl   5.6094316700   5.5471883000   2.8266678800  0.00000000  0.00000000  0.00000000  -0.5978126200
Cl   8.4147692500   8.3601690700   2.7888049400  0.00000000  0.00000000  0.00000000  -0.5986048300
Na   5.6104664600   5.6128490700   5.5921552400  0.00000000  0.00000000  0.00000000   0.5996991400
Na   5.5987096800   8.3021914000   8.3780428000  0.00000000  0.00000000  0.00000000   0.5993877900
Na   8.4311399900   5.5537670400   8.3631597700  0.00000000  0.00000000  0.00000000   0.5994877300
Na   8.4081797600   8.3726862800   5.5992836900  0.00000000  0.00000000  0.00000000   0.5989684000
Cl   8.3951461900   5.5482096900   5.6066358600  0.00000000  0.00000000  0.00000000  -0.5972363900
Cl   5.6285002000   8.3550163500   5.6151912800  0.00000000  0.00000000  0.00000000  -0.5974432900
Cl   5.6131757500   5.5298359700   8.3861895900  0.00000000  0.00000000  0.00000000  -0.5972605900
Cl   8.4052636600   8.3175854300   8.3613438700  0.00000000  0.00000000  0.00000000  -0.5970891600
Na   5.6156870400   5.5632223400   11.1580690300  0.00000000  0.00000000  0.00000000   0.5992359000
Na   5.5962960700   8.3744436500   13.9454019100  0.00000000  0.00000000  0.00000000   0.5981744200
Na   8.4151460000   5.5712132200   13.9326172100  0.00000000  0.00000000  0.00000000   0.5987777200
Na   8.4227400300   8.3321941200   11.1830136500  0.00000000  0.00000000  0.00000000   0.5986303300
Cl   8.4213112100   5.5569849900   11.1899765900  0.00000000  0.00000000  0.00000000  -0.5976587400
Cl   5.6165466200   8.3137043100   11.1629331900  0.00000000  0.00000000  0.00000000  -0.5983167200
Cl   5.6096791400   5.5886108100   13.9746826600  0.00000000  0.00000000  0.00000000  -0.5975561000
Cl   8.4060296000   8.3114666000   13.9429055900  0.00000000  0.00000000  0.00000000  -0.5975321100
Na   5.6534888200   11.1587583200   0.0343193800  0.00000000  0.00000000  0.00000000   0.5968705400
Na   5.6199218300   13.9253777200   2.8173078100  0.00000000  0.00000000  0.00000000   0.5979330300
Na   8.4346857900   11.0915823400   2.8064707300  0.00000000  0.00000000  0.00000000   0.5983371200
Na   8.4207490300   13.8997689000   16.7364558400  0.00000000  0.00000000  0.00000000   0.5975873800
Cl   8.4356026500   11.1128205300   0.0101484600  0.00000000  0.00000000  0.00000000  -0.6005593000
Cl   5.6428833100   13.9279060400   16.7417990400  0.00000000  0.00000000  0.00000000  -0.5987407100
Cl   5.6457172700   11.1404942800   2.7909921900  0.00000000  0.00000000  0.00000000  -0.5980340700
Cl   8.4315858800   13.9229728800   2.7977004600  0.00000000  0.00000000  0.00000000  -0.5969124200
Na   5.6020197600   11.1248255000   5.6079697000  0.00000000  0.00000000  0.00000000   0.6002719700
Na   5.6508771900   13.9229849800   8.3683500100  0.00000000  0.00000000  0.00000000   0.5986164000
Na   8.4741483500   11.1626951000   8.3872273200  0.00000000  0.00000000  0.00000000   0.5984793300
Na   8.4384107600   13.9190489600   5.6273997900  0.00000000  0.00000000  0.00000000   0.5986504800
Cl   8.3622057100   11.1152718000   5.5636886200  0.00000000  0.00000000  0.00000000  -0.5973931500
Cl   5.6282724900   13.8986798500   5.6020611100  0.00000000  0.00000000  0.00000000  -0.5973320200
Cl   5.6211016200   11.1089672000   8.3502770100  0.00000000  0.00000000  0.00000000  -0.5964278900
Cl   8.4219126200   13.8989699600   8.3470798300  0.00000000  0.00000000  0.00000000  -0.5987578400
Na   5.6250132100   11.1334377900   11.1930525800  0.00000000  0.00000000  0.00000000   0.5981991500
Na   5.6357765700   13.8934654500   13.9810415800  0.00000000  0.00000000  0.00000000   0.5984542200
Na   8.4371991300   11.1427871500   13.9897357300  0.00000000  0.00000000  0.00000000   0.5964842100
Na   8.4466325100   13.9104124700   11.1952047000  0.00000000  0.00000000  0.00000000   0.5981936200
Cl   8.4191800500   11.1405381300   11.1766086700  0.00000000  0.00000000  0.00000000  -0.5978883800
Cl   5.6316607800   13.9058640900   11.1616493000  0.00000000  0.00000000  0.00000000  -0.5972209300
Cl   5.6121737700   11.1401323300   13.9396823200  0.00000000  0.00000000  0.00000000  -0.5984806800
Cl   8.4148003300   13.9535300900   13.9438532000  0.00000000  0.00000000  0.00000000  -0.5985011600
Na   11.2074972000   0.0174051900   0.0100101000  0.00000000  0.00000000  0.00000000   0.5984694600
Na   11.2658921700   2.7950488700   2.7879993300  0.00000000  0.00000000  0.00000000   0.5974817900
Na   14.0257774400   0.0169422800   2.8011277700  0.00000000  0.00000000  0.00000000   0.5976344000
Na   14.0162615000   2.7594194600   0.0201815600  0.00000000  0.00000000  0.00000000   0.5984048400
Cl   14.0238018600   0.0054705900   16.7496120900  0.00000000  0.00000000  0.00000000  -0.5977344000
Cl   11.2056099500   2.7556275300   0.0113746400  0.00000000  0.00000000  0.00000000  -0.5985887400
Cl   11.2347036700   16.7024460000   2.7966641800  0.00000000  0.00000000  0.00000000  -0.5985090900
Cl   14.0364940000   2.7772081600   2.7928235700  0.00000000  0.00000000  0.00000000  -0.5993702400
Na   11.2335218800   0.0000263300   5.6094591100  0.00000000  0.00000000  0.00000000   0.5972404600
Na   11.2358944600   2.7579162800   8.3777924700  0.00000000  0.00000000  0.00000000   0.5983313000
Na   14.0157048100   16.6860723600   8.4149048000  0.00000000  0.00000000  0.00000000   0.5969230000
Na   14.0596219800   2.7631471400   5.5707502800  0.00000000  0.00000000  0.00000000   0.5975939000
Cl   14.0499320000   16.6909537000   5.5864775100  0.00000000  0.00000000  0.00000000  -0.5982237400
Cl   11.2567970700   2.7692261400   5.5839717400  0.00000000  0.00000000  0.00000000  -0.5980143300
Cl   11.2360632100   0.0116950400   8.3956634000  0.00000000  0.00000000  0.00000000  -0.5996005600
Cl   14.0082308800   2.7388567400   8.3566044900  0.00000000  0.00000000  0.00000000  -0.5992373500
Na   11.2354089100   0.0039542800   11.1442918200  0.00000000  0.00000000  0.00000000   0.5974300600
Na   11.2328696800   2.7970523600   13.9544267100  0.00000000  0.00000000  0.00000000   0.5975638900
Na   14.0433307100   16.6840378000   13.9520285700  0.00000000  0.00000000  0.00000000   0.5988646200
Na   14.0295087700   2.7717366900   11.1379113600  0.00000000  0.00000000  0.00000000   0.5963276200
Cl   14.0395012100   16.6855102300   11.2073447500  0.00000000  0.00000000  0.00000000  -0.5991511500
Cl   11.2196924600   2.7790886700   11.1419099400  0.00000000  0.00000000  0.00000000  -0.5991415800
Cl   11.2430902000   0.0156177600   13.9761359400  0.00000000  0.00000000  0.00000000  -0.5973839100
Cl   14.0676473000   2.8183029500   14.0061021800  0.00000000  0.00000000  0.00000000  -0.5974799200
Na   11.1803049700   5.5365413500   16.7527149100  0.00000000  0.00000000  0.00000000   0.5981742300
Na   11.2516720800   8.3596169500   2.7722956200  0.00000000  0.00000000  0.00000000   0.5975041800
Na   14.0262776600   5.5837864500   2.7830470100  0.00000000  0.00000000  0.00000000   0.5973962500
Na   14.0628265000   8.3678378000   16.7439570600  0.00000000  0.00000000  0.00000000   0.5982370800
Cl   14.0653896400   5.5633541300   16.7494705100  0.00000000  0.00000000  0.00000000  -0.5972224400
Cl   11.2515263100   8.3213303900   16.7338232900  0.00000000  0.00000000  0.00000000  -0.5979829400
Cl   11.2393908200   5.5849944800   2.7768456300  0.00000000  0.00000000  0.00000000  -0.5985146900
Cl   14.0186047100   8.3543368200   2.7970179500  0.00000000  0.00000000  0.00000000  -0.5977470300
Na   11.2336084700   5.5986857300   5.5715370500  0.00000000  0.00000000  0.00000000   0.5977040100
Na   11.2143094900   8.3981646800   8.3924185900  0.00000000  0.00000000  0.00000000   0.5976525200
Na   14.0102959200   5.5507531400   8.3796535000  0.00000000  0.00000000  0.00000000   0.5967943800
Na   14.0578256700   8.3279455900   5.6164975400  0.00000000  0.00000000  0.00000000   0.5975318300
Cl   14.0345048000   5.5764609200   5.5874404800  0.00000000  0.00000000  0.00000000  -0.5989512500
Cl   11.2089295900   8.3271919700   5.5847905300  0.00000000  0.00000000  0.00000000  -0.5982119700
Cl   11.2216195000   5.5451491400   8.3996735900  0.00000000  0.00000000  0.00000000  -0.5980120100
Cl   14.0414889800   8.3635213800   8.4074031100  0.00000000  0.00000000  0.00000000  -0.5982679300
Na   11.2533342800   5.5606083900   11.1543313300  0.00000000  0.00000000  0.00000000   0.5974999600
Na   11.2453703100   8.3446265500   13.9491008300  0.00000000  0.00000000  0.00000000   0.5985478000
Na   14.0502386500   5.5893722900   13.9439222500  0.00000000  0.00000000  0.00000000   0.5992344600
Na   14.0393021500   8.3710448800   11.1785124900  0.00000000  0.00000000  0.00000000   0.5974742400
Cl   14.0850787000   5.5616067000   11.1702147200  0.00000000  0.00000000  0.00000000  -0.5985664500
Cl   11.2165937600   8.3801175700   11.1804224700  0.00000000  0.00000000  0.00000000  -0.5980598100
Cl   11.2504539300   5.5993631300   13.9353550000  0.00000000  0.00000000  0.00000000  -0.5978479400
Cl   14.0698757300   8.3269760400   13.9686020400  0.00000000  0.00000000  0.00000000  -0.5988753700
Na   11.1993188500   11.1360780100   0.0202850700  0.00000000  0.00000000  0.00000000   0.5964413700
Na   11.2424672500   13.9392388900   2.8131929700  0.00000000  0.00000000  0.00000000   0.5982915300
Na   14.0600951900   11.1556334100   2.7834320000  0.00000000  0.00000000  0.00000000   0.5977984900
Na   14.0145942500   13.9511840400   0.0241084900  0.00000000  0.00000000  0.00000000   0.5985788900
Cl   14.0792026400   11.1674514700   0.0270142600  0.00000000  0.00000000  0.00000000  -0.5983310900
Cl   11.2472500100   13.9270823800   16.7245255700  0.00000000  0.00000000  0.00000000  -0.5981931500
Cl   11.2346077000   11.1700147400   2.8151694900  0.00000000  0.00000000  0.00000000  -0.5985757200
Cl   13.9835335700   13.9144013500   2.7932726000  0.00000000  0.00000000  0.00000000  -0.5985932800
Na   11.2316335500   11.1222376500   5.5699069200  0.00000000  0.00000000  0.00000000   0.5977141900
Na   11.2524176000   13.9378509300   8.3947835900  0.00000000  0.00000000  0.00000000   0.5970772600
Na   14.0362509400   11.1539656400   8.3974715400  0.00000000  0.00000000  0.00000000   0.5977642600
Na   14.0212346600   13.9309349800   5.5639443000  0.00000000  0.00000000  0.00000000   0.5982163100
Cl   14.0320636300   11.1433337000   5.5851235100  0.00000000  0.00000000  0.00000000  -0.5975880600
Cl   11.2518348800   13.9070989300   5.6275319900  0.00000000  0.00000000  0.00000000  -0.5983967600
Cl   11.1973682000   11.1166119500   8.3686660800  0.00000000  0.00000000  0.00000000  -0.5988437600
Cl   14.0359911100   13.9177094500   8.3899639300  0.00000000  0.00000000  0.00000000  -0.5994324000
Na   11.2336548500   11.1679720900   11.1913428600  0.00000000  0.00000000  0.00000000   0.5982628700
Na   11.2496452500   13.9136307200   13.9794575800  0.00000000  0.00000000  0.00000000   0.5983625000
Na   14.0858306800   11.1227486700   13.9708037100  0.00000000  0.00000000  0.00000000   0.5973298100
Na   14.0644044600   13.9156161400   11.1308470100  0.00000000  0.00000000  0.00000000   0.5982489400
Cl   14.0245679300   11.1623565800   11.1522181000  0.00000000  0.00000000  0.00000000  -0.5989007200
Cl   11.2320719500   13.9090561400   11.1855645100  0.00000000  0.00000000  0.00000000  -0.5985533000
Cl   11.2362423200   11.1166956400   13.9451991800  0.00000000  0.00000000  0.00000000  -0.5983010200
Cl   14.0261370100   13.9102199600   13.9441735800  0.00000000  0.00000000  0.00000000  -0.5969460800
# nacl216_train_like_00003 source=scripted_perturbation label=Ewald-QEq_teacher material=NaCl atoms=216
216
  16.9200000000  0.5719068600  0.0000000000  0.0000000000  16.9200000000  0.0000000000  0.0000000000  0.0000000000  16.9200000000
Na   0.5822184300   16.9131244300   16.8960760300  0.00000000  0.00000000  0.00000000   0.5833282400
Na   16.9951138000   2.7913359400   2.8352399000  0.00000000  0.00000000  0.00000000   0.5967804100
Na   3.4008457300   16.8994678400   2.7978064600  0.00000000  0.00000000  0.00000000   0.5932433100
Na   2.9335551500   2.8091577200   16.9187905800  0.00000000  0.00000000  0.00000000   0.5947024000
Cl   3.4097687200   16.8925595400   16.9193720100  0.00000000  0.00000000  0.00000000  -0.6068585500
Cl   0.1170402200   2.8393400300   0.0215505300  0.00000000  0.00000000  0.00000000  -0.5970076700
Cl   0.5853648700   16.9051681100   2.8577221400  0.00000000  0.00000000  0.00000000  -0.6063730000
Cl   2.9296954900   2.8085691600   2.8482155900  0.00000000  0.00000000  0.00000000  -0.5963604800
Na   0.6065077500   16.9123066500   5.6415697000  0.00000000  0.00000000  0.00000000   0.5990016100
Na   0.1207382000   2.8354110600   8.4656873900  0.00000000  0.00000000  0.00000000   0.6018672200
Na   3.3837323300   16.8913932200   8.4817958100  0.00000000  0.00000000  0.00000000   0.5934143800
Na   2.8971456600   2.8012746800   5.6536499500  0.00000000  0.00000000  0.00000000   0.5974521400
Cl   2.8257755800   0.0086076300   5.6628370700  0.00000000  0.00000000  0.00000000  -0.6013706200
Cl   0.1133857500   2.7982181400   5.6631358400  0.00000000  0.00000000  0.00000000  -0.6017522300
Cl   17.4334150100   16.9189351700   8.4602293300  0.00000000  0.00000000  0.00000000  -0.5969760800
Cl   2.9040817000   2.8378577700   8.4536408900  0.00000000  0.00000000  0.00000000  -0.5973655200
Na   17.4558711500   16.8888720500   11.2602278100  0.00000000  0.00000000  0.00000000   0.6114674600
Na   16.9943615600   2.7990020500   14.0756917500  0.00000000  0.00000000  0.00000000   0.5916882800
Na   2.7921370700   0.0345326600   14.0829127100  0.00000000  0.00000000  0.00000000   0.5950016500
Na   2.9111170100   2.8208874300   11.2803897400  0.00000000  0.00000000  0.00000000   0.5963257400
Cl   2.8501471400   0.0072041500   11.3022758700  0.00000000  0.00000000  0.00000000  -0.6012481100
Cl   17.0092347700   2.8183074700   11.2687368600  0.00000000  0.00000000  0.00000000  -0.5914507200
Cl   17.4807066000   16.9061081700   14.0904643400  0.00000000  0.00000000  0.00000000  -0.5993265000
Cl   2.8664610800   2.8533624100   14.0879702600  0.00000000  0.00000000  0.00000000  -0.5995034300
Na   0.1964191000   5.6589328400   16.9092652400  0.00000000  0.00000000  0.00000000   0.6061379800
Na   17.1917731500   8.4318105500   2.8340747400  0.00000000  0.00000000  0.00000000   0.6058037100
Na   3.0190898400   5.6829258700   2.8116934100  0.00000000  0.00000000  0.00000000   0.5979446900
Na   3.1184298400   8.4772419300   16.9024077600  0.00000000  0.00000000  0.00000000   0.5983887200
Cl   2.9960998000   5.6608804600   16.9174208800  0.00000000  0.00000000  0.00000000  -0.5956727200
Cl   17.1837757200   8.4759944100   16.8900971800  0.00000000  0.00000000  0.00000000  -0.5966363500
Cl   0.2080178900   5.6591694800   2.8592415700  0.00000000  0.00000000  0.00000000  -0.5970455400
Cl   3.0943213000   8.4931689300   2.7928135900  0.00000000  0.00000000  0.00000000  -0.5962878600
Na   17.1067903900   5.6455174900   5.6500095100  0.00000000  0.00000000  0.00000000   0.6030994300
Na   17.1724679400   8.4320948400   8.4917357900  0.00000000  0.00000000  0.00000000   0.5943312800
Na   2.9729314800   5.6354999400   8.4496351400  0.00000000  0.00000000  0.00000000   0.5949016000
Na   3.1449294400   8.4546912000   5.6547811800  0.00000000  0.00000000  0.00000000   0.5980500300
Cl   3.0326894800   5.6327388800   5.6288571100  0.00000000  0.00000000  0.00000000  -0.5958997300
Cl   17.1863942000   8.4538548900   5.6440083600  0.00000000  0.00000000  0.00000000  -0.5913170000
Cl   17.1032860200   5.5974629200   8.4431824100  0.00000000  0.00000000  0.00000000  -0.6052414300
Cl   3.1334494200   8.4821496900   8.4636963100  0.00000000  0.00000000  0.00000000  -0.5968872400
Na   0.1934803300   5.6569089300   11.2888826800  0.00000000  0.00000000  0.00000000   0.5899889500
Na   0.3095698500   8.4429623100   14.0998989400  0.00000000  0.00000000  0.00000000   0.6030311000
Na   3.0266951500   5.6197393400   14.0986929700  0.00000000  0.00000000  0.00000000   0.5985163500
Na   3.1402916500   8.4464660100   11.2664543000  0.00000000  0.00000000  0.00000000   0.5960019800
Cl   2.9807167200   5.6449504000   11.2671822300  0.00000000  0.00000000  0.00000000  -0.5999370000
Cl   0.3008151100   8.4673369100   11.2937450500  0.00000000  0.00000000  0.00000000  -0.6038237400
Cl   0.1934285300   5.6082187700   14.1214308400  0.00000000  0.00000000  0.00000000  -0.5923029000
Cl   3.1012740200   8.4524837200   14.1225237600  0.00000000  0.00000000  0.00000000  -0.5963604000
Na   0.3929605500   11.2825278400   0.0016822900  0.00000000  0.00000000  0.00000000   0.6001731800
Na   0.4865280700   14.1070084300   2.8098460900  0.00000000  0.00000000  0.00000000   0.5921413400
Na   3.1913046600   11.2340255100   2.7929163400  0.00000000  0.00000000  0.00000000   0.5984953500
Na   3.2866013600   14.1229853800   16.8949261500  0.00000000  0.00000000  0.00000000   0.5954845000
Cl   3.2369723500   11.2662784200   16.9194224500  0.00000000  0.00000000  0.00000000  -0.5981827500
Cl   17.3808299200   14.0744266500   16.9136054100  0.00000000  0.00000000  0.00000000  -0.6020568800
Cl   17.2914080300   11.3049746400   2.7892047900  0.00000000  0.00000000  0.00000000  -0.5909044200
Cl   3.2543802000   14.1179265900   2.8021001300  0.00000000  0.00000000  0.00000000  -0.5985021900
Na   0.3991497200   11.2487198400   5.6160606700  0.00000000  0.00000000  0.00000000   0.6027193800
Na   0.4783652700   14.1063935400   8.4929914100  0.00000000  0.00000000  0.00000000   0.6014404800
Na   3.2277011200   11.2564835900   8.4761885200  0.00000000  0.00000000  0.00000000   0.6002004300
Na   3.2954918100   14.1325054500   5.6467708800  0.00000000  0.00000000  0.00000000   0.5969341200
Cl   3.2343601900   11.2840249600   5.6933379100  0.00000000  0.00000000  0.00000000  -0.5953774900
Cl   17.3928291600   14.0788190400   5.6345069200  0.00000000  0.00000000  0.00000000  -0.5978034400
Cl   17.2991780100   11.2831253900   8.4681473300  0.00000000  0.00000000  0.00000000  -0.5904467200
Cl   3.2794096300   14.0880868200   8.4593650200  0.00000000  0.00000000  0.00000000  -0.5970319900
Na   17.2847231400   11.2624773200   11.2697697400  0.00000000  0.00000000  0.00000000   0.6007064400
Na   17.3891040100   14.0834937100   14.0883201900  0.00000000  0.00000000  0.00000000   0.5958287600
Na   3.1980265600   11.3147328100   14.1378087100  0.00000000  0.00000000  0.00000000   0.5951351500
Na   3.3376028900   14.0820622700   11.2881711200  0.00000000  0.00000000  0.00000000   0.5960730200
Cl   3.2028684600   11.2905805300   11.2602032900  0.00000000  0.00000000  0.00000000  -0.5967373900
Cl   0.5133801700   14.1032573600   11.2643854400  0.00000000  0.00000000  0.00000000  -0.5978600300
Cl   17.2779032100   11.2794362300   14.0983764500  0.00000000  0.00000000  0.00000000  -0.6034782700
Cl   3.2755773900   14.0669040000   14.1142975700  0.00000000  0.00000000  0.00000000  -0.5978145700
Na   5.6445301600   0.0092542700   16.9149404400  0.00000000  0.00000000  0.00000000   0.6036051800
Na   5.7437332800   2.8235880100   2.8107243200  0.00000000  0.00000000  0.00000000   0.5959151000
Na   8.4491812400   0.0119129300   2.8313502400  0.00000000  0.00000000  0.00000000   0.6050599500
Na   8.5196562400   2.8229625800   0.0304045000  0.00000000  0.00000000  0.00000000   0.6000327900
Cl   8.4313845000   0.0065236900   16.8987597400  0.00000000  0.00000000  0.00000000  -0.5891571800
Cl   5.7404023000   2.8245312500   16.9133245200  0.00000000  0.00000000  0.00000000  -0.5979056200
Cl   6.2248303800   16.8943334200   2.8251157500  0.00000000  0.00000000  0.00000000  -0.6045860200
Cl   8.5504835000   2.8606188300   2.8061729500  0.00000000  0.00000000  0.00000000  -0.5962275400
Na   6.2090206300   16.8972982400   5.6194074900  0.00000000  0.00000000  0.00000000   0.5902550600
Na   5.7443906300   2.8085030100   8.4422410500  0.00000000  0.00000000  0.00000000   0.5962307900
Na   8.4541694900   0.0202631000   8.4356523300  0.00000000  0.00000000  0.00000000   0.5995458500
Na   8.5479225900   2.8456173800   5.6491790000  0.00000000  0.00000000  0.00000000   0.5979623800
Cl   9.0235702800   16.9151383900   5.6343030500  0.00000000  0.00000000  0.00000000  -0.5940389700
Cl   5.7462269100   2.8382077800   5.6404227700  0.00000000  0.00000000  0.00000000  -0.5979464000
Cl   6.1964234200   16.9160616100   8.4438147900  0.00000000  0.00000000  0.00000000  -0.6052372700
Cl   8.5374845500   2.8328954700   8.4596652900  0.00000000  0.00000000  0.00000000  -0.5971419200
Na   5.6266972500   0.0500760800   11.2699611800  0.00000000  0.00000000  0.00000000   0.5947855000
Na   5.7455364500   2.7737706100   14.0749905300  0.00000000  0.00000000  0.00000000   0.5970065600
Na   9.0095776600   16.8996809500   14.0979821200  0.00000000  0.00000000  0.00000000   0.6048829200
Na   8.5714175800   2.8320058900   11.3009917600  0.00000000  0.00000000  0.00000000   0.5974345800
Cl   8.4971297900   0.0160860300   11.2619097300  0.00000000  0.00000000  0.00000000  -0.5958033700
Cl   5.7422961300   2.7909019100   11.2734542400  0.00000000  0.00000000  0.00000000  -0.5986453300
Cl   6.2141509100   16.8963333900   14.0946323800  0.00000000  0.00000000  0.00000000  -0.5906272500
Cl   8.5720511400   2.8013564000   14.1087346200  0.00000000  0.00000000  0.00000000  -0.5960724400
Na   5.8482641100   5.6065594400   16.9026019600  0.00000000  0.00000000  0.00000000   0.5967407700
Na   5.9056075200   8.4249605700   2.8090907700  0.00000000  0.00000000  0.00000000   0.5967283300
Na   8.6378669100   5.6403016700   2.8167006200  0.00000000  0.00000000  0.00000000   0.5985879200
Na   8.7423719600   8.4618190000   0.0165247400  0.00000000  0.00000000  0.00000000   0.5979523100
Cl   8.6581059000   5.6347510500   0.0094026200  0.00000000  0.00000000  0.00000000  -0.5973602200
Cl   5.9207410000   8.4683742400   0.0351938200  0.00000000  0.00000000  0.00000000  -0.5977659900
Cl   5.8397067600   5.6271333600   2.8247990900  0.00000000  0.00000000  0.00000000  -0.5979947700
Cl   8.7654408300   8.4543656100   2.8063543400  0.00000000  0.00000000  0.00000000  -0.5976000700
Na   5.8201687100   5.6754362700   5.6360854100  0.00000000  0.00000000  0.00000000   0.5987634300
Na   5.9252566400   8.4662909700   8.5063196200  0.00000000  0.00000000  0.00000000   0.5974901700
Na   8.6317023500   5.6597309700   8.4526689600  0.00000000  0.00000000  0.00000000   0.5984305900
Na   8.7578809100   8.4425810100   5.6368367800  0.00000000  0.00000000  0.00000000   0.5970590600
Cl   8.6231747400   5.6376064400   5.6226078900  0.00000000  0.00000000  0.00000000  -0.5970976300
Cl   5.9329649000   8.4442445900   5.6752128800  0.00000000  0.00000000  0.00000000  -0.5976484800
Cl   5.8409500000   5.6128512400   8.4472106600  0.00000000  0.00000000  0.00000000  -0.5969935100
Cl   8.7121523300   8.4371250000   8.4575241800  0.00000000  0.00000000  0.00000000  -0.5986489200
Na   5.8050696800   5.6505853000   11.2715339700  0.00000000  0.00000000  0.00000000   0.5963134900
Na   5.9759709000   8.4641254800   14.0857371000  0.00000000  0.00000000  0.00000000   0.5966356200
Na   8.6667581600   5.6463385800   14.0930607100  0.00000000  0.00000000  0.00000000   0.5960410600
Na   8.7218526400   8.4924459800   11.2818456800  0.00000000  0.00000000  0.00000000   0.5967566200
Cl   8.6406915900   5.6393175400   11.2330692200  0.00000000  0.00000000  0.00000000  -0.5977859900
Cl   5.9256664100   8.4627289700   11.2953539800  0.00000000  0.00000000  0.00000000  -0.5993530100
Cl   5.8445081200   5.6238250400   14.0935734300  0.00000000  0.00000000  0.00000000  -0.5981687100
Cl   8.7516515200   8.4617892100   14.1213185900  0.00000000  0.00000000  0.00000000  -0.5981851400
Na   5.9748885600   11.2542430600   16.8984190800  0.00000000  0.00000000  0.00000000   0.5983681100
Na   6.1153481400   14.1386288800   2.8150382100  0.00000000  0.00000000  0.00000000   0.5973439900
Na   8.8527927100   11.2846606300   2.8305388300  0.00000000  0.00000000  0.00000000   0.5981498400
Na   8.9553524000   14.1064644100   16.9179228200  0.00000000  0.00000000  0.00000000   0.5990052800
Cl   8.8089724000   11.2661799700   16.8828892300  0.00000000  0.00000000  0.00000000  -0.5967638500
Cl   6.1236205200   14.1027280200   0.0042400200  0.00000000  0.00000000  0.00000000  -0.5950305400
Cl   6.0202043800   11.2983661200   2.8350521200  0.00000000  0.00000000  0.00000000  -0.5960467900
Cl   8.9339879600   14.1092274800   2.8348613700  0.00000000  0.00000000  0.00000000  -0.5948647900
Na   6.0248424500   11.2835464100   5.6554146500  0.00000000  0.00000000  0.00000000   0.5978983300
Na   6.1460622800   14.0994785000   8.4610923500  0.00000000  0.00000000  0.00000000   0.5957703500
Na   8.8395647100   11.2411426100   8.4619624900  0.00000000  0.00000000  0.00000000   0.5956940000
Na   8.9609451400   14.0775202900   5.6416075100  0.00000000  0.00000000  0.00000000   0.5985313800
Cl   8.8488775300   11.2766002500   5.5987075900  0.00000000  0.00000000  0.00000000  -0.5984253100
Cl   6.1067270900   14.1183060400   5.6194662600  0.00000000  0.00000000  0.00000000  -0.5989442400
Cl   6.0071231200   11.2699338700   8.4775755600  0.00000000  0.00000000  0.00000000  -0.5980521000
Cl   8.9233992500   14.0931540000   8.4421256900  0.00000000  0.00000000  0.00000000  -0.5972304500
Na   6.0564907300   11.2944760900   11.2924587600  0.00000000  0.00000000  0.00000000   0.5960765900
Na   6.1053902200   14.0836016200   14.1068917500  0.00000000  0.00000000  0.00000000   0.5981528500
Na   8.8344274700   11.2893990800   14.1051912300  0.00000000  0.00000000  0.00000000   0.5973099000
Na   8.9162450100   14.1226131400   11.2811157500  0.00000000  0.00000000  0.00000000   0.5960677400
Cl   8.8929869900   11.2340462600   11.3053270700  0.00000000  0.00000000  0.00000000  -0.5987543500
Cl   6.1121716300   14.0906179600   11.2498563800  0.00000000  0.00000000  0.00000000  -0.5982113100
Cl   6.0200395700   11.2629184800   14.1107247200  0.00000000  0.00000000  0.00000000  -0.5987116600
Cl   8.9606270100   14.1469029300   14.1110194200  0.00000000  0.00000000  0.00000000  -0.5966577500
Na   11.8214100800   16.9047346200   0.0195409900  0.00000000  0.00000000  0.00000000   0.6001681100
Na   11.3570315600   2.8111525300   2.8012622200  0.00000000  0.00000000  0.00000000   0.5998939900
Na   14.6906764700   16.9074877700   2.8187324600  0.00000000  0.00000000  0.00000000   0.5893146600
Na   14.2216456300   2.8278139000   16.8948250700  0.00000000  0.00000000  0.00000000   0.5960435600
Cl   14.0861509800   0.0006938000   0.0036971000  0.00000000  0.00000000  0.00000000  -0.6027163800
Cl   11.3555453000   2.8121403500   16.9191788000  0.00000000  0.00000000  0.00000000  -0.5961884900
Cl   11.3225187500   0.0101056000   2.8157164100  0.00000000  0.00000000  0.00000000  -0.5908015700
Cl   14.2115154100   2.8511426400   2.8009574500  0.00000000  0.00000000  0.00000000  -0.5985186700
Na   11.8833097100   16.9010845600   5.6386517400  0.00000000  0.00000000  0.00000000   0.5994997000
Na   11.3697159900   2.8181357700   8.4702485100  0.00000000  0.00000000  0.00000000   0.5981949200
Na   14.6313115500   16.9091707500   8.4286105600  0.00000000  0.00000000  0.00000000   0.5989198400
Na   14.1979644200   2.7901227300   5.6091442100  0.00000000  0.00000000  0.00000000   0.5955725200
Cl   14.6437257600   16.8787661800   5.6270424100  0.00000000  0.00000000  0.00000000  -0.5996408100
Cl   11.3706381100   2.8185337700   5.6335469500  0.00000000  0.00000000  0.00000000  -0.5951885900
Cl   11.8480292100   16.9164361200   8.4215927400  0.00000000  0.00000000  0.00000000  -0.5934849400
Cl   14.1910574000   2.7994038100   8.4540608200  0.00000000  0.00000000  0.00000000  -0.5952056700
Na   11.2624015800   0.0099574700   11.2964144800  0.00000000  0.00000000  0.00000000   0.5914600800
Na   11.3461454000   2.8107827400   14.1245988800  0.00000000  0.00000000  0.00000000   0.5958203100
Na   14.1012533300   0.0000037300   14.1179010500  0.00000000  0.00000000  0.00000000   0.5930679900
Na   14.1863423100   2.7980947100   11.2796265600  0.00000000  0.00000000  0.00000000   0.5983096500
Cl   14.6779359700   16.8846129300   11.2971345100  0.00000000  0.00000000  0.00000000  -0.5920486500
Cl   11.3967149100   2.8096837500   11.2788029300  0.00000000  0.00000000  0.00000000  -0.5995470300
Cl   11.2972274500   0.0087854400   14.1207417000  0.00000000  0.00000000  0.00000000  -0.6045756300
Cl   14.1933340800   2.7903571200   14.1130229400  0.00000000  0.00000000  0.00000000  -0.5997865900
Na   11.5118913000   5.6543171200   16.8949878700  0.00000000  0.00000000  0.00000000   0.5977943100
Na   11.5539949900   8.4724972500   2.7995679300  0.00000000  0.00000000  0.00000000   0.5973225600
Na   14.2785120700   5.6643531300   2.8094127300  0.00000000  0.00000000  0.00000000   0.5980560900
Na   14.3971503200   8.4277031800   16.9121821100  0.00000000  0.00000000  0.00000000   0.5983219500
Cl   14.2782502400   5.6222834100   16.8928989300  0.00000000  0.00000000  0.00000000  -0.5956784300
Cl   11.5609553900   8.4627143800   16.9021864400  0.00000000  0.00000000  0.00000000  -0.5974212300
Cl   11.4598363700   5.6282371000   2.8501920300  0.00000000  0.00000000  0.00000000  -0.5967631000
Cl   14.3631935700   8.4442358000   2.8000134800  0.00000000  0.00000000  0.00000000  -0.5964208500
Na   11.4901730200   5.6538761400   5.6370079100  0.00000000  0.00000000  0.00000000   0.5977270700
Na   11.5507834100   8.4769678600   8.4758940500  0.00000000  0.00000000  0.00000000   0.5966213500
Na   14.3039575700   5.6576436200   8.4835257600  0.00000000  0.00000000  0.00000000   0.5961634000
Na   14.3986375200   8.4272139900   5.6346481200  0.00000000  0.00000000  0.00000000   0.5987295500
Cl   14.3021156400   5.6252834200   5.6289068900  0.00000000  0.00000000  0.00000000  -0.5964931700
Cl   11.5795499600   8.4616442300   5.6350186700  0.00000000  0.00000000  0.00000000  -0.5976200700
Cl   11.4809049800   5.6475765800   8.4790155400  0.00000000  0.00000000  0.00000000  -0.5970433100
Cl   14.4063682700   8.4644722900   8.4842786700  0.00000000  0.00000000  0.00000000  -0.5986091400
Na   11.4602419600   5.6182422200   11.2818193500  0.00000000  0.00000000  0.00000000   0.5972777900
Na   11.5539654800   8.4165868600   14.1121981300  0.00000000  0.00000000  0.00000000   0.5986634000
Na   14.3113928000   5.6215618900   14.0543781000  0.00000000  0.00000000  0.00000000   0.5978163700
Na   14.4311413800   8.4414203000   11.2654219100  0.00000000  0.00000000  0.00000000   0.5956737300
Cl   14.2867394600   5.6665824100   11.2477375000  0.00000000  0.00000000  0.00000000  -0.5990307400
Cl   11.5779590700   8.4329962100   11.2661525900  0.00000000  0.00000000  0.00000000  -0.5966156000
Cl   11.5000165300   5.6598186000   14.1241697300  0.00000000  0.00000000  0.00000000  -0.5983618400
Cl   14.3832137700   8.4668672700   14.1008781400  0.00000000  0.00000000  0.00000000  -0.5953631000
Na   11.6773534900   11.2984336600   16.9181030000  0.00000000  0.00000000  0.00000000   0.5974803400
Na   11.7745095400   14.0916888100   2.7983484600  0.00000000  0.00000000  0.00000000   0.5990336300
Na   14.4940764200   11.2688219000   2.7991963700  0.00000000  0.00000000  0.00000000   0.5995486700
Na   14.5792150300   14.1196290700   16.8653033800  0.00000000  0.00000000  0.00000000   0.5970739200
Cl   14.4939725600   11.2919302100   16.9168104400  0.00000000  0.00000000  0.00000000  -0.5957615900
Cl   11.7878407900   14.1127224300   0.0036561700  0.00000000  0.00000000  0.00000000  -0.5977949600
Cl   11.6283506200   11.3098391600   2.8159804600  0.00000000  0.00000000  0.00000000  -0.5975908000
Cl   14.5925346700   14.0915381300   2.8021452500  0.00000000  0.00000000  0.00000000  -0.5974732200
Na   11.6032827100   11.3064923400   5.6306948500  0.00000000  0.00000000  0.00000000   0.5976494200
Na   11.7912926000   14.1063923500   8.4620184500  0.00000000  0.00000000  0.00000000   0.5986375400
Na   14.4674375800   11.2771247800   8.4536555500  0.00000000  0.00000000  0.00000000   0.5993090900
Na   14.5676759400   14.1119468800   5.6762182400  0.00000000  0.00000000  0.00000000   0.5981414000
Cl   14.4842882100   11.2890807700   5.6374546000  0.00000000  0.00000000  0.00000000  -0.5947382700
Cl   11.7601379900   14.1019621400   5.6231105000  0.00000000  0.00000000  0.00000000  -0.5967148200
Cl   11.6641337000   11.3204106200   8.4543039400  0.00000000  0.00000000  0.00000000  -0.5979804100
Cl   14.5501529200   14.0887795000   8.4313120400  0.00000000  0.00000000  0.00000000  -0.5972755100
Na   11.6744720800   11.2936863000   11.2747039600  0.00000000  0.00000000  0.00000000   0.5977152700
Na   11.7744915400   14.1098969000   14.0972040300  0.00000000  0.00000000  0.00000000   0.5952836000
Na   14.5165366600   11.2727598800   14.0593532700  0.00000000  0.00000000  0.00000000   0.5967655000
Na   14.5752712800   14.1310876800   11.2625485200  0.00000000  0.00000000  0.00000000   0.5972167000
Cl   14.5001660800   11.2740136200   11.2684833400  0.00000000  0.00000000  0.00000000  -0.5974108300
Cl   11.7495994000   14.0932147000   11.2756749600  0.00000000  0.00000000  0.00000000  -0.5986721900
Cl   11.6743829200   11.2580282300   14.0974169900  0.00000000  0.00000000  0.00000000  -0.5965077600
Cl   14.5722549400   14.1400539700   14.1252744900  0.00000000  0.00000000  0.00000000  -0.5987433300
# nacl216_train_like_00004 source=scripted_perturbation label=Ewald-QEq_teacher material=NaCl atoms=216
216
  17.2039267700  0.0000000000  0.0000000000  0.0000000000  17.0954767600  0.0000000000  0.0000000000  0.0000000000  16.7325609700
Na   17.1873174900   17.0600743700   0.0107603200  0.00000000  0.00000000  0.00000000   0.5972133000
Na   0.0318917600   2.8362082900   2.7899851700  0.00000000  0.00000000  0.00000000   0.5975189700
Na   2.8346110500   0.0475473900   2.7368475300  0.00000000  0.00000000  0.00000000   0.5962261100
Na   2.8192587300   2.8396251400   0.0059798200  0.00000000  0.00000000  0.00000000   0.5953923500
Cl   2.9058647700   17.0810950500   16.7038601600  0.00000000  0.00000000  0.00000000  -0.5979879200
Cl   17.1981259300   2.8399717300   16.7304850500  0.00000000  0.00000000  0.00000000  -0.5972921000
Cl   0.0020101800   0.0418905200   2.7541615700  0.00000000  0.00000000  0.00000000  -0.5978798600
Cl   2.8237678800   2.8688626100   2.8180557600  0.00000000  0.00000000  0.00000000  -0.5996225700
Na   0.0224186400   17.0587570100   5.6079005400  0.00000000  0.00000000  0.00000000   0.5959474300
Na   0.0216802400   2.8372715100   8.3610615500  0.00000000  0.00000000  0.00000000   0.5969509100
Na   2.8941297700   17.0505754500   8.3886506400  0.00000000  0.00000000  0.00000000   0.5964745400
Na   2.8813257200   2.8523969100   5.5527035400  0.00000000  0.00000000  0.00000000   0.5971606200
Cl   2.8321539700   17.0793293200   5.5599252600  0.00000000  0.00000000  0.00000000  -0.5981886800
Cl   17.1628240800   2.8278622700   5.5679744500  0.00000000  0.00000000  0.00000000  -0.5974309100
Cl   0.0034505700   17.0858131200   8.4266901000  0.00000000  0.00000000  0.00000000  -0.5985871600
Cl   2.8576429100   2.8364835700   8.3595485100  0.00000000  0.00000000  0.00000000  -0.5965113000
Na   0.0043560500   17.0673074500   11.1393268500  0.00000000  0.00000000  0.00000000   0.5985966200
Na   0.0247947500   2.8740962600   13.9287002800  0.00000000  0.00000000  0.00000000   0.5974404500
Na   2.8508282600   0.0011973100   13.9474768900  0.00000000  0.00000000  0.00000000   0.5985427100
Na   2.8905767800   2.8784513200   11.1781701100  0.00000000  0.00000000  0.00000000   0.5973685900
Cl   2.8466100700   17.0494466000   11.1727808100  0.00000000  0.00000000  0.00000000  -0.5970417200
Cl   0.0367415500   2.8775343500   11.1653094000  0.00000000  0.00000000  0.00000000  -0.5972706800
Cl   0.0101883600   17.0611488200   13.9073665000  0.00000000  0.00000000  0.00000000  -0.5962263300
Cl   2.8662918300   2.8363152100   13.9245177100  0.00000000  0.00000000  0.00000000  -0.5981238400
Na   0.0066758300   5.6725658200   16.7307635700  0.00000000  0.00000000  0.00000000   0.5979727100
Na   17.1892702900   8.5495950200   2.7756484200  0.00000000  0.00000000  0.00000000   0.5974268300
Na   2.8650156300   5.6602276600   2.7345348300  0.00000000  0.00000000  0.00000000   0.5955231400
Na   2.8639382200   8.5738598400   0.0387819000  0.00000000  0.00000000  0.00000000   0.5973143000
Cl   2.8492971100   5.6823661500   0.0022942300  0.00000000  0.00000000  0.00000000  -0.5987775100
Cl   0.0025316100   8.5429315600   16.7305697100  0.00000000  0.00000000  0.00000000  -0.5971051500
Cl   17.1488536500   5.7231472400   2.7114018900  0.00000000  0.00000000  0.00000000  -0.5970073300
Cl   2.8656206700   8.6049135400   2.7602974700  0.00000000  0.00000000  0.00000000  -0.5970761300
Na   0.0057868300   5.7069992700   5.5871241100  0.00000000  0.00000000  0.00000000   0.5983408500
Na   0.0874870300   8.5412840100   8.4724843600  0.00000000  0.00000000  0.00000000   0.5981449500
Na   2.8546121400   5.6755983100   8.3409136600  0.00000000  0.00000000  0.00000000   0.5985334900
Na   2.8876080400   8.5749717600   5.5985475500  0.00000000  0.00000000  0.00000000   0.5988232000
Cl   2.8576571600   5.6882240800   5.6005442300  0.00000000  0.00000000  0.00000000  -0.5968406200
Cl   0.0145932100   8.5251561600   5.6190422300  0.00000000  0.00000000  0.00000000  -0.5943336900
Cl   0.0169815800   5.7211577300   8.3517958800  0.00000000  0.00000000  0.00000000  -0.5967538700
Cl   2.9291969100   8.5472470700   8.3275455100  0.00000000  0.00000000  0.00000000  -0.5966611700
Na   17.1791575600   5.6964045200   11.1768755200  0.00000000  0.00000000  0.00000000   0.5958258900
Na   0.0065255800   8.5663542700   13.9020678400  0.00000000  0.00000000  0.00000000   0.5955501100
Na   2.9003521200   5.7118731900   13.9855697400  0.00000000  0.00000000  0.00000000   0.5959789700
Na   2.8563850000   8.5218827900   11.1438574700  0.00000000  0.00000000  0.00000000   0.5985017500
Cl   2.8900520000   5.7266702200   11.1351002100  0.00000000  0.00000000  0.00000000  -0.5968722500
Cl   0.0179329300   8.6310134300   11.1566539600  0.00000000  0.00000000  0.00000000  -0.5996879200
Cl   17.1488731800   5.6547919700   13.9275848100  0.00000000  0.00000000  0.00000000  -0.5980537900
Cl   2.9017635400   8.5396074900   13.8836172700  0.00000000  0.00000000  0.00000000  -0.5963046100
Na   17.1872321800   11.3940765000   0.0249102700  0.00000000  0.00000000  0.00000000   0.5977965000
Na   0.0091448100   14.2450786300   2.7562250600  0.00000000  0.00000000  0.00000000   0.5970196800
Na   2.8246843700   11.3650792800   2.7565196000  0.00000000  0.00000000  0.00000000   0.5985915300
Na   2.8822831300   14.2709729400   16.7062064700  0.00000000  0.00000000  0.00000000   0.5980793500
Cl   2.8615898100   11.3877405300   0.0095489500  0.00000000  0.00000000  0.00000000  -0.5963103600
Cl   0.0219310300   14.2664610700   0.0185213700  0.00000000  0.00000000  0.00000000  -0.5972840800
Cl   17.1860604200   11.4313305800   2.7619417700  0.00000000  0.00000000  0.00000000  -0.5977294300
Cl   2.9056323500   14.2313666400   2.7875245900  0.00000000  0.00000000  0.00000000  -0.5962312700
Na   0.0160571700   11.4066852000   5.5429649100  0.00000000  0.00000000  0.00000000   0.5977023100
Na   17.1906162200   14.2467465600   8.3153469200  0.00000000  0.00000000  0.00000000   0.5966487800
Na   2.8776159200   11.4270012900   8.3978434500  0.00000000  0.00000000  0.00000000   0.5972796200
Na   2.8244117200   14.3270370600   5.6145417100  0.00000000  0.00000000  0.00000000   0.5966313800
Cl   2.8374276300   11.3721577500   5.5841572500  0.00000000  0.00000000  0.00000000  -0.5966014700
Cl   0.0100045700   14.2675478200   5.5568821300  0.00000000  0.00000000  0.00000000  -0.5987439900
Cl   17.1930396800   11.4046704200   8.3560320700  0.00000000  0.00000000  0.00000000  -0.5966032400
Cl   2.8828739000   14.2190497400   8.3856916100  0.00000000  0.00000000  0.00000000  -0.5985428000
Na   0.0028020100   11.4024275100   11.1791847000  0.00000000  0.00000000  0.00000000   0.5965590100
Na   17.1802173100   14.2313631100   13.9157070500  0.00000000  0.00000000  0.00000000   0.5975593600
Na   2.8304091200   11.4305849300   13.8856354600  0.00000000  0.00000000  0.00000000   0.5981091700
Na   2.8604628500   14.2600452500   11.1494449300  0.00000000  0.00000000  0.00000000   0.5973590800
Cl   2.8686496900   11.3861222700   11.1933584500  0.00000000  0.00000000  0.00000000  -0.5975127400
Cl   17.2000032700   14.2541640600   11.1401396800  0.00000000  0.00000000  0.00000000  -0.5969549200
Cl   0.0303021000   11.4245043700   13.9534708900  0.00000000  0.00000000  0.00000000  -0.5984525600
Cl   2.8491771400   14.2552520400   13.9420911300  0.00000000  0.00000000  0.00000000  -0.5971123900
Na   5.7577490700   0.0596482000   16.7040169400  0.00000000  0.00000000  0.00000000   0.5971266200
Na   5.7072451700   2.8539811900   2.7785891700  0.00000000  0.00000000  0.00000000   0.5975426200
Na   8.5999565200   17.0834600600   2.8239064000  0.00000000  0.00000000  0.00000000   0.5970619100
Na   8.5686349200   2.8878278300   0.0325889200  0.00000000  0.00000000  0.00000000   0.5976143900
Cl   8.5892408700   17.0732006900   0.0259757400  0.00000000  0.00000000  0.00000000  -0.5970002800
Cl   5.7192400500   2.8790597800   0.0196078600  0.00000000  0.00000000  0.00000000  -0.5994355800
Cl   5.7439921600   0.0213157500   2.8092705200  0.00000000  0.00000000  0.00000000  -0.5968996900
Cl   8.5801010200   2.8708643800   2.7751442600  0.00000000  0.00000000  0.00000000  -0.5961189000
Na   5.7303717500   17.0450650500   5.5578513500  0.00000000  0.00000000  0.00000000   0.5973979400
Na   5.7653975600   2.8632197300   8.3533224400  0.00000000  0.00000000  0.00000000   0.5985296100
Na   8.5845035900   17.0596448100   8.3621684000  0.00000000  0.00000000  0.00000000   0.5987950600
Na   8.5782489300   2.8434592800   5.5811938400  0.00000000  0.00000000  0.00000000   0.5991902500
Cl   8.6006325200   0.0564106800   5.6101061900  0.00000000  0.00000000  0.00000000  -0.5971327100
Cl   5.7265663900   2.8560315200   5.5708186300  0.00000000  0.00000000  0.00000000  -0.5967008100
Cl   5.7475414100   0.0065067300   8.3355932400  0.00000000  0.00000000  0.00000000  -0.5963684500
Cl   8.5454588500   2.8427613900   8.3483618800  0.00000000  0.00000000  0.00000000  -0.5966959900
Na   5.7324163300   17.0909876500   11.1547161800  0.00000000  0.00000000  0.00000000   0.5967662500
Na   5.7301478400   2.8180277700   13.9765735400  0.00000000  0.00000000  0.00000000   0.5954572100
Na   8.5546343900   17.0952787700   13.9361934300  0.00000000  0.00000000  0.00000000   0.5957109800
Na   8.6165139900   2.8279804800   11.1619586900  0.00000000  0.00000000  0.00000000   0.5974569200
Cl   8.5593380600   0.0067539600   11.1305148100  0.00000000  0.00000000  0.00000000  -0.5979178100
Cl   5.7470331000   2.8483193200   11.1583444700  0.00000000  0.00000000  0.00000000  -0.5969500600
Cl   5.6750940000   17.0834764800   13.9740404100  0.00000000  0.00000000  0.00000000  -0.5988271300
Cl   8.6570550000   2.8760309600   13.9548764400  0.00000000  0.00000000  0.00000000  -0.5972385000
Na   5.7691694700   5.6535168900   16.6966441500  0.00000000  0.00000000  0.00000000   0.5961229100
Na   5.7482955800   8.5160090400   2.7742635000  0.00000000  0.00000000  0.00000000   0.5986700400
Na   8.5994110200   5.7100457000   2.8165631900  0.00000000  0.00000000  0.00000000   0.5980081700
Na   8.5958599700   8.5302267600   16.7149135400  0.00000000  0.00000000  0.00000000   0.5975434000
Cl   8.6121761000   5.6905898800   16.7140694200  0.00000000  0.00000000  0.00000000  -0.5975971900
Cl   5.7599990700   8.5463230500   16.7293203700  0.00000000  0.00000000  0.00000000  -0.5958220700
Cl   5.7813100200   5.6474143900   2.8048336300  0.00000000  0.00000000  0.00000000  -0.5976190900
Cl   8.5547614100   8.6092599100   2.7425324200  0.00000000  0.00000000  0.00000000  -0.5958507300
Na   5.7303787000   5.6741929600   5.5750911700  0.00000000  0.00000000  0.00000000   0.5972387500
Na   5.7506818500   8.5220141500   8.3541345800  0.00000000  0.00000000  0.00000000   0.5987422800
Na   8.6353547500   5.6780762700   8.4017179600  0.00000000  0.00000000  0.00000000   0.5967549800
Na   8.5666845800   8.5727048200   5.6169656000  0.00000000  0.00000000  0.00000000   0.5969633500
Cl   8.6534895100   5.6345960300   5.5666412700  0.00000000  0.00000000  0.00000000  -0.5970290000
Cl   5.7217265300   8.5571279400   5.5742800600  0.00000000  0.00000000  0.00000000  -0.5967020600
Cl   5.7035558700   5.6972728100   8.3625369100  0.00000000  0.00000000  0.00000000  -0.5964123400
Cl   8.5954644000   8.5216476800   8.3345296500  0.00000000  0.00000000  0.00000000  -0.5979621200
Na   5.7440692400   5.7098328400   11.1745573100  0.00000000  0.00000000  0.00000000   0.5979555500
Na   5.7842644100   8.5298237000   13.9197389200  0.00000000  0.00000000  0.00000000   0.5977160600
Na   8.5903128900   5.7211545100   13.9791549400  0.00000000  0.00000000  0.00000000   0.5976190700
Na   8.6422895400   8.5575353200   11.1576840200  0.00000000  0.00000000  0.00000000   0.5970278600
Cl   8.6082286600   5.7024477600   11.1425963200  0.00000000  0.00000000  0.00000000  -0.5972018000
Cl   5.6968051600   8.5678322400   11.1421446100  0.00000000  0.00000000  0.00000000  -0.5955858200
Cl   5.7519197200   5.6936525800   13.9262191500  0.00000000  0.00000000  0.00000000  -0.5984224100
Cl   8.5762353200   8.5186715000   13.8776133600  0.00000000  0.00000000  0.00000000  -0.5990192500
Na   5.7225192900   11.4862111500   16.7025331200  0.00000000  0.00000000  0.00000000   0.5985417600
Na   5.7246396300   14.2057399700   2.8139504700  0.00000000  0.00000000  0.00000000   0.5969836100
Na   8.5935071700   11.3954273000   2.7976361600  0.00000000  0.00000000  0.00000000   0.5984787300
Na   8.6175562900   14.2611558700   16.7101583500  0.00000000  0.00000000  0.00000000   0.5976504200
Cl   8.5841844400   11.3819938500   0.0377030600  0.00000000  0.00000000  0.00000000  -0.5972990800
Cl   5.7262738000   14.2436618400   16.6819241300  0.00000000  0.00000000  0.00000000  -0.5968942300
Cl   5.7150570800   11.3517627300   2.7425506100  0.00000000  0.00000000  0.00000000  -0.5956145300
Cl   8.6317844700   14.2896832800   2.7615075100  0.00000000  0.00000000  0.00000000  -0.5983813300
Na   5.6480222200   11.4274311000   5.5747068500  0.00000000  0.00000000  0.00000000   0.5983400700
Na   5.7472469600   14.1729290800   8.4095652400  0.00000000  0.00000000  0.00000000   0.5979715600
Na   8.6641804800   11.3760319500   8.3411140900  0.00000000  0.00000000  0.00000000   0.5970938600
Na   8.5903264200   14.2479453700   5.5159046400  0.00000000  0.00000000  0.00000000   0.5973951900
Cl   8.5991448400   11.4105489500   5.5623619200  0.00000000  0.00000000  0.00000000  -0.5961331200
Cl   5.7336351400   14.2071259500   5.5489607400  0.00000000  0.00000000  0.00000000  -0.5975467900
Cl   5.7479637000   11.4354079200   8.3299141000  0.00000000  0.00000000  0.00000000  -0.5963267900
Cl   8.5863134800   14.2649552700   8.3292012100  0.00000000  0.00000000  0.00000000  -0.5966829000
Na   5.7533932100   11.4672320800   11.2061220200  0.00000000  0.00000000  0.00000000   0.5970534100
Na   5.7205831900   14.2681070800   13.9311972400  0.00000000  0.00000000  0.00000000   0.5967318600
Na   8.5738555000   11.3886138700   13.9660694500  0.00000000  0.00000000  0.00000000   0.5947161700
Na   8.5839737000   14.2302900600   11.1913987200  0.00000000  0.00000000  0.00000000   0.5949522100
Cl   8.5829117600   11.3417066100   11.1294743400  0.00000000  0.00000000  0.00000000  -0.5988987900
Cl   5.7197585800   14.2761970900   11.1070538700  0.00000000  0.00000000  0.00000000  -0.5992050200
Cl   5.7331654400   11.4292623000   13.9237561700  0.00000000  0.00000000  0.00000000  -0.5978413500
Cl   8.5777436500   14.2699782000   13.9690154800  0.00000000  0.00000000  0.00000000  -0.5989142700
Na   11.4955748700   0.0209223700   16.7187639900  0.00000000  0.00000000  0.00000000   0.5957794300
Na   11.5189683000   2.8289233100   2.8089413100  0.00000000  0.00000000  0.00000000   0.5974011100
Na   14.3363755800   17.0904200200   2.7645390300  0.00000000  0.00000000  0.00000000   0.5970203500
Na   14.3111729800   2.8562503600   16.7220011900  0.00000000  0.00000000  0.00000000   0.5976226800
Cl   14.3699011400   0.0219809800   16.7230055800  0.00000000  0.00000000  0.00000000  -0.5984951100
Cl   11.4184093800   2.8571990100   16.7006649700  0.00000000  0.00000000  0.00000000  -0.5972140300
Cl   11.5091463400   0.0190589000   2.8336972700  0.00000000  0.00000000  0.00000000  -0.5983609300
Cl   14.3176466500   2.8031134900   2.7477037800  0.00000000  0.00000000  0.00000000  -0.5966326400
Na   11.4675520700   0.0180779400   5.5572534300  0.00000000  0.00000000  0.00000000   0.5979543200
Na   11.4866763400   2.8166959800   8.3882319500  0.00000000  0.00000000  0.00000000   0.5962871900
Na   14.4009835600   0.0170048900   8.3440268500  0.00000000  0.00000000  0.00000000   0.5971655000
Na   14.3534595300   2.8152476000   5.6218629300  0.00000000  0.00000000  0.00000000   0.5964199700
Cl   14.3066196800   0.0143069200   5.6037562700  0.00000000  0.00000000  0.00000000  -0.5973945100
Cl   11.4616788200   2.8802091800   5.5585535500  0.00000000  0.00000000  0.00000000  -0.5970134300
Cl   11.4872113200   17.0420769400   8.3539481700  0.00000000  0.00000000  0.00000000  -0.5961057800
Cl   14.3723696600   2.8359399500   8.4168287600  0.00000000  0.00000000  0.00000000  -0.5986347300
Na   11.4518564400   0.0113357800   11.1527456800  0.00000000  0.00000000  0.00000000   0.5974313500
Na   11.4738551400   2.8646622400   13.9496106600  0.00000000  0.00000000  0.00000000   0.5972722500
Na   14.3091258200   17.0891626000   13.9123536200  0.00000000  0.00000000  0.00000000   0.5975911200
Na   14.3676697200   2.8275760300   11.1604581100  0.00000000  0.00000000  0.00000000   0.5962655800
Cl   14.3330508800   17.0826668200   11.1807471600  0.00000000  0.00000000  0.00000000  -0.5969083200
Cl   11.4218178300   2.8251787900   11.1319057300  0.00000000  0.00000000  0.00000000  -0.5982015900
Cl   11.4581111000   17.0588566200   13.9435846100  0.00000000  0.00000000  0.00000000  -0.5968381700
Cl   14.3443234500   2.8462821300   13.9247231200  0.00000000  0.00000000  0.00000000  -0.5980331200
Na   11.4815695100   5.6829349500   0.0036074900  0.00000000  0.00000000  0.00000000   0.5990650400
Na   11.5092870000   8.6258379100   2.7942925500  0.00000000  0.00000000  0.00000000   0.5985106900
Na   14.3439068700   5.7179928200   2.8040665800  0.00000000  0.00000000  0.00000000   0.5983808800
Na   14.3617886800   8.5484163100   0.0023995900  0.00000000  0.00000000  0.00000000   0.5982476400
Cl   14.3403440800   5.6776883100   16.7130807600  0.00000000  0.00000000  0.00000000  -0.5960711600
Cl   11.4796729700   8.5131319200   0.0352855500  0.00000000  0.00000000  0.00000000  -0.5963482000
Cl   11.4858048900   5.7453755000   2.7820150200  0.00000000  0.00000000  0.00000000  -0.5955092900
Cl   14.3259889500   8.5327492500   2.7937179600  0.00000000  0.00000000  0.00000000  -0.5959724700
Na   11.4443912100   5.6957236100   5.6040831300  0.00000000  0.00000000  0.00000000   0.5975209400
Na   11.4906397700   8.5722588600   8.3240778300  0.00000000  0.00000000  0.00000000   0.5964565100
Na   14.3352854700   5.6502057100   8.4274977500  0.00000000  0.00000000  0.00000000   0.5986329000
Na   14.2747895200   8.5080461500   5.6557025800  0.00000000  0.00000000  0.00000000   0.5994714500
Cl   14.3832152800   5.7578822200   5.6080610800  0.00000000  0.00000000  0.00000000  -0.5960187600
Cl   11.4665412300   8.6051722400   5.5923984800  0.00000000  0.00000000  0.00000000  -0.5973529100
Cl   11.5296831000   5.6652874800   8.3795153400  0.00000000  0.00000000  0.00000000  -0.5973926500
Cl   14.3486116400   8.5246598100   8.3363453800  0.00000000  0.00000000  0.00000000  -0.5960680400
Na   11.4764579800   5.6740458100   11.1795833800  0.00000000  0.00000000  0.00000000   0.5968396000
Na   11.4499522500   8.5956209600   13.9436652500  0.00000000  0.00000000  0.00000000   0.5967465000
Na   14.3438508200   5.6387029300   13.9399841400  0.00000000  0.00000000  0.00000000   0.5978943000
Na   14.3393844400   8.5486658000   11.1735020900  0.00000000  0.00000000  0.00000000   0.5965513600
Cl   14.3320303000   5.7180473900   11.1211300500  0.00000000  0.00000000  0.00000000  -0.5983450500
Cl   11.5107326200   8.5668011400   11.1864981200  0.00000000  0.00000000  0.00000000  -0.5977930300
Cl   11.4768389600   5.6982274100   13.9633256600  0.00000000  0.00000000  0.00000000  -0.5966260600
Cl   14.2839847000   8.5174847500   13.9993946700  0.00000000  0.00000000  0.00000000  -0.5968152100
Na   11.4393379700   11.4087761800   16.7054929300  0.00000000  0.00000000  0.00000000   0.5966190100
Na   11.4269825300   14.2707948900   2.8086867900  0.00000000  0.00000000  0.00000000   0.5962326600
Na   14.3347977100   11.4340325100   2.7987810500  0.00000000  0.00000000  0.00000000   0.5983150400
Na   14.3179716200   14.3143119600   0.0146003400  0.00000000  0.00000000  0.00000000   0.5966844900
Cl   14.3637668200   11.4318331900   0.0289549600  0.00000000  0.00000000  0.00000000  -0.5967621400
Cl   11.4568993500   14.1970254900   16.7182589300  0.00000000  0.00000000  0.00000000  -0.5977394100
Cl   11.4756477000   11.4198949900   2.7984665500  0.00000000  0.00000000  0.00000000  -0.5975908400
Cl   14.3405856800   14.2224970600   2.7763245200  0.00000000  0.00000000  0.00000000  -0.5979461800
Na   11.5276962700   11.4344870100   5.5291476600  0.00000000  0.00000000  0.00000000   0.5978835300
Na   11.4175277100   14.2193203100   8.3951068100  0.00000000  0.00000000  0.00000000   0.5984519900
Na   14.3420568000   11.4142472600   8.3682650500  0.00000000  0.00000000  0.00000000   0.5971841200
Na   14.2997826000   14.1878162700   5.5680655800  0.00000000  0.00000000  0.00000000   0.5960231000
Cl   14.3329053100   11.3981357600   5.5383349100  0.00000000  0.00000000  0.00000000  -0.5976668900
Cl   11.4219250800   14.2483305100   5.6218504800  0.00000000  0.00000000  0.00000000  -0.5974240700
Cl   11.4770344300   11.3919229300   8.3192492400  0.00000000  0.00000000  0.00000000  -0.5980631200
Cl   14.3501378100   14.2153643600   8.3844122200  0.00000000  0.00000000  0.00000000  -0.5968983700
Na   11.4330682200   11.3734631200   11.1570089700  0.00000000  0.00000000  0.00000000   0.5959104800
Na   11.4437382800   14.1740242600   13.9496564000  0.00000000  0.00000000  0.00000000   0.5974814900
Na   14.3519947700   11.4309747700   13.9569716600  0.00000000  0.00000000  0.00000000   0.5958582900
Na   14.3107637100   14.2281374100   11.1501586400  0.00000000  0.00000000  0.00000000   0.5980322800
Cl   14.2897839900   11.4052188800   11.1769032200  0.00000000  0.00000000  0.00000000  -0.5976420400
Cl   11.4551513700   14.2673209800   11.1437858500  0.00000000  0.00000000  0.00000000  -0.5975075300
Cl   11.4419047600   11.4487681400   13.9383074200  0.00000000  0.00000000  0.00000000  -0.5993891000
Cl   14.3174259800   14.2510091600   13.9288626000  0.00000000  0.00000000  0.00000000  -0.5974914900
# nacl216_train_like_00005 source=scripted_perturbation label=Ewald-QEq_teacher material=NaCl atoms=216
216
  16.9200000000  0.0000000000  0.0000000000  0.0000000000  16.9200000000  0.0000000000  0.0000000000  0.0000000000  16.9200000000
Na   16.8900716900   0.0412907000   16.8953469000  0.00000000  0.00000000  0.00000000   0.5954493200
Na   0.0431503900   2.7726975300   2.7795851900  0.00000000  0.00000000  0.00000000   0.6014120400
Na   2.8974744600   0.0746029800   2.8192348800  0.00000000  0.00000000  0.00000000   0.5989874200
Na   2.9174643700   2.8779349300   16.8927295100  0.00000000  0.00000000  0.00000000   0.6001815500
Cl   2.8596120300   0.0269385000   0.0864281900  0.00000000  0.00000000  0.00000000  -0.5987772400
Cl   0.0454645000   2.8599373800   0.0503863200  0.00000000  0.00000000  0.00000000  -0.5956019700
Cl   0.0701911600   0.0414548100   2.8978677000  0.00000000  0.00000000  0.00000000  -0.5960538400
Cl   2.7355434900   2.7762814800   2.8306929000  0.00000000  0.00000000  0.00000000  -0.5988769100
Na   16.9015001900   16.8412457400   5.6103962700  0.00000000  0.00000000  0.00000000   0.6001638200
Na   16.8750309900   2.8943293600   8.5003278500  0.00000000  0.00000000  0.00000000   0.6028750400
Na   2.8544064700   0.0485936800   8.4091735600  0.00000000  0.00000000  0.00000000   0.5981927500
Na   2.8996058500   2.8060991700   5.5833193300  0.00000000  0.00000000  0.00000000   0.5998191900
Cl   2.8035150900   0.1131383800   5.6829839900  0.00000000  0.00000000  0.00000000  -0.5966279700
Cl   0.0247252600   2.8035835300   5.6630071600  0.00000000  0.00000000  0.00000000  -0.5912942800
Cl   0.0246730600   0.0203663200   8.4796957300  0.00000000  0.00000000  0.00000000  -0.5943095000
Cl   2.8123025400   2.8170599400   8.4532577600  0.00000000  0.00000000  0.00000000  -0.5948811300
Na   16.8326740900   16.8595676000   11.2763897000  0.00000000  0.00000000  0.00000000   0.5999273400
Na   16.8423528100   2.6701408800   14.0769804800  0.00000000  0.00000000  0.00000000   0.6005506200
Na   2.7840513900   16.9160622700   14.2249192800  0.00000000  0.00000000  0.00000000   0.5970907000
Na   2.8743814400   2.7992995700   11.3231904100  0.00000000  0.00000000  0.00000000   0.5966787700
Cl   2.7942046700   0.0015861300   11.3018735400  0.00000000  0.00000000  0.00000000  -0.5965517900
Cl   0.0953924400   2.8429122000   11.2923622700  0.00000000  0.00000000  0.00000000  -0.5952395100
Cl   16.8753058700   0.0700725600   14.0702257600  0.00000000  0.00000000  0.00000000  -0.5998125800
Cl   2.7059400800   2.7484988500   14.2640936100  0.00000000  0.00000000  0.00000000  -0.5973232100
Na   0.0468437100   5.7267042300   16.9113318500  0.00000000  0.00000000  0.00000000   0.5977403100
Na   16.9073478400   8.3022313500   2.8151940100  0.00000000  0.00000000  0.00000000   0.5989772900
Na   2.8681648000   5.5592619400   2.8324192400  0.00000000  0.00000000  0.00000000   0.5961472700
Na   2.8358863100   8.3574511900   16.9106384300  0.00000000  0.00000000  0.00000000   0.5978587800
Cl   2.8248978200   5.5996310600   0.0475275900  0.00000000  0.00000000  0.00000000  -0.5979536100
Cl   0.0874377500   8.5411680900   0.0248405700  0.00000000  0.00000000  0.00000000  -0.5959584000
Cl   16.8992561900   5.6514728200   2.8729479700  0.00000000  0.00000000  0.00000000  -0.5990749200
Cl   2.7623003100   8.5018723300   2.8729673100  0.00000000  0.00000000  0.00000000  -0.5954894900
Na   0.0259035600   5.7593753100   5.5932120500  0.00000000  0.00000000  0.00000000   0.6004058000
Na   0.0492313600   8.5343462400   8.5073700000  0.00000000  0.00000000  0.00000000   0.5956689300
Na   2.9160691100   5.6365778100   8.4156299600  0.00000000  0.00000000  0.00000000   0.5968667700
Na   2.7816947300   8.4045869300   5.5482368700  0.00000000  0.00000000  0.00000000   0.6004790300
Cl   2.7517368500   5.6433850700   5.5469425200  0.00000000  0.00000000  0.00000000  -0.5989389700
Cl   0.0251136000   8.4259487500   5.6944659700  0.00000000  0.00000000  0.00000000  -0.5963261100
Cl   0.0392196200   5.5103488900   8.4677388900  0.00000000  0.00000000  0.00000000  -0.5955715200
Cl   2.8142047100   8.4611736100   8.4273791600  0.00000000  0.00000000  0.00000000  -0.6001240800
Na   0.0351544700   5.6471550300   11.2452719500  0.00000000  0.00000000  0.00000000   0.5993341400
Na   0.0596936700   8.5588662600   14.1776064000  0.00000000  0.00000000  0.00000000   0.5976828000
Na   2.7382831100   5.6997160900   13.9471692100  0.00000000  0.00000000  0.00000000   0.5944690400
Na   2.7922169100   8.4529534100   11.1778736100  0.00000000  0.00000000  0.00000000   0.5939209600
Cl   2.7376275000   5.6051893000   11.2556494700  0.00000000  0.00000000  0.00000000  -0.6009488200
Cl   16.9087690300   8.5022353800   11.3657107500  0.00000000  0.00000000  0.00000000  -0.5991061800
Cl   16.9057877300   5.5468740400   14.0783079200  0.00000000  0.00000000  0.00000000  -0.5955023700
Cl   2.8654626200   8.5047978000   14.1034701500  0.00000000  0.00000000  0.00000000  -0.6000816300
Na   16.8483138000   11.3943821800   0.0065357700  0.00000000  0.00000000  0.00000000   0.5993027400
Na   16.8936482700   14.0933792900   2.8170581100  0.00000000  0.00000000  0.00000000   0.5958919900
Na   2.8728508100   11.3453988900   2.7336938300  0.00000000  0.00000000  0.00000000   0.5997727700
Na   2.8028890900   14.1477011500   16.8807876400  0.00000000  0.00000000  0.00000000   0.5960760100
Cl   2.8515019000   11.2283005400   0.0026637200  0.00000000  0.00000000  0.00000000  -0.5958710200
Cl   16.8505924100   14.1578237700   0.0467559400  0.00000000  0.00000000  0.00000000  -0.5999470800
Cl   0.0989606700   11.2468689800   2.6787932900  0.00000000  0.00000000  0.00000000  -0.5945858700
Cl   2.7456403000   14.1177205200   2.7326644400  0.00000000  0.00000000  0.00000000  -0.5978667200
Na   0.0284634500   11.3717422100   5.6292367000  0.00000000  0.00000000  0.00000000   0.5965317500
Na   0.0164750400   14.0994914400   8.4213845600  0.00000000  0.00000000  0.00000000   0.5986346500
Na   2.8040592100   11.2893818200   8.4711821800  0.00000000  0.00000000  0.00000000   0.5948092500
Na   2.7374761600   13.9982418500   5.6495292800  0.00000000  0.00000000  0.00000000   0.5944464400
Cl   2.7861438600   11.1065491100   5.6414657800  0.00000000  0.00000000  0.00000000  -0.5973062900
Cl   0.0471567000   14.0933392600   5.7140747900  0.00000000  0.00000000  0.00000000  -0.6015194400
Cl   0.0319031700   11.3330479800   8.5255524700  0.00000000  0.00000000  0.00000000  -0.5996496400
Cl   2.7929449700   14.0760353400   8.3947381800  0.00000000  0.00000000  0.00000000  -0.5993218100
Na   0.0299351500   11.2294619200   11.3007739800  0.00000000  0.00000000  0.00000000   0.5930308200
Na   16.9158415600   13.9880554000   14.0466699600  0.00000000  0.00000000  0.00000000   0.5903057500
Na   2.8444381100   11.2980769400   14.0974623700  0.00000000  0.00000000  0.00000000   0.5939078900
Na   2.7910587600   14.0723677000   11.2949556200  0.00000000  0.00000000  0.00000000   0.5926090500
Cl   2.8368441900   11.2189516700   11.3107962600  0.00000000  0.00000000  0.00000000  -0.6019797200
Cl   16.8867154800   14.1676576300   11.1555263100  0.00000000  0.00000000  0.00000000  -0.6010427000
Cl   16.8398750900   11.2125288200   14.1534278100  0.00000000  0.00000000  0.00000000  -0.6018534400
Cl   2.8165895700   14.2080415100   14.1569554100  0.00000000  0.00000000  0.00000000  -0.6015459000
Na   5.6161089900   16.8940841000   0.0086609200  0.00000000  0.00000000  0.00000000   0.5943681700
Na   5.5618422100   2.7449001900   2.8721472500  0.00000000  0.00000000  0.00000000   0.5964503600
Na   8.4802297000   0.0558850200   2.8059286000  0.00000000  0.00000000  0.00000000   0.5951451300
Na   8.4161618700   2.8733758300   16.8903610300  0.00000000  0.00000000  0.00000000   0.5985700300
Cl   8.4916371600   16.9041257900   16.7828238800  0.00000000  0.00000000  0.00000000  -0.5968930600
Cl   5.6313261500   2.9004726600   16.9167992900  0.00000000  0.00000000  0.00000000  -0.5990507300
Cl   5.6385331900   16.8505485200   2.8989897600  0.00000000  0.00000000  0.00000000  -0.5997208400
Cl   8.4062875500   2.8281251300   2.8810801800  0.00000000  0.00000000  0.00000000  -0.5980687400
Na   5.5696100100   0.0141080200   5.7074826500  0.00000000  0.00000000  0.00000000   0.5980098900
Na   5.6759581600   2.7752119900   8.4684854200  0.00000000  0.00000000  0.00000000   0.5966155600
Na   8.3087891200   16.9177217100   8.4936950500  0.00000000  0.00000000  0.00000000   0.5969049500
Na   8.4067269500   2.8515421500   5.6884521800  0.00000000  0.00000000  0.00000000   0.5973545100
Cl   8.4646182100   16.8684412700   5.7146470000  0.00000000  0.00000000  0.00000000  -0.5957711300
Cl   5.6296339000   2.7781114900   5.5645818200  0.00000000  0.00000000  0.00000000  -0.5991088400
Cl   5.6712744000   0.0930476300   8.4062234100  0.00000000  0.00000000  0.00000000  -0.6019231000
Cl   8.4328107000   2.8543847400   8.4662248400  0.00000000  0.00000000  0.00000000  -0.5970495400
Na   5.5929963700   16.9036700700   11.2682604900  0.00000000  0.00000000  0.00000000   0.5957293700
Na   5.6158843300   2.8389927000   13.9950221800  0.00000000  0.00000000  0.00000000   0.5924585100
Na   8.4802779800   16.9007025500   14.0763475100  0.00000000  0.00000000  0.00000000   0.5998078600
Na   8.4388309100   2.8829884200   11.3240902300  0.00000000  0.00000000  0.00000000   0.5980065200
Cl   8.3858334200   0.0362107000   11.3599680500  0.00000000  0.00000000  0.00000000  -0.5973518700
Cl   5.6886644600   2.8765117500   11.2399607200  0.00000000  0.00000000  0.00000000  -0.6003407400
Cl   5.6217513700   16.8438377400   14.0397989400  0.00000000  0.00000000  0.00000000  -0.5976924300
Cl   8.5041805900   2.8386935200   14.1563077500  0.00000000  0.00000000  0.00000000  -0.5976807900
Na   5.7210946500   5.6126196200   16.9192381000  0.00000000  0.00000000  0.00000000   0.5965149000
Na   5.6247404700   8.4586657600   2.8587709000  0.00000000  0.00000000  0.00000000   0.5980977900
Na   8.4767307300   5.5116363700   2.8209561800  0.00000000  0.00000000  0.00000000   0.6009001500
Na   8.5133226800   8.4392668600   16.8814357700  0.00000000  0.00000000  0.00000000   0.5968574600
Cl   8.5010963400   5.5390073200   0.0180782000  0.00000000  0.00000000  0.00000000  -0.5988616000
Cl   5.6547321900   8.4111139000   0.0722286900  0.00000000  0.00000000  0.00000000  -0.5983747900
Cl   5.7359210100   5.5406141100   2.7942642600  0.00000000  0.00000000  0.00000000  -0.5972962000
Cl   8.4974224100   8.3539271900   2.8457087700  0.00000000  0.00000000  0.00000000  -0.5928943300
Na   5.5637164800   5.7234144300   5.5999886400  0.00000000  0.00000000  0.00000000   0.5971420100
Na   5.4825157100   8.5327010400   8.4749598600  0.00000000  0.00000000  0.00000000   0.6017571600
Na   8.4238413900   5.6557641000   8.4784482900  0.00000000  0.00000000  0.00000000   0.6043587000
Na   8.4623707900   8.4436272100   5.7253011800  0.00000000  0.00000000  0.00000000   0.6046505900
Cl   8.4349849900   5.8555562700   5.7527601600  0.00000000  0.00000000  0.00000000  -0.5934582600
Cl   5.6519346200   8.5087300200   5.6163151400  0.00000000  0.00000000  0.00000000  -0.5954083200
Cl   5.6630429000   5.7498493600   8.3717019900  0.00000000  0.00000000  0.00000000  -0.5957665900
Cl   8.4086312700   8.4517994000   8.5059053600  0.00000000  0.00000000  0.00000000  -0.5890124700
Na   5.5348840900   5.6812705200   11.3211888200  0.00000000  0.00000000  0.00000000   0.5964531100
Na   5.5589859300   8.4425112400   14.1594892900  0.00000000  0.00000000  0.00000000   0.5961737000
Na   8.3781837500   5.6542479300   14.1889117700  0.00000000  0.00000000  0.00000000   0.5951661900
Na   8.3855045200   8.4346520700   11.4182854900  0.00000000  0.00000000  0.00000000   0.6044720400
Cl   8.4025395800   5.6233545600   11.1931744600  0.00000000  0.00000000  0.00000000  -0.5950839400
Cl   5.6555871400   8.4985227500   11.1932387400  0.00000000  0.00000000  0.00000000  -0.5967904200
Cl   5.6292425400   5.7277266500   13.9937970800  0.00000000  0.00000000  0.00000000  -0.6009302800
Cl   8.4108898600   8.4409286900   14.0391767600  0.00000000  0.00000000  0.00000000  -0.5977574400
Na   5.7027390500   11.2314848100   0.0461745600  0.00000000  0.00000000  0.00000000   0.5957534000
Na   5.6313070300   14.1044104800   2.7343326200  0.00000000  0.00000000  0.00000000   0.5936557100
Na   8.5221113800   11.2976149000   2.8911809800  0.00000000  0.00000000  0.00000000   0.5965943600
Na   8.3835496400   14.0120198100   16.9154964600  0.00000000  0.00000000  0.00000000   0.5951163600
Cl   8.4132129800   11.2167537700   0.0319988600  0.00000000  0.00000000  0.00000000  -0.5985038700
Cl   5.6161432900   14.1355480900   16.8700616500  0.00000000  0.00000000  0.00000000  -0.6006447200
Cl   5.6014345500   11.2547541200   2.8597734500  0.00000000  0.00000000  0.00000000  -0.5993122000
Cl   8.6459310300   14.0570907700   2.8126486400  0.00000000  0.00000000  0.00000000  -0.5982529700
Na   5.6329072900   11.3120888700   5.5826496700  0.00000000  0.00000000  0.00000000   0.5969895500
Na   5.6479274100   14.1296054800   8.4064795300  0.00000000  0.00000000  0.00000000   0.5946412200
Na   8.4019510900   11.2715631300   8.5407720500  0.00000000  0.00000000  0.00000000   0.6043114000
Na   8.4797825500   14.0168094600   5.5959381000  0.00000000  0.00000000  0.00000000   0.5970407200
Cl   8.4775011300   11.2560787000   5.6586012400  0.00000000  0.00000000  0.00000000  -0.5960315400
Cl   5.5899795800   14.1346407700   5.6189873500  0.00000000  0.00000000  0.00000000  -0.5986825500
Cl   5.7163404300   11.2265117300   8.5447462200  0.00000000  0.00000000  0.00000000  -0.5966708500
Cl   8.4775178100   14.0350433500   8.5616169100  0.00000000  0.00000000  0.00000000  -0.5956629100
Na   5.5327376600   11.2210268200   11.2474095200  0.00000000  0.00000000  0.00000000   0.6009454000
Na   5.5882153000   14.1373721700   14.1087606100  0.00000000  0.00000000  0.00000000   0.5989950300
Na   8.4527440100   11.3381204300   14.1862200800  0.00000000  0.00000000  0.00000000   0.5979599900
Na   8.5100565300   14.0568003700   11.3161442400  0.00000000  0.00000000  0.00000000   0.6023414200
Cl   8.4555851100   11.2744754700   11.2508969400  0.00000000  0.00000000  0.00000000  -0.5909709400
Cl   5.7606084200   14.0160550800   11.3032861300  0.00000000  0.00000000  0.00000000  -0.5954112500
Cl   5.6833648600   11.3374371500   14.0775782900  0.00000000  0.00000000  0.00000000  -0.5967001200
Cl   8.4805054700   14.1164577100   14.0447271100  0.00000000  0.00000000  0.00000000  -0.5972417600
Na   11.2760795600   16.9136191900   16.8530635900  0.00000000  0.00000000  0.00000000   0.5987757100
Na   11.3186851600   2.8177710400   2.8214452600  0.00000000  0.00000000  0.00000000   0.5946218900
Na   14.0544863500   0.0152738200   2.6950185500  0.00000000  0.00000000  0.00000000   0.5959175200
Na   14.1685071200   2.8801290100   16.9146572100  0.00000000  0.00000000  0.00000000   0.5965650100
Cl   14.0713855200   0.1114045300   16.8205386700  0.00000000  0.00000000  0.00000000  -0.5989505400
Cl   11.2442764000   2.7569815000   16.8581321300  0.00000000  0.00000000  0.00000000  -0.5960050800
Cl   11.3215063800   0.0596778600   2.7892651800  0.00000000  0.00000000  0.00000000  -0.5979560700
Cl   14.1839669300   2.8045291600   2.8678329600  0.00000000  0.00000000  0.00000000  -0.5978389000
Na   11.2906762400   16.8759575900   5.6800166300  0.00000000  0.00000000  0.00000000   0.5966322900
Na   11.2232463400   2.8431314700   8.5520753300  0.00000000  0.00000000  0.00000000   0.5995547300
Na   14.1557904200   16.8378437800   8.4281177400  0.00000000  0.00000000  0.00000000   0.5997855100
Na   14.1299927900   2.8143658900   5.7073905100  0.00000000  0.00000000  0.00000000   0.5983948800
Cl   14.1268298800   16.9069648600   5.6533078900  0.00000000  0.00000000  0.00000000  -0.5975935000
Cl   11.2001660400   2.7498665900   5.7619909400  0.00000000  0.00000000  0.00000000  -0.5963565400
Cl   11.2994933200   16.8809435200   8.5590715400  0.00000000  0.00000000  0.00000000  -0.5959539800
Cl   14.1144531300   2.8245752100   8.4830426500  0.00000000  0.00000000  0.00000000  -0.5955482400
Na   11.2010373800   0.0073455900   11.2585669400  0.00000000  0.00000000  0.00000000   0.5958407900
Na   11.3035917600   2.8166226300   14.0461008300  0.00000000  0.00000000  0.00000000   0.5976836600
Na   14.1334163100   16.8342399400   14.0995061200  0.00000000  0.00000000  0.00000000   0.5958737100
Na   14.1707246500   2.8515842200   11.3043715600  0.00000000  0.00000000  0.00000000   0.5964033100
Cl   14.2299305600   0.0883819300   11.2493131200  0.00000000  0.00000000  0.00000000  -0.5986434600
Cl   11.2523966500   2.8892300500   11.2751417200  0.00000000  0.00000000  0.00000000  -0.5985217900
Cl   11.2771518800   0.0015935700   14.0564828100  0.00000000  0.00000000  0.00000000  -0.5984045900
Cl   14.1218926000   2.7559639100   14.1400702600  0.00000000  0.00000000  0.00000000  -0.5993687800
Na   11.3374405400   5.6315707600   16.8594255800  0.00000000  0.00000000  0.00000000   0.5970220000
Na   11.2780326300   8.5024247600   2.8834945600  0.00000000  0.00000000  0.00000000   0.6003110600
Na   14.2604663300   5.5966377600   2.8719147000  0.00000000  0.00000000  0.00000000   0.5973968000
Na   14.0240492900   8.4471778000   16.9125103800  0.00000000  0.00000000  0.00000000   0.5987550800
Cl   14.1972155900   5.7219696800   0.0006077900  0.00000000  0.00000000  0.00000000  -0.5976820300
Cl   11.3155564900   8.5218104500   0.0488883400  0.00000000  0.00000000  0.00000000  -0.5970564400
Cl   11.2255826200   5.6875994500   2.7707527800  0.00000000  0.00000000  0.00000000  -0.5959620900
Cl   14.0445599400   8.4412780600   2.8678866100  0.00000000  0.00000000  0.00000000  -0.5969121900
Na   11.3318944500   5.5817521700   5.5614220200  0.00000000  0.00000000  0.00000000   0.5980652700
Na   11.3465131800   8.5123884700   8.4104967600  0.00000000  0.00000000  0.00000000   0.5994845500
Na   14.1574707600   5.6519922300   8.4873668300  0.00000000  0.00000000  0.00000000   0.5990269000
Na   14.0710410500   8.4735552900   5.6504527800  0.00000000  0.00000000  0.00000000   0.5975139900
Cl   14.1350281900   5.6616803100   5.6213603700  0.00000000  0.00000000  0.00000000  -0.5971247800
Cl   11.2258112500   8.4805550400   5.6150825500  0.00000000  0.00000000  0.00000000  -0.5967095500
Cl   11.2480293900   5.6627626100   8.3842192400  0.00000000  0.00000000  0.00000000  -0.5941471000
Cl   14.1565001600   8.3916891700   8.4075110700  0.00000000  0.00000000  0.00000000  -0.5987843600
Na   11.2883391000   5.6903692700   11.2641516700  0.00000000  0.00000000  0.00000000   0.5948474200
Na   11.3642278200   8.4368897500   14.0582929600  0.00000000  0.00000000  0.00000000   0.5951272400
Na   14.0754066100   5.4996463900   14.0221050000  0.00000000  0.00000000  0.00000000   0.5955530100
Na   14.0244793700   8.5419595400   11.2982337900  0.00000000  0.00000000  0.00000000   0.5933269800
Cl   14.1936339200   5.6841854400   11.1902154600  0.00000000  0.00000000  0.00000000  -0.5990611000
Cl   11.0802129000   8.5170198700   11.2312780900  0.00000000  0.00000000  0.00000000  -0.5972662700
Cl   11.3292274700   5.6642239200   14.1520051100  0.00000000  0.00000000  0.00000000  -0.5999014600
Cl   14.1313998100   8.4640544900   14.0969571800  0.00000000  0.00000000  0.00000000  -0.5974538100
Na   11.4426176000   11.2838186400   16.8625144800  0.00000000  0.00000000  0.00000000   0.5999117900
Na   11.3122525300   14.1021348900   2.8875286800  0.00000000  0.00000000  0.00000000   0.6000409900
Na   14.0091457300   11.2721412400   2.7863413600  0.00000000  0.00000000  0.00000000   0.5962997800
Na   14.1340738100   14.1053456700   16.8770421800  0.00000000  0.00000000  0.00000000   0.5973228400
Cl   14.0627818800   11.2422257400   16.9086018200  0.00000000  0.00000000  0.00000000  -0.5974850700
Cl   11.3428802100   14.0672772200   0.0302969000  0.00000000  0.00000000  0.00000000  -0.5960226300
Cl   11.3413043300   11.3482690600   2.7702307100  0.00000000  0.00000000  0.00000000  -0.5979673400
Cl   14.0803350600   14.1085615100   2.7891713700  0.00000000  0.00000000  0.00000000  -0.5996736400
Na   11.3551672000   11.2306805600   5.6081860600  0.00000000  0.00000000  0.00000000   0.5973806800
Na   11.2588636300   14.0964383900   8.4603730100  0.00000000  0.00000000  0.00000000   0.5985658500
Na   14.0954729200   11.3086298800   8.6162288900  0.00000000  0.00000000  0.00000000   0.5933449600
Na   14.1097011900   14.1301945100   5.5519276100  0.00000000  0.00000000  0.00000000   0.5945998900
Cl   14.1822790900   11.3259627500   5.6794064800  0.00000000  0.00000000  0.00000000  -0.5980883000
Cl   11.2362601700   13.9999990700   5.5961786100  0.00000000  0.00000000  0.00000000  -0.5985381500
Cl   11.2109234200   11.1977296800   8.4493835800  0.00000000  0.00000000  0.00000000  -0.5965711900
Cl   14.0902719900   14.1998462000   8.5458780500  0.00000000  0.00000000  0.00000000  -0.5976984500
Na   11.3490160300   11.2674361800   11.2041442800  0.00000000  0.00000000  0.00000000   0.6002199400
Na   11.2465908600   14.1479448400   14.1591414800  0.00000000  0.00000000  0.00000000   0.5973175900
Na   14.1676911000   11.2588194800   13.9880484000  0.00000000  0.00000000  0.00000000   0.5994437200
Na   14.1716665900   14.2169893200   11.3393117500  0.00000000  0.00000000  0.00000000   0.5947426500
Cl   14.0772029200   11.2911556400   11.3500300700  0.00000000  0.00000000  0.00000000  -0.6019887300
Cl   11.2601147300   13.9790264700   11.2158870700  0.00000000  0.00000000  0.00000000  -0.5960287600
Cl   11.3632375300   11.3106576400   14.0935243500  0.00000000  0.00000000  0.00000000  -0.5953432800
Cl   14.0711230000   13.9897835600   14.1979775200  0.00000000  0.00000000  0.00000000  -0.6002820500
# nacl216_train_like_00006 source=scripted_perturbation label=Ewald-QEq_teacher material=NaCl atoms=216
216
  17.2202949300  0.0000000000  0.0000000000  0.0000000000  17.2202949300  0.0000000000  0.0000000000  0.0000000000  17.2202949300
Na   17.2084245700   17.2082547100   0.0032383700  0.00000000  0.00000000  0.00000000   0.5960666300
Na   0.0026402000   2.8849342400   2.8905906600  0.00000000  0.00000000  0.00000000   0.5971445700
Na   2.8969910400   0.0056876400   2.8859509600  0.00000000  0.00000000  0.00000000   0.5962756500
Na   2.8780725200   2.8462186100   0.0471296100  0.00000000  0.00000000  0.00000000   0.5966302600
Cl   2.8631549300   17.1732068200   0.0043423500  0.00000000  0.00000000  0.00000000  -0.5969641600
Cl   0.0167504000   2.8898968600   0.0031820800  0.00000000  0.00000000  0.00000000  -0.5964004000
Cl   17.2141149600   17.2106735800   2.8817714300  0.00000000  0.00000000  0.00000000  -0.5959307400
Cl   2.8421269000   2.8476623900   2.8658765300  0.00000000  0.00000000  0.00000000  -0.5975534800
Na   0.0113768800   17.2151276900   5.7576936900  0.00000000  0.00000000  0.00000000   0.5968341800
Na   0.0141652500   2.8566058200   8.6131258000  0.00000000  0.00000000  0.00000000   0.5970164700
Na   2.8733441600   0.0143340100   8.5987313200  0.00000000  0.00000000  0.00000000   0.5961114200
Na   2.8606626400   2.8691746700   5.7198236900  0.00000000  0.00000000  0.00000000   0.5964213000
Cl   2.8289094400   0.0085793000   5.7130640000  0.00000000  0.00000000  0.00000000  -0.5972767200
Cl   0.0398059400   2.8594466300   5.7201858000  0.00000000  0.00000000  0.00000000  -0.5965250700
Cl   17.1826475800   0.0035474500   8.6428021700  0.00000000  0.00000000  0.00000000  -0.5962209900
Cl   2.9061537000   2.8595701000   8.6428684000  0.00000000  0.00000000  0.00000000  -0.5977341100
Na   17.2133002400   0.0347620100   11.5163007100  0.00000000  0.00000000  0.00000000   0.5972726000
Na   0.0182368100   2.8374367400   14.3595898800  0.00000000  0.00000000  0.00000000   0.5974606100
Na   2.8695646700   17.1875945700   14.3460181100  0.00000000  0.00000000  0.00000000   0.5967784200
Na   2.8819570400   2.8141850700   11.4649771900  0.00000000  0.00000000  0.00000000   0.5971563700
Cl   2.8513666200   17.2190488500   11.4754542800  0.00000000  0.00000000  0.00000000  -0.5967138900
Cl   17.2188828000   2.8680437100   11.4653663800  0.00000000  0.00000000  0.00000000  -0.5955323900
Cl   0.0447975100   0.0060886900   14.3738343100  0.00000000  0.00000000  0.00000000  -0.5969499100
Cl   2.8816484200   2.8583225600   14.3309135600  0.00000000  0.00000000  0.00000000  -0.5955142300
Na   17.2198748300   5.7371056200   0.0159758600  0.00000000  0.00000000  0.00000000   0.5976496200
Na   17.2076082700   8.5942894800   2.9216120200  0.00000000  0.00000000  0.00000000   0.5959340000
Na   2.8747185800   5.7298640100   2.8542867900  0.00000000  0.00000000  0.00000000   0.5961714600
Na   2.8794673800   8.6070662300   17.2169639300  0.00000000  0.00000000  0.00000000   0.5981947700
Cl   2.8519698500   5.7556979200   17.1982963100  0.00000000  0.00000000  0.00000000  -0.5957615700
Cl   17.1989894900   8.6398214100   17.2048050100  0.00000000  0.00000000  0.00000000  -0.5954580400
Cl   0.0066885900   5.7338435200   2.8388011500  0.00000000  0.00000000  0.00000000  -0.5971099000
Cl   2.8627079100   8.6084567500   2.8689898600  0.00000000  0.00000000  0.00000000  -0.5958444500
Na   17.2127513600   5.7914315600   5.7275446200  0.00000000  0.00000000  0.00000000   0.5961874700
Na   0.0069002400   8.6025130800   8.6550158300  0.00000000  0.00000000  0.00000000   0.5968955600
Na   2.8679961400   5.7024084700   8.6343791500  0.00000000  0.00000000  0.00000000   0.5965334100
Na   2.8762297300   8.6157076600   5.7559940000  0.00000000  0.00000000  0.00000000   0.5968461300
Cl   2.8313054800   5.7055769500   5.7208957700  0.00000000  0.00000000  0.00000000  -0.5964671100
Cl   0.0215293200   8.6193105600   5.7594709600  0.00000000  0.00000000  0.00000000  -0.5978328400
Cl   17.2135939400   5.7277911600   8.6312556900  0.00000000  0.00000000  0.00000000  -0.5960527300
Cl   2.8657943100   8.5981375800   8.6210473100  0.00000000  0.00000000  0.00000000  -0.5959692600
Na   0.0077889300   5.7564892000   11.4831723400  0.00000000  0.00000000  0.00000000   0.5970133200
Na   17.2061733100   8.6172915000   14.3487679300  0.00000000  0.00000000  0.00000000   0.5965256800
Na   2.8912474500   5.7265229700   14.3621476600  0.00000000  0.00000000  0.00000000   0.5977109500
Na   2.8983718500   8.6482766800   11.4936726400  0.00000000  0.00000000  0.00000000   0.5971119300
Cl   2.8624529600   5.7337658200   11.4822932300  0.00000000  0.00000000  0.00000000  -0.5960825900
Cl   0.0267090800   8.6259002000   11.4800615200  0.00000000  0.00000000  0.00000000  -0.5975039000
Cl   0.0102455200   5.7132746600   14.3703935900  0.00000000  0.00000000  0.00000000  -0.5957054600
Cl   2.8775943300   8.5998520100   14.3727397800  0.00000000  0.00000000  0.00000000  -0.5954444500
Na   17.2108819700   11.4757788700   17.2080561000  0.00000000  0.00000000  0.00000000   0.5983493100
Na   0.0323656800   14.3282116700   2.8577318400  0.00000000  0.00000000  0.00000000   0.5963235200
Na   2.8803850800   11.4955996300   2.8683499700  0.00000000  0.00000000  0.00000000   0.5960522300
Na   2.8695338600   14.3730127800   0.0016074000  0.00000000  0.00000000  0.00000000   0.5960014000
Cl   2.8531586300   11.4520109300   17.1973816600  0.00000000  0.00000000  0.00000000  -0.5966841100
Cl   17.1926712400   14.3397930200   0.0146796400  0.00000000  0.00000000  0.00000000  -0.5967242100
Cl   17.2098211100   11.5031532400   2.8325492200  0.00000000  0.00000000  0.00000000  -0.5967393800
Cl   2.8687654500   14.3555514700   2.8641955600  0.00000000  0.00000000  0.00000000  -0.5976428700
Na   0.0256735600   11.4541380800   5.7153849500  0.00000000  0.00000000  0.00000000   0.5954108700
Na   17.2171001500   14.3738424000   8.6158001400  0.00000000  0.00000000  0.00000000   0.5973159400
Na   2.8903815400   11.4772207000   8.5883652600  0.00000000  0.00000000  0.00000000   0.5964593700
Na   2.8260260400   14.3654973700   5.7113618100  0.00000000  0.00000000  0.00000000   0.5959078200
Cl   2.8873879600   11.4601968000   5.7490953900  0.00000000  0.00000000  0.00000000  -0.5970279200
Cl   0.0084204800   14.3631761800   5.7943560500  0.00000000  0.00000000  0.00000000  -0.5972330300
Cl   17.2153048400   11.4557052000   8.5991424800  0.00000000  0.00000000  0.00000000  -0.5963390000
Cl   2.8928503300   14.3903373500   8.6243867600  0.00000000  0.00000000  0.00000000  -0.5961610100
Na   0.0495536700   11.4683683200   11.4656214300  0.00000000  0.00000000  0.00000000   0.5970711800
Na   0.0167638600   14.3156725400   14.3826419600  0.00000000  0.00000000  0.00000000   0.5965388300
Na   2.8755872200   11.5033556500   14.3958101200  0.00000000  0.00000000  0.00000000   0.5967883200
Na   2.8804248900   14.3388186600   11.4968714000  0.00000000  0.00000000  0.00000000   0.5968935800
Cl   2.8549179500   11.4911275800   11.4575170200  0.00000000  0.00000000  0.00000000  -0.5967191700
Cl   0.0211119200   14.3395219900   11.4569997900  0.00000000  0.00000000  0.00000000  -0.5957480200
Cl   17.2171439400   11.4943912400   14.3607089500  0.00000000  0.00000000  0.00000000  -0.5964616500
Cl   2.8689096500   14.3571922800   14.3574633300  0.00000000  0.00000000  0.00000000  -0.5975522700
Na   5.7493214000   0.0032497300   0.0085143400  0.00000000  0.00000000  0.00000000   0.5956344300
Na   5.7393147000   2.8543484700   2.8798133500  0.00000000  0.00000000  0.00000000   0.5952493800
Na   8.6050923700   17.1757189700   2.8593531100  0.00000000  0.00000000  0.00000000   0.5957904300
Na   8.6233580200   2.8478804400   0.0232463200  0.00000000  0.00000000  0.00000000   0.5961723600
Cl   8.5957081000   17.1936266100   17.2019030900  0.00000000  0.00000000  0.00000000  -0.5972946800
Cl   5.7050681600   2.8662426800   0.0012315400  0.00000000  0.00000000  0.00000000  -0.5967132400
Cl   5.7546599000   17.2062376300   2.9094661600  0.00000000  0.00000000  0.00000000  -0.5981045300
Cl   8.6242473600   2.8565863500   2.8733610500  0.00000000  0.00000000  0.00000000  -0.5966042200
Na   5.7571306200   0.0115680000   5.7303892600  0.00000000  0.00000000  0.00000000   0.5965415100
Na   5.6987922900   2.8598147900   8.6508386400  0.00000000  0.00000000  0.00000000   0.5965093900
Na   8.5891981900   0.0240674400   8.6189249300  0.00000000  0.00000000  0.00000000   0.5986342500
Na   8.5856811200   2.8884857400   5.7373754200  0.00000000  0.00000000  0.00000000   0.5973987000
Cl   8.5748486700   0.0379765400   5.7637299600  0.00000000  0.00000000  0.00000000  -0.5960606200
Cl   5.7547726800   2.8716950500   5.7311706200  0.00000000  0.00000000  0.00000000  -0.5970743300
Cl   5.7642735800   0.0289444800   8.6173648100  0.00000000  0.00000000  0.00000000  -0.5966274100
Cl   8.5796060100   2.8210890000   8.5924567000  0.00000000  0.00000000  0.00000000  -0.5962312600
Na   5.7408648400   0.0065263600   11.4854242600  0.00000000  0.00000000  0.00000000   0.5958639600
Na   5.7507860600   2.8721632400   14.3470698900  0.00000000  0.00000000  0.00000000   0.5966147100
Na   8.6011561800   0.0077745100   14.3560996500  0.00000000  0.00000000  0.00000000   0.5964204600
Na   8.5857429900   2.8871409900   11.4963987500  0.00000000  0.00000000  0.00000000   0.5950331000
Cl   8.6355740700   17.1900299900   11.4964200900  0.00000000  0.00000000  0.00000000  -0.5963417300
Cl   5.7175428100   2.8677598300   11.4758480000  0.00000000  0.00000000  0.00000000  -0.5977015400
Cl   5.7489507500   0.0182692000   14.3494021000  0.00000000  0.00000000  0.00000000  -0.5972004600
Cl   8.6147918000   2.8960463100   14.3761314200  0.00000000  0.00000000  0.00000000  -0.5976357500
Na   5.7659784500   5.7639283700   17.2170258800  0.00000000  0.00000000  0.00000000   0.5970157000
Na   5.7874206400   8.6250977100   2.8691650700  0.00000000  0.00000000  0.00000000   0.5958024400
Na   8.5877113400   5.7524260700   2.8820920700  0.00000000  0.00000000  0.00000000   0.5959017000
Na   8.6017185000   8.6304793400   0.0220109500  0.00000000  0.00000000  0.00000000   0.5963738500
Cl   8.5981516400   5.7240500200   17.1991877700  0.00000000  0.00000000  0.00000000  -0.5963963400
Cl   5.7061291800   8.6211309900   17.1882415100  0.00000000  0.00000000  0.00000000  -0.5963917500
Cl   5.7635933100   5.7452955900   2.8537476700  0.00000000  0.00000000  0.00000000  -0.5974802100
Cl   8.6138786500   8.6031716400   2.8344483100  0.00000000  0.00000000  0.00000000  -0.5979879700
Na   5.7320917000   5.7089489300   5.7087013700  0.00000000  0.00000000  0.00000000   0.5963861800
Na   5.7349963500   8.5580634900   8.5992528000  0.00000000  0.00000000  0.00000000   0.5981836600
Na   8.6286980700   5.7414739400   8.6291438400  0.00000000  0.00000000  0.00000000   0.5955613100
Na   8.6267964900   8.5739450100   5.7507135100  0.00000000  0.00000000  0.00000000   0.5958908600
Cl   8.5886435700   5.7573706500   5.7411998600  0.00000000  0.00000000  0.00000000  -0.5972641100
Cl   5.7191329600   8.5985279600   5.7542691300  0.00000000  0.00000000  0.00000000  -0.5961558900
Cl   5.7365501000   5.8037680200   8.5842877100  0.00000000  0.00000000  0.00000000  -0.5966447900
Cl   8.5908684100   8.6020261500   8.6076635100  0.00000000  0.00000000  0.00000000  -0.5965129600
Na   5.7109635400   5.7598216800   11.4880077400  0.00000000  0.00000000  0.00000000   0.5952767700
Na   5.7579065300   8.6109050000   14.3176503900  0.00000000  0.00000000  0.00000000   0.5974518600
Na   8.6200893500   5.6934337700   14.3480835400  0.00000000  0.00000000  0.00000000   0.5970939200
Na   8.6520814500   8.6145639500   11.4827434100  0.00000000  0.00000000  0.00000000   0.5966310100
Cl   8.6303107900   5.7071915100   11.4930352000  0.00000000  0.00000000  0.00000000  -0.5975363000
Cl   5.7083087900   8.6440895700   11.4695728300  0.00000000  0.00000000  0.00000000  -0.5962919200
Cl   5.7597504300   5.7397181800   14.3746031600  0.00000000  0.00000000  0.00000000  -0.5965431400
Cl   8.6186558800   8.6071018500   14.3375132000  0.00000000  0.00000000  0.00000000  -0.5959638000
Na   5.7060589900   11.4804495700   17.1866154800  0.00000000  0.00000000  0.00000000   0.5963959400
Na   5.7511839500   14.3670783500   2.8751150100  0.00000000  0.00000000  0.00000000   0.5958416800
Na   8.5974062400   11.5123615000   2.8849894700  0.00000000  0.00000000  0.00000000   0.5955360900
Na   8.6393029100   14.3603856800   0.0363187700  0.00000000  0.00000000  0.00000000   0.5967075600
Cl   8.6363583000   11.4891470200   17.1994129100  0.00000000  0.00000000  0.00000000  -0.5965675500
Cl   5.7541315600   14.3472351000   0.0065893000  0.00000000  0.00000000  0.00000000  -0.5966851700
Cl   5.7421738200   11.4917517500   2.8993530100  0.00000000  0.00000000  0.00000000  -0.5967546500
Cl   8.6272342800   14.3391185000   2.8457212600  0.00000000  0.00000000  0.00000000  -0.5981926200
Na   5.7552194400   11.4764356500   5.7740457100  0.00000000  0.00000000  0.00000000   0.5972408900
Na   5.7272908000   14.3642046400   8.5807092100  0.00000000  0.00000000  0.00000000   0.5967031100
Na   8.6180637100   11.4901690700   8.5824049300  0.00000000  0.00000000  0.00000000   0.5966494200
Na   8.6431896000   14.3732564700   5.7459513600  0.00000000  0.00000000  0.00000000   0.5956699400
Cl   8.5986014000   11.4760894100   5.7845052000  0.00000000  0.00000000  0.00000000  -0.5969678400
Cl   5.7279765800   14.3465879800   5.7663342500  0.00000000  0.00000000  0.00000000  -0.5964439600
Cl   5.7672457800   11.4789595400   8.6000859600  0.00000000  0.00000000  0.00000000  -0.5958801500
Cl   8.6319511400   14.3995610200   8.5947132300  0.00000000  0.00000000  0.00000000  -0.5961392100
Na   5.7404970900   11.5127493100   11.4972716400  0.00000000  0.00000000  0.00000000   0.5969037400
Na   5.7462815900   14.3808305400   14.3429979900  0.00000000  0.00000000  0.00000000   0.5961371200
Na   8.6451178400   11.5078576800   14.3583071500  0.00000000  0.00000000  0.00000000   0.5966238200
Na   8.6107791900   14.3320754200   11.4900723100  0.00000000  0.00000000  0.00000000   0.5965625300
Cl   8.6060130500   11.4334790100   11.4867507700  0.00000000  0.00000000  0.00000000  -0.5967554000
Cl   5.7530660600   14.3456802700   11.4969641800  0.00000000  0.00000000  0.00000000  -0.5970247100
Cl   5.6986581100   11.4569094100   14.3725694300  0.00000000  0.00000000  0.00000000  -0.5963979700
Cl   8.5867037300   14.3484114900   14.3460214200  0.00000000  0.00000000  0.00000000  -0.5967019200
Na   11.5153184900   17.1982617000   0.0097303900  0.00000000  0.00000000  0.00000000   0.5962205100
Na   11.4871150800   2.8772573800   2.8912165700  0.00000000  0.00000000  0.00000000   0.5968568900
Na   14.3514171600   0.0105084000   2.8721810900  0.00000000  0.00000000  0.00000000   0.5965809500
Na   14.3802228600   2.8646542700   0.0043958100  0.00000000  0.00000000  0.00000000   0.5964922000
Cl   14.3254474200   17.1859764100   0.0009757000  0.00000000  0.00000000  0.00000000  -0.5976925000
Cl   11.4982069100   2.8795585300   0.0048020300  0.00000000  0.00000000  0.00000000  -0.5958589000
Cl   11.4614116600   0.0016906800   2.8510592900  0.00000000  0.00000000  0.00000000  -0.5971223200
Cl   14.3640847600   2.8911435200   2.8946542100  0.00000000  0.00000000  0.00000000  -0.5965677400
Na   11.5016300300   17.1887441500   5.7264964100  0.00000000  0.00000000  0.00000000   0.5964346500
Na   11.4748180600   2.8469609500   8.6610266600  0.00000000  0.00000000  0.00000000   0.5971028700
Na   14.3459742800   17.2094421400   8.6026392900  0.00000000  0.00000000  0.00000000   0.5975070300
Na   14.3784627800   2.8764612100   5.7503244300  0.00000000  0.00000000  0.00000000   0.5965261500
Cl   14.3383281300   17.2053804700   5.7193983100  0.00000000  0.00000000  0.00000000  -0.5962438700
Cl   11.4977480000   2.8871725200   5.7823900200  0.00000000  0.00000000  0.00000000  -0.5954587400
Cl   11.4593871700   17.2142893800   8.6083954400  0.00000000  0.00000000  0.00000000  -0.5954769700
Cl   14.3748998500   2.8852761300   8.6295000000  0.00000000  0.00000000  0.00000000  -0.5956983300
Na   11.4743839200   17.1981232000   11.4924920800  0.00000000  0.00000000  0.00000000   0.5975502700
Na   11.4535124800   2.8883011500   14.3597085700  0.00000000  0.00000000  0.00000000   0.5967981900
Na   14.3504991800   17.2078346600   14.3809856700  0.00000000  0.00000000  0.00000000   0.5963990500
Na   14.3194593900   2.9001253400   11.4673185200  0.00000000  0.00000000  0.00000000   0.5981547700
Cl   14.3381860800   0.0049351300   11.4587244500  0.00000000  0.00000000  0.00000000  -0.5953415000
Cl   11.5258867100   2.8818083300   11.4797802800  0.00000000  0.00000000  0.00000000  -0.5967184000
Cl   11.4896944000   0.0087891900   14.3371251500  0.00000000  0.00000000  0.00000000  -0.5961980600
Cl   14.3739131900   2.8497867200   14.3548379800  0.00000000  0.00000000  0.00000000  -0.5956088400
Na   11.4607713600   5.7545853200   0.0461812600  0.00000000  0.00000000  0.00000000   0.5973448400
Na   11.4625032100   8.6193088800   2.8336144600  0.00000000  0.00000000  0.00000000   0.5956182300
Na   14.3556249600   5.7624766000   2.8707078500  0.00000000  0.00000000  0.00000000   0.5962441700
Na   14.3644705200   8.6053656600   0.0205925800  0.00000000  0.00000000  0.00000000   0.5971867300
Cl   14.3344790200   5.7430992600   0.0284098600  0.00000000  0.00000000  0.00000000  -0.5956954100
Cl   11.4585855400   8.6058922100   17.2153955200  0.00000000  0.00000000  0.00000000  -0.5965937200
Cl   11.4662286000   5.7017035900   2.8711869200  0.00000000  0.00000000  0.00000000  -0.5971475900
Cl   14.3599539100   8.6169375000   2.8534820400  0.00000000  0.00000000  0.00000000  -0.5972354200
Na   11.4820012800   5.7360990500   5.7331019700  0.00000000  0.00000000  0.00000000   0.5963015200
Na   11.4744320700   8.6367669800   8.5996763900  0.00000000  0.00000000  0.00000000   0.5960224700
Na   14.3361871700   5.7418289900   8.6108928300  0.00000000  0.00000000  0.00000000   0.5974687100
Na   14.3677939600   8.5523646400   5.7585761500  0.00000000  0.00000000  0.00000000   0.5961352600
Cl   14.3750780700   5.7577519300   5.7505612600  0.00000000  0.00000000  0.00000000  -0.5974282000
Cl   11.4943707300   8.6263947400   5.7482655100  0.00000000  0.00000000  0.00000000  -0.5967945200
Cl   11.5250287800   5.7354277000   8.5820628900  0.00000000  0.00000000  0.00000000  -0.5964437100
Cl   14.3741438500   8.6144538300   8.5884002400  0.00000000  0.00000000  0.00000000  -0.5970657600
Na   11.4942260300   5.7551651700   11.5167667500  0.00000000  0.00000000  0.00000000   0.5957755500
Na   11.4549970700   8.6199760100   14.3660478800  0.00000000  0.00000000  0.00000000   0.5972951400
Na   14.3823858300   5.7425676500   14.3207522500  0.00000000  0.00000000  0.00000000   0.5968634000
Na   14.4007918700   8.6147729800   11.4695021500  0.00000000  0.00000000  0.00000000   0.5958086800
Cl   14.3601055900   5.7244027100   11.4715478700  0.00000000  0.00000000  0.00000000  -0.5970038000
Cl   11.4798088800   8.6445901900   11.4740054600  0.00000000  0.00000000  0.00000000  -0.5967255500
Cl   11.4931286100   5.7414331100   14.3620944700  0.00000000  0.00000000  0.00000000  -0.5961152800
Cl   14.3342758100   8.5927623600   14.3723979000  0.00000000  0.00000000  0.00000000  -0.5963671600
Na   11.4754043100   11.5164609500   0.0044935900  0.00000000  0.00000000  0.00000000   0.5964564600
Na   11.4922566700   14.3567147200   2.8623746100  0.00000000  0.00000000  0.00000000   0.5961683600
Na   14.3303853600   11.4808266000   2.8687969700  0.00000000  0.00000000  0.00000000   0.5965656700
Na   14.3563862200   14.3721157000   0.0183537100  0.00000000  0.00000000  0.00000000   0.5973824200
Cl   14.3914070000   11.4966892000   17.2068732600  0.00000000  0.00000000  0.00000000  -0.5959046800
Cl   11.4801741900   14.3311185400   0.0227187600  0.00000000  0.00000000  0.00000000  -0.5974664500
Cl   11.4882557800   11.4848377600   2.8674078000  0.00000000  0.00000000  0.00000000  -0.5969288400
Cl   14.3499902200   14.3747493700   2.8863746500  0.00000000  0.00000000  0.00000000  -0.5966130500
Na   11.4775036700   11.4830766500   5.7567326200  0.00000000  0.00000000  0.00000000   0.5968587700
Na   11.4808941100   14.3239742400   8.5865413400  0.00000000  0.00000000  0.00000000   0.5969122700
Na   14.3854015300   11.4523736700   8.5582878900  0.00000000  0.00000000  0.00000000   0.5964495800
Na   14.3788135300   14.3080687500   5.7185870500  0.00000000  0.00000000  0.00000000   0.5967689500
Cl   14.3242727000   11.4838637200   5.7312689200  0.00000000  0.00000000  0.00000000  -0.5968611700
Cl   11.4743627900   14.3374458100   5.7373385000  0.00000000  0.00000000  0.00000000  -0.5972518600
Cl   11.4869011900   11.4769352100   8.5822962400  0.00000000  0.00000000  0.00000000  -0.5972747300
Cl   14.3571975000   14.3641638700   8.6090403600  0.00000000  0.00000000  0.00000000  -0.5961895700
Na   11.4537704400   11.4822399700   11.4634325900  0.00000000  0.00000000  0.00000000   0.5965434900
Na   11.4838375000   14.3255343100   14.3474378800  0.00000000  0.00000000  0.00000000   0.5961881900
Na   14.3580593200   11.4485037300   14.3569374500  0.00000000  0.00000000  0.00000000   0.5974503200
Na   14.3709558800   14.3367472300   11.4583017200  0.00000000  0.00000000  0.00000000   0.5966786400
Cl   14.3694567000   11.4653290700   11.5056690800  0.00000000  0.00000000  0.00000000  -0.5956746200
Cl   11.4704022200   14.3401024900   11.4839798100  0.00000000  0.00000000  0.00000000  -0.5963676600
Cl   11.4653528000   11.4825413900   14.3505953000  0.00000000  0.00000000  0.00000000  -0.5967256400
Cl   14.3535162200   14.3322769800   14.3866691000  0.00000000  0.00000000  0.00000000  -0.5958585800
# nacl216_train_like_00007 source=scripted_perturbation label=Ewald-QEq_teacher material=NaCl atoms=216
216
  17.4141019400  0.0000000000  0.0000000000  0.0000000000  16.5247211900  0.0000000000  0.0000000000  0.0000000000  17.3935558300
Na   0.0080427500   0.0359920500   0.0046931500  0.00000000  0.00000000  0.00000000   0.5968323800
Na   0.0063553600   2.7305679600   2.9087842300  0.00000000  0.00000000  0.00000000   0.5973389800
Na   2.8531907000   16.5023812500   2.8808406600  0.00000000  0.00000000  0.00000000   0.5968360700
Na   2.9011172500   2.7040560100   0.0256821800  0.00000000  0.00000000  0.00000000   0.5975292000
Cl   2.9130634400   0.0239226600   0.0131244900  0.00000000  0.00000000  0.00000000  -0.5978032800
Cl   0.0119780600   2.7631057300   17.3915863900  0.00000000  0.00000000  0.00000000  -0.5969213500
Cl   0.0192165400   0.0185187500   2.9147754000  0.00000000  0.00000000  0.00000000  -0.5982432600
Cl   2.8863711500   2.7670699700   2.8962920800  0.00000000  0.00000000  0.00000000  -0.5968405000
Na   0.0037221200   0.0020582200   5.8054668300  0.00000000  0.00000000  0.00000000   0.5968555800
Na   17.3812800800   2.7278885000   8.7159471200  0.00000000  0.00000000  0.00000000   0.5971871100
Na   2.9019411300   16.4886922900   8.6781747200  0.00000000  0.00000000  0.00000000   0.5966105200
Na   2.8871049300   2.6961158100   5.8026325000  0.00000000  0.00000000  0.00000000   0.5972647000
Cl   2.8906700300   0.0091190500   5.8135860800  0.00000000  0.00000000  0.00000000  -0.5980883100
Cl   0.0095541300   2.7113281300   5.8259643600  0.00000000  0.00000000  0.00000000  -0.5965857500
Cl   0.0301418200   0.0153984700   8.6918566800  0.00000000  0.00000000  0.00000000  -0.5976135500
Cl   2.9140409500   2.7562012300   8.7085488600  0.00000000  0.00000000  0.00000000  -0.5965268500
Na   0.0076591900   16.5159797300   11.6022076400  0.00000000  0.00000000  0.00000000   0.5969217600
Na   17.3748034100   2.7419453700   14.4800670700  0.00000000  0.00000000  0.00000000   0.5975952700
Na   2.8997015900   16.5203551400   14.4786786400  0.00000000  0.00000000  0.00000000   0.5963916800
Na   2.8998247800   2.7564839200   11.5784564400  0.00000000  0.00000000  0.00000000   0.5972609000
Cl   2.8893758200   0.0032684000   11.5790203800  0.00000000  0.00000000  0.00000000  -0.5977137400
Cl   0.0296834100   2.7341283200   11.6038038200  0.00000000  0.00000000  0.00000000  -0.5973037300
Cl   17.4088841000   16.5068966100   14.5247574600  0.00000000  0.00000000  0.00000000  -0.5972151700
Cl   2.8997740800   2.7500015100   14.4954988300  0.00000000  0.00000000  0.00000000  -0.5965154500
Na   17.4118538300   5.4991131600   0.0203425600  0.00000000  0.00000000  0.00000000   0.5978144700
Na   0.0324461000   8.2550202900   2.8871030100  0.00000000  0.00000000  0.00000000   0.5983197900
Na   2.9284535000   5.4973471100   2.9231346100  0.00000000  0.00000000  0.00000000   0.5978877800
Na   2.9246168000   8.2850108100   17.3662904300  0.00000000  0.00000000  0.00000000   0.5976211100
Cl   2.8903448000   5.5276200700   0.0177037000  0.00000000  0.00000000  0.00000000  -0.5955686600
Cl   17.3955224500   8.2653094400   17.3886782800  0.00000000  0.00000000  0.00000000  -0.5960229300
Cl   17.4099742500   5.5131720800   2.9410328700  0.00000000  0.00000000  0.00000000  -0.5956477100
Cl   2.8734631000   8.3046161700   2.8947174500  0.00000000  0.00000000  0.00000000  -0.5961059100
Na   0.0006048300   5.5182242500   5.8343737600  0.00000000  0.00000000  0.00000000   0.5981225700
Na   17.4050463100   8.2422360000   8.6686210000  0.00000000  0.00000000  0.00000000   0.5971809700
Na   2.8753866600   5.5116131700   8.7048266900  0.00000000  0.00000000  0.00000000   0.5974445000
Na   2.9368574100   8.2453201200   5.8205075300  0.00000000  0.00000000  0.00000000   0.5979623600
Cl   2.8837067600   5.5244821100   5.7882995900  0.00000000  0.00000000  0.00000000  -0.5961341400
Cl   0.0101299400   8.2521495900   5.7905082400  0.00000000  0.00000000  0.00000000  -0.5963696300
Cl   0.0096183400   5.5101686200   8.6926760400  0.00000000  0.00000000  0.00000000  -0.5975519600
Cl   2.9417456100   8.2386505700   8.7038976700  0.00000000  0.00000000  0.00000000  -0.5971595000
Na   0.0292064300   5.4950447500   11.5846673500  0.00000000  0.00000000  0.00000000   0.5971138000
Na   17.4128200000   8.2734796800   14.4862441600  0.00000000  0.00000000  0.00000000   0.5968552300
Na   2.8948816500   5.4864314300   14.4833520800  0.00000000  0.00000000  0.00000000   0.5982706400
Na   2.8875616300   8.2647830800   11.5761017800  0.00000000  0.00000000  0.00000000   0.5972055200
Cl   2.8913363800   5.5339066800   11.6031078200  0.00000000  0.00000000  0.00000000  -0.5971910000
Cl   0.0089542700   8.2444190000   11.5824393400  0.00000000  0.00000000  0.00000000  -0.5975340200
Cl   17.4076920700   5.4776440800   14.4906060500  0.00000000  0.00000000  0.00000000  -0.5959867600
Cl   2.8870485000   8.2111285700   14.4936709200  0.00000000  0.00000000  0.00000000  -0.5967165500
Na   17.4081795300   11.0200558800   17.3774187000  0.00000000  0.00000000  0.00000000   0.5984413800
Na   0.0045901000   13.7859182300   2.9071309400  0.00000000  0.00000000  0.00000000   0.5964028200
Na   2.9196415800   11.0257766400   2.9204774000  0.00000000  0.00000000  0.00000000   0.5983178100
Na   2.8875091000   13.7956662400   0.0114934700  0.00000000  0.00000000  0.00000000   0.5965171100
Cl   2.8985758900   11.0183125100   17.3878575100  0.00000000  0.00000000  0.00000000  -0.5963649700
Cl   17.3777158600   13.7571825800   17.3790288200  0.00000000  0.00000000  0.00000000  -0.5961856700
Cl   0.0206948000   11.0424974800   2.8930515600  0.00000000  0.00000000  0.00000000  -0.5960501700
Cl   2.9363239300   13.7845140400   2.9084073900  0.00000000  0.00000000  0.00000000  -0.5975598300
Na   0.0300293300   11.0081206500   5.7917219900  0.00000000  0.00000000  0.00000000   0.5970834600
Na   0.0263016600   13.7823091900   8.6912523600  0.00000000  0.00000000  0.00000000   0.5959122800
Na   2.9076733600   11.0271538200   8.6768941400  0.00000000  0.00000000  0.00000000   0.5968077500
Na   2.8806500600   13.7628646200   5.7840032900  0.00000000  0.00000000  0.00000000   0.5967558300
Cl   2.9092514700   10.9989954400   5.7728063900  0.00000000  0.00000000  0.00000000  -0.5972610100
Cl   0.0420846300   13.7572332000   5.7985464600  0.00000000  0.00000000  0.00000000  -0.5982985000
Cl   17.3992855000   11.0026600200   8.6682257400  0.00000000  0.00000000  0.00000000  -0.5974003200
Cl   2.9260440600   13.7518345700   8.6943231700  0.00000000  0.00000000  0.00000000  -0.5979650900
Na   0.0220869800   10.9693567200   11.5794528900  0.00000000  0.00000000  0.00000000   0.5960290400
Na   0.0247772000   13.7657724100   14.4832029800  0.00000000  0.00000000  0.00000000   0.5974595600
Na   2.8694996000   11.0434229400   14.4982519600  0.00000000  0.00000000  0.00000000   0.5954242300
Na   2.9075271900   13.7864870100   11.5948128000  0.00000000  0.00000000  0.00000000   0.5961509400
Cl   2.9142006800   11.0207092500   11.5343520300  0.00000000  0.00000000  0.00000000  -0.5977441700
Cl   0.0001073700   13.7839518300   11.5932235300  0.00000000  0.00000000  0.00000000  -0.5973103600
Cl   0.0057886900   11.0467488000   14.5056653800  0.00000000  0.00000000  0.00000000  -0.5977141300
Cl   2.9266829100   13.7769195700   14.5000188600  0.00000000  0.00000000  0.00000000  -0.5986583200
Na   5.8175737900   0.0090456300   0.0105423500  0.00000000  0.00000000  0.00000000   0.5984772200
Na   5.8079347200   2.7684073900   2.9381475700  0.00000000  0.00000000  0.00000000   0.5973749400
Na   8.6973527100   16.4852445200   2.8872197000  0.00000000  0.00000000  0.00000000   0.5978134300
Na   8.7144413600   2.7502925400   17.3812267100  0.00000000  0.00000000  0.00000000   0.5965621900
Cl   8.6706680500   0.0050422400   0.0173597300  0.00000000  0.00000000  0.00000000  -0.5977422500
Cl   5.8273740100   2.7289704000   0.0079033700  0.00000000  0.00000000  0.00000000  -0.5970063400
Cl   5.7902909200   16.5207498500   2.8800424200  0.00000000  0.00000000  0.00000000  -0.5962528000
Cl   8.7116628100   2.7119279000   2.8987255800  0.00000000  0.00000000  0.00000000  -0.5967757800
Na   5.7886662600   16.5133705700   5.8105906500  0.00000000  0.00000000  0.00000000   0.5956593200
Na   5.8040623100   2.7404448000   8.6879628300  0.00000000  0.00000000  0.00000000   0.5970563000
Na   8.7026994200   16.4972030300   8.7044486400  0.00000000  0.00000000  0.00000000   0.5967964900
Na   8.6889384800   2.7655283700   5.7773859900  0.00000000  0.00000000  0.00000000   0.5972890900
Cl   8.7391631300   0.0033148400   5.7798068000  0.00000000  0.00000000  0.00000000  -0.5968729700
Cl   5.8048704800   2.7671600900   5.8005743900  0.00000000  0.00000000  0.00000000  -0.5974107900
Cl   5.8384742500   16.5231134900   8.7090924100  0.00000000  0.00000000  0.00000000  -0.5977901800
Cl   8.6995750300   2.7282402300   8.6863998800  0.00000000  0.00000000  0.00000000  -0.5971984500
Na   5.8077423000   0.0147996100   11.6045981600  0.00000000  0.00000000  0.00000000   0.5957606300
Na   5.8041390200   2.7436974300   14.5219744600  0.00000000  0.00000000  0.00000000   0.5963621700
Na   8.7221469600   16.5211723300   14.5112830500  0.00000000  0.00000000  0.00000000   0.5965688800
Na   8.6707033800   2.7585748900   11.6322346600  0.00000000  0.00000000  0.00000000   0.5958659300
Cl   8.7073285000   16.5127540600   11.6070975300  0.00000000  0.00000000  0.00000000  -0.5976745500
Cl   5.7932658200   2.7280788500   11.6020625400  0.00000000  0.00000000  0.00000000  -0.5977550000
Cl   5.8042826600   0.0111840500   14.5544624500  0.00000000  0.00000000  0.00000000  -0.5975309500
Cl   8.7257299400   2.7358432400   14.4865659400  0.00000000  0.00000000  0.00000000  -0.5986616400
Na   5.8345540300   5.5026797400   0.0020734900  0.00000000  0.00000000  0.00000000   0.5957861400
Na   5.7827037500   8.2667814800   2.8990686900  0.00000000  0.00000000  0.00000000   0.5968645200
Na   8.7099281700   5.4975578100   2.8591666600  0.00000000  0.00000000  0.00000000   0.5956620600
Na   8.6861024800   8.2289503600   0.0269440500  0.00000000  0.00000000  0.00000000   0.5966035200
Cl   8.7056055700   5.5212530300   0.0048725200  0.00000000  0.00000000  0.00000000  -0.5991417700
Cl   5.8317996500   8.3004327400   17.3678049000  0.00000000  0.00000000  0.00000000  -0.5974929100
Cl   5.7928358900   5.4802721100   2.8842053000  0.00000000  0.00000000  0.00000000  -0.5976289300
Cl   8.7111210800   8.2827035400   2.9279546700  0.00000000  0.00000000  0.00000000  -0.5971769000
Na   5.8179467600   5.5099930900   5.8098132600  0.00000000  0.00000000  0.00000000   0.5976522800
Na   5.8039801100   8.2309893800   8.6672361700  0.00000000  0.00000000  0.00000000   0.5976554000
Na   8.6885676100   5.4773969500   8.7027541400  0.00000000  0.00000000  0.00000000   0.5965699600
Na   8.7217051500   8.2551330500   5.7907505400  0.00000000  0.00000000  0.00000000   0.5965016300
Cl   8.6930241400   5.4890166700   5.7770374700  0.00000000  0.00000000  0.00000000  -0.5972704900
Cl   5.7615797100   8.2328367900   5.7671313100  0.00000000  0.00000000  0.00000000  -0.5974801100
Cl   5.7946980300   5.5021256900   8.6510599200  0.00000000  0.00000000  0.00000000  -0.5971200300
Cl   8.6854719700   8.2311286000   8.6886223200  0.00000000  0.00000000  0.00000000  -0.5970951400
Na   5.7926013400   5.5055558600   11.5895409200  0.00000000  0.00000000  0.00000000   0.5972635300
Na   5.8011361900   8.2753062300   14.4903165600  0.00000000  0.00000000  0.00000000   0.5975935100
Na   8.7222421200   5.5076207900   14.4998943700  0.00000000  0.00000000  0.00000000   0.5960400600
Na   8.7059215400   8.3071250200   11.5736480400  0.00000000  0.00000000  0.00000000   0.5983280100
Cl   8.6811992600   5.5338499400   11.5854088000  0.00000000  0.00000000  0.00000000  -0.5966404400
Cl   5.8319010500   8.2611038100   11.5875129100  0.00000000  0.00000000  0.00000000  -0.5959836500
Cl   5.7958490100   5.5319942200   14.4535280800  0.00000000  0.00000000  0.00000000  -0.5968433900
Cl   8.7514373400   8.2598047700   14.4685668500  0.00000000  0.00000000  0.00000000  -0.5966568800
Na   5.8439392600   11.0109059500   17.3719643300  0.00000000  0.00000000  0.00000000   0.5979772200
Na   5.8143198200   13.7500106600   2.8972054900  0.00000000  0.00000000  0.00000000   0.5972480600
Na   8.7135314500   11.0255123000   2.9174321900  0.00000000  0.00000000  0.00000000   0.5975963400
Na   8.7107824200   13.7681892900   0.0109597000  0.00000000  0.00000000  0.00000000   0.5959758500
Cl   8.6899232800   11.0035341900   0.0234856800  0.00000000  0.00000000  0.00000000  -0.5970950600
Cl   5.8033317300   13.7570029200   17.3758515600  0.00000000  0.00000000  0.00000000  -0.5966038200
Cl   5.7968879200   10.9924435300   2.8857785300  0.00000000  0.00000000  0.00000000  -0.5968137100
Cl   8.6940401100   13.7741749400   2.8944439900  0.00000000  0.00000000  0.00000000  -0.5980151100
Na   5.8158183800   11.0044427400   5.7926828300  0.00000000  0.00000000  0.00000000   0.5969498100
Na   5.8213568200   13.7512238500   8.7154172500  0.00000000  0.00000000  0.00000000   0.5962549500
Na   8.7148303700   11.0089674500   8.7215043000  0.00000000  0.00000000  0.00000000   0.5964218000
Na   8.6984532400   13.7587643300   5.8183697200  0.00000000  0.00000000  0.00000000   0.5965286900
Cl   8.6944006300   11.0096140400   5.7914205600  0.00000000  0.00000000  0.00000000  -0.5976568900
Cl   5.7884134500   13.7285066800   5.7912698400  0.00000000  0.00000000  0.00000000  -0.5973670100
Cl   5.8294713400   11.0039007000   8.7152178000  0.00000000  0.00000000  0.00000000  -0.5968629600
Cl   8.7532219000   13.7668912500   8.6838521900  0.00000000  0.00000000  0.00000000  -0.5979781000
Na   5.7808990800   11.0252863100   11.6022763500  0.00000000  0.00000000  0.00000000   0.5975589200
Na   5.7539415800   13.7751075400   14.4831951900  0.00000000  0.00000000  0.00000000   0.5961260600
Na   8.7074731000   11.0184348500   14.4962297600  0.00000000  0.00000000  0.00000000   0.5971133800
Na   8.6842540500   13.7739436400   11.5917854400  0.00000000  0.00000000  0.00000000   0.5969071500
Cl   8.7087450400   11.0201556200   11.6041493400  0.00000000  0.00000000  0.00000000  -0.5974485200
Cl   5.7842761400   13.7370451100   11.5743939500  0.00000000  0.00000000  0.00000000  -0.5982374800
Cl   5.8174813300   10.9901022100   14.4910351200  0.00000000  0.00000000  0.00000000  -0.5973570800
Cl   8.7472821300   13.7619645400   14.4637103500  0.00000000  0.00000000  0.00000000  -0.5970171900
Na   11.5632502300   0.0041220000   17.3537906500  0.00000000  0.00000000  0.00000000   0.5967234200
Na   11.6158877800   2.7706372200   2.9081011800  0.00000000  0.00000000  0.00000000   0.5972979300
Na   14.5078960900   0.0144371300   2.9189557000  0.00000000  0.00000000  0.00000000   0.5973120600
Na   14.4869242800   2.7745111500   17.3604200300  0.00000000  0.00000000  0.00000000   0.5967535100
Cl   14.5153649600   0.0028663500   0.0020027000  0.00000000  0.00000000  0.00000000  -0.5960333000
Cl   11.5885245700   2.7476968100   0.0253968100  0.00000000  0.00000000  0.00000000  -0.5975541900
Cl   11.6046895000   16.5230787600   2.8880918700  0.00000000  0.00000000  0.00000000  -0.5965907000
Cl   14.5027386200   2.7437433900   2.9200545600  0.00000000  0.00000000  0.00000000  -0.5966838000
Na   11.6067550300   0.0082335800   5.8017363300  0.00000000  0.00000000  0.00000000   0.5968379300
Na   11.5950228800   2.7587365600   8.6720836500  0.00000000  0.00000000  0.00000000   0.5970987100
Na   14.5009896200   16.5162545600   8.7028038500  0.00000000  0.00000000  0.00000000   0.5969281900
Na   14.5009081800   2.7482946800   5.8055678300  0.00000000  0.00000000  0.00000000   0.5975624900
Cl   14.5100671400   0.0090243300   5.7967722800  0.00000000  0.00000000  0.00000000  -0.5974933600
Cl   11.6241675700   2.7840493900   5.8167337600  0.00000000  0.00000000  0.00000000  -0.5968997800
Cl   11.6439190600   16.5171600400   8.7188599200  0.00000000  0.00000000  0.00000000  -0.5968097800
Cl   14.5123217000   2.7631257800   8.6961914500  0.00000000  0.00000000  0.00000000  -0.5975321800
Na   11.5919042200   0.0050431600   11.6110454100  0.00000000  0.00000000  0.00000000   0.5966031000
Na   11.5685530800   2.7408873000   14.4921887600  0.00000000  0.00000000  0.00000000   0.5963951600
Na   14.5049249900   0.0324878000   14.5079987700  0.00000000  0.00000000  0.00000000   0.5965421600
Na   14.4979351500   2.7250336900   11.5737393300  0.00000000  0.00000000  0.00000000   0.5971140600
Cl   14.5328447800   16.5143339500   11.5713925500  0.00000000  0.00000000  0.00000000  -0.5976720300
Cl   11.6249220000   2.7696131500   11.6071965600  0.00000000  0.00000000  0.00000000  -0.5973589300
Cl   11.5810888500   0.0259332000   14.5202373800  0.00000000  0.00000000  0.00000000  -0.5982459500
Cl   14.5209334500   2.7251156000   14.4826201400  0.00000000  0.00000000  0.00000000  -0.5975259500
Na   11.5928630900   5.5074336400   0.0350150800  0.00000000  0.00000000  0.00000000   0.5969562700
Na   11.5949008000   8.2577377100   2.9336091200  0.00000000  0.00000000  0.00000000   0.5982110300
Na   14.4819667000   5.5132484300   2.8949408800  0.00000000  0.00000000  0.00000000   0.5973144500
Na   14.5088817300   8.2447354800   0.0173050500  0.00000000  0.00000000  0.00000000   0.5987298500
Cl   14.4986383700   5.5048979400   0.0029869600  0.00000000  0.00000000  0.00000000  -0.5968652300
Cl   11.6319555500   8.2713755700   0.0219828300  0.00000000  0.00000000  0.00000000  -0.5960995000
Cl   11.6318941900   5.5155340600   2.8715529000  0.00000000  0.00000000  0.00000000  -0.5978643400
Cl   14.4997662100   8.2881072100   2.8728872700  0.00000000  0.00000000  0.00000000  -0.5961519100
Na   11.6207713900   5.5521113900   5.8094174400  0.00000000  0.00000000  0.00000000   0.5971038100
Na   11.6103831900   8.2686153800   8.7067767400  0.00000000  0.00000000  0.00000000   0.5967361600
Na   14.5215431700   5.4710525300   8.6855006800  0.00000000  0.00000000  0.00000000   0.5978028700
Na   14.4967498100   8.2639420100   5.8094507300  0.00000000  0.00000000  0.00000000   0.5974129600
Cl   14.5221189100   5.5009274300   5.8162265600  0.00000000  0.00000000  0.00000000  -0.5967390600
Cl   11.6238636200   8.2270059600   5.7711643400  0.00000000  0.00000000  0.00000000  -0.5979814300
Cl   11.6562015900   5.5070846800   8.6953831400  0.00000000  0.00000000  0.00000000  -0.5967986000
Cl   14.5559917300   8.2548722200   8.6973101800  0.00000000  0.00000000  0.00000000  -0.5967587400
Na   11.6215295100   5.4800394500   11.6033989000  0.00000000  0.00000000  0.00000000   0.5974029100
Na   11.5754543600   8.2396824200   14.5010938700  0.00000000  0.00000000  0.00000000   0.5982077100
Na   14.5005744400   5.5172864300   14.4855377500  0.00000000  0.00000000  0.00000000   0.5978316400
Na   14.4988048000   8.2600230200   11.5528582800  0.00000000  0.00000000  0.00000000   0.5969728800
Cl   14.4834776100   5.4773419400   11.5927080700  0.00000000  0.00000000  0.00000000  -0.5963810800
Cl   11.5952421000   8.2671612300   11.5775133900  0.00000000  0.00000000  0.00000000  -0.5963418100
Cl   11.6313066700   5.5141106900   14.5107156100  0.00000000  0.00000000  0.00000000  -0.5971967600
Cl   14.5069782500   8.2427844200   14.4988172500  0.00000000  0.00000000  0.00000000  -0.5958766900
Na   11.5858245100   11.0130877900   17.3899253700  0.00000000  0.00000000  0.00000000   0.5976443800
Na   11.5896438400   13.8002225900   2.9064099000  0.00000000  0.00000000  0.00000000   0.5967363600
Na   14.5170056700   11.0048130200   2.9021537200  0.00000000  0.00000000  0.00000000   0.5979386300
Na   14.4844981700   13.7539252200   17.3901179100  0.00000000  0.00000000  0.00000000   0.5987974400
Cl   14.5431161600   11.0175747500   0.0020212000  0.00000000  0.00000000  0.00000000  -0.5956900100
Cl   11.6408293000   13.7529156100   17.3873482000  0.00000000  0.00000000  0.00000000  -0.5973561900
Cl   11.5752025900   10.9685631200   2.9043171000  0.00000000  0.00000000  0.00000000  -0.5963629400
Cl   14.4843260400   13.7603076900   2.9117903900  0.00000000  0.00000000  0.00000000  -0.5962207000
Na   11.5847980000   11.0182606300   5.7958862300  0.00000000  0.00000000  0.00000000   0.5969010400
Na   11.6163878800   13.7496844900   8.6643254500  0.00000000  0.00000000  0.00000000   0.5972185400
Na   14.5375891800   11.0487810200   8.6856291900  0.00000000  0.00000000  0.00000000   0.5970487900
Na   14.5431676200   13.7634170500   5.8405805300  0.00000000  0.00000000  0.00000000   0.5958505800
Cl   14.4984764500   10.9952072200   5.8125524200  0.00000000  0.00000000  0.00000000  -0.5969356100
Cl   11.5889693500   13.7671862300   5.8170587500  0.00000000  0.00000000  0.00000000  -0.5972697100
Cl   11.6074556200   10.9894226500   8.6631424800  0.00000000  0.00000000  0.00000000  -0.5975702700
Cl   14.5146957900   13.7766941600   8.7158990800  0.00000000  0.00000000  0.00000000  -0.5978025400
Na   11.5913080600   11.0468835800   11.5904133700  0.00000000  0.00000000  0.00000000   0.5971405800
Na   11.6272384500   13.7482170600   14.4947055000  0.00000000  0.00000000  0.00000000   0.5968306300
Na   14.5248848700   11.0147432500   14.5058609600  0.00000000  0.00000000  0.00000000   0.5982221600
Na   14.5252987800   13.7983231900   11.6152187400  0.00000000  0.00000000  0.00000000   0.5974263000
Cl   14.5119163300   11.0369402600   11.6012932600  0.00000000  0.00000000  0.00000000  -0.5962666000
Cl   11.5978844600   13.7669910500   11.5961022500  0.00000000  0.00000000  0.00000000  -0.5968020200
Cl   11.6272883400   10.9969994900   14.4999326000  0.00000000  0.00000000  0.00000000  -0.5964198500
Cl   14.5171501700   13.7403170100   14.5225679200  0.00000000  0.00000000  0.00000000  -0.5964181900
# nacl216_train_like_00008 source=scripted_perturbation label=Ewald-QEq_teacher material=NaCl atoms=216
216
  16.9200000000  0.5138594400  0.0000000000  0.0000000000  16.9200000000  0.0000000000  0.0000000000  0.0000000000  16.9200000000
Na   16.9053525700   0.0030410400   0.0102529400  0.00000000  0.00000000  0.00000000   0.6032935900
Na   0.1069135600   2.8240141900   2.8506871100  0.00000000  0.00000000  0.00000000   0.5954963400
Na   3.3309110600   16.9095747600   2.8153510300  0.00000000  0.00000000  0.00000000   0.6065642300
Na   2.9027074400   2.8117323500   0.0002261100  0.00000000  0.00000000  0.00000000   0.5970844100
Cl   2.8346776800   0.0062207500   16.8976273700  0.00000000  0.00000000  0.00000000  -0.5922357200
Cl   16.9718254500   2.8016568300   0.0209422700  0.00000000  0.00000000  0.00000000  -0.5933230200
Cl   0.5308189500   16.9045999100   2.8106058800  0.00000000  0.00000000  0.00000000  -0.5860539500
Cl   2.9288691200   2.8343510500   2.8150043300  0.00000000  0.00000000  0.00000000  -0.5961568900
Na   0.0260628200   0.0561304600   5.6585068700  0.00000000  0.00000000  0.00000000   0.6031005300
Na   0.0917040700   2.8252843900   8.4477910000  0.00000000  0.00000000  0.00000000   0.5999989100
Na   3.3332923000   16.9071771400   8.4784115000  0.00000000  0.00000000  0.00000000   0.5943670300
Na   2.9236564400   2.8317239700   5.6590915100  0.00000000  0.00000000  0.00000000   0.5974555500
Cl   3.3131124300   16.8992738700   5.6512183900  0.00000000  0.00000000  0.00000000  -0.5912481400
Cl   16.9944124100   2.7935794000   5.6287323700  0.00000000  0.00000000  0.00000000  -0.6008687000
Cl   16.9183747100   0.0091615900   8.4284245600  0.00000000  0.00000000  0.00000000  -0.5935264400
Cl   2.8956965000   2.7981360900   8.4326111600  0.00000000  0.00000000  0.00000000  -0.5986692000
Na   0.0088337600   0.0046422200   11.2337233000  0.00000000  0.00000000  0.00000000   0.6065609200
Na   0.0876937900   2.7978871400   14.0912110800  0.00000000  0.00000000  0.00000000   0.6028700500
Na   3.3739514700   16.9178042000   14.1279863700  0.00000000  0.00000000  0.00000000   0.5935371900
Na   2.9199372000   2.8153684600   11.2702753400  0.00000000  0.00000000  0.00000000   0.5963224600
Cl   3.3017419000   16.8927108800   11.3107308900  0.00000000  0.00000000  0.00000000  -0.6010178200
Cl   16.9822719000   2.8227756400   11.2244143600  0.00000000  0.00000000  0.00000000  -0.5967935500
Cl   0.0271639100   0.0210012900   14.0819059500  0.00000000  0.00000000  0.00000000  -0.5954517100
Cl   2.9025384400   2.8357495400   14.0779539400  0.00000000  0.00000000  0.00000000  -0.5974429100
Na   17.0786456600   5.6558024100   0.0026971700  0.00000000  0.00000000  0.00000000   0.5890504400
Na   17.1589867500   8.4445162200   2.8001250900  0.00000000  0.00000000  0.00000000   0.6018943000
Na   3.0008666700   5.6313224800   2.8448538300  0.00000000  0.00000000  0.00000000   0.5960432500
Na   3.0797739300   8.4622883800   16.9056327800  0.00000000  0.00000000  0.00000000   0.5985752800
Cl   3.0049966000   5.6584783000   0.0102020400  0.00000000  0.00000000  0.00000000  -0.5980584000
Cl   0.2704963000   8.4940296900   0.0018513200  0.00000000  0.00000000  0.00000000  -0.5996464200
Cl   0.1793136500   5.6546427100   2.8199462800  0.00000000  0.00000000  0.00000000  -0.6057029700
Cl   3.0794112500   8.4575234700   2.8005664000  0.00000000  0.00000000  0.00000000  -0.5953830300
Na   0.1812773400   5.6296097700   5.6295826400  0.00000000  0.00000000  0.00000000   0.5895170000
Na   17.1518262900   8.4969959800   8.4731363000  0.00000000  0.00000000  0.00000000   0.5946460900
Na   3.0598768200   5.6045213100   8.4385370400  0.00000000  0.00000000  0.00000000   0.5956039800
Na   3.0747311700   8.4509733200   5.6315472800  0.00000000  0.00000000  0.00000000   0.5963147500
Cl   3.0109251600   5.6456013400   5.6577087200  0.00000000  0.00000000  0.00000000  -0.5999463300
Cl   0.2686984000   8.4381688700   5.6412042600  0.00000000  0.00000000  0.00000000  -0.6017798800
Cl   17.0721304100   5.6677855400   8.4713808400  0.00000000  0.00000000  0.00000000  -0.6029205600
Cl   3.0425322800   8.4336568500   8.4940760500  0.00000000  0.00000000  0.00000000  -0.5971377800
Na   0.2128958000   5.6515566500   11.3207769400  0.00000000  0.00000000  0.00000000   0.5897581900
Na   17.1655151900   8.4894908800   14.1778943100  0.00000000  0.00000000  0.00000000   0.5894095700
Na   2.9684045100   5.6229971100   14.0735101200  0.00000000  0.00000000  0.00000000   0.5949464400
Na   3.0911645400   8.5012157300   11.2640661600  0.00000000  0.00000000  0.00000000   0.5968171200
Cl   2.9972010500   5.6106348900   11.2668801500  0.00000000  0.00000000  0.00000000  -0.5995431400
Cl   0.2590266300   8.4637346600   11.2779756700  0.00000000  0.00000000  0.00000000  -0.6034817000
Cl   17.0771064400   5.6194955500   14.1108338200  0.00000000  0.00000000  0.00000000  -0.6055605300
Cl   3.0978102000   8.4455985700   14.0871223800  0.00000000  0.00000000  0.00000000  -0.5978296900
Na   17.2600460700   11.2931118500   16.9127113200  0.00000000  0.00000000  0.00000000   0.6047062200
Na   17.3450013200   14.1061652000   2.8429867300  0.00000000  0.00000000  0.00000000   0.5937553100
Na   3.1931914000   11.3126158700   2.8061312100  0.00000000  0.00000000  0.00000000   0.5967993600
Na   3.2351955500   14.1004049100   0.0008013800  0.00000000  0.00000000  0.00000000   0.5963843600
Cl   3.1705002900   11.2523159400   0.0150712900  0.00000000  0.00000000  0.00000000  -0.5960814500
Cl   17.3453825900   14.0883776400   16.9118910100  0.00000000  0.00000000  0.00000000  -0.5960870600
Cl   17.2425168600   11.2885143800   2.8105642500  0.00000000  0.00000000  0.00000000  -0.5955665200
Cl   3.2724576400   14.0958999100   2.8323807000  0.00000000  0.00000000  0.00000000  -0.5973457100
Na   17.2560363300   11.2503654200   5.6003647400  0.00000000  0.00000000  0.00000000   0.6002002000
Na   0.4330578800   14.1013820300   8.4586535300  0.00000000  0.00000000  0.00000000   0.6021048500
Na   3.1525816800   11.2728217400   8.4208333800  0.00000000  0.00000000  0.00000000   0.5975273900
Na   3.2309501500   14.0848704000   5.6334536700  0.00000000  0.00000000  0.00000000   0.5997750600
Cl   3.1655590200   11.2987654600   5.6618850900  0.00000000  0.00000000  0.00000000  -0.5976507600
Cl   0.4431672400   14.0759945300   5.6868902700  0.00000000  0.00000000  0.00000000  -0.5933165300
Cl   17.2400897400   11.2946075800   8.4494476600  0.00000000  0.00000000  0.00000000  -0.5929671400
Cl   3.2618594800   14.1147089700   8.4518559800  0.00000000  0.00000000  0.00000000  -0.5976191300
Na   17.2247112900   11.2923811400   11.2542187100  0.00000000  0.00000000  0.00000000   0.6008382100
Na   0.4432918100   14.1138372900   14.1010038000  0.00000000  0.00000000  0.00000000   0.5980784600
Na   3.1558566400   11.2794694700   14.0998236800  0.00000000  0.00000000  0.00000000   0.5988830700
Na   3.2155864100   14.1111553300   11.2834801800  0.00000000  0.00000000  0.00000000   0.5980726500
Cl   3.1835442200   11.2800792800   11.2697833200  0.00000000  0.00000000  0.00000000  -0.5965177000
Cl   0.4380768500   14.0726643400   11.3315323800  0.00000000  0.00000000  0.00000000  -0.5922144000
Cl   0.3457454300   11.2915253500   14.0870641000  0.00000000  0.00000000  0.00000000  -0.5912623300
Cl   3.2256610600   14.0999789500   14.1040950300  0.00000000  0.00000000  0.00000000  -0.5982533200
Na   6.1325472400   16.9138293700   16.8966999500  0.00000000  0.00000000  0.00000000   0.5901331700
Na   5.7472008700   2.8091293200   2.8433289600  0.00000000  0.00000000  0.00000000   0.5963605900
Na   8.4745543500   0.0225961300   2.8120610600  0.00000000  0.00000000  0.00000000   0.5894413200
Na   8.5514686600   2.7679857900   0.0058083600  0.00000000  0.00000000  0.00000000   0.5965724900
Cl   8.9557874300   16.9143947100   16.9105819900  0.00000000  0.00000000  0.00000000  -0.5993702700
Cl   5.7548852800   2.8292780000   0.0105800100  0.00000000  0.00000000  0.00000000  -0.5991971200
Cl   5.6182103200   0.0051451500   2.8204985900  0.00000000  0.00000000  0.00000000  -0.6034074700
Cl   8.5616742300   2.8306404200   2.8130568000  0.00000000  0.00000000  0.00000000  -0.5991304000
Na   6.1665648300   16.9197179000   5.6406257200  0.00000000  0.00000000  0.00000000   0.6013677300
Na   5.7230661200   2.8527080300   8.4766492100  0.00000000  0.00000000  0.00000000   0.5967871400
Na   8.9863209400   16.9110412700   8.4769557700  0.00000000  0.00000000  0.00000000   0.6045107100
Na   8.5460481800   2.7882015400   5.6752236600  0.00000000  0.00000000  0.00000000   0.5973311600
Cl   8.5038094400   0.0019933000   5.6727427500  0.00000000  0.00000000  0.00000000  -0.6029005300
Cl   5.7157236900   2.8483454600   5.6472736900  0.00000000  0.00000000  0.00000000  -0.5970245000
Cl   6.1195390900   16.9139457500   8.4163856700  0.00000000  0.00000000  0.00000000  -0.5957127700
Cl   8.5209199300   2.8141115300   8.4448069800  0.00000000  0.00000000  0.00000000  -0.5955715200
Na   5.6439529800   0.0225854500   11.2605361500  0.00000000  0.00000000  0.00000000   0.5976660100
Na   5.7341770200   2.8166528600   14.1363297600  0.00000000  0.00000000  0.00000000   0.5959912800
Na   8.9841522900   16.9166525300   14.1189965600  0.00000000  0.00000000  0.00000000   0.5974080000
Na   8.5401200500   2.8314622800   11.3226748000  0.00000000  0.00000000  0.00000000   0.5982815300
Cl   8.9475494000   16.8986218200   11.2539230200  0.00000000  0.00000000  0.00000000  -0.5926564600
Cl   5.7041913800   2.7931790800   11.2958871600  0.00000000  0.00000000  0.00000000  -0.5988122500
Cl   6.1482896600   16.9175729800   14.0999545300  0.00000000  0.00000000  0.00000000  -0.5988375800
Cl   8.5247886200   2.7952513700   14.1174916000  0.00000000  0.00000000  0.00000000  -0.5977022800
Na   5.8158147700   5.6208285200   16.9030140600  0.00000000  0.00000000  0.00000000   0.5984807300
Na   5.8894613200   8.4602448500   2.8256802200  0.00000000  0.00000000  0.00000000   0.5988336900
Na   8.6236170600   5.6289711200   2.8004169800  0.00000000  0.00000000  0.00000000   0.5992548400
Na   8.7169609400   8.4613552400   0.0002009600  0.00000000  0.00000000  0.00000000   0.5973144900
Cl   8.6610809600   5.6439616700   0.0076534800  0.00000000  0.00000000  0.00000000  -0.5962967500
Cl   5.9045889100   8.4475404300   16.9195190300  0.00000000  0.00000000  0.00000000  -0.5963734300
Cl   5.8197154000   5.6511236800   2.8196206200  0.00000000  0.00000000  0.00000000  -0.5967124300
Cl   8.7041531000   8.4171911700   2.8564227600  0.00000000  0.00000000  0.00000000  -0.5971756000
Na   5.8252260600   5.6311629500   5.6532732400  0.00000000  0.00000000  0.00000000   0.5974083600
Na   5.8827739300   8.4785418200   8.4888947000  0.00000000  0.00000000  0.00000000   0.5974422600
Na   8.5989883200   5.6505916600   8.4406354900  0.00000000  0.00000000  0.00000000   0.5987345300
Na   8.7158281300   8.4512307900   5.6089737000  0.00000000  0.00000000  0.00000000   0.5988875700
Cl   8.6762378900   5.6268313000   5.6615471700  0.00000000  0.00000000  0.00000000  -0.5961662400
Cl   5.9142866800   8.4840255700   5.6232482400  0.00000000  0.00000000  0.00000000  -0.5966942600
Cl   5.8054139000   5.6433247100   8.4530945800  0.00000000  0.00000000  0.00000000  -0.5985522000
Cl   8.6854413700   8.4638150200   8.4652600200  0.00000000  0.00000000  0.00000000  -0.5960786600
Na   5.7852071800   5.5976154600   11.3118959400  0.00000000  0.00000000  0.00000000   0.5969636800
Na   5.9123786000   8.4803627100   14.0725641000  0.00000000  0.00000000  0.00000000   0.5985790200
Na   8.6353322100   5.6387514100   14.0894635600  0.00000000  0.00000000  0.00000000   0.5977551600
Na   8.7127101800   8.4816987800   11.2733915100  0.00000000  0.00000000  0.00000000   0.5982200800
Cl   8.6387792000   5.6106066100   11.2690581300  0.00000000  0.00000000  0.00000000  -0.5968548300
Cl   5.8961406800   8.4605286700   11.3070763400  0.00000000  0.00000000  0.00000000  -0.5974882200
Cl   5.8114308100   5.6606582300   14.1048037300  0.00000000  0.00000000  0.00000000  -0.5973317700
Cl   8.7157587000   8.4560059600   14.0851751200  0.00000000  0.00000000  0.00000000  -0.5974962400
Na   5.9672758200   11.2904780000   16.9013472700  0.00000000  0.00000000  0.00000000   0.5973150200
Na   6.0527735000   14.1079370800   2.8270297300  0.00000000  0.00000000  0.00000000   0.5951969800
Na   8.8049477900   11.2708237600   2.8036559500  0.00000000  0.00000000  0.00000000   0.5965386200
Na   8.9016868900   14.0785423600   16.9163253900  0.00000000  0.00000000  0.00000000   0.5967501600
Cl   8.8136979800   11.3103386500   16.9042179100  0.00000000  0.00000000  0.00000000  -0.5986309600
Cl   6.0711783400   14.0790425800   16.9056311100  0.00000000  0.00000000  0.00000000  -0.5998393300
Cl   5.9758289800   11.2684144000   2.8199322100  0.00000000  0.00000000  0.00000000  -0.5975852000
Cl   8.8813006200   14.1016434400   2.8263671000  0.00000000  0.00000000  0.00000000  -0.5988243900
Na   5.9805998600   11.2970082900   5.6420118300  0.00000000  0.00000000  0.00000000   0.5987530800
Na   6.0709691400   14.1090179000   8.4450946500  0.00000000  0.00000000  0.00000000   0.5982146500
Na   8.7691232900   11.3101905800   8.4906342900  0.00000000  0.00000000  0.00000000   0.5985803500
Na   8.8815098700   14.0710677200   5.6389025500  0.00000000  0.00000000  0.00000000   0.5968869100
Cl   8.7541571200   11.2940168400   5.6629540800  0.00000000  0.00000000  0.00000000  -0.5963451300
Cl   6.0751361800   14.0736755400   5.6625156200  0.00000000  0.00000000  0.00000000  -0.5969992100
Cl   6.0210134400   11.2844051000   8.4573234300  0.00000000  0.00000000  0.00000000  -0.5973617000
Cl   8.9296937100   14.0880467200   8.4592504400  0.00000000  0.00000000  0.00000000  -0.5969727700
Na   5.9588240700   11.2893285600   11.2932016900  0.00000000  0.00000000  0.00000000   0.5976691100
Na   6.0859960400   14.0896722000   14.1236162300  0.00000000  0.00000000  0.00000000   0.5962344800
Na   8.7852574600   11.2499708100   14.1276105100  0.00000000  0.00000000  0.00000000   0.5972861400
Na   8.8761184800   14.1205386400   11.2659207400  0.00000000  0.00000000  0.00000000   0.5985273000
Cl   8.8094111900   11.2603599000   11.3168969400  0.00000000  0.00000000  0.00000000  -0.5971643000
Cl   6.0544378400   14.0717875300   11.2613882500  0.00000000  0.00000000  0.00000000  -0.5970201000
Cl   5.9568774300   11.2739765300   14.1165148100  0.00000000  0.00000000  0.00000000  -0.5982341300
Cl   8.9115355600   14.0964643600   14.1025026300  0.00000000  0.00000000  0.00000000  -0.5974642800
Na   11.7840752500   16.9095305200   0.0248647800  0.00000000  0.00000000  0.00000000   0.5956950400
Na   11.3618561000   2.8087074300   2.7578720000  0.00000000  0.00000000  0.00000000   0.5983738700
Na   14.0740923400   0.0238864400   2.7855280000  0.00000000  0.00000000  0.00000000   0.6008556300
Na   14.2105519900   2.8082876000   16.8839985700  0.00000000  0.00000000  0.00000000   0.5974430500
Cl   14.6060600100   16.8801003000   16.9192462500  0.00000000  0.00000000  0.00000000  -0.6030035500
Cl   11.3786649400   2.8561332800   0.0266442100  0.00000000  0.00000000  0.00000000  -0.5972604800
Cl   11.8054982500   16.9016047500   2.8050767000  0.00000000  0.00000000  0.00000000  -0.6000887000
Cl   14.1632392100   2.8218438700   2.8261948900  0.00000000  0.00000000  0.00000000  -0.5967712500
Na   11.2786588200   0.0395176600   5.6226238800  0.00000000  0.00000000  0.00000000   0.5968287700
Na   11.3646886400   2.8473367300   8.5058675900  0.00000000  0.00000000  0.00000000   0.5960343000
Na   14.0969910000   0.0001750200   8.4563244200  0.00000000  0.00000000  0.00000000   0.5953116200
Na   14.2139238800   2.8255951500   5.6174179500  0.00000000  0.00000000  0.00000000   0.5973842500
Cl   14.0869300300   0.0081835600   5.5831510800  0.00000000  0.00000000  0.00000000  -0.5943618100
Cl   11.3417012800   2.8004806400   5.6342975900  0.00000000  0.00000000  0.00000000  -0.5963581100
Cl   11.2361780100   0.0129436600   8.4653463000  0.00000000  0.00000000  0.00000000  -0.6032632400
Cl   14.2188605400   2.8066239300   8.4866908300  0.00000000  0.00000000  0.00000000  -0.5975187800
Na   11.7833434600   16.9128516700   11.2714366800  0.00000000  0.00000000  0.00000000   0.5947803500
Na   11.3480234700   2.7960977200   14.1043640300  0.00000000  0.00000000  0.00000000   0.5971129300
Na   14.6388128500   16.8968526400   14.1081463900  0.00000000  0.00000000  0.00000000   0.6006796800
Na   14.1532049200   2.8145602100   11.2873363700  0.00000000  0.00000000  0.00000000   0.5963833400
Cl   14.6133259200   16.9098205500   11.2685710500  0.00000000  0.00000000  0.00000000  -0.5999354700
Cl   11.3457671100   2.8104317500   11.3209384600  0.00000000  0.00000000  0.00000000  -0.5985312700
Cl   11.7914122100   16.9093420100   14.0879960000  0.00000000  0.00000000  0.00000000  -0.5976226600
Cl   14.1860045300   2.8211625600   14.1270141000  0.00000000  0.00000000  0.00000000  -0.5956075500
Na   11.4544037000   5.6594071200   0.0311403200  0.00000000  0.00000000  0.00000000   0.5993180500
Na   11.5355211600   8.4731109400   2.8291073300  0.00000000  0.00000000  0.00000000   0.5980418100
Na   14.2550025700   5.6456860100   2.8214390300  0.00000000  0.00000000  0.00000000   0.5957606300
Na   14.3394420800   8.5003703200   16.8857463400  0.00000000  0.00000000  0.00000000   0.5960492400
Cl   14.2386840400   5.6423222900   0.0215722500  0.00000000  0.00000000  0.00000000  -0.5987910900
Cl   11.5170143600   8.4325684400   0.0263329600  0.00000000  0.00000000  0.00000000  -0.5978478500
Cl   11.4385058300   5.6233468500   2.8107159800  0.00000000  0.00000000  0.00000000  -0.5963234000
Cl   14.3664209200   8.4556238000   2.8283039900  0.00000000  0.00000000  0.00000000  -0.5967977300
Na   11.4636717300   5.6337051700   5.6255665700  0.00000000  0.00000000  0.00000000   0.5993315200
Na   11.5565331300   8.4451957600   8.4661972000  0.00000000  0.00000000  0.00000000   0.5984099700
Na   14.2461306600   5.6245741100   8.4585140800  0.00000000  0.00000000  0.00000000   0.5962602700
Na   14.3795439700   8.4684087600   5.6081401100  0.00000000  0.00000000  0.00000000   0.5968105300
Cl   14.2850691100   5.6349255900   5.6324685400  0.00000000  0.00000000  0.00000000  -0.5985821600
Cl   11.5559733200   8.4454516200   5.6174329000  0.00000000  0.00000000  0.00000000  -0.5965189000
Cl   11.4305488700   5.6335939900   8.4228842500  0.00000000  0.00000000  0.00000000  -0.5969587200
Cl   14.3473098000   8.4882246500   8.4362173500  0.00000000  0.00000000  0.00000000  -0.5978605700
Na   11.4752449400   5.6204342400   11.3189518100  0.00000000  0.00000000  0.00000000   0.5973583400
Na   11.5568181200   8.4626204300   14.1165748200  0.00000000  0.00000000  0.00000000   0.5970969200
Na   14.2498273200   5.6282706100   14.0884409900  0.00000000  0.00000000  0.00000000   0.5948757200
Na   14.4010571400   8.4830568100   11.2785411200  0.00000000  0.00000000  0.00000000   0.5950119300
Cl   14.2770416900   5.6341640100   11.2573340000  0.00000000  0.00000000  0.00000000  -0.5984280100
Cl   11.5503965400   8.4545043900   11.3019947300  0.00000000  0.00000000  0.00000000  -0.5965311200
Cl   11.4340908600   5.6045260100   14.0831399000  0.00000000  0.00000000  0.00000000  -0.5975205200
Cl   14.3651616800   8.4876783800   14.0966460700  0.00000000  0.00000000  0.00000000  -0.6001704500
Na   11.6246740800   11.3043492200   16.9175397300  0.00000000  0.00000000  0.00000000   0.5970565300
Na   11.6989990500   14.0942876700   2.8164302000  0.00000000  0.00000000  0.00000000   0.5976100300
Na   14.4275477200   11.2982501500   2.8259653100  0.00000000  0.00000000  0.00000000   0.5977643100
Na   14.5212689400   14.1137647500   16.9066150800  0.00000000  0.00000000  0.00000000   0.5966957200
Cl   14.4217942000   11.2993480000   16.9180275900  0.00000000  0.00000000  0.00000000  -0.5964323500
Cl   11.7198979400   14.1149708200   0.0126447100  0.00000000  0.00000000  0.00000000  -0.5983006200
Cl   11.6380123900   11.2731363700   2.8229844800  0.00000000  0.00000000  0.00000000  -0.5979418600
Cl   14.5331097600   14.1239866100   2.8548126100  0.00000000  0.00000000  0.00000000  -0.5979343500
Na   11.6560848500   11.2630416400   5.6583818500  0.00000000  0.00000000  0.00000000   0.5983392300
Na   11.6842276800   14.1046836700   8.4840885000  0.00000000  0.00000000  0.00000000   0.5961444700
Na   14.4469454400   11.2807833800   8.4759563900  0.00000000  0.00000000  0.00000000   0.5995245300
Na   14.5639753500   14.0832293200   5.6179091000  0.00000000  0.00000000  0.00000000   0.5985511800
Cl   14.4203419200   11.2742527300   5.6475912000  0.00000000  0.00000000  0.00000000  -0.5968971700
Cl   11.7182312700   14.1021514700   5.6322196300  0.00000000  0.00000000  0.00000000  -0.5957446400
Cl   11.6288355900   11.2559221700   8.4334361600  0.00000000  0.00000000  0.00000000  -0.5964469700
Cl   14.5143648400   14.0762000300   8.4790201200  0.00000000  0.00000000  0.00000000  -0.5962750800
Na   11.6368235200   11.2979202500   11.3033870600  0.00000000  0.00000000  0.00000000   0.5977418700
Na   11.6994109400   14.1154190100   14.0910984500  0.00000000  0.00000000  0.00000000   0.5979456300
Na   14.4623260600   11.2827694600   14.0815661500  0.00000000  0.00000000  0.00000000   0.5984864800
Na   14.5086543200   14.0937899700   11.2668560300  0.00000000  0.00000000  0.00000000   0.5978939900
Cl   14.4227480700   11.2943320100   11.2769350000  0.00000000  0.00000000  0.00000000  -0.5976771600
Cl   11.7067234400   14.0992034500   11.3145578200  0.00000000  0.00000000  0.00000000  -0.5986301400
Cl   11.6541990000   11.2750822700   14.1130916900  0.00000000  0.00000000  0.00000000  -0.5972209600
Cl   14.5211923700   14.0993773100   14.1016458700  0.00000000  0.00000000  0.00000000  -0.5961923500
# nacl216_train_like_00009 source=scripted_perturbation label=Ewald-QEq_teacher material=NaCl atoms=216
216
  17.4553039100  0.0000000000  0.0000000000  0.0000000000  16.4945278100  0.0000000000  0.0000000000  0.0000000000  16.8017373400
Na   17.4437725000   16.4927953700   16.7659404400  0.00000000  0.00000000  0.00000000   0.5985353900
Na   0.0437384800   2.7430793500   2.8027397400  0.00000000  0.00000000  0.00000000   0.5980399800
Na   2.9319953100   0.0193412300   2.7892813000  0.00000000  0.00000000  0.00000000   0.5978871400
Na   2.9107819700   2.7626457400   0.0190832000  0.00000000  0.00000000  0.00000000   0.5986068800
Cl   2.9666613900   0.0126849200   0.0041272000  0.00000000  0.00000000  0.00000000  -0.5969205500
Cl   17.4388171300   2.7336290700   0.0205159400  0.00000000  0.00000000  0.00000000  -0.5966227100
Cl   17.4402754500   16.4859807800   2.8323391700  0.00000000  0.00000000  0.00000000  -0.5966966500
Cl   2.9436682000   2.7100628400   2.8035089300  0.00000000  0.00000000  0.00000000  -0.5984359900
Na   17.4365440900   0.0318274400   5.6070787700  0.00000000  0.00000000  0.00000000   0.5990353500
Na   0.0102614900   2.7424008200   8.3490631100  0.00000000  0.00000000  0.00000000   0.5980671500
Na   2.8988240800   16.4859128300   8.3845413800  0.00000000  0.00000000  0.00000000   0.5983649700
Na   2.9125467800   2.7195315600   5.5887156400  0.00000000  0.00000000  0.00000000   0.5967899700
Cl   2.9079993600   16.4748079100   5.6085268200  0.00000000  0.00000000  0.00000000  -0.5976044200
Cl   0.0329753900   2.7585147400   5.6008046400  0.00000000  0.00000000  0.00000000  -0.5979633000
Cl   0.0151016000   0.0327380100   8.3582635900  0.00000000  0.00000000  0.00000000  -0.5972522400
Cl   2.9164846500   2.7643095300   8.4508624100  0.00000000  0.00000000  0.00000000  -0.5970768200
Na   17.4349600900   16.4494433800   11.2056735100  0.00000000  0.00000000  0.00000000   0.5979086800
Na   17.4182879200   2.8080340100   14.0003058400  0.00000000  0.00000000  0.00000000   0.5997190500
Na   2.8919320600   16.4831606100   14.0219418800  0.00000000  0.00000000  0.00000000   0.5991082700
Na   2.9231307800   2.7634653800   11.1792719900  0.00000000  0.00000000  0.00000000   0.6013124900
Cl   2.8602521300   0.0518146800   11.2302446200  0.00000000  0.00000000  0.00000000  -0.5963848600
Cl   0.0154753000   2.7099166400   11.2237877900  0.00000000  0.00000000  0.00000000  -0.5958733200
Cl   0.0134992100   0.0219659800   14.0430733600  0.00000000  0.00000000  0.00000000  -0.5974602600
Cl   2.9131652800   2.7619338400   13.9577797500  0.00000000  0.00000000  0.00000000  -0.5954489700
Na   17.4423495500   5.5093982500   16.7675242100  0.00000000  0.00000000  0.00000000   0.5987437000
Na   0.0179492500   8.2714347600   2.8176844600  0.00000000  0.00000000  0.00000000   0.5979560500
Na   2.9122528000   5.5052203600   2.8137867500  0.00000000  0.00000000  0.00000000   0.5964888000
Na   2.9042152100   8.2560577200   0.0160888400  0.00000000  0.00000000  0.00000000   0.5966857100
Cl   2.8646965000   5.4563476200   0.0119873600  0.00000000  0.00000000  0.00000000  -0.5979387300
Cl   17.4377580300   8.2581321700   16.7724054600  0.00000000  0.00000000  0.00000000  -0.5966230900
Cl   0.0056196200   5.4852390600   2.8065586300  0.00000000  0.00000000  0.00000000  -0.5971439500
Cl   2.8889951300   8.2553339300   2.7475915700  0.00000000  0.00000000  0.00000000  -0.5987366500
Na   17.4467116700   5.5353882900   5.6010721500  0.00000000  0.00000000  0.00000000   0.5972923800
Na   0.0571794700   8.2569007600   8.3901836300  0.00000000  0.00000000  0.00000000   0.5972646700
Na   2.8968983500   5.4705550200   8.3742453300  0.00000000  0.00000000  0.00000000   0.5983175800
Na   2.9523602200   8.2249227100   5.5932116000  0.00000000  0.00000000  0.00000000   0.5961376200
Cl   2.8933014700   5.5048835500   5.6232478400  0.00000000  0.00000000  0.00000000  -0.5987937800
Cl   17.4360911000   8.2691869700   5.5408894900  0.00000000  0.00000000  0.00000000  -0.5983648700
Cl   17.4498690300   5.4959304000   8.3854789000  0.00000000  0.00000000  0.00000000  -0.5981132400
Cl   2.9368285400   8.2237928200   8.3994018600  0.00000000  0.00000000  0.00000000  -0.5986070300
Na   0.0087998000   5.4564894800   11.1766576000  0.00000000  0.00000000  0.00000000   0.5972065000
Na   0.0189986700   8.2963531400   13.9652799300  0.00000000  0.00000000  0.00000000   0.5978773000
Na   2.9181022100   5.4707396700   14.0083073500  0.00000000  0.00000000  0.00000000   0.5979282400
Na   2.8888852800   8.2463305700   11.1762149800  0.00000000  0.00000000  0.00000000   0.5976152500
Cl   2.9002086500   5.4856618100   11.1854952500  0.00000000  0.00000000  0.00000000  -0.5969559700
Cl   0.0034468100   8.2628095000   11.1769916700  0.00000000  0.00000000  0.00000000  -0.5972983100
Cl   17.4528029300   5.4570944700   14.0345730500  0.00000000  0.00000000  0.00000000  -0.5975976200
Cl   2.9089528300   8.2541030100   13.9580006900  0.00000000  0.00000000  0.00000000  -0.5978796600
Na   17.4349225700   11.0024401900   0.0223128300  0.00000000  0.00000000  0.00000000   0.5973239300
Na   17.4439793200   13.7535017000   2.7680467700  0.00000000  0.00000000  0.00000000   0.5982897800
Na   2.9067704000   11.0174619100   2.7908305600  0.00000000  0.00000000  0.00000000   0.5974393600
Na   2.9221539000   13.7312671300   16.7913031000  0.00000000  0.00000000  0.00000000   0.5969650200
Cl   2.9045280600   10.9830090400   0.0334439400  0.00000000  0.00000000  0.00000000  -0.5987740200
Cl   17.4412645900   13.8049799700   16.8008461900  0.00000000  0.00000000  0.00000000  -0.5988044200
Cl   0.0087940400   10.9966497500   2.7855402600  0.00000000  0.00000000  0.00000000  -0.5983823300
Cl   2.9093001200   13.7356581900   2.8093634500  0.00000000  0.00000000  0.00000000  -0.5977804000
Na   17.4316764600   10.9685778700   5.5360070400  0.00000000  0.00000000  0.00000000   0.5985064700
Na   0.0043808900   13.7436454700   8.4344986800  0.00000000  0.00000000  0.00000000   0.5981792700
Na   2.9192667800   10.9876740800   8.3784424100  0.00000000  0.00000000  0.00000000   0.5970551900
Na   2.9086594300   13.7628926500   5.5871011600  0.00000000  0.00000000  0.00000000   0.5986766100
Cl   2.9135015100   10.9679026200   5.6188856300  0.00000000  0.00000000  0.00000000  -0.5973569300
Cl   17.4439560900   13.7500892800   5.6056823200  0.00000000  0.00000000  0.00000000  -0.5955640400
Cl   0.0201820000   11.0049712500   8.3669394500  0.00000000  0.00000000  0.00000000  -0.5974260500
Cl   2.9048176300   13.7835022600   8.3880996500  0.00000000  0.00000000  0.00000000  -0.5974183800
Na   17.4452144400   11.0460723200   11.1796529400  0.00000000  0.00000000  0.00000000   0.5967584400
Na   0.0036373800   13.7401672500   13.9902777500  0.00000000  0.00000000  0.00000000   0.5956871200
Na   2.8902159300   11.0196903800   14.0000777300  0.00000000  0.00000000  0.00000000   0.5963318100
Na   2.9070275000   13.7413315800   11.2228911700  0.00000000  0.00000000  0.00000000   0.5960112600
Cl   2.9158760600   10.9781089700   11.2231567500  0.00000000  0.00000000  0.00000000  -0.5989179600
Cl   17.4468184500   13.7274671700   11.1992341500  0.00000000  0.00000000  0.00000000  -0.5999590700
Cl   17.4400432200   10.9901426100   14.0207834000  0.00000000  0.00000000  0.00000000  -0.5987057600
Cl   2.9191660300   13.7511828200   14.0130137200  0.00000000  0.00000000  0.00000000  -0.5990091900
Na   5.8039353300   16.4537807600   0.0290699500  0.00000000  0.00000000  0.00000000   0.6009211700
Na   5.8401281000   2.7627010500   2.8548739400  0.00000000  0.00000000  0.00000000   0.5970155900
Na   8.7191512900   16.4864695400   2.8063444900  0.00000000  0.00000000  0.00000000   0.5982822100
Na   8.7125890700   2.7516541500   0.0017082700  0.00000000  0.00000000  0.00000000   0.5991894500
Cl   8.6787597700   16.4781815700   0.0137940300  0.00000000  0.00000000  0.00000000  -0.5959076700
Cl   5.8133650700   2.7239699700   16.7977073100  0.00000000  0.00000000  0.00000000  -0.5955852100
Cl   5.8349879100   16.4566730500   2.7942279000  0.00000000  0.00000000  0.00000000  -0.5976695800
Cl   8.7144383700   2.7012900600   2.7941406000  0.00000000  0.00000000  0.00000000  -0.5979615300
Na   5.8278149100   16.4853011400   5.5742501800  0.00000000  0.00000000  0.00000000   0.5973713500
Na   5.8521136600   2.7318163200   8.4056032400  0.00000000  0.00000000  0.00000000   0.5975732400
Na   8.6908383700   0.0020866800   8.4266126800  0.00000000  0.00000000  0.00000000   0.5986521200
Na   8.6866588500   2.7720989800   5.5690142800  0.00000000  0.00000000  0.00000000   0.5974219400
Cl   8.7415318100   0.0249021100   5.6289782400  0.00000000  0.00000000  0.00000000  -0.5970911500
Cl   5.8371674900   2.7467933100   5.6055688800  0.00000000  0.00000000  0.00000000  -0.5986279800
Cl   5.8078012600   0.0088518500   8.3856653600  0.00000000  0.00000000  0.00000000  -0.5983910200
Cl   8.7343027700   2.7414308600   8.4244468100  0.00000000  0.00000000  0.00000000  -0.5977358700
Na   5.7966243600   0.0029832800   11.1763503500  0.00000000  0.00000000  0.00000000   0.5972826000
Na   5.8150298900   2.7741396100   13.9805998100  0.00000000  0.00000000  0.00000000   0.5999087900
Na   8.7108407000   0.0010269500   13.9674622600  0.00000000  0.00000000  0.00000000   0.5987015900
Na   8.7382164800   2.7655349400   11.2111869900  0.00000000  0.00000000  0.00000000   0.5974817800
Cl   8.7227668000   0.0036162700   11.1523264300  0.00000000  0.00000000  0.00000000  -0.5980050100
Cl   5.7578626800   2.7658154200   11.2238417500  0.00000000  0.00000000  0.00000000  -0.5971600400
Cl   5.8293781200   0.0181456700   14.0506977400  0.00000000  0.00000000  0.00000000  -0.5954345900
Cl   8.7230329000   2.6895651400   13.9864280700  0.00000000  0.00000000  0.00000000  -0.5968646400
Na   5.8092343500   5.5231669100   0.0285845300  0.00000000  0.00000000  0.00000000   0.5963538800
Na   5.8112239200   8.2795404000   2.8267211900  0.00000000  0.00000000  0.00000000   0.5959906200
Na   8.7232132000   5.4835848400   2.7788735100  0.00000000  0.00000000  0.00000000   0.5964916400
Na   8.7113425900   8.2934470600   0.0090352800  0.00000000  0.00000000  0.00000000   0.5953799500
Cl   8.7708615900   5.4418575300   0.0209255900  0.00000000  0.00000000  0.00000000  -0.5976321900
Cl   5.8320026000   8.2162663100   0.0010397600  0.00000000  0.00000000  0.00000000  -0.6000772800
Cl   5.8284077000   5.5312052400   2.8110699400  0.00000000  0.00000000  0.00000000  -0.5987415900
Cl   8.7469229000   8.1955514400   2.8279923300  0.00000000  0.00000000  0.00000000  -0.5990827300
Na   5.8372239700   5.5683739900   5.6530945300  0.00000000  0.00000000  0.00000000   0.5953683000
Na   5.8113490900   8.2723258400   8.3641597300  0.00000000  0.00000000  0.00000000   0.5976747000
Na   8.6981138600   5.4921646500   8.3963803300  0.00000000  0.00000000  0.00000000   0.5976526400
Na   8.7001815900   8.2314877400   5.5540121300  0.00000000  0.00000000  0.00000000   0.5972744000
Cl   8.7407096300   5.5138984600   5.6122887100  0.00000000  0.00000000  0.00000000  -0.5993542700
Cl   5.8196424800   8.2775323800   5.6004654600  0.00000000  0.00000000  0.00000000  -0.6007107400
Cl   5.7922515500   5.4803690300   8.4331646200  0.00000000  0.00000000  0.00000000  -0.5983337800
Cl   8.7056144800   8.2307035000   8.3860444000  0.00000000  0.00000000  0.00000000  -0.5968551200
Na   5.7939066900   5.5014499700   11.1734705400  0.00000000  0.00000000  0.00000000   0.5984144700
Na   5.8109949800   8.2513926900   14.0253537500  0.00000000  0.00000000  0.00000000   0.5960095600
Na   8.6821248700   5.5097667100   13.9697536700  0.00000000  0.00000000  0.00000000   0.5972482200
Na   8.7299686400   8.2331440000   11.2498926300  0.00000000  0.00000000  0.00000000   0.5984361300
Cl   8.7543617300   5.4981825600   11.2075616600  0.00000000  0.00000000  0.00000000  -0.5977722400
Cl   5.8641104600   8.2401500600   11.1831316400  0.00000000  0.00000000  0.00000000  -0.5973245200
Cl   5.8186026100   5.4581448900   13.9878583000  0.00000000  0.00000000  0.00000000  -0.5980486400
Cl   8.7195494200   8.2077959300   13.9886731900  0.00000000  0.00000000  0.00000000  -0.5991612800
Na   5.8101229800   10.9523759300   0.0108953600  0.00000000  0.00000000  0.00000000   0.5957616300
Na   5.8065457000   13.7297418800   2.7833484800  0.00000000  0.00000000  0.00000000   0.5975011700
Na   8.7436902200   10.9887367600   2.8110997600  0.00000000  0.00000000  0.00000000   0.5964096000
Na   8.7150884000   13.7164471000   0.0248255400  0.00000000  0.00000000  0.00000000   0.5976333800
Cl   8.7468866800   11.0047096600   16.7910227400  0.00000000  0.00000000  0.00000000  -0.5993906000
Cl   5.8008398000   13.7668023800   0.0044596500  0.00000000  0.00000000  0.00000000  -0.5980400000
Cl   5.8105579400   10.9824646200   2.7807386800  0.00000000  0.00000000  0.00000000  -0.5991732200
Cl   8.7047540100   13.7394931800   2.8171268400  0.00000000  0.00000000  0.00000000  -0.5979559700
Na   5.8306250700   10.9641473600   5.5978661900  0.00000000  0.00000000  0.00000000   0.5976907700
Na   5.8272004200   13.7769361000   8.4089885900  0.00000000  0.00000000  0.00000000   0.5973822100
Na   8.7201509300   10.9645845000   8.4015862600  0.00000000  0.00000000  0.00000000   0.5985758500
Na   8.7197253100   13.7511432600   5.5859471900  0.00000000  0.00000000  0.00000000   0.5975300100
Cl   8.6832353900   10.9727150000   5.5701831500  0.00000000  0.00000000  0.00000000  -0.5978973000
Cl   5.8023719800   13.7492121000   5.6376541200  0.00000000  0.00000000  0.00000000  -0.5973316500
Cl   5.8181085600   10.9801692700   8.3887359100  0.00000000  0.00000000  0.00000000  -0.5975049100
Cl   8.7570424100   13.7308093300   8.4229815000  0.00000000  0.00000000  0.00000000  -0.5969841900
Na   5.7581569800   10.9591523400   11.2280360100  0.00000000  0.00000000  0.00000000   0.5970984100
Na   5.8201010000   13.7367329400   14.0401758400  0.00000000  0.00000000  0.00000000   0.5983102400
Na   8.7664523100   10.9847257400   13.9907678500  0.00000000  0.00000000  0.00000000   0.5960019500
Na   8.7183296600   13.7534346700   11.2173090000  0.00000000  0.00000000  0.00000000   0.5970915200
Cl   8.7332975100   10.9515515700   11.1516505500  0.00000000  0.00000000  0.00000000  -0.5974588900
Cl   5.8063564700   13.7853224800   11.2334256200  0.00000000  0.00000000  0.00000000  -0.5977280900
Cl   5.8185545100   11.0147585000   14.0036360000  0.00000000  0.00000000  0.00000000  -0.5985818400
Cl   8.7052111000   13.7582424900   14.0064057400  0.00000000  0.00000000  0.00000000  -0.5979175400
Na   11.6269324000   16.4888492400   0.0128479100  0.00000000  0.00000000  0.00000000   0.5976727000
Na   11.6836866500   2.7689911100   2.8049269000  0.00000000  0.00000000  0.00000000   0.5973000000
Na   14.5325901200   0.0361796200   2.7966660500  0.00000000  0.00000000  0.00000000   0.5977918400
Na   14.5349873900   2.7553917500   0.0269836700  0.00000000  0.00000000  0.00000000   0.5981055900
Cl   14.5554752400   0.0185138900   0.0000190400  0.00000000  0.00000000  0.00000000  -0.5974054100
Cl   11.6315586300   2.7551278700   0.0114833800  0.00000000  0.00000000  0.00000000  -0.5971643200
Cl   11.6564162300   0.0264932700   2.8098778400  0.00000000  0.00000000  0.00000000  -0.5979005200
Cl   14.5599927300   2.7539913400   2.7799625800  0.00000000  0.00000000  0.00000000  -0.5983597700
Na   11.6419298100   0.0194665000   5.5967994500  0.00000000  0.00000000  0.00000000   0.5982904000
Na   11.5983336100   2.7601803300   8.4151661800  0.00000000  0.00000000  0.00000000   0.5991205000
Na   14.5565007000   16.4926565600   8.3472604400  0.00000000  0.00000000  0.00000000   0.5986734300
Na   14.5287986600   2.7610000600   5.6181669000  0.00000000  0.00000000  0.00000000   0.5975615300
Cl   14.5724944400   16.4798244700   5.6258238000  0.00000000  0.00000000  0.00000000  -0.5980074700
Cl   11.6196818300   2.7237243500   5.6218587000  0.00000000  0.00000000  0.00000000  -0.5971746600
Cl   11.6370147600   0.0074827000   8.3900663700  0.00000000  0.00000000  0.00000000  -0.5958593900
Cl   14.5365739500   2.7618330800   8.3679181600  0.00000000  0.00000000  0.00000000  -0.5969998200
Na   11.6336903100   0.0430900300   11.2340983200  0.00000000  0.00000000  0.00000000   0.5975760500
Na   11.6729039700   2.7500354100   14.0094913000  0.00000000  0.00000000  0.00000000   0.5971107700
Na   14.5682953900   16.4903317100   13.9746878600  0.00000000  0.00000000  0.00000000   0.5965724500
Na   14.5263265100   2.7214804100   11.2143335200  0.00000000  0.00000000  0.00000000   0.5979461000
Cl   14.5461280400   16.4874169100   11.1676152500  0.00000000  0.00000000  0.00000000  -0.5980790600
Cl   11.6477898700   2.7457831700   11.1861393500  0.00000000  0.00000000  0.00000000  -0.5979528500
Cl   11.6311977300   0.0193534000   14.0218763800  0.00000000  0.00000000  0.00000000  -0.5982285000
Cl   14.6041137800   2.7307584200   13.9857916000  0.00000000  0.00000000  0.00000000  -0.5982631700
Na   11.6468022400   5.5333252400   0.0246839100  0.00000000  0.00000000  0.00000000   0.5975097600
Na   11.6575604200   8.2584297600   2.7977021700  0.00000000  0.00000000  0.00000000   0.5974296100
Na   14.5623518400   5.4571197400   2.7962819000  0.00000000  0.00000000  0.00000000   0.5981207100
Na   14.4997816300   8.2532856100   0.0113009900  0.00000000  0.00000000  0.00000000   0.5982504700
Cl   14.5617422400   5.4879925100   0.0234586700  0.00000000  0.00000000  0.00000000  -0.5980180800
Cl   11.6590187600   8.2779217300   0.0072005200  0.00000000  0.00000000  0.00000000  -0.5988697700
Cl   11.6902821900   5.5050893900   2.7973763600  0.00000000  0.00000000  0.00000000  -0.5985813600
Cl   14.5334484700   8.2771716800   2.7912597700  0.00000000  0.00000000  0.00000000  -0.5972640800
Na   11.5904187900   5.5185704700   5.5543165300  0.00000000  0.00000000  0.00000000   0.5974227500
Na   11.6250853200   8.2353024900   8.4000005300  0.00000000  0.00000000  0.00000000   0.5981401600
Na   14.5700417000   5.4768261800   8.4075986900  0.00000000  0.00000000  0.00000000   0.5985820000
Na   14.5313683500   8.2493354200   5.6023271900  0.00000000  0.00000000  0.00000000   0.5982049000
Cl   14.5089122600   5.4732437300   5.6026127700  0.00000000  0.00000000  0.00000000  -0.5972269000
Cl   11.6648878800   8.2655239100   5.5939172800  0.00000000  0.00000000  0.00000000  -0.5976151700
Cl   11.6194829000   5.5212282100   8.4398154400  0.00000000  0.00000000  0.00000000  -0.5962464000
Cl   14.5725139800   8.2288705900   8.4009337100  0.00000000  0.00000000  0.00000000  -0.5966651300
Na   11.6506486700   5.5174715400   11.2351929900  0.00000000  0.00000000  0.00000000   0.5984178100
Na   11.6314016600   8.2387058600   14.0078810100  0.00000000  0.00000000  0.00000000   0.5974676500
Na   14.5583065500   5.4800896500   14.0349067700  0.00000000  0.00000000  0.00000000   0.5973745700
Na   14.5245254800   8.2317128600   11.1876067600  0.00000000  0.00000000  0.00000000   0.5981056000
Cl   14.5259885700   5.4675454100   11.2033537800  0.00000000  0.00000000  0.00000000  -0.5972284200
Cl   11.6504756500   8.2679517800   11.2329254200  0.00000000  0.00000000  0.00000000  -0.5978539100
Cl   11.6470153900   5.5014096300   14.0066578700  0.00000000  0.00000000  0.00000000  -0.5977520800
Cl   14.5481645900   8.2438443200   14.0039757900  0.00000000  0.00000000  0.00000000  -0.5970580500
Na   11.6369485800   10.9942661800   16.7983356200  0.00000000  0.00000000  0.00000000   0.5977231900
Na   11.6643161000   13.7529906500   2.8249667200  0.00000000  0.00000000  0.00000000   0.5976093300
Na   14.5281385700   10.9893612800   2.7892459000  0.00000000  0.00000000  0.00000000   0.5977009900
Na   14.6016298400   13.7660272000   0.0025786400  0.00000000  0.00000000  0.00000000   0.5976485900
Cl   14.5651420000   10.9852835400   0.0019205600  0.00000000  0.00000000  0.00000000  -0.5977587000
Cl   11.6608573000   13.7414243600   16.7851242800  0.00000000  0.00000000  0.00000000  -0.5971194700
Cl   11.6364460700   11.0078158400   2.8319583800  0.00000000  0.00000000  0.00000000  -0.5978989600
Cl   14.5803902800   13.7536369200   2.8304337800  0.00000000  0.00000000  0.00000000  -0.5975833500
Na   11.6238058700   10.9943250100   5.6168175000  0.00000000  0.00000000  0.00000000   0.5982858900
Na   11.6415200500   13.7215420400   8.4406918700  0.00000000  0.00000000  0.00000000   0.5979312700
Na   14.5804408600   10.9940197600   8.3628139000  0.00000000  0.00000000  0.00000000   0.5985390600
Na   14.5579897800   13.7725690300   5.5844588500  0.00000000  0.00000000  0.00000000   0.5987709200
Cl   14.5498240700   10.9872679800   5.6173317300  0.00000000  0.00000000  0.00000000  -0.5971702900
Cl   11.6179545100   13.7074969300   5.5367761100  0.00000000  0.00000000  0.00000000  -0.5971452400
Cl   11.6268790400   10.9832169600   8.4194006900  0.00000000  0.00000000  0.00000000  -0.5971052900
Cl   14.5819779100   13.7564715000   8.3890951500  0.00000000  0.00000000  0.00000000  -0.5970292300
Na   11.6176251900   10.9737952300   11.2204461100  0.00000000  0.00000000  0.00000000   0.5977465100
Na   11.6233046500   13.7830446700   13.9973892800  0.00000000  0.00000000  0.00000000   0.5975078200
Na   14.5578356200   10.9913959600   14.0259484400  0.00000000  0.00000000  0.00000000   0.5979351400
Na   14.5234424700   13.7408394600   11.2009854700  0.00000000  0.00000000  0.00000000   0.5973379600
Cl   14.5373727600   11.0026278800   11.1495666100  0.00000000  0.00000000  0.00000000  -0.5969430100
Cl   11.6607919700   13.7701706400   11.1976912400  0.00000000  0.00000000  0.00000000  -0.5977807800
Cl   11.6340406700   10.9801589500   14.0371863400  0.00000000  0.00000000  0.00000000  -0.5979477000
Cl   14.5079423100   13.7031789600   14.0343340900  0.00000000  0.00000000  0.00000000  -0.5980398000
# nacl216_train_like_00010 source=scripted_perturbation label=Ewald-QEq_teacher material=NaCl atoms=216
216
  16.9200000000  0.0000000000  0.0000000000  0.0000000000  16.9200000000  0.0000000000  0.0000000000  0.0000000000  16.9200000000
Na   16.8785019000   0.0498471800   16.8841037000  0.00000000  0.00000000  0.00000000   0.5980291700
Na   0.0855205300   2.7593450800   2.7952641300  0.00000000  0.00000000  0.00000000   0.5972692100
Na   2.8623237600   0.0110103700   2.7962618200  0.00000000  0.00000000  0.00000000   0.5962714800
Na   2.8221250100   2.8380221900   16.9082985600  0.00000000  0.00000000  0.00000000   0.5969687700
Cl   2.7943640500   16.8587851000   0.0203683100  0.00000000  0.00000000  0.00000000  -0.5974882800
Cl   16.9070655700   2.8194268600   16.8738381300  0.00000000  0.00000000  0.00000000  -0.5972429800
Cl   16.8490126300   16.9064202700   2.8170453800  0.00000000  0.00000000  0.00000000  -0.5988767900
Cl   2.8140303800   2.8245023800   2.7801840700  0.00000000  0.00000000  0.00000000  -0.5989844300
Na   0.0455204000   16.9168986100   5.5883225200  0.00000000  0.00000000  0.00000000   0.5963168800
Na   0.0181264700   2.8243963900   8.4490441400  0.00000000  0.00000000  0.00000000   0.5980242400
Na   2.8385847000   16.8719566900   8.4506215600  0.00000000  0.00000000  0.00000000   0.5990268800
Na   2.8318631600   2.8022180500   5.7053920000  0.00000000  0.00000000  0.00000000   0.5983659900
Cl   2.8130173600   0.0311670500   5.6486397100  0.00000000  0.00000000  0.00000000  -0.5975584700
Cl   0.0463153900   2.8162781400   5.6377960100  0.00000000  0.00000000  0.00000000  -0.5969048900
Cl   0.0160128800   16.9081068100   8.4191229500  0.00000000  0.00000000  0.00000000  -0.5970146000
Cl   2.8536580300   2.7958845600   8.4578953000  0.00000000  0.00000000  0.00000000  -0.5966922600
Na   0.0342007700   0.0163879700   11.2733035700  0.00000000  0.00000000  0.00000000   0.5996945500
Na   0.0027413600   2.7988453800   14.0932207500  0.00000000  0.00000000  0.00000000   0.5997572800
Na   2.8061038100   0.0012580500   14.1365268800  0.00000000  0.00000000  0.00000000   0.5980140100
Na   2.8254536600   2.8021512000   11.2734361000  0.00000000  0.00000000  0.00000000   0.5992929800
Cl   2.7766573400   0.0079251900   11.2653467100  0.00000000  0.00000000  0.00000000  -0.5960558900
Cl   0.0484772300   2.7540986700   11.2822737700  0.00000000  0.00000000  0.00000000  -0.5965968900
Cl   16.8828558300   0.0170383500   14.1315077100  0.00000000  0.00000000  0.00000000  -0.5960322900
Cl   2.7420260800   2.8697808200   14.0627102800  0.00000000  0.00000000  0.00000000  -0.5968281100
Na   0.0568817700   5.6649388900   16.8978298800  0.00000000  0.00000000  0.00000000   0.5975596900
Na   0.0210250300   8.4731982900   2.7909338300  0.00000000  0.00000000  0.00000000   0.5970248800
Na   2.8363229000   5.6709396600   2.8021338100  0.00000000  0.00000000  0.00000000   0.5963051300
Na   2.8704351300   8.4598461300   0.0667875200  0.00000000  0.00000000  0.00000000   0.5974247900
Cl   2.8434236400   5.6319959800   16.8926749000  0.00000000  0.00000000  0.00000000  -0.5974285700
Cl   0.0317876000   8.4646747200   16.9113009800  0.00000000  0.00000000  0.00000000  -0.5982148000
Cl   16.8956012500   5.6409016100   2.8224920800  0.00000000  0.00000000  0.00000000  -0.5973156500
Cl   2.8476236000   8.4502928200   2.8030997000  0.00000000  0.00000000  0.00000000  -0.5997353900
Na   16.8978667400   5.6656131400   5.5990378200  0.00000000  0.00000000  0.00000000   0.5982190900
Na   0.0579804200   8.4937159000   8.4819724200  0.00000000  0.00000000  0.00000000   0.5995220000
Na   2.7804550000   5.6336598000   8.4350113200  0.00000000  0.00000000  0.00000000   0.5987089500
Na   2.8084707500   8.4819494100   5.6091077100  0.00000000  0.00000000  0.00000000   0.5980007300
Cl   2.8647805400   5.6239810400   5.6704172500  0.00000000  0.00000000  0.00000000  -0.5964667100
Cl   16.9167563600   8.4179360400   5.6644470200  0.00000000  0.00000000  0.00000000  -0.5965895800
Cl   0.0469309700   5.6390320800   8.4242597500  0.00000000  0.00000000  0.00000000  -0.5969309200
Cl   2.7855852900   8.4848953600   8.4470229000  0.00000000  0.00000000  0.00000000  -0.5971115100
Na   0.0006041800   5.6146388100   11.2291718400  0.00000000  0.00000000  0.00000000   0.5981882000
Na   16.8569526500   8.4906832400   14.1175046600  0.00000000  0.00000000  0.00000000   0.5955747000
Na   2.8359379900   5.5963640200   14.0419248000  0.00000000  0.00000000  0.00000000   0.5992606500
Na   2.8328868900   8.4625611500   11.3011895600  0.00000000  0.00000000  0.00000000   0.5954908700
Cl   2.8114672400   5.6077210700   11.2957105200  0.00000000  0.00000000  0.00000000  -0.5973515000
Cl   16.8637885400   8.3909016300   11.2019196000  0.00000000  0.00000000  0.00000000  -0.5982666100
Cl   0.0131198100   5.5931119700   14.0902537500  0.00000000  0.00000000  0.00000000  -0.5967247000
Cl   2.8112458600   8.4665028500   14.1240215800  0.00000000  0.00000000  0.00000000  -0.5968715300
Na   0.0261126400   11.2735037400   0.0235113300  0.00000000  0.00000000  0.00000000   0.5972297700
Na   16.8615368800   14.1249944200   2.8009881500  0.00000000  0.00000000  0.00000000   0.5984880600
Na   2.8575553800   11.2472141700   2.8195755700  0.00000000  0.00000000  0.00000000   0.5984206000
Na   2.8607202000   14.0496462600   0.0322469900  0.00000000  0.00000000  0.00000000   0.5996341800
Cl   2.8182184100   11.2936042300   0.0084423500  0.00000000  0.00000000  0.00000000  -0.5973504800
Cl   0.0009496100   14.0824751600   0.0270718000  0.00000000  0.00000000  0.00000000  -0.5964528600
Cl   16.9103464000   11.2968048900   2.8218129900  0.00000000  0.00000000  0.00000000  -0.5969154600
Cl   2.8484293600   14.0470125000   2.8094832900  0.00000000  0.00000000  0.00000000  -0.5956133700
Na   16.8338293500   11.2935968300   5.5777305700  0.00000000  0.00000000  0.00000000   0.5998648100
Na   16.8990824200   14.0808960700   8.4305678300  0.00000000  0.00000000  0.00000000   0.5966190500
Na   2.8185683700   11.3278249100   8.4622827500  0.00000000  0.00000000  0.00000000   0.5976844600
Na   2.7893665300   14.1139972600   5.6813443000  0.00000000  0.00000000  0.00000000   0.5989969600
Cl   2.8099009900   11.2787799700   5.6367274900  0.00000000  0.00000000  0.00000000  -0.5955629000
Cl   0.0026718400   13.9888255200   5.6004454600  0.00000000  0.00000000  0.00000000  -0.5977443700
Cl   0.0029208800   11.2983070600   8.4356507300  0.00000000  0.00000000  0.00000000  -0.5976384200
Cl   2.8751479300   14.0998930300   8.4443493600  0.00000000  0.00000000  0.00000000  -0.5983729400
Na   0.0002389900   11.2649501300   11.2682858600  0.00000000  0.00000000  0.00000000   0.5952166200
Na   16.8660507100   14.0413190200   14.0658496800  0.00000000  0.00000000  0.00000000   0.5985184700
Na   2.7980283000   11.2443813900   14.0796845900  0.00000000  0.00000000  0.00000000   0.5977971500
Na   2.8156991500   14.0801840000   11.2522578000  0.00000000  0.00000000  0.00000000   0.5992746500
Cl   2.8479874300   11.3036135100   11.3050162800  0.00000000  0.00000000  0.00000000  -0.5985318500
Cl   0.0517393200   14.1217013100   11.2808813700  0.00000000  0.00000000  0.00000000  -0.5967573900
Cl   0.0103680500   11.3104906700   14.0968772400  0.00000000  0.00000000  0.00000000  -0.5992557100
Cl   2.7846335000   14.1398922400   14.0506042400  0.00000000  0.00000000  0.00000000  -0.5951352200
Na   5.5995079800   16.9150947400   16.8910823200  0.00000000  0.00000000  0.00000000   0.5969798600
Na   5.5920557100   2.8378793100   2.8192189200  0.00000000  0.00000000  0.00000000   0.5954100000
Na   8.4814411600   0.0069235300   2.8339018600  0.00000000  0.00000000  0.00000000   0.5968585900
Na   8.4517085700   2.8229205400   0.0258897900  0.00000000  0.00000000  0.00000000   0.5968555800
Cl   8.4786737800   16.9036247000   16.9110269400  0.00000000  0.00000000  0.00000000  -0.5964643600
Cl   5.5931438100   2.8061172900   16.8790206000  0.00000000  0.00000000  0.00000000  -0.5979574500
Cl   5.6413545300   16.8833701100   2.8340967800  0.00000000  0.00000000  0.00000000  -0.5981209500
Cl   8.4707991300   2.7988967000   2.7865287300  0.00000000  0.00000000  0.00000000  -0.5987508100
Na   5.6860704700   0.0111337900   5.5765394000  0.00000000  0.00000000  0.00000000   0.5986860100
Na   5.6371117900   2.8591323100   8.4459598400  0.00000000  0.00000000  0.00000000   0.5997335500
Na   8.5061888100   0.0210986400   8.5003489000  0.00000000  0.00000000  0.00000000   0.5983826800
Na   8.5368797600   2.7960680300   5.6491585000  0.00000000  0.00000000  0.00000000   0.5973622100
Cl   8.4627161300   0.0601269700   5.6144117800  0.00000000  0.00000000  0.00000000  -0.5988428500
Cl   5.6423756400   2.8096110100   5.6474393000  0.00000000  0.00000000  0.00000000  -0.5970603700
Cl   5.6527923400   0.0029687500   8.4670958400  0.00000000  0.00000000  0.00000000  -0.5940958300
Cl   8.4303002300   2.8335913200   8.4921958400  0.00000000  0.00000000  0.00000000  -0.5971521500
Na   5.6403257400   0.0814094000   11.3488997800  0.00000000  0.00000000  0.00000000   0.5988012700
Na   5.6903802300   2.8098927000   14.0568140100  0.00000000  0.00000000  0.00000000   0.5978547100
Na   8.4495877500   0.0260155500   14.0778170300  0.00000000  0.00000000  0.00000000   0.5976387100
Na   8.4599706600   2.7872601300   11.2849796100  0.00000000  0.00000000  0.00000000   0.5972976400
Cl   8.4127843300   16.8851625500   11.2485548700  0.00000000  0.00000000  0.00000000  -0.5971773000
Cl   5.6410251500   2.8687777600   11.2833039400  0.00000000  0.00000000  0.00000000  -0.5980502600
Cl   5.6230326700   0.0163586900   14.0770493700  0.00000000  0.00000000  0.00000000  -0.5982555800
Cl   8.3873025800   2.8045684500   14.1127150700  0.00000000  0.00000000  0.00000000  -0.5979838000
Na   5.6802515900   5.6393430900   0.0254466100  0.00000000  0.00000000  0.00000000   0.5973810300
Na   5.6245215000   8.4922620900   2.7908327500  0.00000000  0.00000000  0.00000000   0.5980492700
Na   8.4449069300   5.6035626400   2.8496134200  0.00000000  0.00000000  0.00000000   0.5963329100
Na   8.4279244200   8.4661161800   16.8732568700  0.00000000  0.00000000  0.00000000   0.5987553600
Cl   8.4498197800   5.6640026100   0.0040552400  0.00000000  0.00000000  0.00000000  -0.5977732400
Cl   5.6641870100   8.4685908200   16.8820304100  0.00000000  0.00000000  0.00000000  -0.5983337700
Cl   5.6470611800   5.6937277500   2.8383861800  0.00000000  0.00000000  0.00000000  -0.5983501400
Cl   8.4484570600   8.4738328200   2.8170266500  0.00000000  0.00000000  0.00000000  -0.5978472800
Na   5.6563805700   5.6127405400   5.6630563100  0.00000000  0.00000000  0.00000000   0.5982691500
Na   5.6337764700   8.4961864600   8.4772135500  0.00000000  0.00000000  0.00000000   0.5967882900
Na   8.4788056500   5.6592603200   8.4882289100  0.00000000  0.00000000  0.00000000   0.5979527000
Na   8.4448931400   8.4812752300   5.6188778000  0.00000000  0.00000000  0.00000000   0.5956966900
Cl   8.4787414500   5.6106888600   5.6643620600  0.00000000  0.00000000  0.00000000  -0.5975111500
Cl   5.6393017200   8.4609852300   5.6338206900  0.00000000  0.00000000  0.00000000  -0.5972963100
Cl   5.6026694600   5.6011010600   8.4671671500  0.00000000  0.00000000  0.00000000  -0.5969051400
Cl   8.4297522200   8.4718630400   8.5156465400  0.00000000  0.00000000  0.00000000  -0.5975457400
Na   5.6301697600   5.6161172400   11.2556154600  0.00000000  0.00000000  0.00000000   0.5977934800
Na   5.6473635100   8.4540723400   14.0621205000  0.00000000  0.00000000  0.00000000   0.5974569300
Na   8.4158317800   5.6608760000   14.1265642700  0.00000000  0.00000000  0.00000000   0.5978779300
Na   8.4631233500   8.4289729300   11.2901973200  0.00000000  0.00000000  0.00000000   0.5973397700
Cl   8.4526000200   5.6238272700   11.2803693400  0.00000000  0.00000000  0.00000000  -0.5972618000
Cl   5.6430657500   8.4668001300   11.2735389900  0.00000000  0.00000000  0.00000000  -0.5991412800
Cl   5.6631138600   5.6295974800   14.1240176400  0.00000000  0.00000000  0.00000000  -0.5972700600
Cl   8.4667738700   8.4680122100   14.1244768600  0.00000000  0.00000000  0.00000000  -0.5979091000
Na   5.6952893800   11.2481423600   0.0009864600  0.00000000  0.00000000  0.00000000   0.5968690900
Na   5.6394998200   14.0859596300   2.7827589000  0.00000000  0.00000000  0.00000000   0.5980306100
Na   8.4447110300   11.2594494300   2.8466973600  0.00000000  0.00000000  0.00000000   0.5974040800
Na   8.4748931200   14.1149158300   0.0240026200  0.00000000  0.00000000  0.00000000   0.6003686600
Cl   8.4612594300   11.2699195200   0.0117399800  0.00000000  0.00000000  0.00000000  -0.5961959500
Cl   5.5848713400   14.0987532400   0.0149385100  0.00000000  0.00000000  0.00000000  -0.5972567100
Cl   5.6287989000   11.2012321100   2.8670782100  0.00000000  0.00000000  0.00000000  -0.5982873300
Cl   8.4359108400   14.0526939100   2.7365542000  0.00000000  0.00000000  0.00000000  -0.5981553900
Na   5.6579472100   11.2363443000   5.6547485200  0.00000000  0.00000000  0.00000000   0.5977925200
Na   5.5881732400   14.0915747000   8.4418181700  0.00000000  0.00000000  0.00000000   0.6006433300
Na   8.4590598200   11.2777123500   8.4292594000  0.00000000  0.00000000  0.00000000   0.5975464300
Na   8.4796513500   14.0711563000   5.6161430900  0.00000000  0.00000000  0.00000000   0.5948194200
Cl   8.4618526300   11.2817360100   5.6538978700  0.00000000  0.00000000  0.00000000  -0.5998069900
Cl   5.5645758600   14.1258687500   5.6509923200  0.00000000  0.00000000  0.00000000  -0.5959343100
Cl   5.6300564100   11.3115567500   8.4442126700  0.00000000  0.00000000  0.00000000  -0.5976259400
Cl   8.4388219500   14.0653103800   8.4629890300  0.00000000  0.00000000  0.00000000  -0.5950666800
Na   5.6323980600   11.2070981200   11.2781812000  0.00000000  0.00000000  0.00000000   0.5980623500
Na   5.6463927200   14.0850545000   14.0710942300  0.00000000  0.00000000  0.00000000   0.5980029500
Na   8.4680977000   11.2352820300   14.0713539600  0.00000000  0.00000000  0.00000000   0.5984674700
Na   8.4779299600   14.0656877900   11.3294712500  0.00000000  0.00000000  0.00000000   0.6001168400
Cl   8.4537248700   11.2729466000   11.3135131400  0.00000000  0.00000000  0.00000000  -0.5973422200
Cl   5.6736558900   14.1270551400   11.2716574200  0.00000000  0.00000000  0.00000000  -0.5944911200
Cl   5.6356576400   11.2529717900   14.0597175500  0.00000000  0.00000000  0.00000000  -0.5971145500
Cl   8.4570568300   14.0980281200   14.1262527600  0.00000000  0.00000000  0.00000000  -0.5956843100
Na   11.2901724600   0.0178723000   0.0130411900  0.00000000  0.00000000  0.00000000   0.5979265800
Na   11.2700633700   2.8332453600   2.7801210400  0.00000000  0.00000000  0.00000000   0.5964281800
Na   14.1257452600   16.8950725800   2.8128376200  0.00000000  0.00000000  0.00000000   0.5969183600
Na   14.0495432900   2.8294423400   16.9112077600  0.00000000  0.00000000  0.00000000   0.5975421500
Cl   14.0813126200   16.9065601800   16.9167846900  0.00000000  0.00000000  0.00000000  -0.5986954800
Cl   11.2778818400   2.8392420500   16.9020704600  0.00000000  0.00000000  0.00000000  -0.5987755200
Cl   11.2613140000   0.0115052700   2.7606798500  0.00000000  0.00000000  0.00000000  -0.5992639200
Cl   14.1182003400   2.8115049000   2.8416524200  0.00000000  0.00000000  0.00000000  -0.5969401700
Na   11.2790985500   16.9135571200   5.6322165000  0.00000000  0.00000000  0.00000000   0.5943540300
Na   11.3006882900   2.8024614000   8.4518995200  0.00000000  0.00000000  0.00000000   0.5958318300
Na   14.1156562000   16.9083770800   8.4226680600  0.00000000  0.00000000  0.00000000   0.5961625700
Na   14.0804134900   2.8474858500   5.6402028500  0.00000000  0.00000000  0.00000000   0.5967484200
Cl   14.0859619000   16.9113072000   5.6034793800  0.00000000  0.00000000  0.00000000  -0.5990352400
Cl   11.2856601000   2.8546240200   5.6254017300  0.00000000  0.00000000  0.00000000  -0.5991108100
Cl   11.2771080500   16.8916959200   8.5052603700  0.00000000  0.00000000  0.00000000  -0.5987306500
Cl   14.1383254100   2.8605367500   8.5084118900  0.00000000  0.00000000  0.00000000  -0.5975434200
Na   11.2871897900   0.0326683800   11.2992923900  0.00000000  0.00000000  0.00000000   0.5972720200
Na   11.2802128400   2.7829299300   14.1756409200  0.00000000  0.00000000  0.00000000   0.5980967600
Na   14.0542593400   16.8828560500   14.1048680200  0.00000000  0.00000000  0.00000000   0.5976556400
Na   14.1046895400   2.8446615600   11.3376490900  0.00000000  0.00000000  0.00000000   0.5989203400
Cl   14.1049575000   16.8958831200   11.2892206900  0.00000000  0.00000000  0.00000000  -0.5965821200
Cl   11.2852411900   2.7941581400   11.2919889100  0.00000000  0.00000000  0.00000000  -0.5973860200
Cl   11.2555259600   0.0154404600   14.1417414500  0.00000000  0.00000000  0.00000000  -0.5985798600
Cl   14.0647295100   2.8001615000   14.0962398600  0.00000000  0.00000000  0.00000000  -0.5971098100
Na   11.3005237000   5.6899809400   0.0126604900  0.00000000  0.00000000  0.00000000   0.5977865000
Na   11.2344479900   8.3876516600   2.8019278200  0.00000000  0.00000000  0.00000000   0.5965651200
Na   14.1234303900   5.6056038300   2.8647782500  0.00000000  0.00000000  0.00000000   0.5980542100
Na   14.0771941300   8.5041877400   16.8784970900  0.00000000  0.00000000  0.00000000   0.5959334000
Cl   14.0920448800   5.6198881100   16.8782741300  0.00000000  0.00000000  0.00000000  -0.5972213500
Cl   11.2425379600   8.4296245200   16.8655091800  0.00000000  0.00000000  0.00000000  -0.5980983500
Cl   11.2908324000   5.6650230200   2.8294950000  0.00000000  0.00000000  0.00000000  -0.5987082400
Cl   14.1429798800   8.4495121300   2.7907932100  0.00000000  0.00000000  0.00000000  -0.5964794000
Na   11.3133854600   5.6522822300   5.6346411200  0.00000000  0.00000000  0.00000000   0.5977530800
Na   11.3499468900   8.5009274000   8.5026186500  0.00000000  0.00000000  0.00000000   0.5970754200
Na   14.1159972400   5.6078272000   8.4139272000  0.00000000  0.00000000  0.00000000   0.5985297000
Na   14.0750117700   8.4938812900   5.6171006100  0.00000000  0.00000000  0.00000000   0.5977172100
Cl   14.0785888400   5.6054309000   5.6152566900  0.00000000  0.00000000  0.00000000  -0.5985619400
Cl   11.3470965600   8.4561988400   5.6259907600  0.00000000  0.00000000  0.00000000  -0.5981169600
Cl   11.2815537900   5.6415408200   8.4668013900  0.00000000  0.00000000  0.00000000  -0.5968238700
Cl   14.1316583300   8.4603986700   8.4823805400  0.00000000  0.00000000  0.00000000  -0.5970008400
Na   11.2706166200   5.5947404400   11.2689554400  0.00000000  0.00000000  0.00000000   0.5988884800
Na   11.3385030300   8.4014873500   14.0713744800  0.00000000  0.00000000  0.00000000   0.5975464300
Na   14.1601310100   5.6358478400   14.1590848700  0.00000000  0.00000000  0.00000000   0.5976907800
Na   14.1358526800   8.5082625600   11.3078071700  0.00000000  0.00000000  0.00000000   0.5981939900
Cl   14.0936530000   5.5790444200   11.2352350500  0.00000000  0.00000000  0.00000000  -0.5955862600
Cl   11.2886092600   8.3998424200   11.2665931300  0.00000000  0.00000000  0.00000000  -0.5977558500
Cl   11.2753111600   5.6058687400   14.1129401300  0.00000000  0.00000000  0.00000000  -0.5961539900
Cl   14.0903172600   8.4342692600   14.1005907700  0.00000000  0.00000000  0.00000000  -0.5998475900
Na   11.3234797900   11.2517481300   0.0051007700  0.00000000  0.00000000  0.00000000   0.5977896400
Na   11.3018144300   14.1456890400   2.8382749100  0.00000000  0.00000000  0.00000000   0.5953618200
Na   14.0463331200   11.3505576400   2.7674203600  0.00000000  0.00000000  0.00000000   0.5965556700
Na   14.1159474300   14.1073720400   16.9149155200  0.00000000  0.00000000  0.00000000   0.5949492900
Cl   14.0937748000   11.2961211400   16.9050111300  0.00000000  0.00000000  0.00000000  -0.6000971800
Cl   11.1935985200   14.0996797800   16.8868492200  0.00000000  0.00000000  0.00000000  -0.5968279400
Cl   11.2802276400   11.2720499600   2.7932646200  0.00000000  0.00000000  0.00000000  -0.5983244100
Cl   14.1208245100   14.0707807000   2.8928664600  0.00000000  0.00000000  0.00000000  -0.6002878000
Na   11.2681567200   11.2879522700   5.5947983900  0.00000000  0.00000000  0.00000000   0.5959996200
Na   11.3417302500   14.0854397000   8.4503108600  0.00000000  0.00000000  0.00000000   0.5973188500
Na   14.1258170900   11.2034293600   8.4277903700  0.00000000  0.00000000  0.00000000   0.5976780200
Na   14.0922122300   14.1438601300   5.6141170300  0.00000000  0.00000000  0.00000000   0.5969769600
Cl   14.1395540600   11.2678010200   5.6704231400  0.00000000  0.00000000  0.00000000  -0.5978642000
Cl   11.3081690100   14.0834149800   5.6110936300  0.00000000  0.00000000  0.00000000  -0.5998780900
Cl   11.3062175200   11.2839425200   8.4674266100  0.00000000  0.00000000  0.00000000  -0.5981381100
Cl   14.0616442700   14.0883482100   8.4797299000  0.00000000  0.00000000  0.00000000  -0.5980801000
Na   11.2657461400   11.2581621200   11.2795512300  0.00000000  0.00000000  0.00000000   0.5959870000
Na   11.3210242400   14.1319425500   14.0944285500  0.00000000  0.00000000  0.00000000   0.5976203400
Na   14.0974310400   11.3282831700   14.1231131100  0.00000000  0.00000000  0.00000000   0.5953130300
Na   14.0382603100   14.0856267700   11.2994786300  0.00000000  0.00000000  0.00000000   0.5958183600
Cl   14.1071282300   11.2185039200   11.2870728600  0.00000000  0.00000000  0.00000000  -0.5989646000
Cl   11.2261721000   14.1265426800   11.3140820600  0.00000000  0.00000000  0.00000000  -0.5979781500
Cl   11.2906190200   11.2905796400   14.1200630300  0.00000000  0.00000000  0.00000000  -0.5972051600
Cl   14.1190160800   14.1152519500   14.1034283800  0.00000000  0.00000000  0.00000000  -0.6003078200
# nacl216_train_like_00011 source=scripted_perturbation label=Ewald-QEq_teacher material=NaCl atoms=216
216
  17.9052755300  0.0000000000  0.0000000000  0.0000000000  17.9052755300  0.0000000000  0.0000000000  0.0000000000  17.9052755300
Na   0.0111073300   17.8841177700   17.8825539800  0.00000000  0.00000000  0.00000000   0.5943929200
Na   0.0133295300   2.9660698100   2.9763335200  0.00000000  0.00000000  0.00000000   0.5955959400
Na   2.9589090600   17.8845522000   2.9691163900  0.00000000  0.00000000  0.00000000   0.5951198600
Na   2.9907475000   3.0078033300   0.0367185300  0.00000000  0.00000000  0.00000000   0.5942755400
Cl   3.0074864600   0.0090653900   0.0259979200  0.00000000  0.00000000  0.00000000  -0.5945244700
Cl   17.8846790400   2.9931058900   0.0024590400  0.00000000  0.00000000  0.00000000  -0.5939719000
Cl   17.8768166400   0.0035031100   2.9583360300  0.00000000  0.00000000  0.00000000  -0.5944304200
Cl   2.9756190800   2.9843768300   2.9903560800  0.00000000  0.00000000  0.00000000  -0.5944662600
Na   17.8975524800   0.0308006500   5.9603109600  0.00000000  0.00000000  0.00000000   0.5941669700
Na   0.0322456800   2.9973182100   8.9537764300  0.00000000  0.00000000  0.00000000   0.5947600300
Na   2.9809640100   0.0217650900   8.9771985800  0.00000000  0.00000000  0.00000000   0.5948901700
Na   2.9978322100   2.9792034500   5.9310477800  0.00000000  0.00000000  0.00000000   0.5958344600
Cl   3.0121621000   17.8957194300   5.9702284200  0.00000000  0.00000000  0.00000000  -0.5934076300
Cl   0.0357960500   2.9982583400   5.9453940700  0.00000000  0.00000000  0.00000000  -0.5941192300
Cl   0.0098505300   0.0094951400   8.9425462900  0.00000000  0.00000000  0.00000000  -0.5937440300
Cl   2.9590441600   2.9920771100   8.9573331200  0.00000000  0.00000000  0.00000000  -0.5944422000
Na   17.8983989400   17.8787001700   11.9709029200  0.00000000  0.00000000  0.00000000   0.5952771700
Na   0.0205882900   2.9922601500   14.8902912200  0.00000000  0.00000000  0.00000000   0.5953961300
Na   2.9792872500   0.0078735100   14.9350239600  0.00000000  0.00000000  0.00000000   0.5944970100
Na   3.0340980600   2.9570651600   11.9130710000  0.00000000  0.00000000  0.00000000   0.5946095800
Cl   2.9946984300   0.0125600900   11.9685447200  0.00000000  0.00000000  0.00000000  -0.5941799900
Cl   17.8473534000   2.9716406700   11.9773762800  0.00000000  0.00000000  0.00000000  -0.5935477700
Cl   17.8870248200   17.8852740000   14.9129635300  0.00000000  0.00000000  0.00000000  -0.5945983300
Cl   2.9706510200   2.9770483100   14.8899788000  0.00000000  0.00000000  0.00000000  -0.5941719000
Na   17.9030671500   5.9813761800   0.0000863700  0.00000000  0.00000000  0.00000000   0.5941879800
Na   0.0394506300   8.9861807200   2.9927710800  0.00000000  0.00000000  0.00000000   0.5956226600
Na   2.9985642500   5.9753392700   3.0111164800  0.00000000  0.00000000  0.00000000   0.5947029900
Na   3.0227966800   8.9733992400   17.8950431500  0.00000000  0.00000000  0.00000000   0.5942107500
Cl   2.9987510900   5.9646163200   0.0308426500  0.00000000  0.00000000  0.00000000  -0.5943159900
Cl   0.0175809200   8.9943924700   17.9008248200  0.00000000  0.00000000  0.00000000  -0.5942334700
Cl   17.8622113400   5.9527254100   3.0080582400  0.00000000  0.00000000  0.00000000  -0.5934509000
Cl   2.9758223600   8.9310218000   2.9475619200  0.00000000  0.00000000  0.00000000  -0.5949082400
Na   17.8982603300   5.9817670900   5.9689540900  0.00000000  0.00000000  0.00000000   0.5953929600
Na   17.8761988900   8.9524667400   8.9195801200  0.00000000  0.00000000  0.00000000   0.5938610500
Na   2.9918377100   5.9394306400   8.9312225100  0.00000000  0.00000000  0.00000000   0.5950994000
Na   3.0106160600   8.9342450300   5.9702056000  0.00000000  0.00000000  0.00000000   0.5937114100
Cl   2.9965450200   5.9430684200   5.9747980900  0.00000000  0.00000000  0.00000000  -0.5945529500
Cl   0.0010370300   8.9043102600   5.9378341800  0.00000000  0.00000000  0.00000000  -0.5949269900
Cl   0.0122386700   5.9912417600   8.9480359700  0.00000000  0.00000000  0.00000000  -0.5947163900
Cl   2.9690699700   8.9762836100   8.9503144400  0.00000000  0.00000000  0.00000000  -0.5950872300
Na   17.9014413000   5.9845135900   11.9405847200  0.00000000  0.00000000  0.00000000   0.5949066900
Na   0.0098656700   8.9680542400   14.9526284400  0.00000000  0.00000000  0.00000000   0.5950765300
Na   3.0053170800   5.9555620900   14.9103175400  0.00000000  0.00000000  0.00000000   0.5945718000
Na   3.0001501000   8.9783841700   11.9094777500  0.00000000  0.00000000  0.00000000   0.5946125900
Cl   2.9876960900   5.9558618900   11.9210757100  0.00000000  0.00000000  0.00000000  -0.5937591100
Cl   17.8916993400   8.9571164600   11.9833498200  0.00000000  0.00000000  0.00000000  -0.5938489200
Cl   0.0219335400   5.9565160200   14.9145500800  0.00000000  0.00000000  0.00000000  -0.5943898600
Cl   3.0167608200   8.9597242600   14.9049344800  0.00000000  0.00000000  0.00000000  -0.5943815100
Na   17.8818316600   11.9299278200   17.8833040800  0.00000000  0.00000000  0.00000000   0.5951045600
Na   0.0192056500   14.9265800600   2.9720748200  0.00000000  0.00000000  0.00000000   0.5940132300
Na   2.9880249900   11.9436965400   3.0025702200  0.00000000  0.00000000  0.00000000   0.5943366700
Na   3.0067204300   14.9230777900   17.8659095800  0.00000000  0.00000000  0.00000000   0.5950899700
Cl   2.9696954700   11.9646097600   0.0114409100  0.00000000  0.00000000  0.00000000  -0.5944159800
Cl   0.0251211500   14.9305374000   0.0174193400  0.00000000  0.00000000  0.00000000  -0.5947970700
Cl   0.0045748400   11.9045074400   2.9674883800  0.00000000  0.00000000  0.00000000  -0.5944989200
Cl   2.9797038800   14.9309587300   2.9507286000  0.00000000  0.00000000  0.00000000  -0.5941880800
Na   17.8910170800   11.9411950200   6.0068680100  0.00000000  0.00000000  0.00000000   0.5927670300
Na   17.8947947700   14.9050162200   8.9139166700  0.00000000  0.00000000  0.00000000   0.5946293500
Na   2.9867456500   11.8845329900   8.9332624800  0.00000000  0.00000000  0.00000000   0.5951074800
Na   2.9768305400   14.9232299400   5.9805160400  0.00000000  0.00000000  0.00000000   0.5949721700
Cl   2.9952485600   11.9494882000   5.9900266700  0.00000000  0.00000000  0.00000000  -0.5950141100
Cl   17.8936603100   14.9294223600   5.9990866000  0.00000000  0.00000000  0.00000000  -0.5950639000
Cl   0.0419727300   11.9093901900   8.9950828000  0.00000000  0.00000000  0.00000000  -0.5957863200
Cl   2.9767016400   14.8878946700   8.9399023100  0.00000000  0.00000000  0.00000000  -0.5933625900
Na   17.8970696900   11.9173800000   11.9079425700  0.00000000  0.00000000  0.00000000   0.5955257800
Na   17.8823122200   14.9210851700   14.9173362800  0.00000000  0.00000000  0.00000000   0.5949016400
Na   2.9804741700   11.9083166100   14.9513964800  0.00000000  0.00000000  0.00000000   0.5946065400
Na   2.9880584600   14.9055275600   11.9402643600  0.00000000  0.00000000  0.00000000   0.5953662200
Cl   3.0064629100   11.9311696800   11.9296716200  0.00000000  0.00000000  0.00000000  -0.5938721400
Cl   17.8804792900   14.8979517300   11.9584554100  0.00000000  0.00000000  0.00000000  -0.5934116100
Cl   17.8992306200   11.9025946500   14.9240770800  0.00000000  0.00000000  0.00000000  -0.5941845600
Cl   2.9518950600   14.9048393500   14.9168254200  0.00000000  0.00000000  0.00000000  -0.5943773800
Na   5.9759595800   0.0193194400   17.8838627600  0.00000000  0.00000000  0.00000000   0.5951066200
Na   5.9813955000   2.9809151300   2.9737155300  0.00000000  0.00000000  0.00000000   0.5942828800
Na   8.9596139900   17.8818217900   2.9723809400  0.00000000  0.00000000  0.00000000   0.5933993100
Na   8.9496602200   2.9539713700   17.8885495900  0.00000000  0.00000000  0.00000000   0.5949043300
Cl   8.9269358000   17.8856510600   17.8917121600  0.00000000  0.00000000  0.00000000  -0.5953229900
Cl   5.9863924700   2.9630314000   0.0021117000  0.00000000  0.00000000  0.00000000  -0.5944136300
Cl   5.9492142900   17.9026585200   3.0007474500  0.00000000  0.00000000  0.00000000  -0.5938702300
Cl   8.9730238400   2.9652511200   2.9664180400  0.00000000  0.00000000  0.00000000  -0.5948777500
Na   5.9936548400   0.0202266400   5.9579840000  0.00000000  0.00000000  0.00000000   0.5957788400
Na   5.9932210800   2.9834348300   8.9800587700  0.00000000  0.00000000  0.00000000   0.5950928600
Na   8.9691708200   17.8860580200   8.9574338800  0.00000000  0.00000000  0.00000000   0.5950694300
Na   8.9653370300   2.9768401100   5.9367859900  0.00000000  0.00000000  0.00000000   0.5941601200
Cl   8.9379936000   0.0412151200   5.9833117800  0.00000000  0.00000000  0.00000000  -0.5950183000
Cl   5.9297623100   2.9945942700   5.9962149800  0.00000000  0.00000000  0.00000000  -0.5940347400
Cl   5.9471498000   17.8904555400   8.9394871500  0.00000000  0.00000000  0.00000000  -0.5940148100
Cl   8.9185720500   2.9629454000   8.9665143500  0.00000000  0.00000000  0.00000000  -0.5945333900
Na   6.0114844800   0.0287886700   11.9402867500  0.00000000  0.00000000  0.00000000   0.5941949100
Na   5.9758554700   2.9857561000   14.8964133500  0.00000000  0.00000000  0.00000000   0.5948757300
Na   8.9576179200   0.0124885700   14.9088270800  0.00000000  0.00000000  0.00000000   0.5944874200
Na   8.9130782400   2.9939451500   11.9171265500  0.00000000  0.00000000  0.00000000   0.5937458600
Cl   8.9557485100   17.9030366500   11.9038280100  0.00000000  0.00000000  0.00000000  -0.5950876500
Cl   5.9847660400   2.9929675700   11.9334638600  0.00000000  0.00000000  0.00000000  -0.5955381600
Cl   5.9700613500   0.0379890400   14.9006021600  0.00000000  0.00000000  0.00000000  -0.5943750700
Cl   8.9470282900   2.9592833400   14.9358939000  0.00000000  0.00000000  0.00000000  -0.5947029000
Na   5.9862166900   5.9793053000   0.0059169200  0.00000000  0.00000000  0.00000000   0.5942999000
Na   5.9703488200   8.9565676700   2.9821004600  0.00000000  0.00000000  0.00000000   0.5935703300
Na   8.9642942800   5.9740025100   3.0163167600  0.00000000  0.00000000  0.00000000   0.5930621800
Na   8.9627721500   8.9301470900   17.8938872900  0.00000000  0.00000000  0.00000000   0.5947511600
Cl   8.9466169500   5.9627122800   17.8843441100  0.00000000  0.00000000  0.00000000  -0.5943764200
Cl   6.0023657400   8.9376297000   0.0283027700  0.00000000  0.00000000  0.00000000  -0.5951981000
Cl   5.9599631300   5.9407106700   2.9981455700  0.00000000  0.00000000  0.00000000  -0.5951268300
Cl   8.9586795500   8.9799990200   2.9755747000  0.00000000  0.00000000  0.00000000  -0.5953082400
Na   5.9669764900   5.9642119500   5.9589631500  0.00000000  0.00000000  0.00000000   0.5942160500
Na   5.9534157000   8.9912177100   9.0071252500  0.00000000  0.00000000  0.00000000   0.5935622500
Na   8.9592087500   5.9737795300   8.9427356400  0.00000000  0.00000000  0.00000000   0.5937629700
Na   8.9432239600   8.9728880600   5.9582819400  0.00000000  0.00000000  0.00000000   0.5930553000
Cl   8.9877861500   5.9484416500   5.9695928500  0.00000000  0.00000000  0.00000000  -0.5959577000
Cl   5.9343861900   8.9454321400   5.9814684700  0.00000000  0.00000000  0.00000000  -0.5953038900
Cl   5.9565178700   5.9443301700   8.9599354700  0.00000000  0.00000000  0.00000000  -0.5940977600
Cl   8.9578458900   8.9666170200   8.9317379300  0.00000000  0.00000000  0.00000000  -0.5951142200
Na   5.9740939500   5.9917581800   11.9444439200  0.00000000  0.00000000  0.00000000   0.5950022000
Na   6.0162050800   8.9475281900   14.9171240400  0.00000000  0.00000000  0.00000000   0.5935989100
Na   8.9737197700   5.9659119200   14.9047637000  0.00000000  0.00000000  0.00000000   0.5942047300
Na   8.9686160200   8.9793354700   11.9459320500  0.00000000  0.00000000  0.00000000   0.5943073100
Cl   8.9001557500   5.9858200600   11.9349596800  0.00000000  0.00000000  0.00000000  -0.5951639600
Cl   5.9728159200   8.9515577600   11.9459774400  0.00000000  0.00000000  0.00000000  -0.5955253800
Cl   5.9656890700   5.9389085400   14.9061099600  0.00000000  0.00000000  0.00000000  -0.5947517600
Cl   8.9827621700   8.9560618000   14.9194604200  0.00000000  0.00000000  0.00000000  -0.5952297700
Na   5.9808633800   11.9539759500   0.0215789800  0.00000000  0.00000000  0.00000000   0.5938907800
Na   5.9772319500   14.9107598100   2.9691988700  0.00000000  0.00000000  0.00000000   0.5948079700
Na   8.9883653400   11.9534989900   2.9664546400  0.00000000  0.00000000  0.00000000   0.5946723400
Na   8.9845691300   14.9511667400   17.9020854900  0.00000000  0.00000000  0.00000000   0.5943588600
Cl   8.9736143700   11.9240569600   0.0121599400  0.00000000  0.00000000  0.00000000  -0.5944746200
Cl   5.9737051300   14.9428894800   17.8674699400  0.00000000  0.00000000  0.00000000  -0.5945246800
Cl   5.9503542100   11.9539770400   2.9713939300  0.00000000  0.00000000  0.00000000  -0.5947706800
Cl   8.9239272800   14.9031233500   2.9622555000  0.00000000  0.00000000  0.00000000  -0.5954140800
Na   5.9702580400   11.9320769600   5.9855809400  0.00000000  0.00000000  0.00000000   0.5939646300
Na   5.9794707500   14.9213194700   8.9607976100  0.00000000  0.00000000  0.00000000   0.5945908100
Na   8.9656944400   11.9240900500   8.9497543000  0.00000000  0.00000000  0.00000000   0.5942649300
Na   8.9637642400   14.9402929300   5.9912854500  0.00000000  0.00000000  0.00000000   0.5933633400
Cl   8.9627209400   11.9364071200   5.9569864300  0.00000000  0.00000000  0.00000000  -0.5949647300
Cl   5.9608923200   14.9385763300   5.9793945900  0.00000000  0.00000000  0.00000000  -0.5938310200
Cl   5.9888805500   11.9359865800   8.9495093100  0.00000000  0.00000000  0.00000000  -0.5953836400
Cl   8.9784505800   14.9248903600   8.9864646100  0.00000000  0.00000000  0.00000000  -0.5951052900
Na   5.9740244300   11.9336663000   11.9170298600  0.00000000  0.00000000  0.00000000   0.5941901600
Na   5.9368052800   14.9010633600   14.9352600200  0.00000000  0.00000000  0.00000000   0.5948764500
Na   8.9769969100   11.9220772700   14.9384034800  0.00000000  0.00000000  0.00000000   0.5951216600
Na   8.9284413000   14.9455546300   11.9393065100  0.00000000  0.00000000  0.00000000   0.5947174200
Cl   9.0065855600   11.9246292700   11.9405521800  0.00000000  0.00000000  0.00000000  -0.5939517500
Cl   5.9266142900   14.9081560600   11.9529002900  0.00000000  0.00000000  0.00000000  -0.5943342900
Cl   5.9867028300   11.9634297400   14.9212326500  0.00000000  0.00000000  0.00000000  -0.5942960100
Cl   8.9591011600   14.9239450200   14.9172315100  0.00000000  0.00000000  0.00000000  -0.5938387900
Na   11.9330098400   17.8929344300   17.8934097900  0.00000000  0.00000000  0.00000000   0.5932999000
Na   11.9350573800   2.9690474400   2.9721321800  0.00000000  0.00000000  0.00000000   0.5949695100
Na   14.8970077000   0.0189034000   3.0264455700  0.00000000  0.00000000  0.00000000   0.5952165800
Na   14.9448633200   2.9588491700   0.0168572500  0.00000000  0.00000000  0.00000000   0.5954927300
Cl   14.9042931500   17.8895685200   0.0389753600  0.00000000  0.00000000  0.00000000  -0.5945738500
Cl   11.9345811900   2.9737998000   0.0097270500  0.00000000  0.00000000  0.00000000  -0.5938665400
Cl   11.9486040600   0.0236067600   2.9866871900  0.00000000  0.00000000  0.00000000  -0.5954782700
Cl   14.9478384600   2.9629727600   2.9840765100  0.00000000  0.00000000  0.00000000  -0.5937829100
Na   11.9429109500   17.8875338100   5.9390111200  0.00000000  0.00000000  0.00000000   0.5939747700
Na   11.9310148200   2.9797907400   8.9316598600  0.00000000  0.00000000  0.00000000   0.5941123200
Na   14.9075763600   0.0192844600   8.9264378400  0.00000000  0.00000000  0.00000000   0.5941024200
Na   14.9338595100   2.9850313300   5.9711452400  0.00000000  0.00000000  0.00000000   0.5947239100
Cl   14.9209641000   17.8991671600   5.9741327100  0.00000000  0.00000000  0.00000000  -0.5955007900
Cl   11.9429386200   2.9647481400   5.9906846400  0.00000000  0.00000000  0.00000000  -0.5945049300
Cl   11.8900328000   0.0097807400   8.9612323700  0.00000000  0.00000000  0.00000000  -0.5948286400
Cl   14.9560738600   3.0091496100   8.9418470000  0.00000000  0.00000000  0.00000000  -0.5945388700
Na   11.9323849200   17.9024075300   11.9097415000  0.00000000  0.00000000  0.00000000   0.5953055900
Na   11.9465022000   2.9503916000   14.9115190100  0.00000000  0.00000000  0.00000000   0.5947278600
Na   14.9130691600   17.8876518000   14.9217985400  0.00000000  0.00000000  0.00000000   0.5946132600
Na   14.9168274900   3.0169341800   11.9311165000  0.00000000  0.00000000  0.00000000   0.5954487400
Cl   14.9272236800   17.8962245100   11.9178673600  0.00000000  0.00000000  0.00000000  -0.5932648100
Cl   11.9729302800   2.9921376300   11.9524250500  0.00000000  0.00000000  0.00000000  -0.5946028100
Cl   11.9184183300   17.8686486900   14.8577630800  0.00000000  0.00000000  0.00000000  -0.5949962800
Cl   14.9117299600   2.9602414800   14.9404755600  0.00000000  0.00000000  0.00000000  -0.5935661500
Na   11.9230334400   5.9703693600   0.0194833300  0.00000000  0.00000000  0.00000000   0.5956932100
Na   11.9167383700   8.9490178600   2.9967365500  0.00000000  0.00000000  0.00000000   0.5938231800
Na   14.9345174700   5.9817120100   2.9890960400  0.00000000  0.00000000  0.00000000   0.5955947600
Na   14.9025128300   8.9321211100   17.8932828000  0.00000000  0.00000000  0.00000000   0.5947433200
Cl   14.8907384500   5.9822213500   0.0170685200  0.00000000  0.00000000  0.00000000  -0.5936408600
Cl   11.9245818600   8.9493671600   17.9038718200  0.00000000  0.00000000  0.00000000  -0.5941940400
Cl   11.9454536200   5.9279652800   2.9482108200  0.00000000  0.00000000  0.00000000  -0.5949329600
Cl   14.9509250300   8.9613878000   2.9913144500  0.00000000  0.00000000  0.00000000  -0.5937130800
Na   11.9090153400   5.9889598300   5.9552967400  0.00000000  0.00000000  0.00000000   0.5934276000
Na   11.9240547800   8.9397470000   8.9392943900  0.00000000  0.00000000  0.00000000   0.5940573300
Na   14.9493928000   5.9486547800   8.9539259500  0.00000000  0.00000000  0.00000000   0.5941960100
Na   14.9019451000   8.9306381500   5.9706567600  0.00000000  0.00000000  0.00000000   0.5939583100
Cl   14.9194146600   5.9273745600   5.9562603900  0.00000000  0.00000000  0.00000000  -0.5945106500
Cl   11.9581107500   8.9707338700   5.9823144200  0.00000000  0.00000000  0.00000000  -0.5957713000
Cl   11.9412994400   5.9618587500   8.9642726200  0.00000000  0.00000000  0.00000000  -0.5948571600
Cl   14.9290748000   8.9634237600   8.9656283100  0.00000000  0.00000000  0.00000000  -0.5955016200
Na   11.9163584600   5.9439640600   11.9518311000  0.00000000  0.00000000  0.00000000   0.5935440200
Na   11.9285369500   8.9450377500   14.9229038600  0.00000000  0.00000000  0.00000000   0.5952778000
Na   14.9521135900   5.9836285000   14.8969003100  0.00000000  0.00000000  0.00000000   0.5946374600
Na   14.9242258900   8.9182604200   11.8894849900  0.00000000  0.00000000  0.00000000   0.5950284600
Cl   14.9450624800   5.9671441300   11.9328450400  0.00000000  0.00000000  0.00000000  -0.5950035800
Cl   11.9338182300   8.9693425100   11.9211233200  0.00000000  0.00000000  0.00000000  -0.5940327800
Cl   11.9319100100   5.9441452600   14.9398293000  0.00000000  0.00000000  0.00000000  -0.5941149200
Cl   14.9072931900   8.9317770800   14.9183879100  0.00000000  0.00000000  0.00000000  -0.5937467300
Na   11.9319223500   11.9579582600   17.8966153600  0.00000000  0.00000000  0.00000000   0.5943990500
Na   11.9345507800   14.9204255600   2.9499046600  0.00000000  0.00000000  0.00000000   0.5932552500
Na   14.9518395700   11.9452701900   2.9601089600  0.00000000  0.00000000  0.00000000   0.5946662800
Na   14.9388835900   14.9468046600   17.8894941500  0.00000000  0.00000000  0.00000000   0.5931975500
Cl   14.9306941700   11.9314067000   17.9010622200  0.00000000  0.00000000  0.00000000  -0.5950419600
Cl   11.9258316200   14.9189902600   0.0061096200  0.00000000  0.00000000  0.00000000  -0.5959379700
Cl   11.9354307400   11.9088031500   2.9949678700  0.00000000  0.00000000  0.00000000  -0.5946227300
Cl   14.8873428300   14.9207945000   2.9901295800  0.00000000  0.00000000  0.00000000  -0.5944557900
Na   11.9470236400   11.9378416500   5.9751276400  0.00000000  0.00000000  0.00000000   0.5939208600
Na   11.9221857600   14.9090720700   8.9498112800  0.00000000  0.00000000  0.00000000   0.5943309000
Na   14.9613681700   11.9415200500   8.9414706100  0.00000000  0.00000000  0.00000000   0.5933772600
Na   14.9022046000   14.9205011900   5.9907903100  0.00000000  0.00000000  0.00000000   0.5935612100
Cl   14.9205257200   11.9265485000   5.9678176300  0.00000000  0.00000000  0.00000000  -0.5952562900
Cl   11.9210256100   14.9448536500   5.9876608000  0.00000000  0.00000000  0.00000000  -0.5955643300
Cl   11.9306386300   11.9699852300   8.9874946200  0.00000000  0.00000000  0.00000000  -0.5945247700
Cl   14.9400880700   14.9070252700   8.9805765600  0.00000000  0.00000000  0.00000000  -0.5951034700
Na   11.9577215100   11.9407896500   11.9214220300  0.00000000  0.00000000  0.00000000   0.5964798900
Na   11.9372952000   14.9508852400   14.9186162100  0.00000000  0.00000000  0.00000000   0.5949780700
Na   14.9308563400   11.9430305200   14.9567598500  0.00000000  0.00000000  0.00000000   0.5949932700
Na   14.9073228800   14.9169315500   11.9077135600  0.00000000  0.00000000  0.00000000   0.5963652000
Cl   14.9066383700   11.9491904400   11.9675517200  0.00000000  0.00000000  0.00000000  -0.5933009400
Cl   11.9428556500   14.9217983700   11.9755569400  0.00000000  0.00000000  0.00000000  -0.5934679800
Cl   11.9214267800   11.9021768400   14.9222062500  0.00000000  0.00000000  0.00000000  -0.5936107000
Cl   14.9290889400   14.9429399900   14.8657624900  0.00000000  0.00000000  0.00000000  -0.5946050100
