task,stage,network,train_size,total_epochs,seed,structures,atoms,mae_atom,rmse_atom,neutrality_abs_mean,raw_neutrality_abs_mean,mean_abs_charge_correction,element_mae_Cs,element_rmse_Cs,element_mae_I,element_rmse_I,element_mae_Pb,element_rmse_Pb,mode,run_id
temperature,temperature_ood_0600K,small,5,300,0,100,32000,0.031846812332444824,0.046159109401015086,5.4978244179437755e-15,1.8829829111695289,0.005884321597404778,0.0478175103473186,0.06188410363088422,0.02337258568655428,0.03607085983289049,0.04129879425524268,0.0540402982414446,baseline,temperature__temperature_low_train__baseline__small__n005_te0300_r1_seed0
temperature,temperature_ood_0900K,small,5,300,0,100,32000,0.04829567342544615,0.07763325887850119,4.547612286742719e-15,7.967992106825113,0.024899975333828477,0.056036933166426016,0.07765317687798337,0.040056068038800734,0.07385303562018326,0.06527322984440252,0.08798741915916371,baseline,temperature__temperature_low_train__baseline__small__n005_te0300_r1_seed0
temperature,temperature_ood_1200K,small,5,300,0,100,32000,0.07700757623372483,0.15617550882862555,6.0829119519212326e-15,15.19621687375009,0.04748817773046903,0.07464968266527285,0.10963459721985287,0.0689426563776918,0.17598757028256254,0.10356022937027592,0.13045814731154756,baseline,temperature__temperature_low_train__baseline__small__n005_te0300_r1_seed0
temperature,temperature_ood_0600K,small,5,300,1,100,32000,0.029112702154001455,0.046085908480138674,5.977440764581843e-15,1.621633363813162,0.005067604261916131,0.04480846523787477,0.0566146584161217,0.0170211108072884,0.026893594728700107,0.04969171311026731,0.07241918904772235,baseline,temperature__temperature_low_train__baseline__small__n005_te0300_r1_seed1
temperature,temperature_ood_0900K,small,5,300,1,100,32000,0.04185640435368404,0.07439118079491365,5.314360063124468e-15,5.260887673944235,0.016440273981075733,0.052224810277606594,0.06888394961848857,0.027767361709362982,0.05843940653145939,0.0737551263627247,0.1126043856961959,baseline,temperature__temperature_low_train__baseline__small__n005_te0300_r1_seed1
temperature,temperature_ood_1200K,small,5,300,1,100,32000,0.06946232128612172,0.1664232288465758,5.0759396685862156e-15,9.209298553839325,0.028779057980747893,0.06833322712238442,0.09201322281434043,0.052883472894694326,0.1636823195688417,0.12032796062414126,0.2228033148487876,baseline,temperature__temperature_low_train__baseline__small__n005_te0300_r1_seed1
temperature,temperature_ood_0600K,small,5,300,2,100,32000,0.03904566320778103,0.051777474351157746,4.89830398464619e-15,0.9261428135633468,0.0028941962923854595,0.0508297315898235,0.06632588235272406,0.0324074069519993,0.04167332684006569,0.04717636359308381,0.061606923890905156,baseline,temperature__temperature_low_train__baseline__small__n005_te0300_r1_seed2
temperature,temperature_ood_0900K,small,5,300,2,100,32000,0.050812873036804374,0.07028504270799724,5.012656956182582e-15,4.387800009399652,0.013711875029373915,0.05942499921943818,0.08116177775972223,0.04029615590040824,0.05355700491557609,0.07375089826335897,0.09750714664385018,baseline,temperature__temperature_low_train__baseline__small__n005_te0300_r1_seed2
temperature,temperature_ood_1200K,small,5,300,2,100,32000,0.07731344624660816,0.11876946689576096,6.05016037269479e-15,7.918013394586742,0.02474379185808357,0.07776928315263466,0.11027819694222306,0.060061305455801024,0.08790556011502654,0.128614031713003,0.18758328314452466,baseline,temperature__temperature_low_train__baseline__small__n005_te0300_r1_seed2
temperature,temperature_ood_0600K,small,5,600,0,100,32000,0.025443436553166252,0.0359313990110409,4.910516437917067e-15,1.8325559958815574,0.005726737487129867,0.03492819862862234,0.045359162985381,0.018479518640427458,0.02609127826882134,0.03685042821592651,0.048534617569479084,baseline,temperature__temperature_low_train__baseline__small__n005_te0600_r1_seed0
temperature,temperature_ood_0900K,small,5,600,0,100,32000,0.03976111462234403,0.058676320148834886,5.450639939397206e-15,7.075951896607876,0.022112349676899613,0.04211146310149343,0.05785421987732271,0.03144867061990469,0.048280222929573374,0.062348098150512676,0.0829126178276945,baseline,temperature__temperature_low_train__baseline__small__n005_te0600_r1_seed0
temperature,temperature_ood_1200K,small,5,600,0,100,32000,0.06508319589655438,0.11120194765560465,5.242473122279989e-15,12.43789641931653,0.038868426310364156,0.05879317175859614,0.08529145759392294,0.05420974277875454,0.1123265924431203,0.10399357938791218,0.1292398660006063,baseline,temperature__temperature_low_train__baseline__small__n005_te0600_r1_seed0
temperature,temperature_ood_0600K,small,5,600,1,100,32000,0.020443145539023683,0.030369411701749418,5.782041512247815e-15,2.0580111181735994,0.006431284744292497,0.030356952570728027,0.038580413213169906,0.0144426665143983,0.02245719636076714,0.028530775581195485,0.040125808984924884,baseline,temperature__temperature_low_train__baseline__small__n005_te0600_r1_seed1
temperature,temperature_ood_0900K,small,5,600,1,100,32000,0.03199595681758074,0.05193777024664076,5.594968932598477e-15,4.991003664135933,0.01559688645042479,0.03514771206304431,0.04615245763406793,0.024471788104594452,0.045232168972543056,0.05141670771107602,0.0722479287967324,baseline,temperature__temperature_low_train__baseline__small__n005_te0600_r1_seed1
temperature,temperature_ood_1200K,small,5,600,1,100,32000,0.0572153308339446,0.12080570585420974,5.266898028821742e-15,6.8978218986094,0.021555693433154374,0.046101964225395926,0.06278879722843358,0.046732826228088616,0.1207328137291376,0.09977621126006124,0.15905477938248813,baseline,temperature__temperature_low_train__baseline__small__n005_te0600_r1_seed1
temperature,temperature_ood_0600K,small,5,600,2,100,32000,0.027474795905337673,0.03885143579200939,5.319078510979125e-15,1.3126340079307557,0.004101981274783611,0.043164259431709075,0.05573450378930579,0.018422199298016497,0.024492991239243974,0.0389431222009298,0.05139178478439869,baseline,temperature__temperature_low_train__baseline__small__n005_te0600_r1_seed2
temperature,temperature_ood_0900K,small,5,600,2,100,32000,0.038523154078301744,0.056918736386967386,4.9499293552912605e-15,5.043218673169613,0.01576005835365504,0.04962017846279196,0.06613537043291862,0.026270889151666782,0.03840920446164243,0.06418292447371642,0.0860175829410319,baseline,temperature__temperature_low_train__baseline__small__n005_te0600_r1_seed2
temperature,temperature_ood_1200K,small,5,600,2,100,32000,0.06422784201256637,0.10953178031049851,5.361822097427194e-15,7.850829611662776,0.024533842536446172,0.06380383868345871,0.08877730198719591,0.04598185240014967,0.08070636723413097,0.11938981417892411,0.1804552354613729,baseline,temperature__temperature_low_train__baseline__small__n005_te0600_r1_seed2
temperature,temperature_ood_0600K,small,10,300,0,100,32000,0.03155963189057656,0.045774992682375656,6.1095573045122366e-15,1.5496364071965218,0.004842613772489131,0.04758496415847912,0.061594208971093044,0.023100835727459825,0.035682057626493624,0.04091068811202422,0.053509583134255606,baseline,temperature__temperature_low_train__baseline__small__n010_te0300_r1_seed0
temperature,temperature_ood_0900K,small,10,300,0,100,32000,0.047568863868992776,0.0752998012601989,4.8877568659122515e-15,7.404395380020142,0.023138735562562945,0.055679231255402556,0.0772422708849493,0.039185091998990784,0.07017716778167954,0.06460981209258898,0.08723203141099818,baseline,temperature__temperature_low_train__baseline__small__n010_te0300_r1_seed0
temperature,temperature_ood_1200K,small,10,300,0,100,32000,0.07584794929497439,0.14553456373384457,5.1025850211772196e-15,14.270662733241915,0.04459582104138099,0.07410096924153185,0.1090265766440531,0.06726544941986018,0.16017309273061767,0.1033424289737595,0.13056987740902426,baseline,temperature__temperature_low_train__baseline__small__n010_te0300_r1_seed0
temperature,temperature_ood_0600K,small,10,300,1,100,32000,0.02919111087906349,0.04729810177624853,5.9385829587199626e-15,1.2052302958071233,0.0037663446743972594,0.045066059230186514,0.056926231562957966,0.01676294472262574,0.02758707745257558,0.05060066099725374,0.07524503831548696,baseline,temperature__temperature_low_train__baseline__small__n010_te0300_r1_seed1
temperature,temperature_ood_0900K,small,10,300,1,100,32000,0.04204392073299823,0.07816750755326692,5.1478266094306946e-15,4.356355077251792,0.013613609616411849,0.052784361232945234,0.06960792096407889,0.02749728061915084,0.06312393247018476,0.0749434005745934,0.11726739091924665,baseline,temperature__temperature_low_train__baseline__small__n010_te0300_r1_seed1
temperature,temperature_ood_1200K,small,10,300,1,100,32000,0.07033996483897789,0.17658289538102098,5.6521454183666716e-15,8.127829884067177,0.02539946838770993,0.069272978203393,0.09315743637005598,0.053503376166282875,0.1764651356241749,0.12191671749264789,0.23196864978291062,baseline,temperature__temperature_low_train__baseline__small__n010_te0300_r1_seed1
temperature,temperature_ood_0600K,small,10,300,2,100,32000,0.038491132506367286,0.05130625607979699,4.720668300706166e-15,0.9442747607827187,0.002950858627445996,0.05038623079584795,0.06588033004639364,0.03167251295059881,0.04097249108627679,0.04705189288419206,0.06152403270399039,baseline,temperature__temperature_low_train__baseline__small__n010_te0300_r1_seed2
temperature,temperature_ood_0900K,small,10,300,2,100,32000,0.0505331652381079,0.07031148818783749,4.939382236557322e-15,3.6254792506992817,0.011329622658435255,0.05894446338842681,0.08058204896435678,0.040018206592401837,0.053657607283866725,0.0736667430249072,0.09791651434951641,baseline,temperature__temperature_low_train__baseline__small__n010_te0300_r1_seed2
temperature,temperature_ood_1200K,small,10,300,2,100,32000,0.07759862721294121,0.12045432232886122,5.987432771803469e-15,6.8173341951705515,0.021304169359907973,0.07709421335184924,0.10951779869103982,0.06041136058570556,0.0892044559104667,0.12966484095574013,0.1915196223512036,baseline,temperature__temperature_low_train__baseline__small__n010_te0300_r1_seed2
temperature,temperature_ood_0600K,small,10,600,0,100,32000,0.025238394546142084,0.035849172368100216,5.510036871214652e-15,1.5366293004155158,0.0048019665637984875,0.03459231799878762,0.045038587462877706,0.01837425838837711,0.02624143906719933,0.03647687956679147,0.048285629992627296,baseline,temperature__temperature_low_train__baseline__small__n010_te0600_r1_seed0
temperature,temperature_ood_0900K,small,10,600,0,100,32000,0.03947199023834546,0.0594853519088426,5.325739849126876e-15,6.661773966252804,0.020818043644540013,0.04179808155633509,0.057500215833293615,0.03125903498660774,0.05012031072856219,0.061784764675569016,0.08276547586485558,baseline,temperature__temperature_low_train__baseline__small__n010_te0600_r1_seed0
temperature,temperature_ood_1200K,small,10,600,0,100,32000,0.06509999809023574,0.11546155920159924,5.087041898832467e-15,11.913615335300564,0.037230047922814265,0.058490429525481884,0.0847918352379264,0.05457086230488736,0.11942613060519368,0.10329697401103477,0.12914875504363188,baseline,temperature__temperature_low_train__baseline__small__n010_te0600_r1_seed0
temperature,temperature_ood_0600K,small,10,600,1,100,32000,0.02018533052584389,0.030363123027664547,5.161426841482353e-15,1.5326562806963921,0.004789550877176225,0.029877920836413975,0.038119639757074934,0.014327005864790406,0.02229029704775938,0.028067714198434256,0.04081564941691172,baseline,temperature__temperature_low_train__baseline__small__n010_te0600_r1_seed1
temperature,temperature_ood_0900K,small,10,600,1,100,32000,0.031561692841944745,0.052646951454560206,5.400679903289074e-15,4.070090024024248,0.012719031325075776,0.03459584946351242,0.04568970689749565,0.023969347170340674,0.04549363318152718,0.05130457323518931,0.07457845661281134,baseline,temperature__temperature_low_train__baseline__small__n010_te0600_r1_seed1
temperature,temperature_ood_1200K,small,10,600,1,100,32000,0.05708476751441776,0.123478911187367,5.6249449542633555e-15,5.590640983879566,0.017470753074623643,0.04558689129409322,0.06261684673619458,0.046333027493572446,0.12167137625750564,0.10083786379727826,0.1670406137552114,baseline,temperature__temperature_low_train__baseline__small__n010_te0600_r1_seed1
temperature,temperature_ood_0600K,small,10,600,2,100,32000,0.02728083433686406,0.03879951291975587,5.6066262743570405e-15,1.0041199120879174,0.0031378747252747423,0.04282352377462667,0.055469908062867196,0.01833628790076667,0.02469418832100287,0.03857178420739364,0.05119268993761815,baseline,temperature__temperature_low_train__baseline__small__n010_te0600_r1_seed2
temperature,temperature_ood_0900K,small,10,600,2,100,32000,0.03833145134070655,0.057064303904086906,5.842826222846042e-15,4.285458807051182,0.013392058772034945,0.04933158269812703,0.06591558494059285,0.026207145852822578,0.0386553340117721,0.06370423644693801,0.08633715897308895,baseline,temperature__temperature_low_train__baseline__small__n010_te0600_r1_seed2
temperature,temperature_ood_1200K,small,10,600,2,100,32000,0.06429138490169534,0.11047610716439799,5.059286323216838e-15,6.692401708550751,0.0209137553392211,0.06342861987010656,0.08868606977730562,0.04604437506224227,0.07933651987502185,0.11989517945164334,0.18513989883548446,baseline,temperature__temperature_low_train__baseline__small__n010_te0600_r1_seed2
temperature,temperature_ood_0600K,small,20,300,0,100,32000,0.025770923831325492,0.037240653831963164,6.148415110374117e-15,1.5822315484285354,0.004944473588839172,0.034842434675025284,0.04596240767441003,0.018890432350259896,0.027707512166013904,0.03734088743082248,0.05018635151754381,baseline,temperature__temperature_low_train__baseline__small__n020_te0300_r1_seed0
temperature,temperature_ood_0900K,small,20,300,0,100,32000,0.04097548760462669,0.06289470196050137,6.556977183436175e-15,6.728644720464945,0.021027014751452952,0.042779643252550154,0.059507986264076086,0.03268399912308086,0.05378216892413456,0.06404579740134068,0.08694798538059159,baseline,temperature__temperature_low_train__baseline__small__n020_te0300_r1_seed0
temperature,temperature_ood_1200K,small,20,300,0,100,32000,0.06748183853748632,0.1238680187488858,5.453415496958769e-15,12.040241245031357,0.03762575389072299,0.06035409229230572,0.08846773577703725,0.05697255874456945,0.13065672989796467,0.10613742416141758,0.13295242332303253,baseline,temperature__temperature_low_train__baseline__small__n020_te0300_r1_seed0
temperature,temperature_ood_0600K,small,20,300,1,100,32000,0.02026683008056716,0.030647046376490742,6.027400800689975e-15,1.336092365682125,0.0041752886427566405,0.029819050083373443,0.03833360683986693,0.014422035952932977,0.022047837448806066,0.028248992460663428,0.04205259131318132,baseline,temperature__temperature_low_train__baseline__small__n020_te0300_r1_seed1
temperature,temperature_ood_0900K,small,20,300,1,100,32000,0.03173530270174378,0.052430004938127286,5.054290319606025e-15,3.580093644708395,0.011187792639713734,0.034778310505585976,0.046491899730308664,0.02380227831135077,0.042972408168575726,0.052491368069080634,0.07773767913378404,baseline,temperature__temperature_low_train__baseline__small__n020_te0300_r1_seed1
temperature,temperature_ood_1200K,small,20,300,1,100,32000,0.05723128390026686,0.11812389261096838,6.3438143627081445e-15,4.743288694322109,0.014822777169756591,0.04619491390218901,0.06462451424797948,0.045409614440208926,0.10780652836317993,0.10373266227851854,0.17528034548370588,baseline,temperature__temperature_low_train__baseline__small__n020_te0300_r1_seed1
temperature,temperature_ood_0600K,small,20,300,2,100,32000,0.027556837012452887,0.03946503203522106,5.250244683452365e-15,0.9935162751376629,0.0031047383598051966,0.0431726729341317,0.056522532725385474,0.01864423822958391,0.025541556262986577,0.03867879743938101,0.05133745000491283,baseline,temperature__temperature_low_train__baseline__small__n020_te0300_r1_seed2
temperature,temperature_ood_0900K,small,20,300,2,100,32000,0.039204629954832496,0.058690373552171556,5.701827898718648e-15,3.962350854575634,0.012382346420548857,0.05033041802710794,0.06800089530970946,0.027020094017396332,0.040687782345013655,0.06463244969486551,0.08736241227827625,baseline,temperature__temperature_low_train__baseline__small__n020_te0300_r1_seed2
temperature,temperature_ood_1200K,small,20,300,2,100,32000,0.06576535972691272,0.11283254899901654,6.139533326177115e-15,6.051634178515524,0.01891135680786101,0.06493109518836628,0.0922876962057763,0.0472265430460493,0.08204294194358708,0.12221607430804943,0.18693787398178915,baseline,temperature__temperature_low_train__baseline__small__n020_te0300_r1_seed2
temperature,temperature_ood_0600K,small,20,600,0,100,32000,0.016297694916964974,0.025202131405927843,5.241362899255364e-15,1.2427561509609222,0.003883612971752882,0.02161565117898863,0.027955570811197854,0.011443814493948596,0.020376457256646746,0.025541379923990457,0.03389134353537079,baseline,temperature__temperature_low_train__baseline__small__n020_te0600_r1_seed0
temperature,temperature_ood_0900K,small,20,600,0,100,32000,0.028810000902879985,0.05330297058088103,5.718758799844181e-15,4.986361324191093,0.015582379138097168,0.028545777611201632,0.037288275172380814,0.023403538310298854,0.05556688220559581,0.04529361197230173,0.05960354607108936,baseline,temperature__temperature_low_train__baseline__small__n020_te0600_r1_seed0
temperature,temperature_ood_1200K,small,20,600,0,100,32000,0.054184729673054245,0.13914797055844638,6.477041125663164e-15,8.284344351440668,0.025888576098252087,0.04202243130705028,0.05936372464721992,0.04894079264953082,0.16502359726437135,0.08207883910962846,0.10764930927070587,baseline,temperature__temperature_low_train__baseline__small__n020_te0600_r1_seed0
temperature,temperature_ood_0600K,small,20,600,1,100,32000,0.013303997606987831,0.02261067199246673,6.0740301677242315e-15,0.8009389279782773,0.0025029341499321163,0.016597768333143904,0.02118307361799047,0.010318554334386136,0.018171298289359154,0.01896655669863685,0.03342007760743222,baseline,temperature__temperature_low_train__baseline__small__n020_te0600_r1_seed1
temperature,temperature_ood_0900K,small,20,600,1,100,32000,0.02276549737005844,0.05067299428590541,5.38680211548126e-15,1.7092897734045982,0.00534153054188937,0.01945134520571446,0.02531000556651746,0.01903273018298205,0.05166520369913704,0.037277951095631576,0.06473241497039865,baseline,temperature__temperature_low_train__baseline__small__n020_te0600_r1_seed1
temperature,temperature_ood_1200K,small,20,600,1,100,32000,0.04453660155992111,0.12537563306544194,5.892508703198019e-15,1.405986511334777,0.004393707847921179,0.02636281569905259,0.036993838830221025,0.03851732564420429,0.1293432722805157,0.08076821516794006,0.16443131231219454,baseline,temperature__temperature_low_train__baseline__small__n020_te0600_r1_seed1
temperature,temperature_ood_0600K,small,20,600,2,100,32000,0.017933677930373235,0.025828921247435997,4.46975789714088e-15,1.0258974784612653,0.0032059296201914548,0.025211896020395214,0.03223742798643141,0.01346114456632252,0.018538467484168847,0.024073059932503384,0.03557231747955348,baseline,temperature__temperature_low_train__baseline__small__n020_te0600_r1_seed2
temperature,temperature_ood_0900K,small,20,600,2,100,32000,0.027099201526434625,0.04247357318633346,6.031286581276163e-15,3.656300268769264,0.011425938339903949,0.02930108932571602,0.037667178202130995,0.020471388334486015,0.031764943948512245,0.04478075330299907,0.06763261631939621,baseline,temperature__temperature_low_train__baseline__small__n020_te0600_r1_seed2
temperature,temperature_ood_1200K,small,20,600,2,100,32000,0.05005472259232629,0.09811379689251666,6.4165339708210924e-15,4.243829019293189,0.013261965685291215,0.037643502222264945,0.05139340309104946,0.039209940606369245,0.07246953038307595,0.09500028892025875,0.17243783030478047,baseline,temperature__temperature_low_train__baseline__small__n020_te0600_r1_seed2
temperature,temperature_ood_0600K,small,40,300,0,100,32000,0.016053482192062075,0.024807825122946017,6.414868636284155e-15,1.2330556046962737,0.003853298764675856,0.021362083332060137,0.027714615103515465,0.011470603292526598,0.020681726917324006,0.02449351775067044,0.032028730250652414,baseline,temperature__temperature_low_train__baseline__small__n040_te0300_r1_seed0
temperature,temperature_ood_0900K,small,40,300,0,100,32000,0.02817133080998319,0.05758876982005381,5.785372181321691e-15,4.928212992250919,0.015400665600784123,0.028657849322597028,0.037796025427156515,0.022963541356497443,0.06310328201635902,0.0433081806578266,0.05663673635668834,baseline,temperature__temperature_low_train__baseline__small__n040_te0300_r1_seed0
temperature,temperature_ood_1200K,small,40,300,0,100,32000,0.05421756376471749,0.16191824128940224,6.311617894994015e-15,8.4053146969527,0.02626660842797719,0.04299333278691484,0.06154005538871535,0.04952775925790532,0.19700995499192223,0.07951120826295666,0.10421918631548406,baseline,temperature__temperature_low_train__baseline__small__n040_te0300_r1_seed0
temperature,temperature_ood_0600K,small,40,300,1,100,32000,0.013304285307708778,0.020630303172177563,4.763966998666546e-15,1.0162891547381878,0.003175903608556837,0.016215149201510938,0.0206051936964859,0.010565507587506242,0.016274357480708886,0.018609754574514227,0.03014811608343678,baseline,temperature__temperature_low_train__baseline__small__n040_te0300_r1_seed1
temperature,temperature_ood_0900K,small,40,300,1,100,32000,0.021860111789472284,0.04096502334369476,5.128120150743598e-15,2.235949453562498,0.006987342042382806,0.019260732919239673,0.024847083042583942,0.018199417202946884,0.03872126598447265,0.03544157441928109,0.05723005184080638,baseline,temperature__temperature_low_train__baseline__small__n040_te0300_r1_seed1
temperature,temperature_ood_1200K,small,40,300,1,100,32000,0.04182997893692372,0.09530134556186122,5.8847371420256425e-15,1.3980462849140167,0.004368894640356303,0.025686675347635177,0.03579086745787047,0.035656401873044766,0.08712229884798611,0.07649401371784915,0.14615013262548263,baseline,temperature__temperature_low_train__baseline__small__n040_te0300_r1_seed1
temperature,temperature_ood_0600K,small,40,300,2,100,32000,0.0177611422005808,0.025440805213956637,5.081490783709342e-15,1.3595800775289535,0.00424868774227798,0.024632586253923363,0.031372098463305645,0.013595835765125231,0.019725653134955258,0.023385617453604936,0.03293417849103513,baseline,temperature__temperature_low_train__baseline__small__n040_te0300_r1_seed2
temperature,temperature_ood_0900K,small,40,300,2,100,32000,0.02694755360881682,0.041952041256703404,4.862776847858185e-15,4.442754756510258,0.013883608614094555,0.029335558522405335,0.03748259495990355,0.021015018146242556,0.03502758131686832,0.042357155082951084,0.06094365877072911,baseline,temperature__temperature_low_train__baseline__small__n040_te0300_r1_seed2
temperature,temperature_ood_1200K,small,40,300,2,100,32000,0.04972180768820398,0.09884153082174736,6.589728762662616e-15,5.943043800145388,0.018572011875454337,0.0384908069922385,0.051923970955253,0.04052689492217663,0.08697910045387941,0.08853754668225156,0.1531536828446253,baseline,temperature__temperature_low_train__baseline__small__n040_te0300_r1_seed2
temperature,temperature_ood_0600K,small,40,600,0,100,32000,0.00753894987826934,0.018901601762057733,5.92526028242446e-15,0.3739801985025405,0.001168688120320439,0.008830975083867088,0.011116993542690436,0.006131563243339769,0.020210980865401507,0.010469084577460305,0.020912052931360486,baseline,temperature__temperature_low_train__baseline__small__n040_te0600_r1_seed0
temperature,temperature_ood_0900K,small,40,600,0,100,32000,0.015659768303623426,0.0691259393906673,5.576650252692161e-15,1.708765017092228,0.005339890678413213,0.01181591329103685,0.016579096270365648,0.015677873388864103,0.08541612810309798,0.019449308060487967,0.041585649323949044,baseline,temperature__temperature_low_train__baseline__small__n040_te0600_r1_seed0
temperature,temperature_ood_1200K,small,40,600,0,100,32000,0.038723237843757675,0.23271317428213878,6.460387780293786e-15,3.080113147124648,0.009625353584764525,0.021458175037063487,0.040101045182632244,0.044322954823175685,0.29512965791322304,0.03918914971219783,0.08868183950323649,baseline,temperature__temperature_low_train__baseline__small__n040_te0600_r1_seed0
temperature,temperature_ood_0600K,small,40,600,1,100,32000,0.00675966689940542,0.015316888766194688,5.3279602951761265e-15,0.3788384543359279,0.0011838701697997748,0.008526943926903188,0.0109994707682007,0.00587484911706512,0.015963702333902936,0.007646843218928554,0.016956640987619846,baseline,temperature__temperature_low_train__baseline__small__n040_te0600_r1_seed1
temperature,temperature_ood_0900K,small,40,600,1,100,32000,0.012937974781761294,0.046897576555570204,5.644373857194296e-15,0.7341316764056681,0.0022941614887677132,0.010682112238791888,0.014490419724214644,0.013649301101439049,0.056775037419500046,0.013059858365697435,0.03341745873322863,baseline,temperature__temperature_low_train__baseline__small__n040_te0600_r1_seed1
temperature,temperature_ood_1200K,small,40,600,1,100,32000,0.030699301329124136,0.13504480942246697,5.946354519892339e-15,2.667112324386835,0.00833472601370886,0.017320067613749417,0.026655681795494792,0.034343669184357474,0.16126337565203128,0.03314543147879885,0.11161249216689409,baseline,temperature__temperature_low_train__baseline__small__n040_te0600_r1_seed1
temperature,temperature_ood_0600K,small,40,600,2,100,32000,0.009332501899742055,0.01656178114174065,6.661338147750939e-15,0.5559131425619125,0.0017372285705059766,0.010038681427366098,0.012616125223535814,0.008889701646151178,0.014465638646534528,0.009954723132890649,0.024177101830498725,baseline,temperature__temperature_low_train__baseline__small__n040_te0600_r1_seed2
temperature,temperature_ood_0900K,small,40,600,2,100,32000,0.01581203254206921,0.03318714810477824,5.734301922188933e-15,1.645824785232544,0.0051432024538517,0.012263373175868763,0.015300552649972038,0.015719004192389547,0.030078513828020983,0.019639776957308643,0.05058335796426049,baseline,temperature__temperature_low_train__baseline__small__n040_te0600_r1_seed2
temperature,temperature_ood_1200K,small,40,600,2,100,32000,0.03431125572426754,0.09163949721621084,6.127320872906239e-15,1.1880900944396853,0.0037127815451240167,0.015896929510643535,0.02297634164961132,0.034833487178383325,0.07444905597205763,0.05115888757554421,0.15758518067765193,baseline,temperature__temperature_low_train__baseline__small__n040_te0600_r1_seed2
temperature,temperature_ood_0600K,small,80,300,0,100,32000,0.009079318618401885,0.019886159863084202,5.268008251846368e-15,0.6027112835645676,0.001883472761139273,0.011398605834343468,0.014556879907112802,0.007017466711443072,0.020407416512859582,0.012945587123336735,0.02271576702826914,baseline,temperature__temperature_low_train__baseline__small__n080_te0300_r1_seed0
temperature,temperature_ood_0900K,small,80,300,0,100,32000,0.018334472827316498,0.06834184012994543,6.277200981230635e-15,2.3995501577854155,0.007498594243079424,0.015500714553927536,0.02171737444698085,0.01722701566921508,0.08346698185040663,0.024490602575009693,0.04451044856229146,baseline,temperature__temperature_low_train__baseline__small__n080_te0300_r1_seed0
temperature,temperature_ood_1200K,small,80,300,0,100,32000,0.04287033251315733,0.22478530101072347,7.409628466348294e-15,3.9875399021059277,0.012461062194081022,0.026937050289088802,0.04652547043810643,0.04620143706263723,0.2835549685396704,0.048810301088786215,0.09626670142017102,baseline,temperature__temperature_low_train__baseline__small__n080_te0300_r1_seed0
temperature,temperature_ood_0600K,small,80,300,1,100,32000,0.007894829574553295,0.018597384767462963,5.458966612081895e-15,0.43753629595041277,0.0013673009248450399,0.00930999933864223,0.011907634094309658,0.0072026336336663615,0.019876025115804885,0.00855624763312517,0.020058731964135507,baseline,temperature__temperature_low_train__baseline__small__n080_te0300_r1_seed1
temperature,temperature_ood_0900K,small,80,300,1,100,32000,0.01535851452627103,0.05718094759140434,5.621059173677168e-15,0.8810579851269722,0.002753306203521788,0.011633397796715144,0.015493437882471461,0.01637631600838601,0.06956250928974296,0.016030226809481976,0.039892720185265775,baseline,temperature__temperature_low_train__baseline__small__n080_te0300_r1_seed1
temperature,temperature_ood_1200K,small,80,300,1,100,32000,0.03541968201880809,0.16435438283438808,6.658007478677064e-15,2.9215114338696004,0.0091297232308425,0.018282641405443428,0.027369904506322238,0.03925653365802525,0.1988288641506657,0.04104616771452129,0.1253553048472468,baseline,temperature__temperature_low_train__baseline__small__n080_te0300_r1_seed1
temperature,temperature_ood_0600K,small,80,300,2,100,32000,0.011085798774252179,0.018609271007828818,5.7509552675583106e-15,0.7857342660427094,0.002455419581383467,0.011542248273675795,0.014332887003987573,0.010329336068010888,0.016262862609782523,0.012898737393552441,0.027067528268222566,baseline,temperature__temperature_low_train__baseline__small__n080_te0300_r1_seed2
temperature,temperature_ood_0900K,small,80,300,2,100,32000,0.018716658774070673,0.03621153344926605,5.8852922535379546e-15,2.3810409504175185,0.007440752970054746,0.014696957242151256,0.018029344248542228,0.01757139566596015,0.032248953152258994,0.026172149630321658,0.055779329338513414,baseline,temperature__temperature_low_train__baseline__small__n080_te0300_r1_seed2
temperature,temperature_ood_1200K,small,80,300,2,100,32000,0.038671374626895696,0.09901749835643785,6.051825707231728e-15,1.903007173575461,0.005946897417423315,0.019833848321464755,0.02694542646724178,0.03705085927521335,0.08496199192660027,0.06237044698737373,0.1632196332550936,baseline,temperature__temperature_low_train__baseline__small__n080_te0300_r1_seed2
temperature,temperature_ood_0600K,small,80,600,0,100,32000,0.004624236634233966,0.015566451867034765,7.338574192772284e-15,0.2255414134263993,0.0007048169169574978,0.0046537285773665645,0.006038118588344733,0.003955833988438825,0.019054675442395082,0.006599952628486786,0.009266675450861213,baseline,temperature__temperature_low_train__baseline__small__n080_te0600_r1_seed0
temperature,temperature_ood_0900K,small,80,600,0,100,32000,0.010995163380680606,0.08202694098273687,5.2113868775904845e-15,1.1753364729881286,0.003672926478087902,0.0076063240432704335,0.014323603279583434,0.012328989873737251,0.10518495154279775,0.010382523238920837,0.01566229647382386,baseline,temperature__temperature_low_train__baseline__small__n080_te0600_r1_seed0
temperature,temperature_ood_1200K,small,80,600,0,100,32000,0.034323785478336505,0.2952322311486054,8.51985149097345e-15,3.469894142597914,0.01084341919561848,0.019323081612907123,0.04573160252999393,0.043162221448183116,0.379198583668931,0.022809181434226045,0.048417708592898255,baseline,temperature__temperature_low_train__baseline__small__n080_te0600_r1_seed0
temperature,temperature_ood_0600K,small,80,600,1,100,32000,0.00427070205680502,0.008920903701240055,6.882272529651346e-15,0.1361327488720417,0.00042541484022513024,0.004610804858457412,0.006077699596971481,0.0035790224276958417,0.008091465165286747,0.0060056381424801655,0.012828045692147289,baseline,temperature__temperature_low_train__baseline__small__n080_te0600_r1_seed1
temperature,temperature_ood_0900K,small,80,600,1,100,32000,0.008628192988489174,0.030788553824868847,6.445954880973659e-15,0.38388335838913923,0.00119963549496606,0.007127157897644792,0.011393522583845092,0.008597317101361114,0.03637099108978934,0.010221855740717732,0.025324215638495802,baseline,temperature__temperature_low_train__baseline__small__n080_te0600_r1_seed1
temperature,temperature_ood_1200K,small,80,600,1,100,32000,0.023987107503454896,0.11016191475081412,6.483702463810914e-15,2.659857759773731,0.00831205549929291,0.01729882121150149,0.029697449941059113,0.025531718970703273,0.13161217485169383,0.026041559393663195,0.08849296620211115,baseline,temperature__temperature_low_train__baseline__small__n080_te0600_r1_seed1
temperature,temperature_ood_0600K,small,80,600,2,100,32000,0.005352089981618338,0.012676131312632028,6.260547635861258e-15,0.16378093302249905,0.0005118154156953095,0.004533297624439,0.005752975951477721,0.005135896204970777,0.013366839547286805,0.006819463668740358,0.015307109280606782,baseline,temperature__temperature_low_train__baseline__small__n080_te0600_r1_seed2
temperature,temperature_ood_0900K,small,80,600,2,100,32000,0.010814187126769684,0.043897243896708314,7.164269177906135e-15,0.8579466724395753,0.0026810833513736727,0.006365038375050063,0.009007715023851117,0.011455322407564382,0.053344478002997,0.013339930036105216,0.031887320026114975,baseline,temperature__temperature_low_train__baseline__small__n080_te0600_r1_seed2
temperature,temperature_ood_1200K,small,80,600,2,100,32000,0.028567810546892,0.15315727800237192,5.937472735695337e-15,1.8261667439341545,0.0057067710747942335,0.01214087463822216,0.023904059209861866,0.03227384184120456,0.18706644928224525,0.03387665257262416,0.10831798390650614,baseline,temperature__temperature_low_train__baseline__small__n080_te0600_r1_seed2
temperature,temperature_ood_0600K,small,160,300,0,100,32000,0.005053423409978859,0.01493764318292655,6.080691505871983e-15,0.2585590052604674,0.0008079968914389605,0.005063980269129388,0.0064903074760245755,0.004295894148099857,0.017864244925047394,0.007315454336465332,0.010777202231682163,baseline,temperature__temperature_low_train__baseline__small__n160_te0300_r1_seed0
temperature,temperature_ood_0900K,small,160,300,0,100,32000,0.01123856115217204,0.06968265131066038,4.9316106753849455e-15,1.1947734102606773,0.003733666907064616,0.007931865878112147,0.014770968137880073,0.01213365636450665,0.08885985064628088,0.011859970789228099,0.019286233381536576,baseline,temperature__temperature_low_train__baseline__small__n160_te0300_r1_seed0
temperature,temperature_ood_1200K,small,160,300,0,100,32000,0.032657784825658016,0.24247353362579416,7.276401703393277e-15,3.1004686545580626,0.009688964545493945,0.01905897572169488,0.04635867504651402,0.04011990784549804,0.31092873955601846,0.023870224870101073,0.042283596667552034,baseline,temperature__temperature_low_train__baseline__small__n160_te0300_r1_seed0
temperature,temperature_ood_0600K,small,160,300,1,100,32000,0.004410677378135734,0.007947571025016024,6.692424392440444e-15,0.1297152093052864,0.00040536002907902,0.005084419361868641,0.0066731616099777735,0.003538294137804769,0.006437001957450659,0.006354085115395719,0.012123669309034262,baseline,temperature__temperature_low_train__baseline__small__n160_te0300_r1_seed1
temperature,temperature_ood_0900K,small,160,300,1,100,32000,0.00806195112397254,0.020786331204548442,6.513678485475794e-15,0.26886705935001376,0.0008402095604687929,0.007251719409920043,0.011396484263911362,0.007498106775519166,0.022263232891476345,0.010563715883385155,0.023313587343178236,baseline,temperature__temperature_low_train__baseline__small__n160_te0300_r1_seed1
temperature,temperature_ood_1200K,small,160,300,1,100,32000,0.01990728081963607,0.06021456463534626,4.948264020754323e-15,1.40197054117918,0.004381157941184938,0.014644856765880836,0.027704272581807986,0.020158003263505333,0.0604116378537277,0.024417537541783534,0.08007961218265552,baseline,temperature__temperature_low_train__baseline__small__n160_te0300_r1_seed1
temperature,temperature_ood_0600K,small,160,300,2,100,32000,0.005837775316170884,0.013569985771912887,5.515587986337778e-15,0.1943402773141862,0.0006073133666068319,0.005113925347104669,0.006439845402090146,0.005739411333672857,0.015345058437771786,0.006856717232731173,0.013146805888537191,baseline,temperature__temperature_low_train__baseline__small__n160_te0300_r1_seed2
temperature,temperature_ood_0900K,small,160,300,2,100,32000,0.011382355149561771,0.04648790822021844,6.340483693634269e-15,1.0339554131031037,0.0032311106659471994,0.007185628486797213,0.0097283200851497,0.012358721615833929,0.05778366416515044,0.012649982413509857,0.026346390810231796,baseline,temperature__temperature_low_train__baseline__small__n160_te0300_r1_seed2
temperature,temperature_ood_1200K,small,160,300,2,100,32000,0.029243650268195778,0.15682486101338172,6.368239269249898e-15,1.9315984944999218,0.0060362452953122555,0.012738822150509805,0.023506224242817328,0.03386390921676259,0.1950573408455199,0.031887701540181286,0.09097001664286349,baseline,temperature__temperature_low_train__baseline__small__n160_te0300_r1_seed2
temperature,temperature_ood_0600K,small,160,600,0,100,32000,0.00305180622675689,0.014558241784586413,6.66577903984944e-15,0.22908905208110808,0.0007159032877534628,0.003034540836291855,0.004046708171681984,0.002609386366597997,0.01837334418846376,0.004396331197698604,0.005531441246399171,baseline,temperature__temperature_low_train__baseline__small__n160_te0600_r1_seed0
temperature,temperature_ood_0900K,small,160,600,0,100,32000,0.008128997021471152,0.07489466839065405,6.616929226765933e-15,1.1372921040654183,0.003554037825204432,0.005868295139924156,0.010967496707081675,0.0093373144302653,0.096326004543977,0.006764746676635697,0.00946960022870469,baseline,temperature__temperature_low_train__baseline__small__n160_te0600_r1_seed0
temperature,temperature_ood_1200K,small,160,600,0,100,32000,0.028243989368865734,0.2807739370354789,6.9155792203901e-15,3.356072372198105,0.010487726163119078,0.016409800690307747,0.038067951273307775,0.03638633644968893,0.36135214189518267,0.015651136804954145,0.03153947242995176,baseline,temperature__temperature_low_train__baseline__small__n160_te0600_r1_seed0
temperature,temperature_ood_0600K,small,160,600,1,100,32000,0.003323908249556553,0.0072329845618330025,6.894484982922222e-15,0.27359996736049647,0.0008549998980015513,0.0038150361390435128,0.004932374988514401,0.0026488333566230733,0.007731219381671654,0.004858005038870032,0.007611619141066113,baseline,temperature__temperature_low_train__baseline__small__n160_te0600_r1_seed1
temperature,temperature_ood_0900K,small,160,600,1,100,32000,0.006874180253785744,0.03237608837476791,6.961098364399732e-15,0.3979747510701418,0.0012436710970941932,0.006664678926135821,0.010152071766507365,0.006512437868421935,0.040598828781351334,0.00816890873752709,0.013899504877841798,baseline,temperature__temperature_low_train__baseline__small__n160_te0600_r1_seed1
temperature,temperature_ood_1200K,small,160,600,1,100,32000,0.02104908225606632,0.13231742199140822,5.92081939032596e-15,1.9331026423722506,0.006040945757413283,0.01770619037229335,0.02811017127712741,0.022167455275373258,0.16739045838397643,0.02103685508191848,0.051871209828182385,baseline,temperature__temperature_low_train__baseline__small__n160_te0600_r1_seed1
temperature,temperature_ood_0600K,small,160,600,2,100,32000,0.003323130832926835,0.008714332910146007,5.616618281578667e-15,0.2857199805974959,0.0008928749393671749,0.0033038065558648683,0.004217870175547501,0.0028833411853605253,0.010412492380444678,0.004661824052687729,0.006053723549026687,baseline,temperature__temperature_low_train__baseline__small__n160_te0600_r1_seed2
temperature,temperature_ood_0900K,small,160,600,2,100,32000,0.007129209376365177,0.03718557946381687,6.2805316503045106e-15,0.6978924122452735,0.00218091378826648,0.00546098367718514,0.008749754959593434,0.007643167667032685,0.04740133568330541,0.0072555602035426926,0.009829471743794555,baseline,temperature__temperature_low_train__baseline__small__n160_te0600_r1_seed2
temperature,temperature_ood_1200K,small,160,600,2,100,32000,0.021247371513664254,0.13934531168795677,6.568079413682426e-15,1.6141955488920212,0.005044361090287566,0.013057487560101437,0.027797385271054947,0.024969782846756668,0.17743927373585722,0.01827002146794984,0.04311377074017325,baseline,temperature__temperature_low_train__baseline__small__n160_te0600_r1_seed2
temperature,temperature_ood_0600K,medium,5,300,0,100,32000,0.025113612167153042,0.04026384431587738,5.453415496958769e-15,1.2512960883975028,0.003910300276242197,0.03909858576324768,0.05107855567481863,0.018992779006715862,0.035008245268923426,0.02949113805236993,0.0426630429671069,baseline,temperature__temperature_low_train__baseline__medium__n005_te0300_r1_seed0
temperature,temperature_ood_0900K,medium,5,300,0,100,32000,0.03842002204168821,0.0965402749924884,4.846123502488808e-15,5.537849140912295,0.01730577856535092,0.04617273730764282,0.06338655654419464,0.033626380876555534,0.1126708663231811,0.04504823027113161,0.06706784306616387,baseline,temperature__temperature_low_train__baseline__medium__n005_te0300_r1_seed0
temperature,temperature_ood_1200K,medium,5,300,0,100,32000,0.06916236139644169,0.28872654630712496,7.969180870759374e-15,10.872723834514618,0.03397726198285818,0.06268607506052286,0.08963427193534122,0.06974790334887075,0.3634433106518394,0.0738820218750734,0.11183769415592844,baseline,temperature__temperature_low_train__baseline__medium__n005_te0300_r1_seed0
temperature,temperature_ood_0600K,medium,5,300,1,100,32000,0.02425792226545454,0.04373599746322739,4.2543746303636e-15,0.9922258745133877,0.0031007058578543362,0.042224777333074594,0.05695054914056991,0.016307879720799973,0.03727771699283673,0.030141194831798203,0.04638898328817531,baseline,temperature__temperature_low_train__baseline__medium__n005_te0300_r1_seed1
temperature,temperature_ood_0900K,medium,5,300,1,100,32000,0.03759799555631616,0.09663660241042131,5.889455589880299e-15,2.6019046585261822,0.00813095205789432,0.053698219749327106,0.076805078924636,0.029938757552952056,0.1074197035568961,0.044475485373397544,0.0785949511214006,baseline,temperature__temperature_low_train__baseline__medium__n005_te0300_r1_seed1
temperature,temperature_ood_1200K,medium,5,300,1,100,32000,0.06977185131757434,0.2755016818355289,7.879252805764736e-15,4.272628662213683,0.01335196456941776,0.07840981429812383,0.12056385024488361,0.061605042071913585,0.3230129697935328,0.08563431607400707,0.2279432067876584,baseline,temperature__temperature_low_train__baseline__medium__n005_te0300_r1_seed1
temperature,temperature_ood_0600K,medium,5,300,2,100,32000,0.025388597894931444,0.036612587582252755,5.259126467649366e-15,1.4447472073882819,0.004514835023088381,0.03734890788423945,0.048926529538276385,0.01931142646475564,0.029591083771497276,0.031659802196150846,0.04100860688154993,baseline,temperature__temperature_low_train__baseline__medium__n005_te0300_r1_seed2
temperature,temperature_ood_0900K,medium,5,300,2,100,32000,0.03717025915144768,0.0577284226753064,5.769343336403665e-15,5.397188599966467,0.016866214374895206,0.04500752712400936,0.0611147875936945,0.028027862168074832,0.050382502408204306,0.05676018212900452,0.07288790718310974,baseline,temperature__temperature_low_train__baseline__medium__n005_te0300_r1_seed2
temperature,temperature_ood_1200K,medium,5,300,2,100,32000,0.06031963190477909,0.10753180598718423,5.780376177710877e-15,8.973083268739282,0.02804088521481026,0.05946494273636926,0.08488256987019262,0.045703912502414214,0.10511860463498575,0.10502147928028353,0.1321386873907096,baseline,temperature__temperature_low_train__baseline__medium__n005_te0300_r1_seed2
temperature,temperature_ood_0600K,medium,5,600,0,100,32000,0.01982065580880735,0.031304201568974996,4.6540549192286564e-15,1.2933954882621765,0.0040418609008193015,0.029486746717419007,0.03781674313344746,0.015416681487113237,0.028556436150314633,0.02336648786527803,0.0319882631806253,baseline,temperature__temperature_low_train__baseline__medium__n005_te0600_r1_seed0
temperature,temperature_ood_0900K,medium,5,600,0,100,32000,0.03218494882563827,0.0810780900683594,6.410427744185654e-15,5.032890077978372,0.015727781493682418,0.034875252024226935,0.0455617679759648,0.02928984298383875,0.09659228973296737,0.03817996315244818,0.05293578597694387,baseline,temperature__temperature_low_train__baseline__medium__n005_te0600_r1_seed0
temperature,temperature_ood_1200K,medium,5,600,0,100,32000,0.06127418491769203,0.2538576002219203,7.924771949774367e-15,8.498696568161249,0.026558426775503904,0.04745791286821623,0.0643879738135892,0.06320403290143986,0.32093981101707775,0.06930091301592438,0.09521296074227123,baseline,temperature__temperature_low_train__baseline__medium__n005_te0600_r1_seed0
temperature,temperature_ood_0600K,medium,5,600,1,100,32000,0.015835702936782037,0.02823387018572084,5.505595979116152e-15,0.8241753266751766,0.002575547895859927,0.026207093810851803,0.03393520654432494,0.010799450852437682,0.023069626544086223,0.020573068315745333,0.03517862814925935,baseline,temperature__temperature_low_train__baseline__medium__n005_te0600_r1_seed1
temperature,temperature_ood_0900K,medium,5,600,1,100,32000,0.026236351230047878,0.07576251143398317,6.1469579426542964e-15,2.0549304699897766,0.006421657718718053,0.030727263698092432,0.04149869499338216,0.020623741838416514,0.08617128302135325,0.03858326693689742,0.06856514387886828,baseline,temperature__temperature_low_train__baseline__medium__n005_te0600_r1_seed1
temperature,temperature_ood_1200K,medium,5,600,1,100,32000,0.05634550050717371,0.24164503498678666,8.411049634560187e-15,3.299848080575466,0.010312025251798331,0.044278732593505996,0.06722176388212577,0.049267644942034776,0.28318774235838723,0.08964583511625823,0.2164646780961775,baseline,temperature__temperature_low_train__baseline__medium__n005_te0600_r1_seed1
temperature,temperature_ood_0600K,medium,5,600,2,100,32000,0.01845808410241443,0.026806019144319904,5.513367540288527e-15,1.3477421835064889,0.004211694323457777,0.028041355617519,0.03602647047072256,0.013171326816251773,0.020286454284474925,0.024735084445797844,0.03256203394971064,baseline,temperature__temperature_low_train__baseline__medium__n005_te0600_r1_seed2
temperature,temperature_ood_0900K,medium,5,600,2,100,32000,0.028369064730557142,0.04352165600703446,5.637226796473271e-15,4.269559333883226,0.013342372918385081,0.033053310979139494,0.043118028101694725,0.021036714823888664,0.037115985375343115,0.04568186820198024,0.05898066843845198,baseline,temperature__temperature_low_train__baseline__medium__n005_te0600_r1_seed2
temperature,temperature_ood_1200K,medium,5,600,2,100,32000,0.049391520160470825,0.0860945786485777,5.585532036889163e-15,6.0132105048373345,0.01879128282761667,0.04228706010164023,0.05759394189366613,0.038238579337252304,0.08137834709289617,0.08995480268895698,0.11780073893577248,baseline,temperature__temperature_low_train__baseline__medium__n005_te0600_r1_seed2
temperature,temperature_ood_0600K,medium,10,300,0,100,32000,0.02485601576495101,0.04048031381372513,5.370148770111882e-15,1.0091157117486,0.003153486599214375,0.03878599524826859,0.05086068209074272,0.018489802476591044,0.03461448253314026,0.03002467614671332,0.04485513177376155,baseline,temperature__temperature_low_train__baseline__medium__n010_te0300_r1_seed0
temperature,temperature_ood_0900K,medium,10,300,0,100,32000,0.038039604564401086,0.09740381500430563,4.792832797306801e-15,4.668470428287983,0.014588970088399947,0.045823874590860215,0.06320351812435486,0.03262838165070085,0.11300281579267175,0.046489003279042665,0.07165139253672465,baseline,temperature__temperature_low_train__baseline__medium__n010_te0300_r1_seed0
temperature,temperature_ood_1200K,medium,10,300,0,100,32000,0.06902011529592891,0.2918520671727565,7.183698080837075e-15,9.534362113382667,0.02979488160432084,0.06209736910974789,0.08935949370443541,0.06878099749801975,0.3667138216802293,0.07666021487583748,0.12027445870169559,baseline,temperature__temperature_low_train__baseline__medium__n010_te0300_r1_seed0
temperature,temperature_ood_0600K,medium,10,300,1,100,32000,0.02425444941400492,0.04513426223290996,4.1688874574674625e-15,0.8590119118988514,0.0026844122246839105,0.041643961781024696,0.056227583888290515,0.016372545986125867,0.03945857484590219,0.030510647330622302,0.04850803603550309,baseline,temperature__temperature_low_train__baseline__medium__n010_te0300_r1_seed1
temperature,temperature_ood_0900K,medium,10,300,1,100,32000,0.03795111717136897,0.10410835812010528,6.350753256612052e-15,2.080101948603988,0.006500318589387461,0.05321628800991311,0.07620186001197674,0.03031145498126231,0.11726294727001443,0.0456049329031448,0.08446437873852511,baseline,temperature__temperature_low_train__baseline__medium__n010_te0300_r1_seed1
temperature,temperature_ood_1200K,medium,10,300,1,100,32000,0.07185604164088581,0.29622633749092275,1.1437517599688362e-14,4.431520937606693,0.013848502930020913,0.07873758982081927,0.12046677242514756,0.06381535667302525,0.3487199937304376,0.0890965483645341,0.24376437347534732,baseline,temperature__temperature_low_train__baseline__medium__n010_te0300_r1_seed1
temperature,temperature_ood_0600K,medium,10,300,2,100,32000,0.024966617737206254,0.03663899839581015,5.5078164251654015e-15,1.147152394838631,0.003584851233870722,0.03713954180613655,0.048841145280837134,0.018852201795434665,0.02996396775995054,0.031136941493590715,0.04041169945868382,baseline,temperature__temperature_low_train__baseline__medium__n010_te0300_r1_seed2
temperature,temperature_ood_0900K,medium,10,300,2,100,32000,0.03675513776045845,0.058473987032536805,5.493314136906235e-15,4.792711643613875,0.01497722388629336,0.04483885601277507,0.060932748878639434,0.027570609987212565,0.05208836118266903,0.05622500282787952,0.07241300849578432,baseline,temperature__temperature_low_train__baseline__medium__n010_te0300_r1_seed2
temperature,temperature_ood_1200K,medium,10,300,2,100,32000,0.060205487107286175,0.11016513974558856,5.083711229758592e-15,8.073458670675755,0.025229558345861734,0.059138576284967714,0.08460959090948768,0.04555269086860062,0.1090149923114116,0.10523078664566128,0.1336794732035664,baseline,temperature__temperature_low_train__baseline__medium__n010_te0300_r1_seed2
temperature,temperature_ood_0600K,medium,10,600,0,100,32000,0.01934738949893508,0.031543416016112165,5.8753002463163286e-15,0.953032531142235,0.0029782266598194834,0.029268599553266536,0.03776953391298011,0.014759250592673199,0.02854843540525501,0.023190596163389268,0.0332168373804581,baseline,temperature__temperature_low_train__baseline__medium__n010_te0600_r1_seed0
temperature,temperature_ood_0900K,medium,10,600,0,100,32000,0.0313856149526604,0.08291547129956166,5.773159728050814e-15,4.224487728327513,0.013201524151023478,0.03464896248707373,0.04555413106748228,0.02785162535792915,0.09856623444161644,0.03872423620244081,0.05615861760077185,baseline,temperature__temperature_low_train__baseline__medium__n010_te0600_r1_seed0
temperature,temperature_ood_1200K,medium,10,600,0,100,32000,0.06090084371546399,0.2617686730558211,7.825406989070416e-15,7.267717281375081,0.022711616504297125,0.047066242619011975,0.06449978714385958,0.06209160058712829,0.3306144121670299,0.07116317419692314,0.10264647986059358,baseline,temperature__temperature_low_train__baseline__medium__n010_te0600_r1_seed0
temperature,temperature_ood_0600K,medium,10,600,1,100,32000,0.015473750721517717,0.030170627727546286,5.753175713607561e-15,0.607884999513626,0.001899640623480081,0.025714012736600123,0.03341528636133865,0.010506177261578462,0.02627028541211193,0.020136209086253073,0.03693736371019456,baseline,temperature__temperature_low_train__baseline__medium__n010_te0600_r1_seed1
temperature,temperature_ood_0900K,medium,10,600,1,100,32000,0.026170199391731878,0.08628821505326077,5.50268164367651e-15,1.625412069261074,0.0050794127164408565,0.030347807238373208,0.04113106562529737,0.020612065786481254,0.100106115158678,0.03866699236084241,0.07397846206450136,baseline,temperature__temperature_low_train__baseline__medium__n010_te0600_r1_seed1
temperature,temperature_ood_1200K,medium,10,600,1,100,32000,0.0583169740375568,0.26919117002490406,8.775202786637238e-15,3.8272274996340276,0.011960085936356337,0.04470562121827971,0.0675675910244121,0.05160446805274114,0.31826095834591583,0.09206584481128084,0.23212914060552478,baseline,temperature__temperature_low_train__baseline__medium__n010_te0600_r1_seed1
temperature,temperature_ood_0600K,medium,10,600,2,100,32000,0.018094926464325544,0.02667396552976501,4.991562718714704e-15,1.0448737231642007,0.0032652303848881275,0.027975832646952768,0.03613328193103542,0.012830250985371093,0.02036467220344793,0.02400804671856167,0.031744739728750596,baseline,temperature__temperature_low_train__baseline__medium__n010_te0600_r1_seed2
temperature,temperature_ood_0900K,medium,10,600,2,100,32000,0.02781275428173394,0.04346342078821368,6.0919325139963125e-15,3.701793823465705,0.01156810569833033,0.033079146329673674,0.04331537523517321,0.020457312115162496,0.03750826393711092,0.04461268873350854,0.05786634091226816,baseline,temperature__temperature_low_train__baseline__medium__n010_te0600_r1_seed2
temperature,temperature_ood_1200K,medium,10,600,2,100,32000,0.04891297769129378,0.08727111002065426,5.681011217006926e-15,5.2055850886181,0.016267453401931562,0.042369761049114454,0.05820506878340606,0.03776833998761018,0.08313654405832004,0.0888901074445239,0.11814545406075386,baseline,temperature__temperature_low_train__baseline__medium__n010_te0600_r1_seed2
temperature,temperature_ood_0600K,medium,20,300,0,100,32000,0.01943280722523341,0.0331178628299421,4.517497487199762e-15,0.9294336694478988,0.002904480217024684,0.02974279454769567,0.03898566715825422,0.014726775522906492,0.030612745435877272,0.023240915009751915,0.03395086742595314,baseline,temperature__temperature_low_train__baseline__medium__n020_te0300_r1_seed0
temperature,temperature_ood_0900K,medium,20,300,0,100,32000,0.031985314587678296,0.08961873129188595,5.4456439357863925e-15,4.084726723879576,0.012764771012123675,0.03596341860402026,0.04802362737104389,0.02827252315458706,0.10725577909486038,0.039145584870610046,0.057791952365592855,baseline,temperature__temperature_low_train__baseline__medium__n020_te0300_r1_seed0
temperature,temperature_ood_1200K,medium,20,300,0,100,32000,0.06253493614259605,0.27816790148648574,6.9028116556069105e-15,7.197909790724516,0.022493468096014112,0.04948590803237858,0.06909022445049982,0.06379805091337949,0.3516117876385218,0.07179461994046324,0.10592875130617271,baseline,temperature__temperature_low_train__baseline__medium__n020_te0300_r1_seed0
temperature,temperature_ood_0600K,medium,20,300,1,100,32000,0.016191216887166956,0.03385265334845918,6.625811010962934e-15,0.6121037663519384,0.0019128242698498075,0.026588746435139907,0.03520822823073623,0.01118368690944044,0.0317445596727586,0.02081627727237355,0.038304570902897704,baseline,temperature__temperature_low_train__baseline__medium__n020_te0300_r1_seed1
temperature,temperature_ood_0900K,medium,20,300,1,100,32000,0.028246204195533937,0.10195624090937513,6.249653572432123e-15,1.5860721499472856,0.004956475468585268,0.03244280162004725,0.04512441600063088,0.022756308163004477,0.12111335109868807,0.040519294868608995,0.07703136334891424,baseline,temperature__temperature_low_train__baseline__medium__n020_te0300_r1_seed1
temperature,temperature_ood_1200K,medium,20,300,1,100,32000,0.06357019329706963,0.3184561208597565,9.334755191048316e-15,4.545395235866308,0.014204360112082213,0.04913876224952401,0.07570187197177217,0.05754648802467758,0.3850251856901241,0.09607274016179146,0.23792341267316452,baseline,temperature__temperature_low_train__baseline__medium__n020_te0300_r1_seed1
temperature,temperature_ood_0600K,medium,20,300,2,100,32000,0.01838617336594616,0.027685207430213344,5.554445792199658e-15,0.9876102592796088,0.0030862820602487774,0.028559044936144345,0.03734000466989017,0.01285062179345429,0.021164667011024357,0.024819956513223593,0.03307942282537065,baseline,temperature__temperature_low_train__baseline__medium__n020_te0300_r1_seed2
temperature,temperature_ood_0900K,medium,20,300,2,100,32000,0.028608779220936412,0.04549779657260587,5.99183896943245e-15,3.5619876402243973,0.011131211375701241,0.03441693828720963,0.04553340487589175,0.020771881464021133,0.03951316709491438,0.04631131342540902,0.059942350501188874,baseline,temperature__temperature_low_train__baseline__medium__n020_te0300_r1_seed2
temperature,temperature_ood_1200K,medium,20,300,2,100,32000,0.050372876285491655,0.09350190369254605,5.570544026056723e-15,5.124694470092654,0.016014670219039545,0.04465135678695515,0.06245829747773521,0.03880910521138745,0.09195545546701753,0.09078570900634077,0.12018558015167037,baseline,temperature__temperature_low_train__baseline__medium__n020_te0300_r1_seed2
temperature,temperature_ood_0600K,medium,20,600,0,100,32000,0.012820679254992865,0.026161174083220322,5.63660229602192e-15,0.5974038219451905,0.00186688694357872,0.017392658745811786,0.02210750599262934,0.010550132032328597,0.027989553875723258,0.01506034143216675,0.024146385803316538,baseline,temperature__temperature_low_train__baseline__medium__n020_te0600_r1_seed0
temperature,temperature_ood_0900K,medium,20,600,0,100,32000,0.023417097182624278,0.08791460571443326,5.686562332130052e-15,1.980465298295021,0.006188954057171941,0.019968641169180047,0.025226168914514704,0.022824750456556405,0.10955543577033881,0.02864259337427211,0.04473644343296831,baseline,temperature__temperature_low_train__baseline__medium__n020_te0600_r1_seed0
temperature,temperature_ood_1200K,medium,20,600,0,100,32000,0.053386397220492654,0.2914989383515399,7.872036356104673e-15,3.513514253348112,0.010979732041712851,0.027106703698815182,0.03638471310371175,0.059963478596033376,0.3717414478276453,0.059934846615547925,0.09465302876164725,baseline,temperature__temperature_low_train__baseline__medium__n020_te0600_r1_seed0
temperature,temperature_ood_0600K,medium,20,600,1,100,32000,0.009996747287950712,0.027544663744845467,5.7864824043463156e-15,0.3855318185687066,0.0012047869330272082,0.015000227300799451,0.019298012517821643,0.007912662128122368,0.026277320826015957,0.011245522754587005,0.036737398486622656,baseline,temperature__temperature_low_train__baseline__medium__n020_te0600_r1_seed1
temperature,temperature_ood_0900K,medium,20,600,1,100,32000,0.019670377638706122,0.09019777658170144,4.819478149897804e-15,1.1604014775156974,0.0036262546172365546,0.01764891994922073,0.023191118054414595,0.017807323958414296,0.1059623273110557,0.027280996369067,0.08035124216384561,baseline,temperature__temperature_low_train__baseline__medium__n020_te0600_r1_seed1
temperature,temperature_ood_1200K,medium,20,600,1,100,32000,0.054103574383253,0.2977166140659236,1.0882406087375784e-14,7.044724217876792,0.022014763180864975,0.02967920550151757,0.04295606787962861,0.05450820691469077,0.3545104462814732,0.07731404567067511,0.25356994719138787,baseline,temperature__temperature_low_train__baseline__medium__n020_te0600_r1_seed1
temperature,temperature_ood_0600K,medium,20,600,2,100,32000,0.010173878105398035,0.015028263241062705,6.1994853695068745e-15,0.4849177551269533,0.0015153679847717287,0.015436727465101283,0.019713387280039577,0.008116094454705793,0.011952187296121868,0.011084379697771509,0.01766526248533617,baseline,temperature__temperature_low_train__baseline__medium__n020_te0600_r1_seed2
temperature,temperature_ood_0900K,medium,20,600,2,100,32000,0.01598590305309044,0.02896426266031368,5.1941784207087945e-15,1.3251220080256463,0.0041410062750801445,0.017794854841165945,0.022904894839530895,0.013598233630579971,0.02839312627696471,0.02133995953254635,0.035376538699104614,baseline,temperature__temperature_low_train__baseline__medium__n020_te0600_r1_seed2
temperature,temperature_ood_1200K,medium,20,600,2,100,32000,0.034305840141520466,0.09214458849665942,6.168954236329682e-15,1.1939660332351922,0.003731143853859976,0.02297909694354894,0.03153826468566568,0.031758720078370974,0.09960961772839656,0.053273943528940444,0.10813064308843498,baseline,temperature__temperature_low_train__baseline__medium__n020_te0600_r1_seed2
temperature,temperature_ood_0600K,medium,40,300,0,100,32000,0.012725659840903245,0.025244313316054822,6.376010830422274e-15,0.6828249692916871,0.002133828029036522,0.016800866949837654,0.021336456367168834,0.010542846782055373,0.027324473634035836,0.015198891908512448,0.02216420144188044,baseline,temperature__temperature_low_train__baseline__medium__n040_te0300_r1_seed0
temperature,temperature_ood_0900K,medium,40,300,0,100,32000,0.023297447064451995,0.08400449929519635,6.257216966787382e-15,2.3239956992864608,0.00726248656027019,0.01972460544644855,0.024904075589288813,0.022841682358363567,0.10490832862167927,0.02823758280072071,0.0405745521927655,baseline,temperature__temperature_low_train__baseline__medium__n040_te0300_r1_seed0
temperature,temperature_ood_1200K,medium,40,300,0,100,32000,0.05274463320920185,0.2789499394075193,8.252287742038788e-15,3.510720026995987,0.010971000084362458,0.027093454837109676,0.03659180777516545,0.059191386316499714,0.3560770106670424,0.05905555225940043,0.08575471126595745,baseline,temperature__temperature_low_train__baseline__medium__n040_te0300_r1_seed0
temperature,temperature_ood_0600K,medium,40,300,1,100,32000,0.009806904017151102,0.024907821386048558,5.168088179630103e-15,0.34692722782492624,0.0010841475869528949,0.013889081375018576,0.017765033592352167,0.008086315405293136,0.025287923336012333,0.010886492494857522,0.029461232365856262,baseline,temperature__temperature_low_train__baseline__medium__n040_te0300_r1_seed1
temperature,temperature_ood_0900K,medium,40,300,1,100,32000,0.01892807383397012,0.08530071218559818,6.6235905649136835e-15,0.9870246854424477,0.0030844521420076492,0.016294093752352638,0.021270018869663353,0.01777124207188899,0.10303611264419513,0.025032549201830987,0.06386957231462918,baseline,temperature__temperature_low_train__baseline__medium__n040_te0300_r1_seed1
temperature,temperature_ood_1200K,medium,40,300,1,100,32000,0.051336966414269415,0.27868581909665513,9.764411501578252e-15,6.147653098553419,0.019211415932979436,0.026697940795398615,0.0394033519270226,0.052660484243914354,0.33633714251463653,0.07200543854420538,0.21773443544843898,baseline,temperature__temperature_low_train__baseline__medium__n040_te0300_r1_seed1
temperature,temperature_ood_0600K,medium,40,300,2,100,32000,0.010096385219594231,0.014565159324127969,5.8053561957649435e-15,0.4168594625592231,0.001302685820497572,0.014579358895396579,0.018566204144870934,0.0082667843401044,0.012072989788092578,0.011102214182261379,0.016695632574627826,baseline,temperature__temperature_low_train__baseline__medium__n040_te0300_r1_seed2
temperature,temperature_ood_0900K,medium,40,300,2,100,32000,0.01582088888339349,0.02688089750905652,4.704014955336788e-15,1.3479061713814735,0.004212206785567105,0.017061379593447782,0.021960498241751863,0.013600602567632448,0.026064297435843056,0.02124125712062232,0.033054605866107895,baseline,temperature__temperature_low_train__baseline__medium__n040_te0300_r1_seed2
temperature,temperature_ood_1200K,medium,40,300,2,100,32000,0.03368221439539047,0.08188728368600888,6.6141536692043704e-15,1.1055057111382482,0.0034547053473070258,0.02215299647732172,0.030736496038144823,0.031186528743603652,0.08739178442897601,0.052698489268819676,0.09834089689249204,baseline,temperature__temperature_low_train__baseline__medium__n040_te0300_r1_seed2
temperature,temperature_ood_0600K,medium,40,600,0,100,32000,0.007527881322591566,0.02259696965901593,6.679101716144941e-15,0.3098795734345912,0.0009683736669830978,0.008692332063656067,0.011012662378845496,0.007360639376037093,0.027884022156339058,0.006865156421190478,0.009963954101478538,baseline,temperature__temperature_low_train__baseline__medium__n040_te0600_r1_seed0
temperature,temperature_ood_0900K,medium,40,600,0,100,32000,0.015837274911522398,0.08793654103735223,6.0840221749458575e-15,1.069575797021389,0.0033424243656918406,0.010611154427795554,0.013911283574193464,0.01887404203105931,0.11278401497091414,0.011953094036638507,0.01760540651362211,baseline,temperature__temperature_low_train__baseline__medium__n040_te0600_r1_seed0
temperature,temperature_ood_1200K,medium,40,600,0,100,32000,0.044977432955769475,0.2981335562026145,8.189005029635155e-15,4.325940458308906,0.01351856393221533,0.017314894674800598,0.023654579599871387,0.058592649614897414,0.38342486604603326,0.031794321259354545,0.0530534054211906,baseline,temperature__temperature_low_train__baseline__medium__n040_te0600_r1_seed0
temperature,temperature_ood_0600K,medium,40,600,1,100,32000,0.006626641472289339,0.021402447662878462,6.931122342734852e-15,0.2779703027009964,0.0008686571959406137,0.008443341717473232,0.011208020671621103,0.005809291133288451,0.022868599701981334,0.007261992244108113,0.024408718635917585,baseline,temperature__temperature_low_train__baseline__medium__n040_te0600_r1_seed1
temperature,temperature_ood_0900K,medium,40,600,1,100,32000,0.01491742449023295,0.07831858992218853,5.70987701564718e-15,1.0256948520243168,0.0032052964125759897,0.011412843950587557,0.015477519584523617,0.015621930273477724,0.09585862195932938,0.01630848768014402,0.053505399846047845,baseline,temperature__temperature_low_train__baseline__medium__n040_te0600_r1_seed1
temperature,temperature_ood_1200K,medium,40,600,1,100,32000,0.0456502077232115,0.25739587997924407,9.092726571680033e-15,6.032215474992991,0.018850673359353094,0.024197142263088615,0.03637459428736084,0.05107872380809082,0.31213149686131514,0.05081772492869641,0.1940666639153192,baseline,temperature__temperature_low_train__baseline__medium__n040_te0600_r1_seed1
temperature,temperature_ood_0600K,medium,40,600,2,100,32000,0.005821626302844379,0.010405087634582116,5.296874050486622e-15,0.18152719736099243,0.0005672724917531013,0.007106566975067835,0.008991328094711593,0.0049855356766978125,0.008465677035848433,0.007044957509060623,0.01566787156840532,baseline,temperature__temperature_low_train__baseline__medium__n040_te0600_r1_seed2
temperature,temperature_ood_0900K,medium,40,600,2,100,32000,0.010327557999495184,0.025100001139769238,5.964118088286341e-15,0.3940493023395538,0.0012314040698111054,0.008649455460050377,0.01123362217254039,0.009873883913610675,0.025191566452193868,0.013366682796593523,0.03346656477771204,baseline,temperature__temperature_low_train__baseline__medium__n040_te0600_r1_seed2
temperature,temperature_ood_1200K,medium,40,600,2,100,32000,0.02652830157315475,0.08642204603822984,4.9693582582222005e-15,2.644594538658857,0.008264357933308928,0.012984124188296848,0.01847335982252483,0.028068301865850423,0.0926593309112195,0.035452478079925645,0.10604400204298445,baseline,temperature__temperature_low_train__baseline__medium__n040_te0600_r1_seed2
temperature,temperature_ood_0600K,medium,80,300,0,100,32000,0.00873576912882272,0.02334831691657231,4.510836149052011e-15,0.3817447516322136,0.0011929523488506677,0.010046703826752492,0.012604976715544116,0.00803790057034348,0.027145355827024466,0.009518440106330673,0.018873872079061042,baseline,temperature__temperature_low_train__baseline__medium__n080_te0300_r1_seed0
temperature,temperature_ood_0900K,medium,80,300,0,100,32000,0.017997115580076932,0.08741557979384276,6.1650684557434944e-15,1.0922975530475378,0.003413429853273555,0.011984849674496218,0.015552314623214545,0.01944567610015171,0.11044612246940098,0.019663699925433323,0.037020339784383884,baseline,temperature__temperature_low_train__baseline__medium__n080_te0300_r1_seed0
temperature,temperature_ood_1200K,medium,80,300,0,100,32000,0.0474578606791667,0.29214573595833604,7.094880238867063e-15,4.162924812678248,0.013009140039619524,0.01804518601330528,0.024726547142291944,0.058161038235675734,0.37377110057690904,0.044761002675501003,0.08378392554772916,baseline,temperature__temperature_low_train__baseline__medium__n080_te0300_r1_seed0
temperature,temperature_ood_0600K,medium,80,300,1,100,32000,0.007459933044709033,0.024438313980100382,5.6754601018838e-15,0.33093221276998525,0.0010341631649062038,0.009540555173240137,0.012442364788535625,0.0064477017321235815,0.026049216183603105,0.00841600485393428,0.028207419557247492,baseline,temperature__temperature_low_train__baseline__medium__n080_te0300_r1_seed1
temperature,temperature_ood_0900K,medium,80,300,1,100,32000,0.016860065543126256,0.08634018528268098,6.104561300901423e-15,1.2853166671842338,0.004016614584950729,0.012410299893381304,0.016719631084104843,0.017131779870265745,0.10513292975005464,0.020494688211452755,0.06192570674736024,baseline,temperature__temperature_low_train__baseline__medium__n080_te0300_r1_seed1
temperature,temperature_ood_1200K,medium,80,300,1,100,32000,0.04977170859870239,0.2812166360852672,1.0228484725871567e-14,7.01010911308229,0.021906590978382157,0.024524380944807488,0.03636223463090933,0.054649308754274296,0.34141473246648874,0.06038623578588157,0.2107123900313471,baseline,temperature__temperature_low_train__baseline__medium__n080_te0300_r1_seed1
temperature,temperature_ood_0600K,medium,80,300,2,100,32000,0.0065779352150741035,0.011210209619849396,6.1095573045122366e-15,0.22742407858371722,0.0007107002455741164,0.008099944314337335,0.010157938532905421,0.00576860619262637,0.009834743077971954,0.0074839131831540735,0.015329506487078554,baseline,temperature__temperature_low_train__baseline__medium__n080_te0300_r1_seed2
temperature,temperature_ood_0900K,medium,80,300,2,100,32000,0.011413191198633285,0.031573700781191316,6.117883977196925e-15,0.4885824644565583,0.0015268202014267446,0.009703434286493576,0.01242864668190203,0.011015954115088487,0.03551385370835866,0.014314659361407394,0.03234687359083334,baseline,temperature__temperature_low_train__baseline__medium__n080_te0300_r1_seed2
temperature,temperature_ood_1200K,medium,80,300,2,100,32000,0.02850032302731197,0.11589793163170317,6.2105875997531254e-15,2.2073455251380802,0.006897954766056499,0.013649689194731765,0.01930275120780502,0.030675403463851888,0.1374775237857592,0.036825715550272434,0.10044325731253621,baseline,temperature__temperature_low_train__baseline__medium__n080_te0300_r1_seed2
temperature,temperature_ood_0600K,medium,80,600,0,100,32000,0.004445982689375523,0.016800976304473636,6.1650684557434944e-15,0.1998635697364807,0.000624573655426502,0.0038099289145029623,0.004865068816195873,0.004412897313013673,0.021135402278914937,0.005181292593333637,0.006897785213850363,baseline,temperature__temperature_low_train__baseline__medium__n080_te0600_r1_seed0
temperature,temperature_ood_0900K,medium,80,600,0,100,32000,0.011210877450162663,0.07284206530930352,6.040723476985476e-15,0.8099617789685726,0.0025311305592767893,0.005741110989198206,0.00767693375297879,0.013828831199314058,0.09366790313484888,0.008826782663672933,0.012242093274366215,baseline,temperature__temperature_low_train__baseline__medium__n080_te0600_r1_seed0
temperature,temperature_ood_1200K,medium,80,600,0,100,32000,0.03623873775503235,0.24932522324449993,6.716294187469884e-15,3.396114361528307,0.01061285737977596,0.014029817402792107,0.01901633920410674,0.0474619834509928,0.3206559581623005,0.024777921019391205,0.04464283882017404,baseline,temperature__temperature_low_train__baseline__medium__n080_te0600_r1_seed0
temperature,temperature_ood_0600K,medium,80,600,1,100,32000,0.004311972092976794,0.013621911380931058,6.4703797875154124e-15,0.19752994284033779,0.0006172810713760557,0.003955190494714771,0.005495665202917456,0.00388186124038475,0.013445033854906798,0.005959086249014943,0.018848692428080197,baseline,temperature__temperature_low_train__baseline__medium__n080_te0600_r1_seed1
temperature,temperature_ood_0900K,medium,80,600,1,100,32000,0.010598868741991464,0.037483503141248486,6.674313879351246e-15,0.6861928653717041,0.002144352704286575,0.0070589612592593795,0.009883652636144689,0.010933708985792087,0.041951543132451814,0.013134255493321685,0.04059042418706735,baseline,temperature__temperature_low_train__baseline__medium__n080_te0600_r1_seed1
temperature,temperature_ood_1200K,medium,80,600,1,100,32000,0.033104357826060735,0.12259923786223416,6.9833028248922345e-15,4.147044998630881,0.012959515620721502,0.020687538832746214,0.030519541998132015,0.034489202300717205,0.12600861840120173,0.041366643395405835,0.16305492155739612,baseline,temperature__temperature_low_train__baseline__medium__n080_te0600_r1_seed1
temperature,temperature_ood_0600K,medium,80,600,2,100,32000,0.004154726520599798,0.01140788864988621,7.159828285807634e-15,0.20181641936302186,0.0006306763105094434,0.004002561142959166,0.005008037892136008,0.003615677786418626,0.012084417965059858,0.005924038100783949,0.013693783299335455,baseline,temperature__temperature_low_train__baseline__medium__n080_te0600_r1_seed2
temperature,temperature_ood_0900K,medium,80,600,2,100,32000,0.009491206616850104,0.04490942176774208,6.189493362285248e-15,0.6043877869844436,0.0018887118343263864,0.005957888727891259,0.007995023202635666,0.009917328439255167,0.055260037635356876,0.011746159038593757,0.029314589254684643,baseline,temperature__temperature_low_train__baseline__medium__n080_te0600_r1_seed2
temperature,temperature_ood_1200K,medium,80,600,2,100,32000,0.027952059807887418,0.16196833575133868,6.887823644774471e-15,2.31798694498837,0.007243709203088656,0.01219621367307991,0.01815504429064807,0.032090187964102374,0.2008738381055716,0.031293521474050075,0.0989353667366039,baseline,temperature__temperature_low_train__baseline__medium__n080_te0600_r1_seed2
temperature,temperature_ood_0600K,medium,160,300,0,100,32000,0.005091538017475977,0.01961806954837634,5.726530361016557e-15,0.22418836534023273,0.0007005886416882274,0.0045441804828878956,0.005767669656785413,0.005110201342370905,0.02472058338772313,0.005582905577379278,0.007599705367100335,baseline,temperature__temperature_low_train__baseline__medium__n160_te0300_r1_seed0
temperature,temperature_ood_0900K,medium,160,300,0,100,32000,0.012502452362608165,0.08365608708186835,6.143974218275617e-15,0.915951906144619,0.0028623497067019345,0.0065672694817913,0.008936351277114077,0.015438964844235065,0.10757004730033881,0.009628097798544333,0.014067726415676734,baseline,temperature__temperature_low_train__baseline__medium__n160_te0300_r1_seed0
temperature,temperature_ood_1200K,medium,160,300,0,100,32000,0.039435693383303806,0.2868272468266881,7.656097977815079e-15,3.7313015951961277,0.0116603174849879,0.014512435142201872,0.019906444369528962,0.05231437968963049,0.369352268496528,0.025722892705425687,0.041107010993967755,baseline,temperature__temperature_low_train__baseline__medium__n160_te0300_r1_seed0
temperature,temperature_ood_0600K,medium,160,300,1,100,32000,0.004477393579651835,0.014137234479938235,5.514477763313153e-15,0.20015187591314312,0.0006254746122285723,0.004347471587505422,0.0059613829220773965,0.004100341821671464,0.016030171774188758,0.005738470845739359,0.0138877530950886,baseline,temperature__temperature_low_train__baseline__medium__n160_te0300_r1_seed1
temperature,temperature_ood_0900K,medium,160,300,1,100,32000,0.010780851418316886,0.04272558162510613,6.4072358529898565e-15,0.6612029752880335,0.0020662592977751045,0.007290322573455339,0.010229308340246634,0.011744256887664959,0.05217706988152467,0.011381163855134215,0.029247188114990944,baseline,temperature__temperature_low_train__baseline__medium__n160_te0300_r1_seed1
temperature,temperature_ood_1200K,medium,160,300,1,100,32000,0.03296745840937801,0.12340315969106928,6.270539643082884e-15,3.944012320563197,0.012325038501759991,0.019750196476692503,0.030354899787069692,0.036060355281799274,0.1379843895858321,0.036906029724799734,0.134540714504906,baseline,temperature__temperature_low_train__baseline__medium__n160_te0300_r1_seed1
temperature,temperature_ood_0600K,medium,160,300,2,100,32000,0.00444758045693161,0.013253236975897122,5.005995618034831e-15,0.23543147742748247,0.0007357233669608826,0.004373495096660917,0.005480097705474695,0.003931573012785522,0.015350550433718736,0.006069688149640572,0.011886622101356511,baseline,temperature__temperature_low_train__baseline__medium__n160_te0300_r1_seed2
temperature,temperature_ood_0900K,medium,160,300,2,100,32000,0.010100999880395829,0.0539742181851033,5.378197887040415e-15,0.7379140329360961,0.0023059813529253004,0.0064077465424779816,0.008606812934630118,0.010895959651039448,0.06801893001251466,0.011409373906382823,0.024744280034623416,baseline,temperature__temperature_low_train__baseline__medium__n160_te0300_r1_seed2
temperature,temperature_ood_1200K,medium,160,300,2,100,32000,0.029359666543448838,0.19081035548237218,6.499800697667979e-15,2.3983422996103765,0.0074948196862824265,0.012354796177874963,0.018689129982132142,0.03499207077182776,0.24116463333253937,0.02946732422388594,0.08492663955322072,baseline,temperature__temperature_low_train__baseline__medium__n160_te0300_r1_seed2
temperature,temperature_ood_0600K,medium,160,600,0,100,32000,0.0035273821509559634,0.01364425851957501,7.162048731856885e-15,0.202269074320793,0.0006320908572524783,0.0032635079758474624,0.00416739184084862,0.003168678657830845,0.01705625567860049,0.004867366805439818,0.006380769911886016,baseline,temperature__temperature_low_train__baseline__medium__n160_te0600_r1_seed0
temperature,temperature_ood_0900K,medium,160,600,0,100,32000,0.009038016729213994,0.06304035360616728,6.853406731011091e-15,0.7356657513976097,0.0022989554731175305,0.005194876725057839,0.0068447212767850756,0.01064944863235966,0.0810146797370195,0.008046861023933158,0.011551870234756649,baseline,temperature__temperature_low_train__baseline__medium__n160_te0600_r1_seed0
temperature,temperature_ood_1200K,medium,160,600,0,100,32000,0.02904754457851813,0.22193130601642486,6.898925875020723e-15,2.573682909309864,0.008042759091593325,0.013008711136368215,0.01759864226642744,0.037555607777312004,0.2857430621564823,0.01956218842428643,0.031788646235227994,baseline,temperature__temperature_low_train__baseline__medium__n160_te0600_r1_seed0
temperature,temperature_ood_0600K,medium,160,600,1,100,32000,0.003127572734444402,0.0060341893203586456,7.26640969617165e-15,0.11989060580730439,0.0003746581431478262,0.0033133063870482136,0.004371497761133739,0.0024428255577222447,0.00548626275174047,0.004996080612007061,0.008523495418585592,baseline,temperature__temperature_low_train__baseline__medium__n160_te0600_r1_seed1
temperature,temperature_ood_0900K,medium,160,600,1,100,32000,0.005893219035502989,0.023624287793389133,7.26030346953621e-15,0.34278118342161173,0.0010711911981925366,0.004688269547012169,0.00661473618685949,0.00599922486851574,0.028955365654255796,0.00678015102495556,0.015216456006168355,baseline,temperature__temperature_low_train__baseline__medium__n160_te0600_r1_seed1
temperature,temperature_ood_1200K,medium,160,600,1,100,32000,0.019567586901839244,0.10274857949723026,6.014078124394473e-15,1.5455453135073185,0.0048298291047103705,0.011938157821990902,0.01964312052248933,0.022201405196406995,0.12243063631417911,0.019295561097984318,0.0862132161257647,baseline,temperature__temperature_low_train__baseline__medium__n160_te0600_r1_seed1
temperature,temperature_ood_0600K,medium,160,600,2,100,32000,0.003014376829564572,0.012888264914863171,6.121769757783113e-15,0.15604791343212132,0.0004876497294753792,0.0029548900779918764,0.0037503286510882417,0.0024927575018567354,0.016052722916399805,0.004638721564260776,0.0065880314582710655,baseline,temperature__temperature_low_train__baseline__medium__n160_te0600_r1_seed2
temperature,temperature_ood_0900K,medium,160,600,2,100,32000,0.007541793114715255,0.05926054685551746,5.8142379799619445e-15,0.806992975175381,0.0025218530474230656,0.005032869717309949,0.007334109262456063,0.008575678751629312,0.07611429614593071,0.006949059601378392,0.011185467179779853,baseline,temperature__temperature_low_train__baseline__medium__n160_te0600_r1_seed2
temperature,temperature_ood_1200K,medium,160,600,2,100,32000,0.02458303101017227,0.20729025286457076,5.763167720829187e-15,2.3654693264141677,0.007392091645044275,0.011614133430994116,0.018866191830519193,0.031286143780079635,0.2661151674106967,0.017442590279628342,0.045149357592696206,baseline,temperature__temperature_low_train__baseline__medium__n160_te0600_r1_seed2
temperature,temperature_ood_0600K,large,5,300,0,100,32000,0.020467168399627554,0.029794547128933896,5.290212712338871e-15,1.4528693771362304,0.00454021680355072,0.025809391314891395,0.032750937254010265,0.01739172515370107,0.02769461363205987,0.024351275222143157,0.03263397661009102,baseline,temperature__temperature_low_train__baseline__large__n005_te0300_r1_seed0
temperature,temperature_ood_0900K,large,5,300,0,100,32000,0.03248093506491277,0.06789864889391645,5.153655280309977e-15,5.3353169867396355,0.01667286558356136,0.031576433990208895,0.04011162628477929,0.0306136426764424,0.07898245249588483,0.038987313305027776,0.05222553626429117,baseline,temperature__temperature_low_train__baseline__large__n005_te0300_r1_seed0
temperature,temperature_ood_1200K,large,5,300,0,100,32000,0.05855834745018875,0.21850992746761008,6.696865284538944e-15,9.24921999976039,0.02890381249925122,0.04465439735578549,0.057879837128463514,0.060900419576348216,0.2747776863053113,0.06543608116611359,0.09420475460178963,baseline,temperature__temperature_low_train__baseline__large__n005_te0300_r1_seed0
temperature,temperature_ood_0600K,large,5,300,1,100,32000,0.02068047887426219,0.034996068172332785,5.172529071728605e-15,0.946983402594924,0.0029593231331091372,0.025917693933093688,0.03368080386488145,0.017515019825790658,0.034921422675811595,0.02493964096084528,0.03647889942857569,baseline,temperature__temperature_low_train__baseline__large__n005_te0300_r1_seed1
temperature,temperature_ood_0900K,large,5,300,1,100,32000,0.032857194204657214,0.06541339495126496,6.000269725525698e-15,2.928209220673889,0.009150653814605903,0.03275611575906078,0.04463977519978163,0.02969732753933749,0.07086068045514282,0.04243787264621278,0.0658645850337361,baseline,temperature__temperature_low_train__baseline__large__n005_te0300_r1_seed1
temperature,temperature_ood_1200K,large,5,300,1,100,32000,0.05853909342348161,0.14520493627171083,6.926681450636352e-15,4.826886457446963,0.015084020179521759,0.047440157191502304,0.07004362459636902,0.05458509811589405,0.1511797839333652,0.0815000155782236,0.17874640424731333,baseline,temperature__temperature_low_train__baseline__large__n005_te0300_r1_seed1
temperature,temperature_ood_0600K,large,5,300,2,100,32000,0.022667738959239795,0.032725554022580074,5.482281295599023e-15,1.109997630417347,0.003468742595054209,0.03604084139683982,0.047562805873904504,0.016210378881883425,0.023918688363854163,0.028666716753708896,0.037098220559533455,baseline,temperature__temperature_low_train__baseline__large__n005_te0300_r1_seed2
temperature,temperature_ood_0900K,large,5,300,2,100,32000,0.034086165750707734,0.055418459658984405,5.200284647344234e-15,4.506783582270145,0.014083698694594204,0.04417770599733922,0.06118845090742209,0.02662253648757663,0.05158565716788685,0.046385513293469564,0.06023920446099981,baseline,temperature__temperature_low_train__baseline__large__n005_te0300_r1_seed2
temperature,temperature_ood_1200K,large,5,300,2,100,32000,0.05799430544673814,0.13192110953130365,5.7237548034549945e-15,7.716585653722286,0.024114330167882145,0.060339676520117805,0.08735462594222262,0.04960087416158543,0.15049618751085939,0.08082922822881664,0.10694745280012137,baseline,temperature__temperature_low_train__baseline__large__n005_te0300_r1_seed2
temperature,temperature_ood_0600K,large,5,600,0,100,32000,0.012633157362346537,0.021971418775485356,5.3745896622103824e-15,0.5206309574842453,0.0016269717421382663,0.015267804113216696,0.019254926874926005,0.012865146811139615,0.02463462997971306,0.009302542265097144,0.014912042897197941,baseline,temperature__temperature_low_train__baseline__large__n005_te0600_r1_seed0
temperature,temperature_ood_0900K,large,5,600,0,100,32000,0.021303538469888736,0.06253033748005724,5.084821452783217e-15,2.3916837897896768,0.00747401184309274,0.0183413224479591,0.022896025958560273,0.0247404397893697,0.07815394687151757,0.013955050533375469,0.026492815768925183,baseline,temperature__temperature_low_train__baseline__large__n005_te0600_r1_seed0
temperature,temperature_ood_1200K,large,5,600,0,100,32000,0.044048499030718814,0.21747658546511445,7.593370376923758e-15,3.2119026074185966,0.010037195648183115,0.026401367422364274,0.03442663165969704,0.054919773493358665,0.27540145715155734,0.0290818072511538,0.0880752255562849,baseline,temperature__temperature_low_train__baseline__large__n005_te0600_r1_seed0
temperature,temperature_ood_0600K,large,5,600,1,100,32000,0.011079105617274763,0.021117762275006308,5.456746166032644e-15,0.5630279371142386,0.0017594623034819959,0.015610358471632937,0.019587786685728126,0.009235251577910579,0.01641223992129388,0.012079414881009142,0.03221852219718452,baseline,temperature__temperature_low_train__baseline__large__n005_te0600_r1_seed1
temperature,temperature_ood_0900K,large,5,600,1,100,32000,0.01925198786162655,0.04873059906501755,5.629663402118013e-15,1.2811784859001636,0.004003682768438012,0.018804013937602577,0.023578597049991226,0.01771710755126939,0.046395444324136094,0.024304602716722,0.0697122257945445,baseline,temperature__temperature_low_train__baseline__large__n005_te0600_r1_seed1
temperature,temperature_ood_1200K,large,5,600,1,100,32000,0.04117332339564163,0.14718426131950568,5.069278330438464e-15,2.283617476224899,0.00713630461320281,0.025222889954464332,0.03393484512622482,0.04169345128972782,0.14860046115821965,0.05556337315456039,0.20228239917945207,baseline,temperature__temperature_low_train__baseline__large__n005_te0600_r1_seed1
temperature,temperature_ood_0600K,large,5,600,2,100,32000,0.014405441615101879,0.021522497688762156,5.793143742494067e-15,0.9227914631366729,0.002883723322302103,0.019348787772818468,0.024864788649590294,0.011424620579908758,0.01861427434737785,0.01840455856296467,0.025658491592194584,baseline,temperature__temperature_low_train__baseline__large__n005_te0600_r1_seed2
temperature,temperature_ood_0900K,large,5,600,2,100,32000,0.023525417287641903,0.04470675854036798,5.085931675807842e-15,3.024010740816593,0.009450033565051854,0.024230496274161854,0.032015770065091764,0.020665100476966475,0.04897587901010313,0.03140128873314824,0.04210168154167031,baseline,temperature__temperature_low_train__baseline__large__n005_te0600_r1_seed2
temperature,temperature_ood_1200K,large,5,600,2,100,32000,0.04545314868411806,0.1365865630794894,5.900835375882707e-15,3.7814050947874787,0.01181689092121087,0.033954868119413735,0.0469290726853875,0.04417769879660046,0.16693835209829214,0.0607777789113752,0.08643996762115458,baseline,temperature__temperature_low_train__baseline__large__n005_te0600_r1_seed2
temperature,temperature_ood_0600K,large,10,300,0,100,32000,0.0202326976186072,0.030468807331210792,5.9663385343355915e-15,1.124357039630413,0.003513615748845041,0.025947192372434078,0.03313911872555625,0.017060864200951376,0.028843222232764372,0.02403370311774779,0.03236889718108745,baseline,temperature__temperature_low_train__baseline__large__n010_te0300_r1_seed0
temperature,temperature_ood_0900K,large,10,300,0,100,32000,0.03243241142461193,0.07494735024970303,5.838662886503699e-15,4.684795417785645,0.014639985680580139,0.03153928880157764,0.0403656839145711,0.030603275356076973,0.08893116317207755,0.03881294225325109,0.05224827997122207,baseline,temperature__temperature_low_train__baseline__large__n010_te0300_r1_seed0
temperature,temperature_ood_1200K,large,10,300,0,100,32000,0.05942515851931167,0.2418948780633413,5.748734821509061e-15,8.404254595302046,0.026263295610318888,0.04465041288917928,0.05834747923871335,0.0622445469666721,0.30552118139561973,0.0657417388073627,0.09555969332703104,baseline,temperature__temperature_low_train__baseline__large__n010_te0300_r1_seed0
temperature,temperature_ood_0600K,large,10,300,1,100,32000,0.020531089203427107,0.036241681983807186,5.783151735272441e-15,0.7599120390042663,0.0023747251218883317,0.025765967077659296,0.03371213121552012,0.017487625011923226,0.036823235045596925,0.024426603903706563,0.03691798824847846,baseline,temperature__temperature_low_train__baseline__large__n010_te0300_r1_seed1
temperature,temperature_ood_0900K,large,10,300,1,100,32000,0.0331419413107651,0.07126469036752892,4.922832974596503e-15,2.3750012684240938,0.007421878963825293,0.03261707486358136,0.04468930301262471,0.03025660422632427,0.07901115504633437,0.04232281901127135,0.06832173004891627,baseline,temperature__temperature_low_train__baseline__large__n010_te0300_r1_seed1
temperature,temperature_ood_1200K,large,10,300,1,100,32000,0.060091913957068754,0.1671410104759845,6.8839378641882834e-15,4.313915249928832,0.0134809851560276,0.047414866710318165,0.07013875470793624,0.0569445910140057,0.1821407716853267,0.08221093003300847,0.18771084111554906,baseline,temperature__temperature_low_train__baseline__large__n010_te0300_r1_seed1
temperature,temperature_ood_0600K,large,10,300,2,100,32000,0.022467145768419138,0.03318296803286804,4.765077221691172e-15,0.8798724868893624,0.0027496015215292572,0.03589171074674232,0.04757295446474991,0.016091163176655147,0.025279175040874978,0.02817052856538794,0.03640399385513839,baseline,temperature__temperature_low_train__baseline__large__n010_te0300_r1_seed2
temperature,temperature_ood_0900K,large,10,300,2,100,32000,0.034083777620951876,0.06092363733379529,5.3917981190920725e-15,3.9916472521424295,0.012473897662945092,0.0441047008499736,0.061138848674099716,0.02690208791248733,0.06141748681098127,0.0456079235173238,0.059195996943825865,baseline,temperature__temperature_low_train__baseline__large__n010_te0300_r1_seed2
temperature,temperature_ood_1200K,large,10,300,2,100,32000,0.05933525238451694,0.1582684879838416,5.81534820298657e-15,7.052552816420794,0.02203922755131498,0.06025883531908766,0.08722460193150205,0.05217321997724987,0.18810013116193552,0.07989776667174738,0.10719823800760912,baseline,temperature__temperature_low_train__baseline__large__n010_te0300_r1_seed2
temperature,temperature_ood_0600K,large,10,600,0,100,32000,0.012131732737761922,0.021743119617308376,6.2094773767285005e-15,0.40146052360534684,0.0012545641362667085,0.015031794658629223,0.019043399709697352,0.01226988243884019,0.024405618492055123,0.008817221713659822,0.014637709486814247,baseline,temperature__temperature_low_train__baseline__large__n010_te0600_r1_seed0
temperature,temperature_ood_0900K,large,10,600,0,100,32000,0.020513403692265272,0.06687853529963478,6.546985176214548e-15,1.9328216364979744,0.006040067614056171,0.01776056615577545,0.02237831905051828,0.023746831781366686,0.0839433938962551,0.013565956961450864,0.026896526153579233,baseline,temperature__temperature_low_train__baseline__large__n010_te0600_r1_seed0
temperature,temperature_ood_1200K,large,10,600,0,100,32000,0.04379915922787768,0.23721209730316387,7.284173264565652e-15,2.9173120675981044,0.009116600211244079,0.0257990959083545,0.03397796251310201,0.05474713326505056,0.30111590635639934,0.028955300435882226,0.09044902661598461,baseline,temperature__temperature_low_train__baseline__large__n010_te0600_r1_seed0
temperature,temperature_ood_0600K,large,10,600,1,100,32000,0.010873555657162796,0.02246417614112709,6.588063428125679e-15,0.3959309783577919,0.0012372843073681,0.015285560592019465,0.019312326872232496,0.009169583372926959,0.01736202587228216,0.011573467575013636,0.03529745390405064,baseline,temperature__temperature_low_train__baseline__large__n010_te0600_r1_seed1
temperature,temperature_ood_0900K,large,10,600,1,100,32000,0.019413933874938814,0.053403115129583505,5.407063685680669e-15,0.9831904859095811,0.0030724702684674413,0.018239757855386413,0.02314779876782345,0.01797184735651293,0.05104482179487363,0.02491436944976886,0.07685649903365938,baseline,temperature__temperature_low_train__baseline__large__n010_te0600_r1_seed1
temperature,temperature_ood_1200K,large,10,600,1,100,32000,0.042166576299360894,0.16059695295254528,6.527556273283608e-15,2.7922909292578697,0.008725909153930842,0.02484428262309666,0.03387478435339751,0.043001713337316075,0.1645076500863608,0.05698345886175959,0.21591920864622355,baseline,temperature__temperature_low_train__baseline__large__n010_te0600_r1_seed1
temperature,temperature_ood_0600K,large,10,600,2,100,32000,0.01390233324993169,0.021367273223525985,5.980771433655718e-15,0.735827779173851,0.002299461809918284,0.01929445038858103,0.024908066798326325,0.010824027239034572,0.018542819987106995,0.017745134143973704,0.025117354840655547,baseline,temperature__temperature_low_train__baseline__large__n010_te0600_r1_seed2
temperature,temperature_ood_0900K,large,10,600,2,100,32000,0.022805087180790728,0.04925115615901096,4.846123502488808e-15,2.5413404381275178,0.007941688869148492,0.024098648651299303,0.03210167214772259,0.019917135068205725,0.0560429011685587,0.030175382048037137,0.040932190830079346,baseline,temperature__temperature_low_train__baseline__large__n010_te0600_r1_seed2
temperature,temperature_ood_1200K,large,10,600,2,100,32000,0.04549235813597333,0.15804227439148796,6.273870312156759e-15,3.097254043519497,0.009678918885998427,0.03394789125731768,0.04730085728427248,0.04491640260342199,0.19600537238025423,0.058764691612283065,0.08599484501165386,baseline,temperature__temperature_low_train__baseline__large__n010_te0600_r1_seed2
temperature,temperature_ood_0600K,large,20,300,0,100,32000,0.01249489008616656,0.022601396712846347,5.381251000358134e-15,0.49562951445579534,0.0015488422326743604,0.015000318040692946,0.01901794434136909,0.012360212951112773,0.025464124715751914,0.010393493536801546,0.0157215939798671,baseline,temperature__temperature_low_train__baseline__large__n020_te0300_r1_seed0
temperature,temperature_ood_0900K,large,20,300,0,100,32000,0.02131824830463156,0.0730914208372279,5.779821066198565e-15,2.2395231935381887,0.006998509979806841,0.018045627458981472,0.02275193697464991,0.02424741959673702,0.09211632775657397,0.01580335527396528,0.02716385182288504,baseline,temperature__temperature_low_train__baseline__large__n020_te0300_r1_seed0
temperature,temperature_ood_1200K,large,20,300,0,100,32000,0.04581543025124847,0.25683975302107354,7.019385073192552e-15,3.369349242672324,0.010529216383351013,0.027012016109416434,0.03553724271783401,0.056376674557177466,0.3269963962610506,0.03293511147529352,0.08826363088215883,baseline,temperature__temperature_low_train__baseline__large__n020_te0300_r1_seed0
temperature,temperature_ood_0600K,large,20,300,1,100,32000,0.011330496365149155,0.02311650917888402,5.828670879282072e-15,0.39986461892724035,0.001249576934147626,0.014941293625088291,0.018898619364323088,0.009699306693364633,0.019087053117150234,0.012613268120563594,0.034953689063085096,baseline,temperature__temperature_low_train__baseline__large__n020_te0300_r1_seed1
temperature,temperature_ood_0900K,large,20,300,1,100,32000,0.02026471992888692,0.05509216572431198,5.394851232409792e-15,1.0048418623209,0.0031401308197528126,0.017861441110340822,0.02291503499328099,0.018946848828532287,0.05460905999027071,0.026621612048496907,0.07552606499195513,baseline,temperature__temperature_low_train__baseline__large__n020_te0300_r1_seed1
temperature,temperature_ood_1200K,large,20,300,1,100,32000,0.043591324274506765,0.16543399709450352,6.0762506137734814e-15,2.8029836277663707,0.008759323836769908,0.02517342215967801,0.034741058714813866,0.04427268018876202,0.1729472180028249,0.05996515864656976,0.21424956281856194,baseline,temperature__temperature_low_train__baseline__large__n020_te0300_r1_seed1
temperature,temperature_ood_0600K,large,20,300,2,100,32000,0.014349635061528535,0.02281495029049425,6.102895966364485e-15,0.7344620251655577,0.0022951938286423683,0.020051268541836177,0.026268560515389845,0.010932023810377965,0.01954485278924664,0.018900835334672593,0.027686977093535375,baseline,temperature__temperature_low_train__baseline__large__n020_te0300_r1_seed2
temperature,temperature_ood_0900K,large,20,300,2,100,32000,0.02382102576606558,0.05525303776652347,5.949685188966214e-15,2.563680201172829,0.008011500628665092,0.02546474408687209,0.03457036456493399,0.020439986133472605,0.06343097613958407,0.03232042634303798,0.044709222806155434,baseline,temperature__temperature_low_train__baseline__large__n020_te0300_r1_seed2
temperature,temperature_ood_1200K,large,20,300,2,100,32000,0.04758059983262647,0.17816195092768208,7.004397062360113e-15,3.3208901806920768,0.010377781814662741,0.03645579398114933,0.051912778152676003,0.04690560737039292,0.22253606693798086,0.060730383070804236,0.08629347595029153,baseline,temperature__temperature_low_train__baseline__large__n020_te0300_r1_seed2
temperature,temperature_ood_0600K,large,20,600,0,100,32000,0.008467806094465779,0.017358509711989132,4.2399417310434726e-15,0.23846814632415783,0.000745212957262993,0.009753588660911193,0.012412269985850082,0.008519163037475665,0.019527771177929212,0.007027952698990702,0.014440336193170212,baseline,temperature__temperature_low_train__baseline__large__n020_te0600_r1_seed0
temperature,temperature_ood_0900K,large,20,600,0,100,32000,0.015385272904139128,0.06426739914583345,5.92526028242446e-15,0.7241776455938816,0.0022630551424808803,0.011609990020471741,0.015382090390574152,0.01755594751509974,0.08066152768058926,0.012648531954924689,0.029933895783311744,baseline,temperature__temperature_low_train__baseline__large__n020_te0600_r1_seed0
temperature,temperature_ood_1200K,large,20,600,0,100,32000,0.03682053893073753,0.23395029024327313,7.005507285384738e-15,3.0189508675038814,0.009434221460949629,0.01836544103191409,0.0271046557980308,0.046616031487807054,0.29610299988272826,0.02588915915835241,0.09948904231108072,baseline,temperature__temperature_low_train__baseline__large__n020_te0600_r1_seed0
temperature,temperature_ood_0600K,large,20,600,1,100,32000,0.006848854488221695,0.019261866511757597,6.09734485124136e-15,0.4022435715794563,0.0012570111611858008,0.007115621872799238,0.009101617184580437,0.005942278360947966,0.01108184919862438,0.009301815485465343,0.03746779853722445,baseline,temperature__temperature_low_train__baseline__large__n020_te0600_r1_seed1
temperature,temperature_ood_0900K,large,20,600,1,100,32000,0.013900739336450352,0.04751179251352575,5.441758155200205e-15,1.270412037074566,0.003970037615858019,0.00993700707444805,0.013636896196492457,0.01250274125575864,0.03886412229094628,0.022058465840527782,0.08105323680785864,baseline,temperature__temperature_low_train__baseline__large__n020_te0600_r1_seed1
temperature,temperature_ood_1200K,large,20,600,1,100,32000,0.03400672918915807,0.14191122131751363,5.566658245470535e-15,4.2156181138008835,0.01317380660562776,0.018233133766188986,0.027953509114270678,0.034892487292505395,0.1344534502492404,0.04712305030208517,0.21372735939875634,baseline,temperature__temperature_low_train__baseline__large__n020_te0600_r1_seed1
temperature,temperature_ood_0600K,large,20,600,2,100,32000,0.007573692164034583,0.013263728881545629,6.7479355436717016e-15,0.1854567289352417,0.0005795522779226303,0.01002466336049838,0.01275946356785331,0.006892049218101117,0.013550717611831574,0.007167649805371184,0.012882653658682103,baseline,temperature__temperature_low_train__baseline__large__n020_te0600_r1_seed2
temperature,temperature_ood_0900K,large,20,600,2,100,32000,0.01335105266549508,0.045525738434855995,5.889733145636455e-15,0.5367482423782348,0.0016773382574319837,0.012543406793032771,0.01745971992244469,0.013893568409500097,0.05593057687636193,0.01253115130594233,0.02595061061432877,baseline,temperature__temperature_low_train__baseline__large__n020_te0600_r1_seed2
temperature,temperature_ood_1200K,large,20,600,2,100,32000,0.03340132310382106,0.1715895689114389,5.802580638203381e-15,3.044950597807765,0.009515470618149266,0.019235059515904138,0.029751270720038497,0.0389349554865051,0.21310932619725095,0.03096668954368579,0.10041418201564595,baseline,temperature__temperature_low_train__baseline__large__n020_te0600_r1_seed2
temperature,temperature_ood_0600K,large,40,300,0,100,32000,0.007997693774336949,0.016193029212531167,5.043743200872086e-15,0.258970285654068,0.0008092821426689624,0.008822634112846572,0.011211570529881044,0.008031976895232218,0.018520722066896252,0.0070699040731415155,0.012502808644672127,baseline,temperature__temperature_low_train__baseline__large__n040_te0300_r1_seed0
temperature,temperature_ood_0900K,large,40,300,0,100,32000,0.01453627963955514,0.0632454738515259,6.4692695644907875e-15,0.7184110486507416,0.0022450345270335673,0.010941082186385755,0.01455816321270684,0.01665950065747408,0.0799362872562952,0.011761814038967713,0.024871261255304103,baseline,temperature__temperature_low_train__baseline__large__n040_te0300_r1_seed0
temperature,temperature_ood_1200K,large,40,300,0,100,32000,0.03550336930303602,0.2318736586642395,7.517875211249248e-15,2.9721579346060754,0.009287993545643984,0.01779968426024425,0.026646708975991733,0.04526789726032439,0.2946919940010599,0.023913470473962656,0.08710227796956849,baseline,temperature__temperature_low_train__baseline__large__n040_te0300_r1_seed0
temperature,temperature_ood_0600K,large,40,300,1,100,32000,0.00628969872900052,0.014603053718943807,7.13540337926588e-15,0.23587373197078704,0.0007371054124087094,0.006614869748882484,0.008472511662449143,0.005809827872998236,0.010778948312972072,0.007404140277125407,0.02541466615008518,baseline,temperature__temperature_low_train__baseline__large__n040_te0300_r1_seed1
temperature,temperature_ood_0900K,large,40,300,1,100,32000,0.012175742017838637,0.03852681897536079,6.070144387138043e-15,0.754200327396393,0.0023568760231137274,0.008995673097437248,0.012402075454371468,0.012041240952016474,0.037362296662458425,0.015759314135706515,0.055497241287693976,baseline,temperature__temperature_low_train__baseline__large__n040_te0300_r1_seed1
temperature,temperature_ood_1200K,large,40,300,1,100,32000,0.030628062025427064,0.12479379962976761,5.347389198107066e-15,3.2526903553307056,0.010164657360408455,0.016141325882796084,0.02567097829872285,0.03361623635158806,0.1290824415127705,0.03615027518957504,0.16498979629863775,baseline,temperature__temperature_low_train__baseline__large__n040_te0300_r1_seed1
temperature,temperature_ood_0600K,large,40,300,2,100,32000,0.007306967572437134,0.012340308811543686,4.936051567483446e-15,0.17317719757556913,0.0005411787424236536,0.009555057676217983,0.012139813061299309,0.006649066316972796,0.01242715782534317,0.007032581235049298,0.01227755235419733,baseline,temperature__temperature_low_train__baseline__large__n040_te0300_r1_seed2
temperature,temperature_ood_0900K,large,40,300,2,100,32000,0.012787989257159644,0.041794954637168855,6.0729199446996066e-15,0.4643052177131176,0.0014509538053534925,0.012235321509477214,0.01704911093996143,0.01317834600364828,0.051141852814063,0.012169586765376153,0.02443259409080522,baseline,temperature__temperature_low_train__baseline__large__n040_te0300_r1_seed2
temperature,temperature_ood_1200K,large,40,300,2,100,32000,0.032312796339392665,0.1592023090747212,5.6155080585540416e-15,2.877668109834194,0.008992712843231858,0.018832841180759716,0.029504298916183735,0.03699606708983386,0.19705714184882828,0.03174293924670201,0.09675650344132994,baseline,temperature__temperature_low_train__baseline__large__n040_te0300_r1_seed2
temperature,temperature_ood_0600K,large,40,600,0,100,32000,0.0048014767436252445,0.012223208387029737,6.1639582327188695e-15,0.23123426109552386,0.0007226070659235121,0.004536609267699531,0.005787564196210657,0.004709694512722004,0.014740140148511164,0.005341690912260671,0.007856400081796928,baseline,temperature__temperature_low_train__baseline__large__n040_te0600_r1_seed0
temperature,temperature_ood_0900K,large,40,600,0,100,32000,0.010531065672507974,0.05216145654489492,5.718203688331869e-15,0.7388284981250763,0.0023088390566408635,0.007959352580248378,0.011028868561607149,0.012413098002793655,0.0665989571513608,0.007456681773910532,0.01327360243977611,baseline,temperature__temperature_low_train__baseline__large__n040_te0600_r1_seed0
temperature,temperature_ood_1200K,large,40,600,0,100,32000,0.03094184865131683,0.1937449977554932,6.056266599330229e-15,3.0896699900925158,0.009655218719039113,0.019286037215963007,0.027423922569203587,0.0388373919674826,0.246565161610346,0.01891103013817337,0.06745674530757087,baseline,temperature__temperature_low_train__baseline__large__n040_te0600_r1_seed0
temperature,temperature_ood_0600K,large,40,600,1,100,32000,0.004198724783485523,0.009411108327294443,5.863087793045452e-15,0.16418144196271903,0.000513067006133497,0.003502766867663013,0.004614777646935649,0.004115898729864662,0.00912943008958439,0.005143160860170613,0.013096150034566288,baseline,temperature__temperature_low_train__baseline__large__n040_te0600_r1_seed1
temperature,temperature_ood_0900K,large,40,600,1,100,32000,0.008887705719989026,0.027018193817565053,6.465383783904599e-15,0.47718743473291403,0.0014912107335403565,0.00641588491809671,0.0091988977855447,0.00960278609880091,0.030763545944397813,0.009214285385445688,0.02694637244842853,baseline,temperature__temperature_low_train__baseline__large__n040_te0600_r1_seed1
temperature,temperature_ood_1200K,large,40,600,1,100,32000,0.02520423444920525,0.08826273127707968,5.092593013955593e-15,2.329707056954503,0.007280334552982822,0.01719264922250295,0.025634213043489743,0.027604736599289026,0.09232860539891155,0.026014313225656213,0.11278617672111739,baseline,temperature__temperature_low_train__baseline__large__n040_te0600_r1_seed1
temperature,temperature_ood_0600K,large,40,600,2,100,32000,0.004560474308376433,0.009751013042259558,6.972200594645983e-15,0.1718326297402383,0.0005369769679382445,0.004735135549824917,0.005985355743920917,0.004055682437300371,0.010297925608701564,0.0059001886801561335,0.01102020770417865,baseline,temperature__temperature_low_train__baseline__large__n040_te0600_r1_seed2
temperature,temperature_ood_0900K,large,40,600,2,100,32000,0.009970728379971115,0.04393750576479381,6.445954880973659e-15,0.5088871908187866,0.0015902724713087086,0.007485155829257565,0.010959311142578908,0.010370991219950762,0.05486053578030654,0.011255512410745723,0.022436140602378783,baseline,temperature__temperature_low_train__baseline__large__n040_te0600_r1_seed2
temperature,temperature_ood_1200K,large,40,600,2,100,32000,0.03042388494180777,0.1715594554881466,5.723199691942682e-15,2.591695892252028,0.008099049663287587,0.016566058546603018,0.025271418026538914,0.03491568370304957,0.21571994108017958,0.030806315053287098,0.08318239194063985,baseline,temperature__temperature_low_train__baseline__large__n040_te0600_r1_seed2
temperature,temperature_ood_0600K,large,80,300,0,100,32000,0.005335308167536278,0.012749681049453782,5.6521454183666716e-15,0.24684077739715568,0.0007713774293661115,0.005053956033487339,0.00648954051591754,0.0053158693839795886,0.015177614646334178,0.005674976652255281,0.008920635579846086,baseline,temperature__temperature_low_train__baseline__large__n080_te0300_r1_seed0
temperature,temperature_ood_0900K,large,80,300,0,100,32000,0.011340300201158969,0.056256118432379064,5.593858709573851e-15,0.7559572374820709,0.0023623663671314718,0.008152004719682734,0.01128681878713905,0.013111649908300022,0.07170304737933353,0.009214546561212043,0.01650396972266784,baseline,temperature__temperature_low_train__baseline__large__n080_te0300_r1_seed0
temperature,temperature_ood_1200K,large,80,300,0,100,32000,0.031978813253098634,0.20941712612504532,7.148726055561383e-15,3.114055172801018,0.009731422415003181,0.01834002059981867,0.02664820573691236,0.03999215638421204,0.26686453333198473,0.02157757651303836,0.07012488325747847,baseline,temperature__temperature_low_train__baseline__large__n080_te0300_r1_seed0
temperature,temperature_ood_0600K,large,80,300,1,100,32000,0.0046543380280199935,0.011027723047274758,5.527800439608654e-15,0.19234531074762337,0.0006010790960863231,0.003784205726784421,0.004982647487862195,0.004466194120090222,0.00885186885177244,0.006088902053044878,0.018659042192506498,baseline,temperature__temperature_low_train__baseline__large__n080_te0300_r1_seed1
temperature,temperature_ood_0900K,large,80,300,1,100,32000,0.009929190941120032,0.028801155915207693,6.7218453025930105e-15,0.6006435370445251,0.0018770110532641412,0.007193373592017451,0.010514738460147163,0.010019602758024122,0.02864618993904398,0.012393772839510344,0.039688292874648375,baseline,temperature__temperature_low_train__baseline__large__n080_te0300_r1_seed1
temperature,temperature_ood_1200K,large,80,300,1,100,32000,0.027155078855255126,0.0933962003189743,5.850875339774575e-15,2.7649621260911226,0.008640506644034759,0.01889782869854389,0.02798556238798877,0.0287625010873453,0.09260508815721817,0.03059006231569583,0.13078207985087037,baseline,temperature__temperature_low_train__baseline__large__n080_te0300_r1_seed1
temperature,temperature_ood_0600K,large,80,300,2,100,32000,0.00499450509446906,0.011729798457198624,6.786793349533582e-15,0.1888119530677794,0.0005900373533368106,0.00497107354638865,0.006435109940747856,0.0046099571301795855,0.013353287151434471,0.00617158053541789,0.010564061057992315,baseline,temperature__temperature_low_train__baseline__large__n080_te0300_r1_seed2
temperature,temperature_ood_0900K,large,80,300,2,100,32000,0.010738299304642714,0.05535223978021339,6.040168365473164e-15,0.5934421330690384,0.0018545066658407446,0.00765939434984466,0.011737415213118316,0.011570560079494804,0.07007922777329728,0.011320421934884507,0.021172879625620342,baseline,temperature__temperature_low_train__baseline__large__n080_te0300_r1_seed2
temperature,temperature_ood_1200K,large,80,300,2,100,32000,0.032078633069587525,0.21047741144632204,6.153966225497243e-15,2.7593864098191263,0.00862308253068477,0.01581231282702356,0.026048673875308487,0.03834937128138456,0.2675027467078805,0.029532738676760345,0.078434761083834,baseline,temperature__temperature_low_train__baseline__large__n080_te0300_r1_seed2
temperature,temperature_ood_0600K,large,80,600,0,100,32000,0.003534350342786637,0.011690674071845004,5.4711790653527716e-15,0.16974189072847373,0.0005304434085264803,0.003497500001627485,0.004472081659860979,0.003211551088645743,0.014474417356777056,0.004539598446368471,0.0059019923283221585,baseline,temperature__temperature_low_train__baseline__large__n080_te0600_r1_seed0
temperature,temperature_ood_0900K,large,80,600,0,100,32000,0.00892912521836115,0.05757730214348304,5.453415496958769e-15,0.6364815342426301,0.001989004794508219,0.006263748197001404,0.008864669867134092,0.010690984257031232,0.07397592489550614,0.006308925123710651,0.008934978809136124,baseline,temperature__temperature_low_train__baseline__large__n080_te0600_r1_seed0
temperature,temperature_ood_1200K,large,80,600,0,100,32000,0.028664827053502085,0.21560723861883216,6.074585279236544e-15,2.6032943549752234,0.008135294859297574,0.016441066512576073,0.024499439672975805,0.036811192228381216,0.2763419140205163,0.01644949206979072,0.05232230734909436,baseline,temperature__temperature_low_train__baseline__large__n080_te0600_r1_seed0
temperature,temperature_ood_0600K,large,80,600,1,100,32000,0.003278464911924675,0.0067710044544375195,7.289724379688777e-15,0.14137255728244796,0.00044178924150764986,0.0031144113359041514,0.004104024050941344,0.0028647912281642967,0.006783189094699813,0.0046835395392263324,0.00862290730067274,baseline,temperature__temperature_low_train__baseline__large__n080_te0600_r1_seed1
temperature,temperature_ood_0900K,large,80,600,1,100,32000,0.007070328637619967,0.023174706973833496,6.414868636284155e-15,0.3303824353218079,0.0010324451103806498,0.005286372005764861,0.007651124229822562,0.007423597785993478,0.0280727644537762,0.007794477824354544,0.016203555239621185,baseline,temperature__temperature_low_train__baseline__large__n080_te0600_r1_seed1
temperature,temperature_ood_1200K,large,80,600,1,100,32000,0.020403827446920327,0.0780202881573058,5.431211036466266e-15,1.4753595864772797,0.004610498707741499,0.013761829514405688,0.021774629331441704,0.022207397188758478,0.08645995841422768,0.021635116153920525,0.08680851980798616,baseline,temperature__temperature_low_train__baseline__large__n080_te0600_r1_seed1
temperature,temperature_ood_0600K,large,80,600,2,100,32000,0.0036061105315107864,0.009910260629575137,6.762368442991828e-15,0.22183054745197303,0.0006932204607874157,0.003723221558087971,0.0047317434822597045,0.003095392830941517,0.011736140155476868,0.00502115260664141,0.007447548261115049,baseline,temperature__temperature_low_train__baseline__large__n080_te0600_r1_seed2
temperature,temperature_ood_0900K,large,80,600,2,100,32000,0.008848293949407525,0.051737272147184175,6.228351168147128e-15,0.5497761622071267,0.001718050506897271,0.006303592203010336,0.009560276931792268,0.009633777346141868,0.06607603958779985,0.009036545505601682,0.013935520382136926,baseline,temperature__temperature_low_train__baseline__large__n080_te0600_r1_seed2
temperature,temperature_ood_1200K,large,80,600,2,100,32000,0.028575627973428344,0.1997805260792248,6.2533311862011945e-15,2.3979363590478897,0.007493551122024655,0.015289191515767022,0.023697064575879244,0.0343782250838946,0.2555464389637783,0.02445427309969089,0.055567928985535385,baseline,temperature__temperature_low_train__baseline__large__n080_te0600_r1_seed2
temperature,temperature_ood_0600K,large,160,300,0,100,32000,0.00416684137637494,0.013312568672757971,7.316369732279782e-15,0.24853867471218105,0.0007766833584755657,0.0045431450031173885,0.00568001300779692,0.0038505825077299947,0.01648425524244474,0.004739314355567325,0.006218348886283377,baseline,temperature__temperature_low_train__baseline__large__n160_te0300_r1_seed0
temperature,temperature_ood_0900K,large,160,300,0,100,32000,0.010030768536776305,0.0644618785538172,6.2361227293195045e-15,0.7382713928818703,0.0023070981027558442,0.008005775823869047,0.010795444903661694,0.011704501681524562,0.08279810087039591,0.007034561815438791,0.009672165193720599,baseline,temperature__temperature_low_train__baseline__large__n160_te0300_r1_seed0
temperature,temperature_ood_1200K,large,160,300,0,100,32000,0.030965420635935152,0.23901868665887513,6.062372825965667e-15,2.788822894394398,0.008715071544982493,0.019079427510354435,0.027210806116516693,0.03946521217919265,0.3067894167015696,0.01735203913174337,0.05049748796612498,baseline,temperature__temperature_low_train__baseline__large__n160_te0300_r1_seed0
temperature,temperature_ood_0600K,large,160,300,1,100,32000,0.0033563732061767946,0.007773450449858377,5.8764104693409535e-15,0.13625456213951118,0.0004257955066859725,0.0032277071505086496,0.0043136934342415546,0.003021563870580091,0.008923260849465472,0.004489467268635052,0.006682137073914937,baseline,temperature__temperature_low_train__baseline__large__n160_te0300_r1_seed1
temperature,temperature_ood_0900K,large,160,300,1,100,32000,0.007250881952623605,0.030789813773717555,5.568878691519785e-15,0.41326078832149515,0.0012914399635046722,0.005593069769936847,0.008797737917600496,0.007978055690706243,0.038881262605498526,0.0067271729210624485,0.011287392225001998,baseline,temperature__temperature_low_train__baseline__large__n160_te0300_r1_seed1
temperature,temperature_ood_1200K,large,160,300,1,100,32000,0.021039096898719436,0.10218810262872179,5.60440582830779e-15,1.4670044645667075,0.0045843889517709615,0.014120041275280526,0.024535588636479887,0.024690692093776303,0.12512676974963619,0.017003366936987733,0.06811696529218642,baseline,temperature__temperature_low_train__baseline__large__n160_te0300_r1_seed1
temperature,temperature_ood_0600K,large,160,300,2,100,32000,0.0036675994034274487,0.010232745713982002,6.5325522768944215e-15,0.14181470572948446,0.0004431709554046389,0.0038198670893034438,0.0048880637120306695,0.003225560724647949,0.012289305386495517,0.0048414477538899535,0.006824307784279007,baseline,temperature__temperature_low_train__baseline__large__n160_te0300_r1_seed2
temperature,temperature_ood_0900K,large,160,300,2,100,32000,0.008789769487857122,0.05017676919434954,7.358003095703226e-15,0.555837396979332,0.0017369918655604126,0.006566498045314801,0.010369853366483637,0.009683278188245218,0.06410723305588051,0.008332514829235152,0.012320510737376658,baseline,temperature__temperature_low_train__baseline__large__n160_te0300_r1_seed2
temperature,temperature_ood_1200K,large,160,300,2,100,32000,0.02824977579397091,0.1912379297023238,6.268874308545947e-15,2.2904401594400405,0.007157625498250127,0.01601881640200736,0.02596300654042448,0.034242433870846675,0.24478463645152315,0.022502760955307167,0.049265569594023326,baseline,temperature__temperature_low_train__baseline__large__n160_te0300_r1_seed2
temperature,temperature_ood_0600K,large,160,600,0,100,32000,0.00571678646556102,0.010663512437600352,5.789813073420191e-15,0.11737504124641415,0.00036679700389504426,0.006550943482900036,0.007521647718901667,0.005002429895723862,0.012125928554111338,0.007025699157733469,0.008418008863667841,baseline,temperature__temperature_low_train__baseline__large__n160_te0600_r1_seed0
temperature,temperature_ood_0900K,large,160,600,0,100,32000,0.009826751454884652,0.04881910248468017,6.7479355436717016e-15,0.5123701223731042,0.0016011566324159504,0.008754270897479731,0.010707679003204759,0.010558783737292587,0.06242432030894787,0.008703135165065767,0.010558510752491807,baseline,temperature__temperature_low_train__baseline__large__n160_te0600_r1_seed0
temperature,temperature_ood_1200K,large,160,600,0,100,32000,0.025946406873912194,0.19208842024557937,5.682121440031551e-15,2.117040609419346,0.006615751904435456,0.016678374158640513,0.02355637933688983,0.03183771536798546,0.24656727715604507,0.0175405141069641,0.03935271861396952,baseline,temperature__temperature_low_train__baseline__large__n160_te0600_r1_seed0
temperature,temperature_ood_0600K,large,160,600,1,100,32000,0.005250450052076485,0.010575638527449232,6.31050767196939e-15,0.3655142492055893,0.0011422320287674667,0.0063110734553192775,0.007269552248326826,0.004538024031052674,0.012159826763972221,0.006327104711905127,0.007924020484308696,baseline,temperature__temperature_low_train__baseline__large__n160_te0600_r1_seed1
temperature,temperature_ood_0900K,large,160,600,1,100,32000,0.009041005363513249,0.04539607012617148,6.327161017338767e-15,0.8186633765697477,0.002558323051780462,0.00798152490533539,0.009968415034542004,0.009692564661789221,0.05798992444821385,0.008145807926863197,0.010777411733429195,baseline,temperature__temperature_low_train__baseline__large__n160_te0600_r1_seed1
temperature,temperature_ood_1200K,large,160,600,1,100,32000,0.022839425827976084,0.162014406806765,6.326050794314142e-15,1.8445453083515166,0.005764204088598491,0.014499057072098372,0.02184304131808203,0.027434027943954185,0.20632841754826034,0.017395988235919497,0.055244673470013925,baseline,temperature__temperature_low_train__baseline__large__n160_te0600_r1_seed1
temperature,temperature_ood_0600K,large,160,600,2,100,32000,0.003489895827579312,0.008387725311531608,7.4495964952348e-15,0.11255686104297641,0.0003517401907593012,0.0036753810606314774,0.004668152922293489,0.0029155035891841813,0.009807117571655737,0.005027587309712541,0.006437341268706099,baseline,temperature__temperature_low_train__baseline__large__n160_te0600_r1_seed2
temperature,temperature_ood_0900K,large,160,600,2,100,32000,0.007415688517584932,0.03933751797954065,6.273870312156759e-15,0.45991760432720197,0.001437242513522506,0.005914114206447267,0.008782846773411129,0.007869045648005946,0.050206559288284054,0.007557191437459552,0.009897849251441188,baseline,temperature__temperature_low_train__baseline__large__n160_te0600_r1_seed2
temperature,temperature_ood_1200K,large,160,600,2,100,32000,0.022656388090131804,0.15152545293980665,6.1634031212065566e-15,1.7255973601341248,0.00539249175041914,0.013584669323172418,0.021503178783941514,0.02706743497468415,0.19402411805357173,0.01849496620343415,0.03743464419297495,baseline,temperature__temperature_low_train__baseline__large__n160_te0600_r1_seed2
deformation,deformation_ood_lambda0p5,small,5,300,0,100,32000,0.022369989432848528,0.033324565446322424,5.639932965095795e-15,1.260909947156906,0.003940343584865331,0.03456589600531152,0.04706512163134738,0.015726561538603467,0.0246753183270956,0.030104366543120705,0.03887021524415717,baseline,deformation__deformation_low_train__baseline__small__n005_te0300_r1_seed0
deformation,deformation_ood_lambda0p75,small,5,300,0,100,32000,0.024396926254348358,0.036062687936700664,6.311617894994015e-15,0.9422794938087463,0.0029446234181523326,0.03683410457475111,0.052823314894449545,0.017580452136113308,0.025715918748262793,0.032409170288650785,0.04157354060528574,baseline,deformation__deformation_low_train__baseline__small__n005_te0300_r1_seed0
deformation,deformation_ood_lambda1p0,small,5,300,0,100,32000,0.027773155076114928,0.03991376610610251,5.272449143944869e-15,0.8231577003002166,0.002572367813438177,0.037632065562822385,0.04928814634236107,0.02172953051421791,0.032545106053190415,0.03604511827509851,0.0485661453067572,baseline,deformation__deformation_low_train__baseline__small__n005_te0300_r1_seed0
deformation,deformation_ood_lambda0p5,small,5,300,1,100,32000,0.02324502502880059,0.03472402182821534,6.357137039003646e-15,1.415877077281475,0.004424615866504608,0.03236741279260605,0.042394648413418015,0.014765622624264022,0.021204904520129658,0.039560844478604855,0.05368927563686349,baseline,deformation__deformation_low_train__baseline__small__n005_te0300_r1_seed1
deformation,deformation_ood_lambda0p75,small,5,300,1,100,32000,0.02378450619409559,0.03422855486392689,6.054046153280979e-15,1.253413015604019,0.00391691567376256,0.03368323207087815,0.04484064710523393,0.01552016314879681,0.020911041755196657,0.038678809453209395,0.05035346269806484,baseline,deformation__deformation_low_train__baseline__small__n005_te0300_r1_seed1
deformation,deformation_ood_lambda1p0,small,5,300,1,100,32000,0.02670371358069824,0.03830132523389882,5.189182417097982e-15,1.250114408135414,0.003906607525423169,0.0339024598520482,0.042917836349612125,0.01837208427104633,0.024997292962820918,0.04449985523830401,0.0601533285032931,baseline,deformation__deformation_low_train__baseline__small__n005_te0300_r1_seed1
deformation,deformation_ood_lambda0p5,small,5,300,2,100,32000,0.03340569664012291,0.043396077431531635,6.130651541980114e-15,1.2227268680930137,0.003821021462790668,0.03796006335210404,0.051770767345250865,0.03036055446083386,0.03808776437906344,0.03798675646600896,0.048824706292165135,baseline,deformation__deformation_low_train__baseline__small__n005_te0300_r1_seed2
deformation,deformation_ood_lambda0p75,small,5,300,2,100,32000,0.03473710758894449,0.04600315970078307,6.5625282985593e-15,0.9484794706106185,0.0029639983456581837,0.04139760326888063,0.057760221929268045,0.03054464066888128,0.03884516596503737,0.04065401266919798,0.052137985369657004,baseline,deformation__deformation_low_train__baseline__small__n005_te0300_r1_seed2
deformation,deformation_ood_lambda1p0,small,5,300,2,100,32000,0.03729852072328795,0.04868027728602263,5.159206395433102e-15,0.778763809800148,0.0024336369056254625,0.04049244037043536,0.053187110027305445,0.03379005968331088,0.04303968992385495,0.04462998419607175,0.05884499625234769,baseline,deformation__deformation_low_train__baseline__small__n005_te0300_r1_seed2
deformation,deformation_ood_lambda0p5,small,5,600,0,100,32000,0.018694502883090172,0.027590071200327415,6.007416786246722e-15,0.9471629557013511,0.0029598842365667222,0.02790264031884726,0.03916552048421879,0.013170758088284249,0.019274378568494992,0.026057599831750853,0.03402377318568506,baseline,deformation__deformation_low_train__baseline__small__n005_te0600_r1_seed0
deformation,deformation_ood_lambda0p75,small,5,600,0,100,32000,0.020545307191717443,0.03079307582693847,5.838662886503699e-15,0.600727083683014,0.0018772721365094185,0.030601550404593586,0.0453860048792941,0.014736233455963277,0.021346657937875116,0.027916285186103774,0.03625105157322561,baseline,deformation__deformation_low_train__baseline__small__n005_te0600_r1_seed0
deformation,deformation_ood_lambda1p0,small,5,600,0,100,32000,0.024034247222228446,0.03538875865157992,4.701794509287538e-15,1.4670625033974647,0.004584570323117077,0.030782204183051363,0.041413750502233046,0.018787481915865406,0.028507832075145283,0.03302658618049463,0.045919854039005906,baseline,deformation__deformation_low_train__baseline__small__n005_te0600_r1_seed0
deformation,deformation_ood_lambda0p5,small,5,600,1,100,32000,0.014864308240945683,0.02234858922610451,6.282752096353761e-15,0.6662981685996056,0.0020821817768737674,0.024705502484546744,0.033353018881086056,0.010707106304995249,0.016811368596825006,0.017494719805195926,0.023173411298484888,baseline,deformation__deformation_low_train__baseline__small__n005_te0600_r1_seed1
deformation,deformation_ood_lambda0p75,small,5,600,1,100,32000,0.01609442811328918,0.023588077290023615,6.228351168147128e-15,0.5315550017356874,0.0016611093804240226,0.026822753174114044,0.03654993654630305,0.011535668767231983,0.016862413334401246,0.019042381090635902,0.024352949293284402,baseline,deformation__deformation_low_train__baseline__small__n005_te0600_r1_seed1
deformation,deformation_ood_lambda1p0,small,5,600,1,100,32000,0.018069498669309538,0.025887500970398408,4.742872761198669e-15,0.7254605042934418,0.0022670640759170054,0.026143706312635913,0.03376526742004633,0.013506136367272121,0.01963049662238925,0.023685377932095433,0.03247539153866728,baseline,deformation__deformation_low_train__baseline__small__n005_te0600_r1_seed1
deformation,deformation_ood_lambda0p5,small,5,600,2,100,32000,0.023382750800694338,0.03292634258091019,5.3368420793731275e-15,1.3022649383544922,0.004069577932357788,0.03587231765314937,0.04937992237164438,0.016601705982815476,0.021294683663716667,0.031236318401875903,0.040273474997005024,baseline,deformation__deformation_low_train__baseline__small__n005_te0600_r1_seed2
deformation,deformation_ood_lambda0p75,small,5,600,2,100,32000,0.02563101109156269,0.0365043852556364,7.139844271364382e-15,0.9446631291508675,0.002952072278596461,0.039648852838756285,0.05578031350997899,0.018222161637347502,0.023586292668372005,0.03383971770701464,0.04338741446172817,baseline,deformation__deformation_low_train__baseline__small__n005_te0600_r1_seed2
deformation,deformation_ood_lambda1p0,small,5,600,2,100,32000,0.027250808011705523,0.03824206194122197,5.0048853950102055e-15,1.0613373965024948,0.0033166793640702964,0.03840878245414933,0.050834060874286734,0.020028844548447524,0.026971368802515668,0.037758723959035706,0.05045602597675183,baseline,deformation__deformation_low_train__baseline__small__n005_te0600_r1_seed2
deformation,deformation_ood_lambda0p5,small,10,300,0,100,32000,0.022341629416932116,0.03350423057515771,5.907496714030458e-15,1.361906083226204,0.004255956510081887,0.03464658092946047,0.04716967729789705,0.015591964774580748,0.024965886300459803,0.03028567183145787,0.038958984066277444,baseline,deformation__deformation_low_train__baseline__small__n010_te0300_r1_seed0
deformation,deformation_ood_lambda0p75,small,10,300,0,100,32000,0.02433352381081786,0.036111024713546595,5.73985303731206e-15,1.0205955183506012,0.0031893609948456286,0.03670223380808602,0.052645991537975605,0.017518793960489953,0.02604875097891767,0.03240900336453342,0.04138620327609519,baseline,deformation__deformation_low_train__baseline__small__n010_te0300_r1_seed0
deformation,deformation_ood_lambda1p0,small,10,300,0,100,32000,0.027755988422653168,0.0400874246220604,5.1292303737682235e-15,0.6915461042523384,0.0021610815757885575,0.03724099201255013,0.04885819264167356,0.021884562297113008,0.033291744767187485,0.03588526320937672,0.04819610219722463,baseline,deformation__deformation_low_train__baseline__small__n010_te0300_r1_seed0
deformation,deformation_ood_lambda0p5,small,10,300,1,100,32000,0.023658843566756693,0.03602243714074517,5.7953641885433175e-15,1.6239121705293655,0.005074725532904267,0.03249113710582605,0.04267085744964757,0.0143833049381404,0.02064620288976599,0.04265316591353621,0.05821065822519444,baseline,deformation__deformation_low_train__baseline__small__n010_te0300_r1_seed1
deformation,deformation_ood_lambda0p75,small,10,300,1,100,32000,0.024009093819325786,0.03509769572708143,5.9674487573602164e-15,1.384252237677574,0.00432578824274242,0.033520146322087385,0.04474714730356565,0.01513252454811785,0.02031065059540917,0.041127749130188025,0.05403116186165685,baseline,deformation__deformation_low_train__baseline__small__n010_te0300_r1_seed1
deformation,deformation_ood_lambda1p0,small,10,300,1,100,32000,0.027067979833006392,0.03951990841366317,4.74953409934642e-15,1.5794342076778412,0.0049357318989932545,0.033431919823575296,0.04237999972538011,0.018092470562648184,0.0245549239328337,0.04763056765351212,0.06483994571525072,baseline,deformation__deformation_low_train__baseline__small__n010_te0300_r1_seed1
deformation,deformation_ood_lambda0p5,small,10,300,2,100,32000,0.03276358486602548,0.04272237849783015,6.230571614196378e-15,1.3114467731118202,0.004098271165974438,0.03808583932151669,0.051959702831252084,0.029355151130352173,0.036940288135340324,0.03766663161755423,0.04829536977476601,baseline,deformation__deformation_low_train__baseline__small__n010_te0300_r1_seed2
deformation,deformation_ood_lambda0p75,small,10,300,2,100,32000,0.03411866182992817,0.04532682170477323,5.3357318563485026e-15,1.0351399275660516,0.003234812273643911,0.04136102716872119,0.05775964039348962,0.029674882003339006,0.03783796278122839,0.04020763597090263,0.05139351601705605,baseline,deformation__deformation_low_train__baseline__small__n010_te0300_r1_seed2
deformation,deformation_ood_lambda1p0,small,10,300,2,100,32000,0.03656410116362385,0.047833674995025915,5.064837438339964e-15,0.6347453266382217,0.001983579145744443,0.04026085058308672,0.053003837001168154,0.03289116316012222,0.0419843288316211,0.043886165754665855,0.057817332855099435,baseline,deformation__deformation_low_train__baseline__small__n010_te0300_r1_seed2
deformation,deformation_ood_lambda0p5,small,10,600,0,100,32000,0.01865143336387118,0.027579242133690344,5.0326409706258344e-15,0.984043031334877,0.003075134472921491,0.027702044144069075,0.0388057569170623,0.013186990511089486,0.0195602160885681,0.025994151142018387,0.033902508065673256,baseline,deformation__deformation_low_train__baseline__small__n010_te0600_r1_seed0
deformation,deformation_ood_lambda0p75,small,10,600,0,100,32000,0.02045684732209775,0.030669875728957352,5.46007683510652e-15,0.6324702787399292,0.0019764696210622787,0.03021805464883801,0.04468918490490457,0.014767241515044589,0.021689386064196903,0.027764457416516963,0.03598325631676975,baseline,deformation__deformation_low_train__baseline__small__n010_te0600_r1_seed0
deformation,deformation_ood_lambda1p0,small,10,600,0,100,32000,0.024029648851393724,0.0355668873327011,4.494182803682633e-15,1.3540065988898278,0.004231270621530712,0.030181967266311404,0.04063309374996583,0.019002093624391515,0.02925289308507123,0.03295999611748266,0.04589960570039719,baseline,deformation__deformation_low_train__baseline__small__n010_te0600_r1_seed0
deformation,deformation_ood_lambda0p5,small,10,600,1,100,32000,0.01488416150250705,0.0223402885990839,5.99187366390197e-15,0.6590284842252732,0.0020594640132039787,0.02471581573795993,0.03333378047112764,0.010622983884299175,0.016525448086005694,0.017836040121677797,0.023770364945129747,baseline,deformation__deformation_low_train__baseline__small__n010_te0600_r1_seed1
deformation,deformation_ood_lambda0p75,small,10,600,1,100,32000,0.016057516338734423,0.023502736216128355,6.546985176214548e-15,0.5335232478380203,0.0016672601494938136,0.02668242091871798,0.036302182617754836,0.011434422772785183,0.016717144496078702,0.019301892456598583,0.024610075682602293,baseline,deformation__deformation_low_train__baseline__small__n010_te0600_r1_seed1
deformation,deformation_ood_lambda1p0,small,10,600,1,100,32000,0.01791239213832887,0.025787668819882308,5.587752482938413e-15,0.6926874673366546,0.002164648335427046,0.02582318767439574,0.033412671847177465,0.01332253797344553,0.019478953117597068,0.023771159096912013,0.03271580401243184,baseline,deformation__deformation_low_train__baseline__small__n010_te0600_r1_seed1
deformation,deformation_ood_lambda0p5,small,10,600,2,100,32000,0.02290979249237571,0.032439474380378176,5.8686389081685774e-15,1.3936930531263352,0.004355290791019797,0.035815228653547825,0.04922976273911917,0.016001620294565026,0.020635394677992674,0.030728872924635654,0.03950404296368295,baseline,deformation__deformation_low_train__baseline__small__n010_te0600_r1_seed2
deformation,deformation_ood_lambda0p75,small,10,600,2,100,32000,0.025141089322214247,0.03595479338392363,5.513367540288527e-15,1.0224290630221367,0.0031950908219441766,0.0393874721613829,0.05532370920501771,0.01768581329790565,0.023088680172486435,0.033260534555971395,0.04247071437920165,baseline,deformation__deformation_low_train__baseline__small__n010_te0600_r1_seed2
deformation,deformation_ood_lambda1p0,small,10,600,2,100,32000,0.026720670527871696,0.03766257742129359,5.1747495177778546e-15,0.8661157590150833,0.002706611746922135,0.037902243513555735,0.0502549467478253,0.019578802998934407,0.026592842552088942,0.03696470012899954,0.049449481215148604,baseline,deformation__deformation_low_train__baseline__small__n010_te0600_r1_seed2
deformation,deformation_ood_lambda0p5,small,20,300,0,100,32000,0.018683400690078268,0.027606107440021715,6.581402089977928e-15,1.0782749497890471,0.003369609218090773,0.027700719175685663,0.03850084057583538,0.013309377523362248,0.01984990338946817,0.025788151704618945,0.033854322045945025,baseline,deformation__deformation_low_train__baseline__small__n020_te0300_r1_seed0
deformation,deformation_ood_lambda0p75,small,20,300,0,100,32000,0.02044199382761726,0.03068405826812023,5.644373857194296e-15,0.6814358058571816,0.002129486893303692,0.030145048173464604,0.04411133433502303,0.014864597450505244,0.022212389065388284,0.027471128613105977,0.035799115327257214,baseline,deformation__deformation_low_train__baseline__small__n020_te0300_r1_seed0
deformation,deformation_ood_lambda1p0,small,20,300,0,100,32000,0.02422110123835155,0.03617553430488156,4.444222767574502e-15,1.0833106890320778,0.003385345903225243,0.03021691328720771,0.04033640324704469,0.019198138154480453,0.03015346246039192,0.03329417844110867,0.04678276487403583,baseline,deformation__deformation_low_train__baseline__small__n020_te0300_r1_seed0
deformation,deformation_ood_lambda0p5,small,20,300,1,100,32000,0.014758226398355329,0.02147554022328606,5.456746166032644e-15,0.7293386048078537,0.002279183140024543,0.024782685404294166,0.033268786058327164,0.010353851460618898,0.014235005979493816,0.017946892205625776,0.02431616392251192,baseline,deformation__deformation_low_train__baseline__small__n020_te0300_r1_seed1
deformation,deformation_ood_lambda0p75,small,20,300,1,100,32000,0.015892883320443797,0.023047918363388993,6.616929226765933e-15,0.5280263876914978,0.0016500824615359305,0.026719801903760523,0.03616291097855413,0.011142386103747412,0.015688814201254564,0.019317456387216225,0.02469534168340106,baseline,deformation__deformation_low_train__baseline__small__n020_te0300_r1_seed1
deformation,deformation_ood_lambda1p0,small,20,300,1,100,32000,0.017761833216669038,0.025735369070478065,4.949374243778948e-15,0.5349094295501708,0.0016715919673442842,0.026041971480532083,0.033555104556355436,0.012993605286503833,0.01913802062230983,0.023786378743301615,0.03296679487242854,baseline,deformation__deformation_low_train__baseline__small__n020_te0300_r1_seed1
deformation,deformation_ood_lambda0p5,small,20,300,2,100,32000,0.022493292047979778,0.03183587605689526,6.8034466949029594e-15,1.532375990152359,0.004788674969226122,0.03566612208017614,0.04879795823581504,0.015618315410489837,0.02003816325703185,0.029945391928253233,0.038494029841252685,baseline,deformation__deformation_low_train__baseline__small__n020_te0300_r1_seed2
deformation,deformation_ood_lambda0p75,small,20,300,2,100,32000,0.02466308614917798,0.035356604501611835,6.202816038580749e-15,1.078191949725151,0.003369349842891097,0.039205468380125244,0.05469305237123654,0.017212944809580223,0.022643115505354566,0.032471127937023996,0.04148476096553632,baseline,deformation__deformation_low_train__baseline__small__n020_te0300_r1_seed2
deformation,deformation_ood_lambda1p0,small,20,300,2,100,32000,0.02639365513575031,0.0373420359561068,5.316858064929875e-15,0.5902041015028954,0.0018443878171965481,0.03774468215007801,0.049795519961247356,0.019274101320857877,0.026497768287219173,0.03640128956609987,0.04884822684515178,baseline,deformation__deformation_low_train__baseline__small__n020_te0300_r1_seed2
deformation,deformation_ood_lambda0p5,small,20,600,0,100,32000,0.012963225607329515,0.01906968039994304,5.6155080585540416e-15,0.5135401827096939,0.0016048130709677936,0.019280698238231708,0.0270522685419664,0.008797952467245827,0.012209743131435784,0.019141572396678387,0.025282500618140274,baseline,deformation__deformation_low_train__baseline__small__n020_te0600_r1_seed0
deformation,deformation_ood_lambda0p75,small,20,600,0,100,32000,0.014336739432485772,0.021716678620627868,6.787903572558207e-15,0.42834801495075225,0.0013385875467211007,0.021514473894261758,0.03163136270512511,0.009945276845789825,0.014608237246975136,0.02033339273079764,0.026782937825848434,baseline,deformation__deformation_low_train__baseline__small__n020_te0600_r1_seed0
deformation,deformation_ood_lambda1p0,small,20,600,0,100,32000,0.017655273784301245,0.026276831541393538,5.718758799844181e-15,1.6095987004041672,0.005029995938763023,0.02104847585578682,0.028560041327995413,0.013240954416629395,0.019303568874444836,0.02750502981583122,0.03897178600918565,baseline,deformation__deformation_low_train__baseline__small__n020_te0600_r1_seed0
deformation,deformation_ood_lambda0p5,small,20,600,1,100,32000,0.010971579713351094,0.01577427182095836,5.676570324908426e-15,0.5264177620410919,0.0016450555063784124,0.015819178991368973,0.021211980739779455,0.008307781014921299,0.011622125334605037,0.014115376530622599,0.01972229040002265,baseline,deformation__deformation_low_train__baseline__small__n020_te0600_r1_seed1
deformation,deformation_ood_lambda0p75,small,20,600,1,100,32000,0.012031813707365656,0.017075525720305882,5.42343947529389e-15,0.3507428288459779,0.0010960713401436807,0.017121977887058167,0.02294964695875144,0.009241077024120992,0.013450056103608192,0.015313859577407132,0.0197096314024942,baseline,deformation__deformation_low_train__baseline__small__n020_te0600_r1_seed1
deformation,deformation_ood_lambda1p0,small,20,600,1,100,32000,0.013812512282456738,0.020133771526212717,5.829781102306697e-15,0.8168897730112077,0.002552780540660024,0.01597193444898585,0.020739470861985493,0.011012542558135467,0.016567268842279832,0.02005299928889144,0.027808181117009365,baseline,deformation__deformation_low_train__baseline__small__n020_te0600_r1_seed1
deformation,deformation_ood_lambda0p5,small,20,600,2,100,32000,0.015362332017649898,0.021387477223066456,6.867839630331218e-15,1.089237864613533,0.0034038683269172905,0.023587836914870427,0.03230100326330799,0.011348978251703858,0.014689719330837871,0.01917688841826748,0.02442135409766058,baseline,deformation__deformation_low_train__baseline__small__n020_te0600_r1_seed2
deformation,deformation_ood_lambda0p75,small,20,600,2,100,32000,0.01734275164611754,0.024675842118513237,7.336353746723034e-15,0.7488256627321244,0.0023400801960378886,0.026030340019613504,0.036441614917505916,0.013178768485415882,0.018164390012797987,0.02114711275472655,0.02695662126235526,baseline,deformation__deformation_low_train__baseline__small__n020_te0600_r1_seed2
deformation,deformation_ood_lambda1p0,small,20,600,2,100,32000,0.019685357341705824,0.02804382477340738,4.6618264804010325e-15,1.030372142791748,0.003219912946224213,0.025143520142533814,0.032969080069719395,0.015523787848690216,0.022570583308979316,0.02671190301992465,0.03629086119454306,baseline,deformation__deformation_low_train__baseline__small__n020_te0600_r1_seed2
deformation,deformation_ood_lambda0p5,small,40,300,0,100,32000,0.012585652615700382,0.018192350293002903,5.564437799421284e-15,0.5454339218139647,0.0017044810056686397,0.018503855323186144,0.02554085733001308,0.008799402230865477,0.01210441665626839,0.01802620106271934,0.02372597616535278,baseline,deformation__deformation_low_train__baseline__small__n040_te0300_r1_seed0
deformation,deformation_ood_lambda0p75,small,40,300,0,100,32000,0.013775005801627414,0.02064623811857992,6.481482017761664e-15,0.32771736502647414,0.0010241167657077316,0.020717469998111485,0.029773404412373153,0.00972972367630185,0.014329951146498245,0.018968387981120036,0.025076635188152972,baseline,deformation__deformation_low_train__baseline__small__n040_te0300_r1_seed0
deformation,deformation_ood_lambda1p0,small,40,300,0,100,32000,0.016982312122441365,0.02515046651319481,6.034062138837726e-15,1.2759307068586352,0.003987283458933235,0.02082074293785263,0.02744134969029935,0.012629819418866343,0.018566638090339434,0.026201359417755157,0.03708830012818659,baseline,deformation__deformation_low_train__baseline__small__n040_te0300_r1_seed0
deformation,deformation_ood_lambda0p5,small,40,300,1,100,32000,0.01061382251874893,0.01531124394390082,6.510347816401918e-15,0.5722241011261939,0.001788200316019356,0.015027109968621517,0.020035983336130082,0.008220086075724489,0.011533132826821446,0.01338174439794966,0.019279286005949397,baseline,deformation__deformation_low_train__baseline__small__n040_te0300_r1_seed1
deformation,deformation_ood_lambda0p75,small,40,300,1,100,32000,0.01168457042966038,0.016551019484997896,6.27609075820601e-15,0.3441410195827484,0.0010754406861960889,0.016368553637934383,0.021696128929658488,0.009131389904379224,0.013366685998518039,0.014660128797229846,0.01905136046802436,baseline,deformation__deformation_low_train__baseline__small__n040_te0300_r1_seed1
deformation,deformation_ood_lambda1p0,small,40,300,1,100,32000,0.013591766371030826,0.019786839766801415,6.142863995250991e-15,0.6054755026102066,0.0018921109456568957,0.015586424391076435,0.01995784844515586,0.010904565465811174,0.01640419495667618,0.01965871106664417,0.027422373870539335,baseline,deformation__deformation_low_train__baseline__small__n040_te0300_r1_seed1
deformation,deformation_ood_lambda0p5,small,40,300,2,100,32000,0.014862616186577362,0.020484143244391937,6.196154700432999e-15,1.2576548409461976,0.003930171377956867,0.022878232293820477,0.030853765435857956,0.011267072135698981,0.014586832627800146,0.01763363223196939,0.022532614636977467,baseline,deformation__deformation_low_train__baseline__small__n040_te0300_r1_seed2
deformation,deformation_ood_lambda0p75,small,40,300,2,100,32000,0.016772191630187443,0.02370846330635049,6.035172361862351e-15,0.807075928747654,0.002522112277336418,0.02543061568780104,0.03484120542594409,0.012951001703050375,0.01797628656830189,0.019577337353985057,0.025042083177181335,baseline,deformation__deformation_low_train__baseline__small__n040_te0300_r1_seed2
deformation,deformation_ood_lambda1p0,small,40,300,2,100,32000,0.019275499951245726,0.027391791812999517,5.2557957985754914e-15,0.6518071532249451,0.0020368973538279532,0.025251722017710563,0.03234836341554507,0.015184813091492591,0.022342188836727835,0.02557133846404031,0.03475074778938353,baseline,deformation__deformation_low_train__baseline__small__n040_te0300_r1_seed2
deformation,deformation_ood_lambda0p5,small,40,600,0,100,32000,0.005884179534972645,0.00918056959868146,7.405187574249794e-15,0.1215776085853577,0.00037993002682924277,0.007617106020625215,0.009957459118669531,0.004269751819898374,0.007831030038426586,0.008994536194542888,0.011759600515875438,baseline,deformation__deformation_low_train__baseline__small__n040_te0600_r1_seed0
deformation,deformation_ood_lambda0p75,small,40,600,0,100,32000,0.006435866657760926,0.009938314538297457,7.248646127777648e-15,0.4447235530614853,0.0013897611033171413,0.008360071515839082,0.011463202545135616,0.004849286303176389,0.008402994125150115,0.009271402863436378,0.012272511394085044,baseline,deformation__deformation_low_train__baseline__small__n040_te0600_r1_seed0
deformation,deformation_ood_lambda1p0,small,40,600,0,100,32000,0.008295430422457865,0.013448773844278263,6.0729199446996066e-15,0.9891042739152909,0.003090950855985284,0.0078095315769314754,0.009998785252797803,0.006888114528749911,0.012700182674517136,0.01300327694910811,0.017902177608962348,baseline,deformation__deformation_low_train__baseline__small__n040_te0600_r1_seed0
deformation,deformation_ood_lambda0p5,small,40,600,1,100,32000,0.005290098683460382,0.009708264216921206,6.887823644774471e-15,0.32096075519919387,0.0010030023599974808,0.006186736799048957,0.00786249210103248,0.0044310703459292805,0.009412837655620442,0.006970545580465112,0.011984517107325057,baseline,deformation__deformation_low_train__baseline__small__n040_te0600_r1_seed1
deformation,deformation_ood_lambda0p75,small,40,600,1,100,32000,0.006012488329235929,0.009704630720736926,7.238654120556021e-15,0.18354980170726773,0.0005735931303352118,0.0067677271204884155,0.008837237386334656,0.005444876105485794,0.009960897402853264,0.006960086209233849,0.009754183271623357,baseline,deformation__deformation_low_train__baseline__small__n040_te0600_r1_seed1
deformation,deformation_ood_lambda1p0,small,40,600,1,100,32000,0.007500981813413091,0.013829244138555026,5.4445337127617676e-15,0.6213184541463853,0.0019416201692074538,0.006246272939082702,0.008130652205767846,0.007344028961107445,0.015084230850130068,0.009226549244660421,0.014405915483147473,baseline,deformation__deformation_low_train__baseline__small__n040_te0600_r1_seed1
deformation,deformation_ood_lambda0p5,small,40,600,2,100,32000,0.007210487704724073,0.010313763987181947,6.600275881396556e-15,0.3384194976091384,0.0010575609300285578,0.007669884446484503,0.009929056708680183,0.006618896344346771,0.009265475491697261,0.008525865044095556,0.01325652150945117,baseline,deformation__deformation_low_train__baseline__small__n040_te0600_r1_seed2
deformation,deformation_ood_lambda0p75,small,40,600,2,100,32000,0.008405738291505259,0.012284674741488437,6.615819003741308e-15,0.30161902964115156,0.0009425594676285986,0.008432856587925926,0.011044182562438954,0.008164660812685423,0.012714054871018643,0.009101852431544098,0.012151157362923114,baseline,deformation__deformation_low_train__baseline__small__n040_te0600_r1_seed2
deformation,deformation_ood_lambda1p0,small,40,600,2,100,32000,0.010890672377950978,0.017050825003523628,6.540323838066797e-15,1.0792904990911483,0.0033727828096598387,0.008106062089500482,0.010156984368005134,0.010924729670708377,0.017957430436930856,0.01357311078812927,0.019572452870307275,baseline,deformation__deformation_low_train__baseline__small__n040_te0600_r1_seed2
deformation,deformation_ood_lambda0p5,small,80,300,0,100,32000,0.006789407096174545,0.009990345069384227,6.360467708077522e-15,0.1653557831048964,0.0005167368222028012,0.009904112966789398,0.013025095150552031,0.004810873436314675,0.007625679618337223,0.009610302205139303,0.012447043842669767,baseline,deformation__deformation_low_train__baseline__small__n080_te0300_r1_seed0
deformation,deformation_ood_lambda0p75,small,80,300,0,100,32000,0.007545042254775763,0.011374405173733393,7.078782005009998e-15,0.3495563411712645,0.0010923635661602017,0.010900173918402287,0.014929506331198696,0.0054355732938468765,0.008767858785251725,0.010518317473935895,0.013905727703130658,baseline,deformation__deformation_low_train__baseline__small__n080_te0300_r1_seed0
deformation,deformation_ood_lambda1p0,small,80,300,0,100,32000,0.009581322265579364,0.01462200409314678,5.554445792199658e-15,0.9716260266304017,0.003036331333220005,0.010484406833304092,0.01335699968084203,0.0074210570920258765,0.012312674325817976,0.0151590332185151,0.020875816890963104,baseline,deformation__deformation_low_train__baseline__small__n080_te0300_r1_seed0
deformation,deformation_ood_lambda0p5,small,80,300,1,100,32000,0.0059625044274056556,0.009853492307063045,7.434053372890048e-15,0.19478491321206096,0.0006087028537876906,0.00706781870026316,0.009037100637658583,0.0052091937770116295,0.009700776956463061,0.007117122105730231,0.011021440224147189,baseline,deformation__deformation_low_train__baseline__small__n080_te0300_r1_seed1
deformation,deformation_ood_lambda0p75,small,80,300,1,100,32000,0.006826496214984216,0.01032381434393299,6.231681837221004e-15,0.2661572885513306,0.0008317415267229079,0.007611719143926166,0.009988951721700747,0.006282882989927504,0.010417197932751665,0.007672112961212403,0.01037171722672469,baseline,deformation__deformation_low_train__baseline__small__n080_te0300_r1_seed1
deformation,deformation_ood_lambda1p0,small,80,300,1,100,32000,0.008405712329235393,0.013605663310548412,6.530331830845171e-15,0.841933344602585,0.002631041701883078,0.006950275668117683,0.00896239652970084,0.008194903811847325,0.014369803113191118,0.010493574542517304,0.01502571444254118,baseline,deformation__deformation_low_train__baseline__small__n080_te0300_r1_seed1
deformation,deformation_ood_lambda0p5,small,80,300,2,100,32000,0.008476808551815337,0.0114629993667916,6.634692795159935e-15,0.4507665020227432,0.0014086453188210724,0.009962567406939344,0.012928913782261603,0.007754705555154943,0.010402204605495643,0.009157358686672522,0.01285408024179034,baseline,deformation__deformation_low_train__baseline__small__n080_te0300_r1_seed2
deformation,deformation_ood_lambda0p75,small,80,300,2,100,32000,0.009884169036685488,0.013979177893259918,5.7687188359523135e-15,0.34448557674884794,0.00107651742734015,0.010889787662890742,0.014452987672146358,0.009408182569391403,0.013949119461607394,0.010306509812362492,0.013581767887253737,baseline,deformation__deformation_low_train__baseline__small__n080_te0300_r1_seed2
deformation,deformation_ood_lambda1p0,small,80,300,2,100,32000,0.01239432927975431,0.01844354719904189,5.07038855346309e-15,1.0860660719871522,0.0033939564749598506,0.010724093432421795,0.013356100760972638,0.012016523601002214,0.018932673676401734,0.01519798216334311,0.021144700075144844,baseline,deformation__deformation_low_train__baseline__small__n080_te0300_r1_seed2
deformation,deformation_ood_lambda0p5,small,80,600,0,100,32000,0.003576141628681217,0.006226122370571764,7.13318293321663e-15,0.059383109807968196,0.0001855722181499006,0.003619485684728715,0.004600130644421127,0.0027075352920413326,0.005147878357402967,0.006138616582553369,0.009651934633692608,baseline,deformation__deformation_low_train__baseline__small__n080_te0600_r1_seed0
deformation,deformation_ood_lambda0p75,small,80,600,0,100,32000,0.0037574301333632328,0.005889403446008953,6.242784067467255e-15,0.19991913437843326,0.000624747294932604,0.0038980780515121293,0.005383162943118926,0.0029896676641850113,0.004867693656239084,0.005920069622748999,0.008565255214187795,baseline,deformation__deformation_low_train__baseline__small__n080_te0600_r1_seed0
deformation,deformation_ood_lambda1p0,small,80,600,0,100,32000,0.004941239061357918,0.00810637490404926,6.387113060668526e-15,0.3445407998561861,0.0010766899995505812,0.0039007622005301514,0.004918460781381439,0.004140734453996021,0.007188304157266288,0.008383229744271376,0.012221299603352156,baseline,deformation__deformation_low_train__baseline__small__n080_te0600_r1_seed0
deformation,deformation_ood_lambda0p5,small,80,600,1,100,32000,0.003351517082750797,0.006344357525972837,6.079581282847357e-15,0.08685842260718353,0.00027143257064744846,0.003392713318113237,0.004456050937594046,0.002695111781513939,0.006417784496057713,0.005279536751098931,0.007604873346407011,baseline,deformation__deformation_low_train__baseline__small__n080_te0600_r1_seed1
deformation,deformation_ood_lambda0p75,small,80,600,1,100,32000,0.0037780392515589477,0.006456945942148549,6.5869532051010536e-15,0.26812376230955126,0.0008378867572173477,0.003603477366006701,0.004629831479778575,0.003425234738679137,0.006846824641817538,0.005011014675750628,0.006810902432174082,baseline,deformation__deformation_low_train__baseline__small__n080_te0600_r1_seed1
deformation,deformation_ood_lambda1p0,small,80,600,1,100,32000,0.0048536815193947385,0.008381431783351316,5.49671419491915e-15,0.4674190890789031,0.0014606846533715722,0.0042386347270803515,0.005336486184308094,0.004569069086302382,0.009015980497833536,0.0063225656109862,0.008882578222993757,baseline,deformation__deformation_low_train__baseline__small__n080_te0600_r1_seed1
deformation,deformation_ood_lambda0p5,small,80,600,2,100,32000,0.003908173040742986,0.006417504495418714,7.184253192349387e-15,0.07149535000324254,0.00022342296876013296,0.003569823091675062,0.004487990099867667,0.0034915924232724743,0.005464761292347772,0.0054962648422224435,0.009807594845835514,baseline,deformation__deformation_low_train__baseline__small__n080_te0600_r1_seed2
deformation,deformation_ood_lambda0p75,small,80,600,2,100,32000,0.004401915060961619,0.0073056729614009806,8.095746295566642e-15,0.255784826874733,0.0007993275839835406,0.003691622376150917,0.00465522653048023,0.004355910396921293,0.007767239936971636,0.005250221737893298,0.008012683965387528,baseline,deformation__deformation_low_train__baseline__small__n080_te0600_r1_seed2
deformation,deformation_ood_lambda1p0,small,80,600,2,100,32000,0.006319192461483181,0.010913083669068561,6.185052470186747e-15,0.503252117037773,0.0015726628657430407,0.004239064604451416,0.005270713333246945,0.006351068346179093,0.011531547943448432,0.008303692664427214,0.012991026244413418,baseline,deformation__deformation_low_train__baseline__small__n080_te0600_r1_seed2
deformation,deformation_ood_lambda0p5,small,160,300,0,100,32000,0.0039059814357198775,0.006942896112134528,7.16315895488151e-15,0.12414929211139673,0.0003879665378481148,0.004072575779631734,0.0051606424662684995,0.00300075065412481,0.006057518433153807,0.006455079436593225,0.0102130413076035,baseline,deformation__deformation_low_train__baseline__small__n160_te0300_r1_seed0
deformation,deformation_ood_lambda0p75,small,160,300,0,100,32000,0.0043267927319044245,0.006803749875485375,6.3093974489447644e-15,0.32572619020938876,0.0010178943444043398,0.0044409829967771665,0.006045472257639035,0.0035257447525897678,0.005697448335542533,0.006615746404975653,0.009875453124511501,baseline,deformation__deformation_low_train__baseline__small__n160_te0300_r1_seed0
deformation,deformation_ood_lambda1p0,small,160,300,0,100,32000,0.0056747839614283285,0.009037965465679547,6.746825320647077e-15,0.47361264705657974,0.0014800395220518118,0.004223036142531783,0.0053249708173815635,0.004922378617998521,0.008059025309663502,0.009383747810614294,0.013609743486294098,baseline,deformation__deformation_low_train__baseline__small__n160_te0300_r1_seed0
deformation,deformation_ood_lambda0p5,small,160,300,1,100,32000,0.003620427826466039,0.006917216237124149,6.70241639966207e-15,0.07560855686664572,0.0002362767402082679,0.003771151040098629,0.004879085199671703,0.002953982652553047,0.00715362206746556,0.005469040134572424,0.00786835458769009,baseline,deformation__deformation_low_train__baseline__small__n160_te0300_r1_seed1
deformation,deformation_ood_lambda0p75,small,160,300,1,100,32000,0.004140825791074896,0.007225468020214385,6.3793414994961496e-15,0.24563898861408226,0.000767621839419007,0.004098315058334265,0.005254216756069526,0.0037878304145997407,0.007734775036664972,0.00524232265324099,0.007345060396790161,baseline,deformation__deformation_low_train__baseline__small__n160_te0300_r1_seed1
deformation,deformation_ood_lambda1p0,small,160,300,1,100,32000,0.005308284235093742,0.009405370300153437,6.328271240363392e-15,0.48285029172897337,0.0015089071616530422,0.004517011293617543,0.005769444192492174,0.005165053706169904,0.010356024451749065,0.006529248763341453,0.009342202031057045,baseline,deformation__deformation_low_train__baseline__small__n160_te0300_r1_seed1
deformation,deformation_ood_lambda0p5,small,160,300,2,100,32000,0.004421037479443476,0.007202327225683156,7.042144645197368e-15,0.11428290843963618,0.0003571340888738631,0.004216792610881385,0.005327952563060218,0.004059805566542006,0.006630983216953462,0.005708978086709977,0.009953426221372654,baseline,deformation__deformation_low_train__baseline__small__n160_te0300_r1_seed2
deformation,deformation_ood_lambda0p75,small,160,300,2,100,32000,0.0051764612800558095,0.00869360849757221,7.389644451905042e-15,0.3923936760425567,0.0012262302376329897,0.004545287577377166,0.005719289235638334,0.005245883339084685,0.009538677798566925,0.0055993688056478275,0.008498514679035946,baseline,deformation__deformation_low_train__baseline__small__n160_te0300_r1_seed2
deformation,deformation_ood_lambda1p0,small,160,300,2,100,32000,0.007454993168998046,0.013079272919651165,5.820899318109696e-15,0.8127748793363573,0.002539921497926116,0.0047416382120572965,0.006030565191766851,0.007877859709047091,0.014502961457328043,0.00889974850579165,0.01370990557601413,baseline,deformation__deformation_low_train__baseline__small__n160_te0300_r1_seed2
deformation,deformation_ood_lambda0p5,small,160,600,0,100,32000,0.002345527371694334,0.0035114830879684096,6.760147996942578e-15,0.05504977107048036,0.0001720305345952511,0.0025548527251230556,0.003417691089734216,0.0017300216805112238,0.0026163063989687193,0.003982719091814943,0.005425567019283619,baseline,deformation__deformation_low_train__baseline__small__n160_te0600_r1_seed0
deformation,deformation_ood_lambda0p75,small,160,600,0,100,32000,0.00238197852873709,0.0034509329744454916,6.359357485052897e-15,0.1282385373115539,0.00040074542909860586,0.002719683559844269,0.004186269206658399,0.001766441315994598,0.002459791728362406,0.003890885135857389,0.004885500594534745,baseline,deformation__deformation_low_train__baseline__small__n160_te0600_r1_seed0
deformation,deformation_ood_lambda1p0,small,160,600,0,100,32000,0.003294242173153906,0.004857396872230205,6.439293542825908e-15,0.2641956198215485,0.0008256113119423388,0.0033868273936677714,0.004244838678595671,0.002384833913257655,0.0034877323477297286,0.005929881732328795,0.007966180745894237,baseline,deformation__deformation_low_train__baseline__small__n160_te0600_r1_seed0
deformation,deformation_ood_lambda0p5,small,160,600,1,100,32000,0.002501001701148925,0.004150118363546215,5.7598370517553124e-15,0.03919660359621055,0.00012248938623815798,0.0027465747911483047,0.003722799690148919,0.001846224645880283,0.0036467923392446856,0.004219759776955473,0.005688663421887736,baseline,deformation__deformation_low_train__baseline__small__n160_te0600_r1_seed1
deformation,deformation_ood_lambda0p75,small,160,600,1,100,32000,0.0027127057449542915,0.0040788684226679426,6.936673457857978e-15,0.10945712268352509,0.000342053508386016,0.002886983875941951,0.0037884557581712784,0.002162767868508429,0.003721503209613484,0.0041882412433042185,0.005223474188514465,baseline,deformation__deformation_low_train__baseline__small__n160_te0600_r1_seed1
deformation,deformation_ood_lambda1p0,small,160,600,1,100,32000,0.0033928522957256072,0.004849215956362781,6.485922909860165e-15,0.1891519463062287,0.0005910998322069648,0.0035415222588344487,0.004436558357405889,0.002668923748889939,0.004040911666945719,0.00541596797312377,0.006993177074718963,baseline,deformation__deformation_low_train__baseline__small__n160_te0600_r1_seed1
deformation,deformation_ood_lambda0p5,small,160,600,2,100,32000,0.0024063394468743357,0.0034245804410583548,7.15871806278301e-15,0.06157270967960361,0.00019241471774876132,0.002486503831809387,0.0032676212558059204,0.0018399991691306545,0.0024996328487892554,0.004025195895170328,0.005405267262473119,baseline,deformation__deformation_low_train__baseline__small__n160_te0600_r1_seed2
deformation,deformation_ood_lambda0p75,small,160,600,2,100,32000,0.002567080348997842,0.0037432761397955187,6.474820679613913e-15,0.1453526800870896,0.000454227125272155,0.0025756071864161643,0.003624220506095289,0.0021293773981160492,0.0032982792906007274,0.0038716623642248986,0.004928454948621697,baseline,deformation__deformation_low_train__baseline__small__n160_te0600_r1_seed2
deformation,deformation_ood_lambda1p0,small,160,600,2,100,32000,0.003393490680726245,0.004864127172822511,6.4348526507274074e-15,0.22858303964138013,0.0007143219988793128,0.0032422786309616648,0.004077596868248415,0.00275469050280905,0.00405754226708853,0.005461103264242409,0.007230554736627923,baseline,deformation__deformation_low_train__baseline__small__n160_te0600_r1_seed2
deformation,deformation_ood_lambda0p5,medium,5,300,0,100,32000,0.01942023881941568,0.03051393690545746,6.079581282847357e-15,0.9285298383235931,0.0029016557447612288,0.029538108176551763,0.04102676890158222,0.014581463164067826,0.025248097967994584,0.023818696428323162,0.032556206901956555,baseline,deformation__deformation_low_train__baseline__medium__n005_te0300_r1_seed0
deformation,deformation_ood_lambda0p75,medium,5,300,0,100,32000,0.021672138793527848,0.032586063082498624,5.493383525845274e-15,0.6638585606217384,0.002074558001942933,0.03264435367798433,0.0475038091075286,0.016887748689749668,0.025689152708365304,0.02505309422040591,0.03275435781292688,baseline,deformation__deformation_low_train__baseline__medium__n005_te0300_r1_seed0
deformation,deformation_ood_lambda1p0,medium,5,300,0,100,32000,0.024782493178476576,0.03579502567945653,5.0048853950102055e-15,1.5921520426869393,0.004975475133396685,0.032441409912309614,0.04316633723844989,0.021057575291818162,0.03188024810616855,0.028298330104618796,0.03865276171826,baseline,deformation__deformation_low_train__baseline__medium__n005_te0300_r1_seed0
deformation,deformation_ood_lambda0p5,medium,5,300,1,100,32000,0.01846507441913418,0.029413087101090522,6.503686478254167e-15,0.6360671027004717,0.0019877096959389742,0.03184016848674218,0.044828322507975055,0.010459603378748093,0.0173650222127138,0.029106393472684428,0.03756910933012034,baseline,deformation__deformation_low_train__baseline__medium__n005_te0300_r1_seed1
deformation,deformation_ood_lambda0p75,medium,5,300,1,100,32000,0.020065499844064468,0.032861391877277005,6.176170685989746e-15,0.8532320365309716,0.0026663501141592867,0.036411365499021485,0.054151072822567654,0.01117892050561689,0.01765506996115812,0.03037937220445019,0.03913965005879135,baseline,deformation__deformation_low_train__baseline__medium__n005_te0300_r1_seed1
deformation,deformation_ood_lambda1p0,medium,5,300,1,100,32000,0.023538054662398642,0.036670564349671,4.971578704271451e-15,1.8112984974682331,0.005660307804588228,0.03745129846884811,0.05106688406252556,0.015468629838578636,0.026915057695864983,0.03383308532740921,0.044074525617936726,baseline,deformation__deformation_low_train__baseline__medium__n005_te0300_r1_seed1
deformation,deformation_ood_lambda0p5,medium,5,300,2,100,32000,0.020461229744402225,0.027603998615449845,6.141753772226366e-15,0.9254329514503479,0.002891977973282337,0.029289203398919196,0.04078641624750242,0.018078789762085455,0.0228903451269733,0.018780576036835556,0.023968067243697478,baseline,deformation__deformation_low_train__baseline__medium__n005_te0300_r1_seed2
deformation,deformation_ood_lambda0p75,medium,5,300,2,100,32000,0.022043883217358964,0.030655698729063555,7.0177197386556146e-15,0.6075233560800553,0.0018985104877501727,0.03266944358550245,0.047050434164594576,0.01925506239378592,0.024836693282833316,0.0197847853199346,0.025189917984822473,baseline,deformation__deformation_low_train__baseline__medium__n005_te0300_r1_seed2
deformation,deformation_ood_lambda1p0,medium,5,300,2,100,32000,0.024572131530707704,0.03332756504000947,5.4345417055401416e-15,1.4982162380218507,0.004681925743818283,0.03204693203017814,0.04306272928740305,0.022524178254495687,0.02991224507192986,0.023241190859873317,0.03185917588498753,baseline,deformation__deformation_low_train__baseline__medium__n005_te0300_r1_seed2
deformation,deformation_ood_lambda0p5,medium,5,600,0,100,32000,0.015049651954288127,0.023578725327045174,5.74651437545981e-15,0.6446005898714066,0.0020143768433481457,0.025166585653787477,0.0353852149271158,0.010811256725321678,0.017878919198327688,0.017647903941688123,0.023847447446258004,baseline,deformation__deformation_low_train__baseline__medium__n005_te0600_r1_seed0
deformation,deformation_ood_lambda0p75,medium,5,600,0,100,32000,0.017182065290631727,0.026810130955398616,5.961897642237091e-15,0.6451154217123984,0.002015985692851245,0.028434490092884516,0.041912478559279834,0.012918561085156398,0.020348320236783395,0.01872015310480492,0.02439461704700361,baseline,deformation__deformation_low_train__baseline__medium__n005_te0600_r1_seed0
deformation,deformation_ood_lambda1p0,medium,5,600,0,100,32000,0.01984981822372647,0.02986379306799792,4.89164264649844e-15,1.7592983746528625,0.005497807420790196,0.027661552137287798,0.03769284194885325,0.016683684585557787,0.026589434777787115,0.0215364852246712,0.03029003503552259,baseline,deformation__deformation_low_train__baseline__medium__n005_te0600_r1_seed0
deformation,deformation_ood_lambda0p5,medium,5,600,1,100,32000,0.013895322161557852,0.022526427120592225,6.422640197456531e-15,0.39921898484230056,0.0012475593276321893,0.024390524606817055,0.03444198264335413,0.009152024368833129,0.01667108273229396,0.01763001309447282,0.022741469330073816,baseline,deformation__deformation_low_train__baseline__medium__n005_te0600_r1_seed1
deformation,deformation_ood_lambda0p75,medium,5,600,1,100,32000,0.015241469013132156,0.025429880155021806,6.116218642659988e-15,0.9037231439352036,0.002824134824797511,0.028408903437142724,0.04227994018636006,0.009563695911027025,0.016702227226131214,0.019107353895436975,0.024676051110169916,baseline,deformation__deformation_low_train__baseline__medium__n005_te0600_r1_seed1
deformation,deformation_ood_lambda1p0,medium,5,600,1,100,32000,0.018268861871067202,0.030026870649669968,5.0404125317982105e-15,1.7897015464305879,0.005592817332595586,0.02813574210228398,0.039040184367141136,0.013432383565164248,0.02540957042322031,0.022911416557559273,0.03235722488659853,baseline,deformation__deformation_low_train__baseline__medium__n005_te0600_r1_seed1
deformation,deformation_ood_lambda0p5,medium,5,600,2,100,32000,0.014011164389259647,0.020779555476277713,5.752065490582936e-15,0.8691342669725418,0.0027160445842891933,0.025209085450042037,0.03521416681798314,0.009858992306379755,0.013191712037024794,0.015269759577116926,0.01992105129932696,baseline,deformation__deformation_low_train__baseline__medium__n005_te0600_r1_seed2
deformation,deformation_ood_lambda0p75,medium,5,600,2,100,32000,0.015795072512998016,0.024055868887409772,6.044054146059352e-15,0.5157140970230102,0.0016116065531969071,0.028195738652197173,0.04093990800196122,0.011557860594184604,0.016085494695328897,0.016106042130239074,0.02100282489694746,baseline,deformation__deformation_low_train__baseline__medium__n005_te0600_r1_seed2
deformation,deformation_ood_lambda1p0,medium,5,600,2,100,32000,0.018277189889934375,0.026453729229673418,5.271338920920243e-15,1.4495994973182678,0.004529998429119587,0.02731722366384929,0.03706533240996855,0.014402980728812204,0.02060105068305325,0.02085978359938599,0.029188186246934526,baseline,deformation__deformation_low_train__baseline__medium__n005_te0600_r1_seed2
deformation,deformation_ood_lambda0p5,medium,10,300,0,100,32000,0.019309704415197484,0.03168980250797885,6.763478666016454e-15,1.0189640188217164,0.0031842625588178633,0.029494958189199682,0.04099836720684729,0.014175317535041053,0.02701604332388758,0.024527611281664582,0.03392273589661527,baseline,deformation__deformation_low_train__baseline__medium__n010_te0300_r1_seed0
deformation,deformation_ood_lambda0p75,medium,10,300,0,100,32000,0.021482769856415687,0.03292239361014817,6.45039577307216e-15,0.7069616454839707,0.0022092551421374084,0.03242683446718729,0.047274049526692064,0.016500761615393763,0.026246677449473902,0.025484729968709877,0.033435310900981986,baseline,deformation__deformation_low_train__baseline__medium__n010_te0300_r1_seed0
deformation,deformation_ood_lambda1p0,medium,10,300,0,100,32000,0.02455528924877872,0.03573666499905491,4.226619054747971e-15,1.3726290386915208,0.004289465745911002,0.031952713178208796,0.04271585675355319,0.02057502009739013,0.031379951854007014,0.029098672773514408,0.04008487960570558,baseline,deformation__deformation_low_train__baseline__medium__n010_te0300_r1_seed0
deformation,deformation_ood_lambda0p5,medium,10,300,1,100,32000,0.018385548488955825,0.02971481398910088,5.820899318109696e-15,0.7126909420639277,0.0022271591939497736,0.03146177049909602,0.044166102346611426,0.010470169995911419,0.018713051434595698,0.029055461957948864,0.03759882143846399,baseline,deformation__deformation_low_train__baseline__medium__n010_te0300_r1_seed1
deformation,deformation_ood_lambda0p75,medium,10,300,1,100,32000,0.019854756923479728,0.03268099992056118,6.06292793747798e-15,0.7627919772267342,0.0023837249288335446,0.03583393729283125,0.05315016786253545,0.011073591340187703,0.01832964866350151,0.030219073304004272,0.038824867995148366,baseline,deformation__deformation_low_train__baseline__medium__n010_te0300_r1_seed1
deformation,deformation_ood_lambda1p0,medium,10,300,1,100,32000,0.023334586630333796,0.03692287967840278,4.539701947692265e-15,1.5401413594186306,0.0048129417481832205,0.036792805872712046,0.05008586797062162,0.01539303994764729,0.028153360322517227,0.033701007436015055,0.04393251593080051,baseline,deformation__deformation_low_train__baseline__medium__n010_te0300_r1_seed1
deformation,deformation_ood_lambda0p5,medium,10,300,2,100,32000,0.019766359469911548,0.026993740191902295,5.376810108259633e-15,0.9739756229519844,0.0030436738217249513,0.029421358832711117,0.04092968362261441,0.016773836130625566,0.02143065187011183,0.019088930124969924,0.024295113244406037,baseline,deformation__deformation_low_train__baseline__medium__n010_te0300_r1_seed2
deformation,deformation_ood_lambda0p75,medium,10,300,2,100,32000,0.02138099307138473,0.03005620271334442,5.5067062021407766e-15,0.6579748901724816,0.0020561715317890046,0.03267414817056852,0.047005530650679576,0.01808492380656147,0.023560108217836873,0.019976045766670728,0.025340098623875373,baseline,deformation__deformation_low_train__baseline__medium__n010_te0300_r1_seed2
deformation,deformation_ood_lambda1p0,medium,10,300,2,100,32000,0.023844024609995542,0.032590552023753966,5.213607323639735e-15,1.3436625051498412,0.004198945328593254,0.03176100388611667,0.0428109304691605,0.02137595121283084,0.02864923344334953,0.023331265525368513,0.031868619483045736,baseline,deformation__deformation_low_train__baseline__medium__n010_te0300_r1_seed2
deformation,deformation_ood_lambda0p5,medium,10,600,0,100,32000,0.015120414398994763,0.024169532834178182,5.614397835529417e-15,0.6960104286670685,0.002175032589584589,0.024873570117691996,0.03493228861480452,0.011063901950547007,0.019399811306538717,0.0175367960256408,0.02390624945607658,baseline,deformation__deformation_low_train__baseline__medium__n010_te0600_r1_seed0
deformation,deformation_ood_lambda0p75,medium,10,600,0,100,32000,0.017181273183698068,0.02682754465924278,6.9566574723012305e-15,0.5874808615446091,0.0018358776923269031,0.027958344623970333,0.041120479602307976,0.013131384170439561,0.021026178144339634,0.01855386878320132,0.02411205958482157,baseline,deformation__deformation_low_train__baseline__medium__n010_te0600_r1_seed0
deformation,deformation_ood_lambda1p0,medium,10,600,0,100,32000,0.019795041772106194,0.029773130241064222,5.520028878436278e-15,1.5860331717133522,0.0049563536616042255,0.02698633920706925,0.036827818743841084,0.016848929161467827,0.026814796994391384,0.02144208216905827,0.030311848752202313,baseline,deformation__deformation_low_train__baseline__medium__n010_te0600_r1_seed0
deformation,deformation_ood_lambda0p5,medium,10,600,1,100,32000,0.013772727761731949,0.022502962900134673,6.222800053024002e-15,0.42389438062906265,0.001324669939465821,0.023593076327786545,0.03317607897203928,0.00934743813284634,0.01770629485925422,0.017228248082334176,0.022152332778663377,baseline,deformation__deformation_low_train__baseline__medium__n010_te0600_r1_seed1
deformation,deformation_ood_lambda0p75,medium,10,600,1,100,32000,0.015044076227804183,0.024929736664667083,6.338263247585019e-15,0.8217146167159081,0.002567858177237213,0.02739955243773875,0.040498151056736945,0.009722749306199452,0.017242088968341247,0.0186525807826838,0.02398936672480878,baseline,deformation__deformation_low_train__baseline__medium__n010_te0600_r1_seed1
deformation,deformation_ood_lambda1p0,medium,10,600,1,100,32000,0.0181140836762439,0.029818322466758147,4.064526493152698e-15,1.677532423734665,0.005242288824170828,0.027081186449737293,0.03729214073373519,0.013636940778077892,0.026070387699345374,0.022578409597248536,0.03187416930322453,baseline,deformation__deformation_low_train__baseline__medium__n010_te0600_r1_seed1
deformation,deformation_ood_lambda0p5,medium,10,600,2,100,32000,0.014068934022687607,0.020896692047703384,5.122569035620472e-15,0.8909757763147355,0.002784299300983548,0.025156038665649253,0.0349528803210417,0.009813346467155497,0.013399971652927504,0.015748592046322302,0.020566407781815066,baseline,deformation__deformation_low_train__baseline__medium__n010_te0600_r1_seed2
deformation,deformation_ood_lambda0p75,medium,10,600,2,100,32000,0.015819143782416358,0.023999422500086784,6.249445405615006e-15,0.5308906987309456,0.001659033433534205,0.02797291212310665,0.04031669938014301,0.011520584238178951,0.01620691761231355,0.016561054074438288,0.021597051125155437,baseline,deformation__deformation_low_train__baseline__medium__n010_te0600_r1_seed2
deformation,deformation_ood_lambda1p0,medium,10,600,2,100,32000,0.018337572647718483,0.026527850972137317,4.4919623576333835e-15,1.3463962069153785,0.0042074881466105584,0.026886655650421743,0.03643491669044811,0.014418256201276868,0.020706626021302403,0.02154643898434006,0.03008052772478412,baseline,deformation__deformation_low_train__baseline__medium__n010_te0600_r1_seed2
deformation,deformation_ood_lambda0p5,medium,20,300,0,100,32000,0.01500337084319908,0.021995242936690543,4.910516437917067e-15,0.7768364769220352,0.0024276139903813597,0.024628004567988686,0.03439673777739076,0.011094336560481073,0.014951451567602045,0.01710583996656351,0.02377352051250607,baseline,deformation__deformation_low_train__baseline__medium__n020_te0300_r1_seed0
deformation,deformation_ood_lambda0p75,medium,20,300,0,100,32000,0.017016051569383125,0.025938036287882313,6.574740751830177e-15,0.4818394064903258,0.0015057481452822683,0.027583145314711146,0.04019741198168468,0.01310927873166899,0.019885387793887318,0.018169276337197518,0.02370212562603539,baseline,deformation__deformation_low_train__baseline__medium__n020_te0300_r1_seed0
deformation,deformation_ood_lambda1p0,medium,20,300,0,100,32000,0.019637160995730665,0.02947511595868145,4.821698595947055e-15,1.2706152498722079,0.00397067265585065,0.026658594907552468,0.03604102011304758,0.016782845613333243,0.02662493624968171,0.02117867323110113,0.03030339060568378,baseline,deformation__deformation_low_train__baseline__medium__n020_te0300_r1_seed0
deformation,deformation_ood_lambda0p5,medium,20,300,1,100,32000,0.013678712373710007,0.022039295850886903,5.684341886080802e-15,0.48134108915925017,0.0015041909036226568,0.02298658705390699,0.032053851702467606,0.00962516037474658,0.017797760646710143,0.0165314936904033,0.021234936942173033,baseline,deformation__deformation_low_train__baseline__medium__n020_te0300_r1_seed1
deformation,deformation_ood_lambda0p75,medium,20,300,1,100,32000,0.01484770579871838,0.024533329125081372,6.331601909437268e-15,0.6996022951602935,0.002186257172375917,0.0266132169534103,0.038849084440332415,0.009920390302489977,0.018035199105734107,0.017864141132711668,0.02289900887801336,baseline,deformation__deformation_low_train__baseline__medium__n020_te0300_r1_seed1
deformation,deformation_ood_lambda1p0,medium,20,300,1,100,32000,0.01803421288075333,0.030144530105055356,4.53859172466764e-15,1.4784867729246616,0.004620271165389568,0.026375215983891396,0.03578141469589812,0.013840123015538363,0.027531042811395963,0.022275479373260167,0.03145280406870518,baseline,deformation__deformation_low_train__baseline__medium__n020_te0300_r1_seed1
deformation,deformation_ood_lambda0p5,medium,20,300,2,100,32000,0.014150803010893288,0.021111778993712974,5.646594303243546e-15,0.9451276889443397,0.0029535240279510615,0.02496786475085537,0.03441960173260273,0.009932142703076048,0.014124573569585928,0.01598972219438292,0.021102519811576462,baseline,deformation__deformation_low_train__baseline__medium__n020_te0300_r1_seed2
deformation,deformation_ood_lambda0p75,medium,20,300,2,100,32000,0.015845506843563634,0.024007354434403685,7.739364704661966e-15,0.5715924805402757,0.0017862265016883616,0.027734592751541637,0.03945997334330936,0.011584089196636341,0.016697335405828316,0.01674067387636751,0.022096895924010276,baseline,deformation__deformation_low_train__baseline__medium__n020_te0300_r1_seed2
deformation,deformation_ood_lambda1p0,medium,20,300,2,100,32000,0.01849117952438537,0.026928123450097315,5.412337245047638e-15,1.0718497112393381,0.003349530347622931,0.026674233732832366,0.03583502737859725,0.014443432683154244,0.021250932841064083,0.02245136583963176,0.03141120079919492,baseline,deformation__deformation_low_train__baseline__medium__n020_te0300_r1_seed2
deformation,deformation_ood_lambda0p5,medium,20,600,0,100,32000,0.010274811392778065,0.015740072779969735,6.45705711121991e-15,0.29913493871688845,0.0009347966834902763,0.01653499888285296,0.02260846883684233,0.007536453983125586,0.012007324697972263,0.0122296961316606,0.01717786521194198,baseline,deformation__deformation_low_train__baseline__medium__n020_te0600_r1_seed0
deformation,deformation_ood_lambda0p75,medium,20,600,0,100,32000,0.012029200508445501,0.019442571784032088,6.382672168570025e-15,0.8371125969290735,0.0026159768654033543,0.018668750167562392,0.026695320407994685,0.00966225590846928,0.017497175461035432,0.012490484649257269,0.016092681841692043,baseline,deformation__deformation_low_train__baseline__medium__n020_te0600_r1_seed0
deformation,deformation_ood_lambda1p0,medium,20,600,0,100,32000,0.015267636515607592,0.024717032698264727,4.821698595947055e-15,1.962397913336754,0.006132493479177356,0.01813845608488191,0.02404478545316552,0.014051060253599038,0.02550403244443633,0.01604654573235894,0.022915929105451847,baseline,deformation__deformation_low_train__baseline__medium__n020_te0600_r1_seed0
deformation,deformation_ood_lambda0p5,medium,20,600,1,100,32000,0.00827593857788015,0.01213658522279612,6.764588889041079e-15,0.21576183468103402,0.0006742557333782314,0.013391438066930278,0.01728770910221946,0.005770725919855371,0.008972450105170325,0.010676077062904368,0.01400371506703457,baseline,deformation__deformation_low_train__baseline__medium__n020_te0600_r1_seed1
deformation,deformation_ood_lambda0p75,medium,20,600,1,100,32000,0.009381387917848769,0.01448157895135034,5.910827383104334e-15,1.0551827901601791,0.0032974462192505594,0.015022974515508394,0.01993648787308716,0.00661825583393996,0.01170483407854429,0.012029197571915576,0.015495408142041927,baseline,deformation__deformation_low_train__baseline__medium__n020_te0600_r1_seed1
deformation,deformation_ood_lambda1p0,medium,20,600,1,100,32000,0.01246615351770306,0.01956247796671141,6.153966225497243e-15,2.15265452504158,0.006727045390754939,0.014942031087935903,0.018721511705503603,0.00984127671723642,0.01739972005595646,0.017864906348870134,0.02558724186726811,baseline,deformation__deformation_low_train__baseline__medium__n020_te0600_r1_seed1
deformation,deformation_ood_lambda0p5,medium,20,600,2,100,32000,0.009075155259284656,0.013180568526092683,6.628031457012185e-15,0.4376678004860878,0.0013677118765190244,0.014661528650205584,0.020090515748202514,0.006575846437733466,0.009146262965415219,0.010986708333017306,0.014630301829722248,baseline,deformation__deformation_low_train__baseline__medium__n020_te0600_r1_seed2
deformation,deformation_ood_lambda0p75,medium,20,600,2,100,32000,0.01027080103919143,0.015425148133891323,5.9763305415572175e-15,0.30857980549335484,0.0009643118921667341,0.016195397641626186,0.022940949099683864,0.008039234636390271,0.012109144820771299,0.011040903645160144,0.014949737934055296,baseline,deformation__deformation_low_train__baseline__medium__n020_te0600_r1_seed2
deformation,deformation_ood_lambda1p0,medium,20,600,2,100,32000,0.012386735229974147,0.01814500974460183,5.062616992290714e-15,1.3259767985343933,0.0041436774954199795,0.015561355342972094,0.02069422463961109,0.010245335278372902,0.015641366527298882,0.015636314971779936,0.02199997543634704,baseline,deformation__deformation_low_train__baseline__medium__n020_te0600_r1_seed2
deformation,deformation_ood_lambda0p5,medium,40,300,0,100,32000,0.009970212185720447,0.015022499651212978,5.152545057285351e-15,0.35633050501346586,0.001113532828167081,0.015807731760025492,0.021066234158631295,0.007440174613147974,0.011530373018213087,0.011722805329132826,0.01690392710022665,baseline,deformation__deformation_low_train__baseline__medium__n040_te0300_r1_seed0
deformation,deformation_ood_lambda0p75,medium,40,300,0,100,32000,0.011462764860689638,0.018397215276507395,7.230882559383644e-15,0.4587288206815719,0.0014335275646299122,0.01780602695111884,0.024613947109229622,0.009268597229015237,0.016893316085840174,0.01170200566528365,0.015175271734849184,baseline,deformation__deformation_low_train__baseline__medium__n040_te0300_r1_seed0
deformation,deformation_ood_lambda1p0,medium,40,300,0,100,32000,0.01460427687064512,0.023700487575214126,4.99933427988708e-15,1.490208094716072,0.004656900295987725,0.01798291406442877,0.02291491029858277,0.013289258582924958,0.024504854771227474,0.01517069454002194,0.021954697001904874,baseline,deformation__deformation_low_train__baseline__medium__n040_te0300_r1_seed0
deformation,deformation_ood_lambda0p5,medium,40,300,1,100,32000,0.007901859903847798,0.011570916505907561,5.5344617777564055e-15,0.1341911926865578,0.0004193474771454931,0.012404228328639877,0.01587873645824094,0.005828692317697762,0.009056025390470944,0.00961899423750583,0.013086691132772525,baseline,deformation__deformation_low_train__baseline__medium__n040_te0300_r1_seed1
deformation,deformation_ood_lambda0p75,medium,40,300,1,100,32000,0.008909117920941208,0.013604824438069908,6.393774398816277e-15,0.8975882953405381,0.0028049634229391812,0.013963452910713388,0.018202990534990672,0.006542011691528992,0.011419000580548224,0.010956101619405672,0.014245232632739942,baseline,deformation__deformation_low_train__baseline__medium__n040_te0300_r1_seed1
deformation,deformation_ood_lambda1p0,medium,40,300,1,100,32000,0.011804663712752515,0.018681794420019025,5.594413821086164e-15,1.9211137062311172,0.006003480331972241,0.01419591069238959,0.017539262324003824,0.009370174474703768,0.01677673296051869,0.016716884447261687,0.024352519056627112,baseline,deformation__deformation_low_train__baseline__medium__n040_te0300_r1_seed1
deformation,deformation_ood_lambda0p5,medium,40,300,2,100,32000,0.00868227869643597,0.012480763333001455,7.052136652418995e-15,0.4757508048415185,0.0014867212651297453,0.013777535475441255,0.018433648462934486,0.006469037834186262,0.009064817262639295,0.01022674450417981,0.013875703052522807,baseline,deformation__deformation_low_train__baseline__medium__n040_te0300_r1_seed2
deformation,deformation_ood_lambda0p75,medium,40,300,2,100,32000,0.00975737952729687,0.014528919766571974,6.508127370352667e-15,0.24646033227443687,0.0007701885383576151,0.01529972114675911,0.020899377682903206,0.0077526903027513375,0.011821343435837054,0.010229105581471231,0.014122006886444048,baseline,deformation__deformation_low_train__baseline__medium__n040_te0300_r1_seed2
deformation,deformation_ood_lambda1p0,medium,40,300,2,100,32000,0.011922269574995151,0.01746504204207984,6.493694471032541e-15,1.0005697566270828,0.0031267804894596347,0.015333237982122227,0.019688812257734344,0.009769098705709136,0.015177524166611216,0.014970813775726129,0.02112859247686815,baseline,deformation__deformation_low_train__baseline__medium__n040_te0300_r1_seed2
deformation,deformation_ood_lambda0p5,medium,40,600,0,100,32000,0.005709494753205218,0.010391061109458552,5.971889649458717e-15,0.15392288267612464,0.00048100900836288955,0.0065256315601873215,0.008393720933370742,0.004846458376792724,0.008128838529579104,0.007482467075460594,0.01646760930661444,baseline,deformation__deformation_low_train__baseline__medium__n040_te0600_r1_seed0
deformation,deformation_ood_lambda0p75,medium,40,600,0,100,32000,0.006767511761083733,0.012438274605451837,6.841194277740214e-15,0.4882671308517456,0.0015258347839117049,0.007040181513060814,0.009205733120799788,0.006606168946309479,0.0135211315572888,0.006978870453429404,0.011846723502438,baseline,deformation__deformation_low_train__baseline__medium__n040_te0600_r1_seed0
deformation,deformation_ood_lambda1p0,medium,40,600,0,100,32000,0.009133299577177966,0.017563664295622564,6.226130722097878e-15,0.9665416145324707,0.0030204425454139713,0.006848369732673745,0.008662783537349486,0.00958315876062261,0.018989975798099933,0.010068651871348266,0.019634412555368113,baseline,deformation__deformation_low_train__baseline__medium__n040_te0600_r1_seed0
deformation,deformation_ood_lambda0p5,medium,40,600,1,100,32000,0.004780217155156425,0.00943059138757784,6.59250432022418e-15,0.13010632798075675,0.0004065822749398649,0.005628064796779655,0.007185867556222068,0.004077766297933219,0.008240921897719439,0.006039722085202812,0.013758822474644642,baseline,deformation__deformation_low_train__baseline__medium__n040_te0600_r1_seed1
deformation,deformation_ood_lambda0p75,medium,40,600,1,100,32000,0.005788558561797254,0.010448063998839584,6.552536291337674e-15,0.6550484323501589,0.002047026351094246,0.006401871086505707,0.008169362267489445,0.005188728970805338,0.01087526572330489,0.006974734810064548,0.011147085408495263,baseline,deformation__deformation_low_train__baseline__medium__n040_te0600_r1_seed1
deformation,deformation_ood_lambda1p0,medium,40,600,1,100,32000,0.008989914249372667,0.017073936977094927,5.448974604860268e-15,1.3776199007034302,0.004305062189698219,0.007326456225011499,0.009313165508430143,0.008296544794226065,0.01703555525651311,0.012733480639173646,0.022365847603176142,baseline,deformation__deformation_low_train__baseline__medium__n040_te0600_r1_seed1
deformation,deformation_ood_lambda0p5,medium,40,600,2,100,32000,0.004363377588230651,0.006689466999428441,6.652456363553938e-15,0.20263839483261095,0.000633244983851909,0.005115001466299872,0.00652304718823781,0.003844008108309936,0.006592629018565665,0.005169862149923576,0.00712786271844031,baseline,deformation__deformation_low_train__baseline__medium__n040_te0600_r1_seed2
deformation,deformation_ood_lambda0p75,medium,40,600,2,100,32000,0.00491474017589353,0.007881337774524804,5.999645225074346e-15,0.4932796889543533,0.0015414990279823545,0.0053506303618196405,0.006953470265952432,0.00473024184301418,0.008536300300326543,0.005032344988605472,0.00660465051226847,baseline,deformation__deformation_low_train__baseline__medium__n040_te0600_r1_seed2
deformation,deformation_ood_lambda1p0,medium,40,600,2,100,32000,0.0065128079934162085,0.011386662526598654,6.300515664747763e-15,0.9517265373468401,0.0029741454292088747,0.0055215499143232575,0.006937722932699872,0.006868050451468055,0.013222182908131028,0.006438338698353618,0.008698853683911666,baseline,deformation__deformation_low_train__baseline__medium__n040_te0600_r1_seed2
deformation,deformation_ood_lambda0p5,medium,80,300,0,100,32000,0.006193603963323402,0.010074205629588913,6.6491256944800626e-15,0.20035743772983544,0.0006261169929057358,0.00811376349098282,0.01035598704397352,0.005122456306028955,0.008461023713367618,0.007486887407547327,0.013617446928361792,baseline,deformation__deformation_low_train__baseline__medium__n080_te0300_r1_seed0
deformation,deformation_ood_lambda0p75,medium,80,300,0,100,32000,0.007393734378588853,0.01294035449491099,6.7756911192873305e-15,0.6216453766822815,0.0019426418021321298,0.008839731660031247,0.011491433278718462,0.006971069099594995,0.014064397388773884,0.00721573293412803,0.0105730322870276,baseline,deformation__deformation_low_train__baseline__medium__n080_te0300_r1_seed0
deformation,deformation_ood_lambda1p0,medium,80,300,0,100,32000,0.00990485313400859,0.017725982135997506,4.82724971107018e-15,1.2412695109844207,0.003878967221826315,0.008853490555775351,0.011027010519339877,0.01016611373028718,0.019770932451817717,0.01017243392340606,0.016636945103950553,baseline,deformation__deformation_low_train__baseline__medium__n080_te0300_r1_seed0
deformation,deformation_ood_lambda0p5,medium,80,300,1,100,32000,0.005138821780361468,0.008973518015337903,6.0396132539608514e-15,0.10668886721134178,0.0003334027100354431,0.00681037379836198,0.00864168162450045,0.004350809051616427,0.008258820959095753,0.005831307948596076,0.011104823080785345,baseline,deformation__deformation_low_train__baseline__medium__n080_te0300_r1_seed1
deformation,deformation_ood_lambda0p75,medium,80,300,1,100,32000,0.00620462819278473,0.010627906226378709,6.252776074688882e-15,0.6676968574523926,0.0020865526795387267,0.007852682972559706,0.010061635623087966,0.005372722938191146,0.010843529354205505,0.007052289176790508,0.010525162982355884,baseline,deformation__deformation_low_train__baseline__medium__n080_te0300_r1_seed1
deformation,deformation_ood_lambda1p0,medium,80,300,1,100,32000,0.009304193961527197,0.016641743778980946,6.341593916658894e-15,1.453487627506256,0.00454214883595705,0.008841012563963887,0.011246998230538955,0.00837422674659562,0.016554328091352766,0.012557277003885243,0.02088314811421053,baseline,deformation__deformation_low_train__baseline__medium__n080_te0300_r1_seed1
deformation,deformation_ood_lambda0p5,medium,80,300,2,100,32000,0.004891219456813997,0.007092391875911985,5.478950626525148e-15,0.0915424069762231,0.0002860700218006972,0.006251896927395137,0.008030283266089797,0.004319632168839841,0.006748584979652433,0.005245303850155323,0.007098905943249182,baseline,deformation__deformation_low_train__baseline__medium__n080_te0300_r1_seed2
deformation,deformation_ood_lambda0p75,medium,80,300,2,100,32000,0.005514108950807713,0.00855816940901374,6.8489658389125904e-15,0.3484996938705444,0.0010890615433454514,0.0065850881858496,0.008661200379872449,0.005263061148851799,0.008998182310316469,0.005196273121633566,0.006949321655925394,baseline,deformation__deformation_low_train__baseline__medium__n080_te0300_r1_seed2
deformation,deformation_ood_lambda1p0,medium,80,300,2,100,32000,0.007069378216459881,0.011575933221636716,5.448974604860268e-15,0.8390439593791962,0.0026220123730599882,0.006550795579038093,0.00823085436805442,0.007312315111688803,0.013122817163712998,0.006859150168194903,0.009254144757573295,baseline,deformation__deformation_low_train__baseline__medium__n080_te0300_r1_seed2
deformation,deformation_ood_lambda0p5,medium,80,600,0,100,32000,0.0032543427362339574,0.005887459953888291,6.646905248430812e-15,0.07875071108341206,0.0002460959721356627,0.0029480469549307588,0.0037376770187734394,0.002751449738454539,0.005237884771663966,0.005069317510875408,0.008776923344933385,baseline,deformation__deformation_low_train__baseline__medium__n080_te0600_r1_seed0
deformation,deformation_ood_lambda0p75,medium,80,600,0,100,32000,0.00371170674531022,0.007137772436073453,5.933031843596836e-15,0.20152618229389196,0.0006297693196684126,0.0030551000209525225,0.0038755733136280586,0.003597770331078209,0.008040643865936887,0.004710122712363954,0.006764839015088122,baseline,deformation__deformation_low_train__baseline__medium__n080_te0600_r1_seed0
deformation,deformation_ood_lambda1p0,medium,80,600,0,100,32000,0.004933928589115384,0.009202201636623612,5.6343818499726694e-15,0.3748336797952652,0.0011713552493602035,0.003728838929848278,0.004582665055207639,0.004961208433009839,0.010122673389258357,0.006057178716699126,0.009746599722999419,baseline,deformation__deformation_low_train__baseline__medium__n080_te0600_r1_seed0
deformation,deformation_ood_lambda0p5,medium,80,600,1,100,32000,0.003139109991834267,0.005756509599056796,5.729861030090433e-15,0.10529058843851079,0.0003290330888703463,0.002865863054496004,0.003675818805070241,0.002691492477460997,0.004881663316840289,0.004755209472292337,0.008982397214302247,baseline,deformation__deformation_low_train__baseline__medium__n080_te0600_r1_seed1
deformation,deformation_ood_lambda0p75,medium,80,600,1,100,32000,0.0038197936988552104,0.006443749258655706,6.896705428971472e-15,0.4050420886278154,0.0012657565269619231,0.0031306569961016073,0.003997774811849988,0.0034427047212569365,0.006335401279027746,0.005640197334403637,0.008438921198645496,baseline,deformation__deformation_low_train__baseline__medium__n080_te0600_r1_seed1
deformation,deformation_ood_lambda1p0,medium,80,600,1,100,32000,0.006072937556845135,0.010992114306005161,7.052136652418995e-15,0.8700946086645126,0.002719045652076602,0.004362314302648882,0.0053673106704652945,0.005248746019206009,0.009226947763344498,0.010256135423958765,0.017886172471092355,baseline,deformation__deformation_low_train__baseline__medium__n080_te0600_r1_seed1
deformation,deformation_ood_lambda0p5,medium,80,600,2,100,32000,0.003014200555253774,0.00467515088491963,7.205347429817267e-15,0.05705010175704956,0.00017828156799077987,0.0031265197471948337,0.003955663458235343,0.0024367907587826876,0.003994246552111923,0.004634110752725973,0.006765788130870758,baseline,deformation__deformation_low_train__baseline__medium__n080_te0600_r1_seed2
deformation,deformation_ood_lambda0p75,medium,80,600,2,100,32000,0.0033075937908142797,0.00522854972441794,7.273071034319401e-15,0.09606240808963767,0.0003001950252801177,0.003157773680752143,0.003963745922545939,0.0029917881361907345,0.0054317654802902415,0.004404830864747053,0.005697819816950776,baseline,deformation__deformation_low_train__baseline__medium__n080_te0600_r1_seed2
deformation,deformation_ood_lambda1p0,medium,80,600,2,100,32000,0.004412718986568507,0.00745354988652384,6.035172361862351e-15,0.2710531401634216,0.0008470410630106926,0.003871852475975173,0.00490917015634208,0.0042451290200891285,0.00808887040211589,0.0054563553965999755,0.007575460697799079,baseline,deformation__deformation_low_train__baseline__medium__n080_te0600_r1_seed2
deformation,deformation_ood_lambda0p5,medium,160,300,0,100,32000,0.003725171711144503,0.006226552684895207,6.1461946643248665e-15,0.09185658097267164,0.00028705181553959893,0.003644895490258932,0.004675553551642349,0.0032223546680567477,0.005730006407146846,0.005313899061293339,0.008572634973960545,baseline,deformation__deformation_low_train__baseline__medium__n160_te0300_r1_seed0
deformation,deformation_ood_lambda0p75,medium,160,300,0,100,32000,0.004488419316732324,0.008966433946654973,6.508127370352667e-15,0.19055925011634847,0.0005954976566135889,0.003950474522309377,0.005083495071638471,0.004527808790910058,0.010400722363617361,0.004908195688622072,0.007184545176983,baseline,deformation__deformation_low_train__baseline__medium__n160_te0300_r1_seed0
deformation,deformation_ood_lambda1p0,medium,160,300,0,100,32000,0.005924945343425499,0.011827331928621223,5.699885008425554e-15,0.440791221857071,0.0013774725683033467,0.004315669090952725,0.005476852247065328,0.0063544420823260835,0.013843375949035484,0.0062457313791965145,0.009721924666120816,baseline,deformation__deformation_low_train__baseline__medium__n160_te0300_r1_seed0
deformation,deformation_ood_lambda0p5,medium,160,300,1,100,32000,0.00335200353510445,0.0057799215299808625,6.639133687258436e-15,0.12735971003770832,0.0003979990938678385,0.003258511234103935,0.004220144150943018,0.0028827258573146538,0.0051313288105987835,0.004853328869474352,0.008380706516845679,baseline,deformation__deformation_low_train__baseline__medium__n160_te0300_r1_seed1
deformation,deformation_ood_lambda0p75,medium,160,300,1,100,32000,0.004292642986762805,0.007499807111604097,6.554756737386924e-15,0.5193270045518874,0.001622896889224648,0.00377591393433977,0.004769452496398074,0.00389240538652909,0.007695482288556452,0.006010084839886988,0.008990356693729176,baseline,deformation__deformation_low_train__baseline__medium__n160_te0300_r1_seed1
deformation,deformation_ood_lambda1p0,medium,160,300,1,100,32000,0.006858197986963205,0.012505182957256588,5.3645976549887564e-15,1.0604341751337052,0.0033138567972928286,0.004972849933372344,0.006183735146187244,0.006129819178895559,0.011425982301707943,0.010928682464757,0.01876166860749017,baseline,deformation__deformation_low_train__baseline__medium__n160_te0300_r1_seed1
deformation,deformation_ood_lambda0p5,medium,160,300,2,100,32000,0.003239282286050729,0.004924253111823221,6.624700787938309e-15,0.053930771946907013,0.00016853366233408448,0.0034320358260883947,0.004329595870201853,0.0026678077430697155,0.004294448176947196,0.004760952374956104,0.00686797551784943,baseline,deformation__deformation_low_train__baseline__medium__n160_te0300_r1_seed2
deformation,deformation_ood_lambda0p75,medium,160,300,2,100,32000,0.0036565569495898664,0.0059425583390360056,6.323830348264892e-15,0.1705962228775024,0.0005331131964921951,0.003514784148137551,0.0044070854443201395,0.003391234166182888,0.006323941476478951,0.004594298101263117,0.006096793301146192,baseline,deformation__deformation_low_train__baseline__medium__n160_te0300_r1_seed2
deformation,deformation_ood_lambda1p0,medium,160,300,2,100,32000,0.004850405425298957,0.008419790931162428,6.8489658389125904e-15,0.36828717172145853,0.0011508974116295578,0.004065803405595944,0.005222474026863838,0.00483475831603088,0.009384730763805775,0.0056819487728062045,0.007935404660998109,baseline,deformation__deformation_low_train__baseline__medium__n160_te0300_r1_seed2
deformation,deformation_ood_lambda0p5,medium,160,600,0,100,32000,0.002498277387628332,0.004032998823411271,6.502576255229542e-15,0.04592577695846559,0.00014351805299520502,0.0026558105194708316,0.0034244023646539954,0.0018840083931766763,0.0032868058158727702,0.0041835512391407955,0.006098326703233471,baseline,deformation__deformation_low_train__baseline__medium__n160_te0600_r1_seed0
deformation,deformation_ood_lambda0p75,medium,160,600,0,100,32000,0.0025115741327521404,0.003746019756776733,6.10400618938911e-15,0.07900494992732984,0.00024689046852290574,0.002783789882785639,0.0035117573320475777,0.0019896599695590966,0.0033921673302221233,0.003805100872297771,0.0048280930959271355,baseline,deformation__deformation_low_train__baseline__medium__n160_te0600_r1_seed0
deformation,deformation_ood_lambda1p0,medium,160,600,0,100,32000,0.003100111517251935,0.0044646362455552265,6.9289018966856016e-15,0.1592580646276474,0.0004976814519613982,0.003569670463155489,0.00436080545598516,0.0023284285669215024,0.003448637131742108,0.004945601422339677,0.006705890366042834,baseline,deformation__deformation_low_train__baseline__medium__n160_te0600_r1_seed0
deformation,deformation_ood_lambda0p5,medium,160,600,1,100,32000,0.002352930677798577,0.003745958018848772,7.345235530920035e-15,0.1770184439420699,0.0005531826373189684,0.0026500939296674915,0.003417946296438073,0.0017323019750765522,0.0026442121106424557,0.003917653534095737,0.006123975624653291,baseline,deformation__deformation_low_train__baseline__medium__n160_te0600_r1_seed1
deformation,deformation_ood_lambda0p75,medium,160,600,1,100,32000,0.0026458565684035432,0.004206955279208774,5.915268275202834e-15,0.08671390354633321,0.00027098094858229126,0.0029872372687677873,0.0037655093081086586,0.0018252916188212112,0.002844890948470039,0.004766170716786292,0.0070734072221808105,baseline,deformation__deformation_low_train__baseline__medium__n160_te0600_r1_seed1
deformation,deformation_ood_lambda1p0,medium,160,600,1,100,32000,0.004291669405612627,0.008745668719711684,6.27831120425526e-15,0.3858550584316254,0.0012057970575988293,0.004097688193549402,0.005020792922572659,0.0026407436138251796,0.004324720113221846,0.009438427993038201,0.01735268374143448,baseline,deformation__deformation_low_train__baseline__medium__n160_te0600_r1_seed1
deformation,deformation_ood_lambda0p5,medium,160,600,2,100,32000,0.002347826651192737,0.003525548401404329,6.936673457857978e-15,0.04690483570098859,0.00014657761156558935,0.0026358829433447677,0.0034363277316731902,0.001717614356564203,0.0025865934066194437,0.0039504072429263045,0.005501610038911822,baseline,deformation__deformation_low_train__baseline__medium__n160_te0600_r1_seed2
deformation,deformation_ood_lambda0p75,medium,160,600,2,100,32000,0.0024117701648734514,0.003446705383728514,6.8112182560753355e-15,0.05468328237533562,0.00017088525742292379,0.002760539757437072,0.003621895775544673,0.0018540166993819493,0.002868437540022743,0.003736260968784336,0.004647252870155882,baseline,deformation__deformation_low_train__baseline__medium__n160_te0600_r1_seed2
deformation,deformation_ood_lambda1p0,medium,160,600,2,100,32000,0.0030515689857304094,0.004312997690031477,8.426592756904939e-15,0.09770255088806161,0.0003053204715251925,0.0036200169333023956,0.004493503375131301,0.002313228410765684,0.0034162399398256836,0.004698142763052599,0.0061486654494603415,baseline,deformation__deformation_low_train__baseline__medium__n160_te0600_r1_seed2
deformation,deformation_ood_lambda0p5,large,5,300,0,100,32000,0.015286825679650064,0.021944907083903516,5.900835375882707e-15,0.6444213205575943,0.002013816626742482,0.022655812389217312,0.030803913593467916,0.012143698840673704,0.01780550487918883,0.017347219487011897,0.022536761744392307,baseline,deformation__deformation_low_train__baseline__large__n005_te0300_r1_seed0
deformation,deformation_ood_lambda0p75,large,5,300,0,100,32000,0.01690103791137226,0.024424346824524518,6.046274592108603e-15,0.48059344768524176,0.0015018545240163804,0.024769867909315506,0.034514947464063715,0.013877822042248831,0.02029872272637318,0.01810185552079929,0.023565813323746954,baseline,deformation__deformation_low_train__baseline__large__n005_te0300_r1_seed0
deformation,deformation_ood_lambda1p0,large,5,300,0,100,32000,0.019825324879307302,0.02880660925132845,4.453104551771503e-15,1.4771952879428865,0.0046162352748215195,0.02340004101546947,0.03066477674917547,0.01810801495213915,0.027876581799323164,0.02140253852464957,0.029622013963837276,baseline,deformation__deformation_low_train__baseline__large__n005_te0300_r1_seed0
deformation,deformation_ood_lambda0p5,large,5,300,1,100,32000,0.01599140003228749,0.025762647214361046,6.867839630331218e-15,1.0915390217490495,0.003411059442965779,0.022727345864957896,0.03397527075165448,0.012859559166578037,0.02299352624874584,0.018650976796745454,0.024044629062528817,baseline,deformation__deformation_low_train__baseline__large__n005_te0300_r1_seed1
deformation,deformation_ood_lambda0p75,large,5,300,1,100,32000,0.01737609472916811,0.0284870311168617,7.074341112911497e-15,0.5911669860035181,0.001847396831260994,0.02597843776071386,0.04164665334218056,0.013651429791444875,0.023534478569538334,0.019947746510792053,0.02571956317749773,baseline,deformation__deformation_low_train__baseline__large__n005_te0300_r1_seed1
deformation,deformation_ood_lambda1p0,large,5,300,1,100,32000,0.020122424587985733,0.03366510225669804,4.684030940893535e-15,1.1327482432872058,0.003539838260272518,0.02525643334713823,0.037483396394619055,0.017440244877432027,0.03305639033314141,0.02303495496049436,0.03136105417428632,baseline,deformation__deformation_low_train__baseline__large__n005_te0300_r1_seed1
deformation,deformation_ood_lambda0p5,large,5,300,2,100,32000,0.01787418596032658,0.026654475376875125,5.970779426434092e-15,0.983770869076252,0.0030742839658632875,0.029774172805948185,0.04255115462915181,0.012096334804489744,0.016772676711117738,0.02330775258221547,0.029962250844040583,baseline,deformation__deformation_low_train__baseline__large__n005_te0300_r1_seed2
deformation,deformation_ood_lambda0p75,large,5,300,2,100,32000,0.01972266996165272,0.03055631225975215,5.540012892879531e-15,0.6267128568887711,0.0019584776777774094,0.033312804503482764,0.05034480773377501,0.013557304544306436,0.019611522590012666,0.024628631671861516,0.031305047099962874,baseline,deformation__deformation_low_train__baseline__large__n005_te0300_r1_seed2
deformation,deformation_ood_lambda1p0,large,5,300,2,100,32000,0.021937207212235084,0.03236446196732475,4.732880753977043e-15,1.0199943661689759,0.0031874823942780496,0.032350303113169505,0.04553930649951358,0.016768199880888762,0.025364883170190148,0.027031133305339614,0.03511882203325202,baseline,deformation__deformation_low_train__baseline__large__n005_te0300_r1_seed2
deformation,deformation_ood_lambda0p5,large,5,600,0,100,32000,0.010250664431881159,0.01511982640798805,5.6787907709576755e-15,0.2251819694042206,0.0007036936543881895,0.014314070389315021,0.018995492609599863,0.008523033172571255,0.013874297183933048,0.011370152252377008,0.014308341850571768,baseline,deformation__deformation_low_train__baseline__large__n005_te0600_r1_seed0
deformation,deformation_ood_lambda0p75,large,5,600,0,100,32000,0.011674843852582854,0.017321338287365786,6.827871601444713e-15,0.8928374147415161,0.0027901169210672377,0.015767895025492182,0.02182391021310376,0.01027625166097035,0.01627574865071374,0.011777569254511037,0.01513805670862593,baseline,deformation__deformation_low_train__baseline__large__n005_te0600_r1_seed0
deformation,deformation_ood_lambda1p0,large,5,600,0,100,32000,0.014122437274549156,0.021144928513674686,5.455635943008019e-15,1.8334817481040955,0.005729630462825299,0.014686573379731272,0.01901917116195331,0.014038893827373005,0.022529956070420094,0.013808931510895487,0.018735377656967853,baseline,deformation__deformation_low_train__baseline__large__n005_te0600_r1_seed0
deformation,deformation_ood_lambda0p5,large,5,600,1,100,32000,0.01097503559224715,0.017304930228216425,5.152545057285351e-15,0.49884946659207346,0.0015589045831002296,0.016555466116871687,0.02347399587864812,0.008659846575697884,0.015185138023806753,0.012340172117270412,0.01595334817836743,baseline,deformation__deformation_low_train__baseline__large__n005_te0600_r1_seed1
deformation,deformation_ood_lambda0p75,large,5,600,1,100,32000,0.01203646194144385,0.019379810274325532,6.3893335067177756e-15,0.49241998970508577,0.0015388124678283929,0.018750743141892602,0.028359962577407083,0.009451486866775665,0.01627188230641178,0.013077105964999646,0.01671153172426713,baseline,deformation__deformation_low_train__baseline__large__n005_te0600_r1_seed1
deformation,deformation_ood_lambda1p0,large,5,600,1,100,32000,0.014305235728720434,0.02314112904380828,5.3990145687521365e-15,1.2248201283812523,0.0038275629011914137,0.017859798812918597,0.025357374001756118,0.012493139151153932,0.022627347825281315,0.016186962377221788,0.022328731312531165,baseline,deformation__deformation_low_train__baseline__large__n005_te0600_r1_seed1
deformation,deformation_ood_lambda0p5,large,5,600,2,100,32000,0.012322615017439238,0.018638437190959083,6.876721414528219e-15,0.39341112613677987,0.001229409769177437,0.020732691465644163,0.030189425768061964,0.008466608647295894,0.011897510525393314,0.015480557679664345,0.02002256243081229,baseline,deformation__deformation_low_train__baseline__large__n005_te0600_r1_seed2
deformation,deformation_ood_lambda0p75,large,5,600,2,100,32000,0.013708913940482308,0.022244630954522622,6.518119377574294e-15,0.5188596644997596,0.0016214364515617491,0.02345005702078924,0.03689969172025891,0.00983964107184632,0.015406496063477472,0.015575589466083329,0.020011257321881224,baseline,deformation__deformation_low_train__baseline__large__n005_te0600_r1_seed2
deformation,deformation_ood_lambda1p0,large,5,600,2,100,32000,0.01606718751953449,0.02453440974462266,5.1048054672264694e-15,1.3843266099691391,0.004326020656153559,0.022918089692248032,0.03324022275487223,0.012926581798722813,0.020575078990878216,0.018638102509255988,0.025194687383434965,baseline,deformation__deformation_low_train__baseline__large__n005_te0600_r1_seed2
deformation,deformation_ood_lambda0p5,large,10,300,0,100,32000,0.015374819711223245,0.022290877171271904,4.8960835385969405e-15,0.668576620221138,0.002089301938191056,0.022575517662247878,0.030705381390392715,0.012242016576366343,0.01842778773697219,0.017572531164769315,0.02286581501625235,baseline,deformation__deformation_low_train__baseline__large__n010_te0300_r1_seed0
deformation,deformation_ood_lambda0p75,large,10,300,0,100,32000,0.016932726150529924,0.02452707797036997,7.343015084870785e-15,0.47563972681760786,0.0014863741463050247,0.024563958337617802,0.034204250852129275,0.013940967086159314,0.02057297117609617,0.018276771156553878,0.02383727256693184,baseline,deformation__deformation_low_train__baseline__large__n010_te0300_r1_seed0
deformation,deformation_ood_lambda1p0,large,10,300,0,100,32000,0.019859635919478022,0.028989958048418862,5.657696533489798e-15,1.4050363633036613,0.004390738635323942,0.02302346980888978,0.03026409776346956,0.01815539090972743,0.028086402247996554,0.02180853705931804,0.03032548022867547,baseline,deformation__deformation_low_train__baseline__large__n010_te0300_r1_seed0
deformation,deformation_ood_lambda0p5,large,10,300,1,100,32000,0.015934484971285568,0.026202256876746686,5.512257317263902e-15,1.129751941487193,0.0035304748171474786,0.022283420658059185,0.03309582938313442,0.012998327261870146,0.024336062081777774,0.018394022412758206,0.02367964635870065,baseline,deformation__deformation_low_train__baseline__large__n010_te0300_r1_seed1
deformation,deformation_ood_lambda0p75,large,10,300,1,100,32000,0.017255686962798066,0.02862026769609294,6.976641486744484e-15,0.6086618930846454,0.0019020684158895166,0.02535370492797665,0.040288039142373756,0.013771112462675473,0.02474777055435711,0.019611392497987257,0.02520150937561778,baseline,deformation__deformation_low_train__baseline__large__n010_te0300_r1_seed1
deformation,deformation_ood_lambda1p0,large,10,300,1,100,32000,0.020126438072120074,0.03457070257279855,4.496403249731884e-15,1.037156169116497,0.0032411130284890535,0.02452876905999437,0.0361601417204318,0.017795358053816015,0.03518574852856879,0.022717347139157934,0.030886903925381525,baseline,deformation__deformation_low_train__baseline__large__n010_te0300_r1_seed1
deformation,deformation_ood_lambda0p5,large,10,300,2,100,32000,0.01774821362073417,0.026486377868968847,6.373790384373023e-15,1.0297454673051833,0.003217954585328698,0.029538924885098822,0.042109700878351176,0.012019439275706341,0.016842377315064716,0.02314382539145299,0.029722333928475154,baseline,deformation__deformation_low_train__baseline__large__n010_te0300_r1_seed2
deformation,deformation_ood_lambda0p75,large,10,300,2,100,32000,0.01952041840775637,0.03024313810272996,6.697975507563569e-15,0.6599336490035058,0.0020622926531359558,0.032930332005926176,0.04961690355606199,0.013432078655421113,0.019636312305320282,0.024375524066592335,0.030897339855660833,baseline,deformation__deformation_low_train__baseline__large__n010_te0300_r1_seed2
deformation,deformation_ood_lambda1p0,large,10,300,2,100,32000,0.021635081707272914,0.032044721773648616,5.206945985491984e-15,0.8928759232163429,0.0027902372600510715,0.031837029856367736,0.04483268629455333,0.01657851324014094,0.025364004530965156,0.026602838959573997,0.034559413042273376,baseline,deformation__deformation_low_train__baseline__large__n010_te0300_r1_seed2
deformation,deformation_ood_lambda0p5,large,10,600,0,100,32000,0.010374519185395911,0.01583786077279996,6.880052083602095e-15,0.2441970467567444,0.0007631157711148262,0.013976292211504187,0.018569813024648527,0.008664688386120056,0.0150751223503834,0.011902238557115198,0.015085531872807333,baseline,deformation__deformation_low_train__baseline__large__n010_te0600_r1_seed0
deformation,deformation_ood_lambda0p75,large,10,600,0,100,32000,0.01180606429106556,0.017574907327713055,5.608846720406291e-15,0.8134979087114332,0.002542180964723229,0.015323108524724375,0.021072272428632126,0.010485283406936408,0.016828222655787147,0.012251362709794196,0.015836001367888833,baseline,deformation__deformation_low_train__baseline__large__n010_te0600_r1_seed0
deformation,deformation_ood_lambda1p0,large,10,600,0,100,32000,0.014322922076284886,0.021430710841247085,4.938272013532696e-15,1.8050986349582672,0.005640933234244586,0.014185146620147861,0.01832317696218972,0.014258768357200703,0.022777458490776902,0.014653158689674454,0.020104730187714817,baseline,deformation__deformation_low_train__baseline__large__n010_te0600_r1_seed0
deformation,deformation_ood_lambda0p5,large,10,600,1,100,32000,0.010914276277157476,0.017368031093454892,5.635492072997294e-15,0.4951031312346458,0.0015471972851082683,0.01560805928343325,0.021704409887703283,0.008776907427352855,0.016027077872314322,0.012632599820295581,0.016326648044438445,baseline,deformation__deformation_low_train__baseline__large__n010_te0600_r1_seed1
deformation,deformation_ood_lambda0p75,large,10,600,1,100,32000,0.011941868923662696,0.01902024365893029,6.190603585309873e-15,0.48082072913646706,0.0015025647785514595,0.017473674818204016,0.025648971758226786,0.009659029226711328,0.016994524356970464,0.01325858211997547,0.01686822508778228,baseline,deformation__deformation_low_train__baseline__large__n010_te0600_r1_seed1
deformation,deformation_ood_lambda1p0,large,10,600,1,100,32000,0.01429106932943105,0.023204634741463757,4.650724250154781e-15,1.214952915608883,0.0037967278612777594,0.016477907199994663,0.02274060668889475,0.012803913121693766,0.023566775202692968,0.01656570008207928,0.022560174965676482,baseline,deformation__deformation_low_train__baseline__large__n010_te0600_r1_seed1
deformation,deformation_ood_lambda0p5,large,10,600,2,100,32000,0.012331779355648905,0.018520444448943064,5.783151735272441e-15,0.4019281631708144,0.0012560255099087951,0.020265557498554698,0.02926831263435468,0.008563874613901134,0.012076082022959645,0.01570171543798642,0.020515967376505954,baseline,deformation__deformation_low_train__baseline__large__n010_te0600_r1_seed2
deformation,deformation_ood_lambda0p75,large,10,600,2,100,32000,0.0136624419234402,0.02187336647260508,5.4178883601707636e-15,0.4865817537903785,0.0015205679805949327,0.02282451778426185,0.03545945706576359,0.009950912319065537,0.01552784386094654,0.01563495487574255,0.020285608295436516,baseline,deformation__deformation_low_train__baseline__large__n010_te0600_r1_seed2
deformation,deformation_ood_lambda1p0,large,10,600,2,100,32000,0.016012716212251688,0.024309864564403736,5.1403326040144745e-15,1.3838023453950883,0.0043243823293596505,0.022197253555175846,0.031934128348239804,0.012973080693162047,0.020513603727018496,0.01894708542659646,0.02593521175407998,baseline,deformation__deformation_low_train__baseline__large__n010_te0600_r1_seed2
deformation,deformation_ood_lambda0p5,large,20,300,0,100,32000,0.010792440483183598,0.015096010074449448,6.411537967210279e-15,0.26230911850929267,0.0008197159953415395,0.014999766489549073,0.020011711691724936,0.00867041786009213,0.012282023164266718,0.012951182346092533,0.016924382322079677,baseline,deformation__deformation_low_train__baseline__large__n020_te0300_r1_seed0
deformation,deformation_ood_lambda0p75,large,20,300,0,100,32000,0.012211009520757944,0.017870061885948564,6.5158989315250435e-15,0.6896536988019943,0.002155167808756232,0.01632487792475149,0.02239073886414922,0.01048056072712643,0.016175817127071737,0.013288487497658936,0.0176175819274449,baseline,deformation__deformation_low_train__baseline__large__n020_te0300_r1_seed0
deformation,deformation_ood_lambda1p0,large,20,300,0,100,32000,0.01491990771306446,0.02222094731455525,5.213607323639735e-15,1.7444784647226335,0.005451495202258229,0.015120521133532749,0.019603531633989424,0.014195923540488972,0.02251750687040757,0.016891246810322627,0.02373688476358726,baseline,deformation__deformation_low_train__baseline__large__n020_te0300_r1_seed0
deformation,deformation_ood_lambda0p5,large,20,300,1,100,32000,0.0109345434786228,0.01772083532405306,5.694333893302428e-15,0.494414621591568,0.00154504569247365,0.014374323929427193,0.01954998633281945,0.009194784876861378,0.01741969916948366,0.01271403883310268,0.016661341477554457,baseline,deformation__deformation_low_train__baseline__large__n020_te0300_r1_seed1
deformation,deformation_ood_lambda0p75,large,20,300,1,100,32000,0.011881920222588814,0.019038724617551916,6.729061752253074e-15,0.4177860409021378,0.0013055813778191806,0.015856555470178137,0.022425655499695375,0.010085264000673002,0.018446111371995574,0.01329725364074693,0.01699052902294912,baseline,deformation__deformation_low_train__baseline__large__n020_te0300_r1_seed1
deformation,deformation_ood_lambda1p0,large,20,300,1,100,32000,0.014538429128198185,0.024350988681592307,5.38902256153051e-15,1.073024869263172,0.003353202716447413,0.014740618287090912,0.01972495361501337,0.013511049801512855,0.026019820160183192,0.017418377949361467,0.02333851602471603,baseline,deformation__deformation_low_train__baseline__large__n020_te0300_r1_seed1
deformation,deformation_ood_lambda0p5,large,20,300,2,100,32000,0.012322616833297068,0.01836628603111453,6.863398738232718e-15,0.41344232380390167,0.0012920072618871927,0.01983310075238114,0.028243559149089856,0.008741409083925343,0.012252706525397122,0.015555756162328176,0.020940802942649987,baseline,deformation__deformation_low_train__baseline__large__n020_te0300_r1_seed2
deformation,deformation_ood_lambda0p75,large,20,300,2,100,32000,0.013554060341854347,0.021484513946252656,6.609157665593557e-15,0.3884177979826927,0.0012138056186959147,0.022207912991114423,0.033838213997761,0.010083969957107912,0.015734368457441753,0.015310478846833578,0.020498436982163838,baseline,deformation__deformation_low_train__baseline__large__n020_te0300_r1_seed2
deformation,deformation_ood_lambda1p0,large,20,300,2,100,32000,0.01597511542342836,0.024228856251891674,4.7972736894053015e-15,1.2903196316957475,0.004032248849049211,0.021585879459162242,0.030518827691535824,0.012983718201809097,0.020437956552779215,0.019338543052552268,0.027398144618726018,baseline,deformation__deformation_low_train__baseline__large__n020_te0300_r1_seed2
deformation,deformation_ood_lambda0p5,large,20,600,0,100,32000,0.006140243934839965,0.009933776702305525,5.63882274207117e-15,0.33214656412601457,0.0010379580128937955,0.007582097583625,0.009702473983887088,0.00573257181054214,0.010518678938292274,0.005921406658948406,0.008205716094754555,baseline,deformation__deformation_low_train__baseline__large__n020_te0600_r1_seed0
deformation,deformation_ood_lambda0p75,large,20,600,0,100,32000,0.007253024001256563,0.012443009405927019,7.911449273478866e-15,0.7478523162007333,0.0023370384881272917,0.008226891173457263,0.010802027193252448,0.007434084825052801,0.014160072025861361,0.005735974357667144,0.007479017620211317,baseline,deformation__deformation_low_train__baseline__large__n020_te0600_r1_seed0
deformation,deformation_ood_lambda1p0,large,20,600,0,100,32000,0.009523284926021006,0.018085433431105878,5.838662886503699e-15,1.2077107977867128,0.003774096243083477,0.007870335043175147,0.01014748599228916,0.010937925705142942,0.021887882732693376,0.006932312471501063,0.009757295139058547,baseline,deformation__deformation_low_train__baseline__large__n020_te0600_r1_seed0
deformation,deformation_ood_lambda0p5,large,20,600,1,100,32000,0.004679456958326046,0.009361955936929437,6.45039577307216e-15,0.1020907402038575,0.0003190335631370547,0.005111302127537783,0.006483837924810538,0.0042330746207347465,0.006258448332518464,0.005586758801888211,0.016693903497906674,baseline,deformation__deformation_low_train__baseline__large__n020_te0600_r1_seed1
deformation,deformation_ood_lambda0p75,large,20,600,1,100,32000,0.005277197720494586,0.009346237251429978,7.460698725481052e-15,0.3308524876832961,0.0010339140240103004,0.005797232581884599,0.007522559450277106,0.0051700419263215735,0.00940353592774734,0.005078630241623614,0.010718786744955255,baseline,deformation__deformation_low_train__baseline__large__n020_te0600_r1_seed1
deformation,deformation_ood_lambda1p0,large,20,600,1,100,32000,0.0069393820624914955,0.014487873816643775,5.844214001626824e-15,0.5235964351892471,0.001636238859966397,0.0055146891147014685,0.007293552240014635,0.007179033040418289,0.01413231013282336,0.007645122076501136,0.01992811996366525,baseline,deformation__deformation_low_train__baseline__large__n020_te0600_r1_seed1
deformation,deformation_ood_lambda0p5,large,20,600,2,100,32000,0.006345303012814838,0.009391559364962193,5.639932965095795e-15,0.5210736382007599,0.0016283551193773747,0.007910694164980667,0.010407108361555924,0.0053074724356993105,0.008433208755382084,0.007893403591995588,0.01092437651966093,baseline,deformation__deformation_low_train__baseline__large__n020_te0600_r1_seed2
deformation,deformation_ood_lambda0p75,large,20,600,2,100,32000,0.007358343657536897,0.012187611669203069,5.9841021027295936e-15,0.8634016621112823,0.0026981301940977574,0.008712753377854826,0.012296034444151588,0.00692966284492286,0.012750559852819221,0.007289976375061084,0.010186589137868268,baseline,deformation__deformation_low_train__baseline__large__n020_te0600_r1_seed2
deformation,deformation_ood_lambda1p0,large,20,600,2,100,32000,0.009663217202026864,0.016163231694959118,5.995204332975845e-15,1.3723263508081436,0.004288519846275449,0.008778629503154662,0.011292757476148723,0.010054487849993167,0.018174813184520133,0.009373992957000156,0.013702277906717618,baseline,deformation__deformation_low_train__baseline__large__n020_te0600_r1_seed2
deformation,deformation_ood_lambda0p5,large,40,300,0,100,32000,0.0060884274423005985,0.00961332129198244,6.414868636284155e-15,0.18806289434432977,0.0005876965448260304,0.007510522304160987,0.009561572746866915,0.0056750869306658085,0.010017197373336612,0.005906354115344581,0.008344059459977543,baseline,deformation__deformation_low_train__baseline__large__n040_te0300_r1_seed0
deformation,deformation_ood_lambda0p75,large,40,300,0,100,32000,0.0070644063061568885,0.0118351836050775,6.0118576783452225e-15,0.5541564136743546,0.0017317387927323585,0.008000844043795951,0.010472018161824633,0.007223902300582267,0.013369642743743528,0.00564948058524169,0.00737920382981045,baseline,deformation__deformation_low_train__baseline__large__n040_te0300_r1_seed0
deformation,deformation_ood_lambda1p0,large,40,300,0,100,32000,0.009238141896354501,0.017270265399548144,6.1006755203152355e-15,0.9610078543424606,0.0030031495448201895,0.007791839330573567,0.009956467576942012,0.010511019696306904,0.02077970745546808,0.0068658110622782246,0.009838209310588182,baseline,deformation__deformation_low_train__baseline__large__n040_te0300_r1_seed0
deformation,deformation_ood_lambda0p5,large,40,300,1,100,32000,0.0046420531787676736,0.009104662269374269,6.319389456166391e-15,0.12115990519523619,0.00037862470373511314,0.0047558887589839284,0.006078460972864617,0.004322524475069561,0.0063828672967113495,0.005486803709645755,0.01597822589075261,baseline,deformation__deformation_low_train__baseline__large__n040_te0300_r1_seed1
deformation,deformation_ood_lambda0p75,large,40,300,1,100,32000,0.005189913086197339,0.008917089972766721,7.440714711037799e-15,0.4375060278177261,0.001367206336930394,0.005255184108391404,0.006815721875471058,0.0052188417652893485,0.00904432005195703,0.005037856026727241,0.010281985587502705,baseline,deformation__deformation_low_train__baseline__large__n040_te0300_r1_seed1
deformation,deformation_ood_lambda1p0,large,40,300,1,100,32000,0.006817431866854895,0.01370829430253525,7.013278846557114e-15,0.6022972089052201,0.001882178777828813,0.005073552279325668,0.006637427113362281,0.0071719022848798575,0.013340390286868514,0.007497900200309233,0.019016655482010442,baseline,deformation__deformation_low_train__baseline__large__n040_te0300_r1_seed1
deformation,deformation_ood_lambda0p5,large,40,300,2,100,32000,0.005933936053758952,0.008680972738513268,6.421529974431906e-15,0.32540177047252655,0.0010168805327266453,0.006872984373534564,0.0088287238798592,0.00516152312674482,0.007912691866954147,0.007312126515025739,0.01053650773943482,baseline,deformation__deformation_low_train__baseline__large__n040_te0300_r1_seed2
deformation,deformation_ood_lambda0p75,large,40,300,2,100,32000,0.006824313023674768,0.01120364108035933,6.959988141375106e-15,0.5641728705167771,0.0017630402203649284,0.00733774369803723,0.010001000846606614,0.0066170201903538945,0.01196419905238773,0.00693276084927493,0.009907657263868355,baseline,deformation__deformation_low_train__baseline__large__n040_te0300_r1_seed2
deformation,deformation_ood_lambda1p0,large,40,300,2,100,32000,0.008920148319378497,0.014894515176244164,5.658806756514423e-15,0.9428755283355713,0.00294648602604866,0.007522399124572985,0.009508198075990631,0.009365081020010014,0.016732463059432736,0.008983099412289449,0.013375392365038244,baseline,deformation__deformation_low_train__baseline__large__n040_te0300_r1_seed2
deformation,deformation_ood_lambda0p5,large,40,600,0,100,32000,0.003957569519546815,0.006524552129307433,6.088463067044359e-15,0.13173064231872555,0.00041165825724601737,0.0038446299116476432,0.004833612853214831,0.0035197916458904123,0.006749747553083728,0.005383842748415191,0.0072668984535637915,baseline,deformation__deformation_low_train__baseline__large__n040_te0600_r1_seed0
deformation,deformation_ood_lambda0p75,large,40,600,0,100,32000,0.004453727536578663,0.007789932970245975,6.327161017338767e-15,0.08891221463680252,0.0002778506707400079,0.004092766487563496,0.005164959773146762,0.0043539000648500715,0.008801313211550137,0.005114171000779604,0.006659513961467546,baseline,deformation__deformation_low_train__baseline__large__n040_te0600_r1_seed0
deformation,deformation_ood_lambda1p0,large,40,600,0,100,32000,0.006024876677943394,0.011695585617356617,6.449285550047535e-15,0.11806939184665677,0.0003689668495208025,0.004881069379509427,0.006039335831835688,0.006195588926745889,0.013781897436204695,0.006656547229969877,0.008811239784996414,baseline,deformation__deformation_low_train__baseline__large__n040_te0600_r1_seed0
deformation,deformation_ood_lambda0p5,large,40,600,1,100,32000,0.003145986011449713,0.0070469092717933245,7.263079027097774e-15,0.0714798730611802,0.00022337460331618814,0.002780264471890404,0.0037780630420899386,0.002607532733799113,0.0038285414579604447,0.005127067383960821,0.013785778976483778,baseline,deformation__deformation_low_train__baseline__large__n040_te0600_r1_seed1
deformation,deformation_ood_lambda0p75,large,40,600,1,100,32000,0.0035071697563165798,0.006351673279855145,6.1362026571032405e-15,0.17581533253192894,0.0005494229141622779,0.0029263091247994453,0.0037729181477565064,0.003285045978690809,0.00597171468186061,0.0047544017207110266,0.00897216401966716,baseline,deformation__deformation_low_train__baseline__large__n040_te0600_r1_seed1
deformation,deformation_ood_lambda1p0,large,40,600,1,100,32000,0.00481365815049503,0.010172690273739935,6.332712132461893e-15,0.25604083776474,0.0008001276180148125,0.0034450978340464645,0.004330921011596239,0.004642380097260077,0.008913417085690123,0.006696052626648452,0.016134256964239528,baseline,deformation__deformation_low_train__baseline__large__n040_te0600_r1_seed1
deformation,deformation_ood_lambda0p5,large,40,600,2,100,32000,0.00352132745066192,0.005522108066588631,6.294964549624638e-15,0.12461474716663361,0.00038942108489573,0.0033638559490791527,0.004433372856800548,0.003104669671447482,0.005287859788842114,0.004928772289888001,0.006994941684434558,baseline,deformation__deformation_low_train__baseline__large__n040_te0600_r1_seed2
deformation,deformation_ood_lambda0p75,large,40,600,2,100,32000,0.004159071147476789,0.007335607699261451,6.2716498661075095e-15,0.20691401660442346,0.0006466063018888232,0.003725260410923512,0.004850577232491015,0.004028528021124657,0.008245609082876493,0.004984511263086458,0.006446502513465202,baseline,deformation__deformation_low_train__baseline__large__n040_te0600_r1_seed2
deformation,deformation_ood_lambda1p0,large,40,600,2,100,32000,0.005575181881245225,0.010038496651480908,6.118439088709238e-15,0.2878795105218888,0.0008996234703809024,0.004442834221816156,0.0055128257806248354,0.0056715114913143535,0.011511538515248249,0.006418540710466909,0.008713166477080168,baseline,deformation__deformation_low_train__baseline__large__n040_te0600_r1_seed2
deformation,deformation_ood_lambda0p5,large,80,300,0,100,32000,0.004067939257784746,0.006462086758284028,7.488454301096681e-15,0.09471370160579679,0.00029598031751811504,0.003920972649939359,0.005023963096864556,0.00369910156398934,0.006607644516597909,0.005321418947016352,0.007250498119861337,baseline,deformation__deformation_low_train__baseline__large__n080_te0300_r1_seed0
deformation,deformation_ood_lambda0p75,large,80,300,0,100,32000,0.004706133323279209,0.008116287510463662,7.761569165154469e-15,0.19751104235649117,0.0006172220073640349,0.004075347529200372,0.005323555810679556,0.0047772267935215496,0.009232014911713424,0.005123638706631026,0.006733503568189829,baseline,deformation__deformation_low_train__baseline__large__n080_te0300_r1_seed0
deformation,deformation_ood_lambda1p0,large,80,300,0,100,32000,0.006416155206982512,0.01191344141615535,6.733502644351574e-15,0.2847275710105896,0.0008897736594080925,0.00486674553802004,0.006088405382961541,0.006834517173139224,0.014049294832947645,0.006710478977474847,0.008968483476278741,baseline,deformation__deformation_low_train__baseline__large__n080_te0300_r1_seed0
deformation,deformation_ood_lambda0p5,large,80,300,1,100,32000,0.0031992741952883087,0.00596440146114642,6.981082378842985e-15,0.057362171411514125,0.0001792567856609817,0.0027906948404270225,0.003808447466952303,0.002814936605825399,0.004162613125662974,0.004760866318538322,0.010553866956630983,baseline,deformation__deformation_low_train__baseline__large__n080_te0300_r1_seed1
deformation,deformation_ood_lambda0p75,large,80,300,1,100,32000,0.003649777149152941,0.006199516173092549,6.733502644351574e-15,0.1352350544929503,0.00042260954529046974,0.0030790858234395267,0.003943776127232603,0.0035427202047624926,0.006423943082592022,0.0045416393080377005,0.007267427300998957,baseline,deformation__deformation_low_train__baseline__large__n080_te0300_r1_seed1
deformation,deformation_ood_lambda1p0,large,80,300,1,100,32000,0.004893797377322335,0.009378334462943446,6.2727600891321345e-15,0.24442732453346253,0.0007638353891670703,0.0036832450555521067,0.004607729908023441,0.004941714057621236,0.009517214234924272,0.005960599658195862,0.012116208615261392,baseline,deformation__deformation_low_train__baseline__large__n080_te0300_r1_seed1
deformation,deformation_ood_lambda0p5,large,80,300,2,100,32000,0.003705707876849919,0.005647941400267942,5.779821066198565e-15,0.11181052565574646,0.0003494078926742077,0.003627583278925158,0.0046925464658049065,0.0033638847961168115,0.005660563889783533,0.004809301716974002,0.006430417351898791,baseline,deformation__deformation_low_train__baseline__large__n080_te0300_r1_seed2
deformation,deformation_ood_lambda0p75,large,80,300,2,100,32000,0.00442897416241467,0.007603743616826067,6.6413541333076865e-15,0.21542555510997768,0.0006732048597186804,0.0038179371343576352,0.005010444134166341,0.004475806272957319,0.008684064776670114,0.004899514858843757,0.006143377848896012,baseline,deformation__deformation_low_train__baseline__large__n080_te0300_r1_seed2
deformation,deformation_ood_lambda1p0,large,80,300,2,100,32000,0.00587849437907571,0.01015650386530972,6.314948564067891e-15,0.26002530515193945,0.0008125790785998108,0.0045304311341024,0.005655207024000374,0.00630410125979688,0.011905930486550571,0.0059497369818855075,0.007651009416686818,baseline,deformation__deformation_low_train__baseline__large__n080_te0300_r1_seed2
deformation,deformation_ood_lambda0p5,large,80,600,0,100,32000,0.0026114122158847754,0.0037981958825228437,6.0484950381578525e-15,0.11192285478115081,0.0003497589211910963,0.0031007827869034372,0.004029890071592928,0.0019177325286436823,0.0029457170494435387,0.004203080706589392,0.005464402896456037,baseline,deformation__deformation_low_train__baseline__large__n080_te0600_r1_seed0
deformation,deformation_ood_lambda0p75,large,80,600,0,100,32000,0.0028321794467046856,0.004151144151313699,6.799005802804459e-15,0.08973984479904175,0.0002804370149970055,0.0033633115143165927,0.004303171054808346,0.002230614927325708,0.003702680187604515,0.004105740937229711,0.005149095647096904,baseline,deformation__deformation_low_train__baseline__large__n080_te0600_r1_seed0
deformation,deformation_ood_lambda1p0,large,80,600,0,100,32000,0.003625862945255358,0.005168331621735102,7.159828285807634e-15,0.06626555800437922,0.00020707986876368503,0.004191819354309702,0.005195851546169027,0.0029342922398160835,0.004624207649438305,0.005134618652518839,0.006512410944952467,baseline,deformation__deformation_low_train__baseline__large__n080_te0600_r1_seed0
deformation,deformation_ood_lambda0p5,large,80,600,1,100,32000,0.0025176689536543563,0.004198968097730076,8.030243137113757e-15,0.07814102351665503,0.000244190698489547,0.002657234955695459,0.0035550970367916298,0.0018282830495348513,0.0029068732780845653,0.004446260663971769,0.007082952331001791,baseline,deformation__deformation_low_train__baseline__large__n080_te0600_r1_seed1
deformation,deformation_ood_lambda0p75,large,80,600,1,100,32000,0.0026961933650658464,0.00400540388403861,6.438183319801283e-15,0.05840862274169928,0.00018252694606781027,0.002838335285836366,0.0036518211911754006,0.0020520468787872236,0.003240992033876322,0.004486490903131196,0.005947135047070214,baseline,deformation__deformation_low_train__baseline__large__n080_te0600_r1_seed1
deformation,deformation_ood_lambda1p0,large,80,600,1,100,32000,0.0035327967652934588,0.005515357980080659,7.546185898377189e-15,0.12431498229503639,0.00038848431967198867,0.003463427477574441,0.004317903504863083,0.00275654319266323,0.004452723009841259,0.005930926770903165,0.008600659914086753,baseline,deformation__deformation_low_train__baseline__large__n080_te0600_r1_seed1
deformation,deformation_ood_lambda0p5,large,80,600,2,100,32000,0.003896271037659609,0.005196058974394628,6.468159341466162e-15,0.3284946310520172,0.0010265457220375537,0.004155550618306732,0.005126663428962876,0.003134368349914441,0.004092219698389868,0.00592269952024799,0.007646808499851373,baseline,deformation__deformation_low_train__baseline__large__n080_te0600_r1_seed2
deformation,deformation_ood_lambda0p75,large,80,600,2,100,32000,0.003935059229936451,0.00530267207099781,6.475930902638538e-15,0.2902632695436478,0.0009070727173238992,0.004471909456246066,0.005492700613039058,0.0033059221550744656,0.0046963751992929,0.005285620228212793,0.006652373666641185,baseline,deformation__deformation_low_train__baseline__large__n080_te0600_r1_seed2
deformation,deformation_ood_lambda1p0,large,80,600,2,100,32000,0.0044017131911939945,0.005904683602431892,6.7756911192873305e-15,0.27721926569938654,0.0008663102053105828,0.005297179609013255,0.006378515294283484,0.0035771921702932264,0.0049122340030680065,0.00597980983607704,0.0078262926192444,baseline,deformation__deformation_low_train__baseline__large__n080_te0600_r1_seed2
deformation,deformation_ood_lambda0p5,large,160,300,0,100,32000,0.0028667762840050262,0.004123904725296729,6.942224572981104e-15,0.13994441688060758,0.00043732630275189867,0.0031548707629553987,0.00411767676836581,0.0022833927415971014,0.0035434106603859255,0.004328832432278431,0.0055145635932024656,baseline,deformation__deformation_low_train__baseline__large__n160_te0300_r1_seed0
deformation,deformation_ood_lambda0p75,large,160,300,0,100,32000,0.0032576522444374856,0.005251689775162838,6.140643549201741e-15,0.20361092209815976,0.0006362841315567493,0.003233685649989638,0.004357617067285765,0.002930336947281224,0.00548641081779916,0.004263564730354119,0.0053488587551606135,baseline,deformation__deformation_low_train__baseline__large__n160_te0300_r1_seed0
deformation,deformation_ood_lambda1p0,large,160,300,0,100,32000,0.004274212260590866,0.006807599565398392,6.277200981230635e-15,0.20780230879783612,0.0006493822149932378,0.0039523793543921795,0.005039346233948911,0.004019998172977164,0.007333170144185009,0.005358687429630663,0.006707898005914195,baseline,deformation__deformation_low_train__baseline__large__n160_te0300_r1_seed0
deformation,deformation_ood_lambda0p5,large,160,300,1,100,32000,0.0026752820691210203,0.004217810809739798,7.561729020721941e-15,0.05949724614620204,0.00018592889420688142,0.002656787701591384,0.0036133902253099107,0.0020994487084681148,0.003184151663750046,0.004421276518609374,0.006743632979347089,baseline,deformation__deformation_low_train__baseline__large__n160_te0300_r1_seed1
deformation,deformation_ood_lambda0p75,large,160,300,1,100,32000,0.0029944884678930975,0.004592161363355871,6.1650684557434944e-15,0.16663599073886867,0.0005207374710589647,0.002796571114275139,0.0036557106671573033,0.002562624454963953,0.004386301203696416,0.00448799786029849,0.005861449880778536,baseline,deformation__deformation_low_train__baseline__large__n160_te0300_r1_seed1
deformation,deformation_ood_lambda1p0,large,160,300,1,100,32000,0.003957031558721792,0.00631454715711679,6.493694471032541e-15,0.24818740487098687,0.000775585640221834,0.003302517080504913,0.004169047441248222,0.003561687180500786,0.006188279543448572,0.005797579171601683,0.008191590889826478,baseline,deformation__deformation_low_train__baseline__large__n160_te0300_r1_seed1
deformation,deformation_ood_lambda0p5,large,160,300,2,100,32000,0.0032822530600475153,0.004738801722995732,6.392664175791651e-15,0.2406641203165054,0.0007520753759890792,0.00365716570988297,0.004658400128436018,0.002635302499441123,0.004018466273814268,0.004848192092031237,0.006491248224446181,baseline,deformation__deformation_low_train__baseline__large__n160_te0300_r1_seed2
deformation,deformation_ood_lambda0p75,large,160,300,2,100,32000,0.003600997660076245,0.00567462185128983,7.404077351225169e-15,0.18122845113277428,0.0005663389097899195,0.004002819178276696,0.005096986603814957,0.003135639318400838,0.005801001258976826,0.0045952511669020155,0.005837169392458882,baseline,deformation__deformation_low_train__baseline__large__n160_te0300_r1_seed2
deformation,deformation_ood_lambda1p0,large,160,300,2,100,32000,0.0043713984396075815,0.006779325783648326,5.755396159656812e-15,0.16445082187652602,0.0005139088183641438,0.004762768678425347,0.005834704318717386,0.0038073510701069607,0.00685949937631584,0.005672170309291682,0.007388796981667818,baseline,deformation__deformation_low_train__baseline__large__n160_te0300_r1_seed2
deformation,deformation_ood_lambda0p5,large,160,600,0,100,32000,0.0026216404485749083,0.0036764902386663962,6.2450045135165055e-15,0.05569528937339792,0.00017404777929186846,0.002682436353701632,0.003496876614348485,0.0019173101982257012,0.0026503553150203692,0.004673835294495803,0.005855049652351292,baseline,deformation__deformation_low_train__baseline__large__n160_te0600_r1_seed0
deformation,deformation_ood_lambda0p75,large,160,600,0,100,32000,0.0027495516775758,0.003868854696906443,6.800116025829084e-15,0.08742960810661334,0.0002732175253331667,0.0026625556644867183,0.003691547757258265,0.0020719691531655053,0.002917975397353043,0.0048692952638957655,0.0059723460403834396,baseline,deformation__deformation_low_train__baseline__large__n160_te0600_r1_seed0
deformation,deformation_ood_lambda1p0,large,160,600,0,100,32000,0.003268192623648793,0.004528200306335859,6.921130335513226e-15,0.09716063976287849,0.0003036269992589953,0.003250806096359157,0.004095686356184797,0.002430180913361256,0.0033233667273190244,0.005799614281801041,0.0072535538965743575,baseline,deformation__deformation_low_train__baseline__large__n160_te0600_r1_seed0
deformation,deformation_ood_lambda0p5,large,160,600,1,100,32000,0.0022694576883455736,0.003258050464243038,6.018519016492974e-15,0.05196481823921207,0.0001623900569975378,0.00252610994625138,0.0033530372305029584,0.0016512173114654914,0.0023999351985374163,0.0038675265610800115,0.004955051825873867,baseline,deformation__deformation_low_train__baseline__large__n160_te0600_r1_seed1
deformation,deformation_ood_lambda0p75,large,160,600,1,100,32000,0.002264363011857495,0.003167115808839717,7.418510250545295e-15,0.058369271755218485,0.00018240397423505782,0.002662813174130861,0.003502048840942055,0.0016830438850447542,0.0024596416769150377,0.0036098702300223517,0.0044428881498656285,baseline,deformation__deformation_low_train__baseline__large__n160_te0600_r1_seed1
deformation,deformation_ood_lambda1p0,large,160,600,1,100,32000,0.0028754138521617264,0.0040175938027140895,5.997424779025096e-15,0.12337708890438069,0.00038555340282618974,0.003279365477617829,0.004080893229834952,0.002099992130359169,0.0029573823789413715,0.004797727392113297,0.006149250251770679,baseline,deformation__deformation_low_train__baseline__large__n160_te0600_r1_seed1
deformation,deformation_ood_lambda0p5,large,160,600,2,100,32000,0.0023276098623638973,0.0033950421078712345,6.680211939169567e-15,0.1642437022924424,0.0005132615696638826,0.0027374490899965175,0.0036195750811466847,0.0016550006349377018,0.00252647917960836,0.003935598317009864,0.005037949946957805,baseline,deformation__deformation_low_train__baseline__large__n160_te0600_r1_seed2
deformation,deformation_ood_lambda0p75,large,160,600,2,100,32000,0.0023777237474219876,0.0035212419594942515,7.988054662178002e-15,0.2019393712282181,0.0006310605350881814,0.0028161889592884116,0.0038385396673983104,0.0017794271045131612,0.0029488225114098635,0.003734148464282042,0.004601594864493344,baseline,deformation__deformation_low_train__baseline__large__n160_te0600_r1_seed2
deformation,deformation_ood_lambda1p0,large,160,600,2,100,32000,0.002999043309106491,0.004174612128351483,6.7146288529329464e-15,0.21973473370075225,0.0006866710428148505,0.0035690627108560862,0.004443761401327947,0.002193034022891274,0.0031177002734010693,0.0048470517660025485,0.006183021246499892,baseline,deformation__deformation_low_train__baseline__large__n160_te0600_r1_seed2
temperature,temperature_ood_0600K,small,5,300,0,100,32000,0.009309860798448793,0.018621387223893976,5.254685575550866e-15,0.6634632682800293,0.002073322713375091,0.00918950148462318,0.012033939219565956,0.00857986109732883,0.02098840753218942,0.01162021921563428,0.01635313013948718,ic,temperature__temperature_low_train__detaq_scf__small__n005_te0300_r3_seed0
temperature,temperature_ood_0900K,small,5,300,0,100,32000,0.017864750928786814,0.042908553664903974,5.692113447253178e-15,2.6061113518476486,0.008144097974523902,0.015746727934805676,0.021706442333404512,0.01800510213712308,0.051510350364845935,0.01956172029775916,0.02783166658985326,ic,temperature__temperature_low_train__detaq_scf__small__n005_te0300_r3_seed0
temperature,temperature_ood_1200K,small,5,300,0,100,32000,0.03736441051802248,0.1188862590104042,6.503686478254167e-15,3.886192704066634,0.012144352200208233,0.024984640200687865,0.04093757676345079,0.0428059350390613,0.14966290853369038,0.03341960727224067,0.04238949331956946,ic,temperature__temperature_low_train__detaq_scf__small__n005_te0300_r3_seed0
temperature,temperature_ood_0600K,small,5,300,1,100,32000,0.008321509171649814,0.015777308924345347,6.042943923034727e-15,0.5415478938817978,0.0016923371683806184,0.009190052588586697,0.011659482376618758,0.005809290574203866,0.011527661582230996,0.014989621547050769,0.02664606744938397,ic,temperature__temperature_low_train__detaq_scf__small__n005_te0300_r3_seed1
temperature,temperature_ood_0900K,small,5,300,1,100,32000,0.015300332313717807,0.03968587695228133,6.263878304935133e-15,1.5159884086251258,0.004737463776953518,0.014713694798818322,0.020815068853235818,0.011121374801024405,0.039855060155769256,0.028423842366697497,0.0517329643064571,ic,temperature__temperature_low_train__detaq_scf__small__n005_te0300_r3_seed1
temperature,temperature_ood_1200K,small,5,300,1,100,32000,0.03230679112047364,0.11700745275454098,5.639932965095795e-15,2.1447599590942263,0.006702374872169457,0.025724005549629506,0.041114619396251766,0.026220899804205448,0.12494843742712862,0.05714725064012237,0.1411629272365405,ic,temperature__temperature_low_train__detaq_scf__small__n005_te0300_r3_seed1
temperature,temperature_ood_0600K,small,5,300,2,100,32000,0.012049260380241322,0.02085726485673211,6.674660824046441e-15,0.7933046954870224,0.002479077173396945,0.016672292739909608,0.020740830051987756,0.009842843660754927,0.02072511395745978,0.01404547817903222,0.021362453267938127,ic,temperature__temperature_low_train__detaq_scf__small__n005_te0300_r3_seed2
temperature,temperature_ood_0900K,small,5,300,2,100,32000,0.02084012558285613,0.04182085182159141,5.538902669854906e-15,2.3234922379255294,0.00726091324351728,0.02121528392986511,0.025659573261056893,0.019987766238336917,0.04721535857289058,0.023022045269404767,0.03739831921327599,ic,temperature__temperature_low_train__detaq_scf__small__n005_te0300_r3_seed2
temperature,temperature_ood_1200K,small,5,300,2,100,32000,0.03989091531739541,0.09711894192480536,5.0937032369802185e-15,1.5987146808207036,0.004995983377564697,0.026869367706349293,0.034129185588143054,0.04143648852439704,0.11082285861747161,0.04827574330743664,0.09565837714290557,ic,temperature__temperature_low_train__detaq_scf__small__n005_te0300_r3_seed2
temperature,temperature_ood_0600K,small,5,600,0,100,32000,0.005700398742000108,0.014668555840073169,5.482281295599023e-15,0.20592860341072083,0.0006435268856585025,0.005745859722897877,0.007664927014153462,0.005967737592601528,0.017856817188824394,0.004852921209298073,0.007777132227829301,ic,temperature__temperature_low_train__detaq_scf__small__n005_te0600_r3_seed0
temperature,temperature_ood_0900K,small,5,600,0,100,32000,0.010473371403879718,0.03463945728151781,5.000444502911705e-15,0.3775574120879173,0.0011798669127747415,0.008709022490511415,0.015481538579144357,0.012134996348342005,0.04314965613207452,0.007252845483861161,0.013194828307489267,ic,temperature__temperature_low_train__detaq_scf__small__n005_te0600_r3_seed0
temperature,temperature_ood_1200K,small,5,600,0,100,32000,0.027497321152788936,0.11675013080101403,5.683231663056176e-15,1.738252194300294,0.005432038107188419,0.01660343570074474,0.03885833183354361,0.035230474933935815,0.1476692930482609,0.015191745261392497,0.03499049769957764,ic,temperature__temperature_low_train__detaq_scf__small__n005_te0600_r3_seed0
temperature,temperature_ood_0600K,small,5,600,1,100,32000,0.004920472425234039,0.012593542475237028,7.12430114901963e-15,0.1898677319288254,0.0005933366622775793,0.006689597690303345,0.00867873395831705,0.003954603980664009,0.01207491904361896,0.006048952493874822,0.016740822187960032,ic,temperature__temperature_low_train__detaq_scf__small__n005_te0600_r3_seed1
temperature,temperature_ood_0900K,small,5,600,1,100,32000,0.009493747598771005,0.041035212693809456,6.672440377997191e-15,0.5568141975998878,0.0017400443674996495,0.009618450938840397,0.014913599030712892,0.008833753751658756,0.048264611962899814,0.01134902580003836,0.03476506384711736,ic,temperature__temperature_low_train__detaq_scf__small__n005_te0600_r3_seed1
temperature,temperature_ood_1200K,small,5,600,1,100,32000,0.02418226246137637,0.1171011845008781,5.857536677922326e-15,1.7495964640006423,0.005467488950002007,0.017331995842389005,0.03304108342301632,0.025377757117700336,0.13679958028311998,0.02744604511139186,0.10643941171795047,ic,temperature__temperature_low_train__detaq_scf__small__n005_te0600_r3_seed1
temperature,temperature_ood_0600K,small,5,600,2,100,32000,0.007962492742994801,0.01747672526450596,6.8467453928633406e-15,0.3022997200489045,0.0009446866251528265,0.011046026289986912,0.013846301304732425,0.00700277242528197,0.018634558252600117,0.007758120149141178,0.01713824046467513,ic,temperature__temperature_low_train__detaq_scf__small__n005_te0600_r3_seed2
temperature,temperature_ood_0900K,small,5,600,2,100,32000,0.014113852079556089,0.040258774584214875,5.3101967267821235e-15,0.992668776512146,0.0031020899266004562,0.013785625390097265,0.017022096373924833,0.01474483216588851,0.04708774210385677,0.012549138510017656,0.03409291012559602,ic,temperature__temperature_low_train__detaq_scf__small__n005_te0600_r3_seed2
temperature,temperature_ood_1200K,small,5,600,2,100,32000,0.029960775244508117,0.10641464247459499,5.17808018685173e-15,1.3557514169812201,0.004236723178066313,0.017705793229935807,0.025111159328246473,0.03497781508423698,0.12332690639756419,0.027164637739893797,0.10179014106184407,ic,temperature__temperature_low_train__detaq_scf__small__n005_te0600_r3_seed2
temperature,temperature_ood_0600K,small,10,300,0,100,32000,0.008280522183759605,0.020549958636155545,5.209166431541235e-15,0.4031990486383438,0.0012599970269948245,0.008719409837736747,0.01125238836646153,0.008121292394857543,0.024930677227628473,0.008319323896488644,0.010966847984004371,ic,temperature__temperature_low_train__detaq_scf__small__n010_te0300_r3_seed0
temperature,temperature_ood_0900K,small,10,300,0,100,32000,0.016481668410968268,0.05159144141916183,5.6799009939823005e-15,1.9921403589844704,0.00622543862182647,0.014897491787327452,0.020738227337775285,0.018186684467296196,0.06475737966640627,0.012950796865625306,0.017255590446099457,ic,temperature__temperature_low_train__detaq_scf__small__n010_te0300_r3_seed0
temperature,temperature_ood_1200K,small,10,300,0,100,32000,0.03698915168203094,0.14439540181945218,5.9202642788136476e-15,3.054024354740977,0.009543826108565554,0.02452417022240843,0.040714494606745866,0.04592578048721286,0.1841514958201134,0.02264424672610767,0.029277466139794314,ic,temperature__temperature_low_train__detaq_scf__small__n010_te0300_r3_seed0
temperature,temperature_ood_0600K,small,10,300,1,100,32000,0.007968403006833978,0.020563471076099092,6.393774398816277e-15,0.4195167130231857,0.0013109897281974553,0.009208571505500005,0.01168490561489827,0.005805357681936585,0.02038081366713605,0.013217370482860131,0.02704832706573885,ic,temperature__temperature_low_train__detaq_scf__small__n010_te0300_r3_seed1
temperature,temperature_ood_0900K,small,10,300,1,100,32000,0.015947900294454302,0.06661282414232857,6.159517340620368e-15,1.488524573147297,0.0046516392910853025,0.014857273804373105,0.02089050546369845,0.013333706662184946,0.0792232719678086,0.024881107681343568,0.05404579556911937,ic,temperature__temperature_low_train__detaq_scf__small__n010_te0300_r3_seed1
temperature,temperature_ood_1200K,small,10,300,1,100,32000,0.03682972929726675,0.20635166131156227,6.987743716990735e-15,2.884350342974067,0.009013594821793959,0.027244307616769218,0.04140718914301185,0.03540703618519182,0.2513547525592279,0.050683230313989046,0.14714907548180972,ic,temperature__temperature_low_train__detaq_scf__small__n010_te0300_r3_seed1
temperature,temperature_ood_0600K,small,10,300,2,100,32000,0.01166318617980578,0.020959426237779084,6.217248937900877e-15,0.492942396402359,0.001540444988757372,0.016151321271667254,0.020197050623849556,0.009524186519905926,0.021033051943291824,0.013592050067643866,0.02148020169911199,ic,temperature__temperature_low_train__detaq_scf__small__n010_te0300_r3_seed2
temperature,temperature_ood_0900K,small,10,300,2,100,32000,0.02019300456973724,0.04299627447709303,4.650724250154781e-15,1.7082928174734116,0.005338415054604411,0.02037676700015436,0.024782982369908002,0.01932648840065425,0.04879559601940363,0.0226087906465691,0.038550892424610864,ic,temperature__temperature_low_train__detaq_scf__small__n010_te0300_r3_seed2
temperature,temperature_ood_1200K,small,10,300,2,100,32000,0.03962938960141328,0.10279498943468071,5.536127112293343e-15,1.169067411199212,0.0036533356599975373,0.025994757102209408,0.033303242276248604,0.041372901923272976,0.1181016034372221,0.04803348513503805,0.09940310415143715,ic,temperature__temperature_low_train__detaq_scf__small__n010_te0300_r3_seed2
temperature,temperature_ood_0600K,small,10,600,0,100,32000,0.005913880000635981,0.01906252435543124,5.8586469009469514e-15,0.2472278147935867,0.0007725869212299587,0.00552392471721396,0.007286099594892786,0.006333803652164837,0.023748139153498462,0.00504406432947144,0.008478772725965103,ic,temperature__temperature_low_train__detaq_scf__small__n010_te0600_r3_seed0
temperature,temperature_ood_0900K,small,10,600,0,100,32000,0.011838368038437326,0.04521451712501447,5.340172748447003e-15,0.6513012611865999,0.0020353164412081244,0.008666758971463424,0.014902970922958744,0.014248170996531069,0.05708967316979665,0.007780568231130014,0.01489872155615981,ic,temperature__temperature_low_train__detaq_scf__small__n010_te0600_r3_seed0
temperature,temperature_ood_1200K,small,10,600,0,100,32000,0.030028274402336685,0.13120535060128383,5.21027665456586e-15,1.905112974792719,0.005953478046227246,0.01632429085507465,0.0369532116413978,0.03974002292359607,0.16655839500902828,0.01459701238582056,0.038517313476728966,ic,temperature__temperature_low_train__detaq_scf__small__n010_te0600_r3_seed0
temperature,temperature_ood_0600K,small,10,600,1,100,32000,0.005039118316955865,0.016880487244521066,5.272449143944869e-15,0.23862767636775978,0.000745711488649249,0.006551442083145957,0.008406468841774586,0.004111277868854814,0.01783341337103411,0.006310315895068924,0.0199998408065647,ic,temperature__temperature_low_train__detaq_scf__small__n010_te0600_r3_seed1
temperature,temperature_ood_0900K,small,10,600,1,100,32000,0.010399633214680947,0.05434921959443855,5.662137425588298e-15,0.7389118352532386,0.0023090994851663704,0.009416952373343519,0.01428859687766772,0.010089356524016088,0.06536167092987982,0.012313144128012937,0.041816028884296655,ic,temperature__temperature_low_train__detaq_scf__small__n010_te0600_r3_seed1
temperature,temperature_ood_1200K,small,10,600,1,100,32000,0.02683946874891189,0.1524028481023763,6.059597268404104e-15,2.2373639861121775,0.0069917624566005546,0.01721348447042692,0.031626878029035264,0.029500369199877845,0.18328973364091328,0.028482751674499013,0.11978105760196676,ic,temperature__temperature_low_train__detaq_scf__small__n010_te0600_r3_seed1
temperature,temperature_ood_0600K,small,10,600,2,100,32000,0.007745838668511715,0.017557940866622306,6.2183591609255016e-15,0.22228212594985958,0.000694631643593311,0.01046791430079611,0.013223881773455773,0.0067168336240962774,0.017940736634334053,0.008110778169473634,0.020023119019600428,ic,temperature__temperature_low_train__detaq_scf__small__n010_te0600_r3_seed2
temperature,temperature_ood_0900K,small,10,600,2,100,32000,0.01395116565815988,0.04167724169613725,6.052935930256354e-15,0.6197683835029603,0.0019367761984467509,0.012994948054576523,0.016233839887429796,0.014332984121341725,0.047568162584947,0.0137619278721977,0.0404132966284198,ic,temperature__temperature_low_train__detaq_scf__small__n010_te0600_r3_seed2
temperature,temperature_ood_1200K,small,10,600,2,100,32000,0.03016561996600067,0.11421279263939105,5.424549698318515e-15,1.787154418900609,0.005584857559064404,0.017195978837575242,0.024751367671805313,0.03495186913376044,0.13141675462341335,0.028776513591146795,0.11313306158487223,ic,temperature__temperature_low_train__detaq_scf__small__n010_te0600_r3_seed2
temperature,temperature_ood_0600K,small,20,300,0,100,32000,0.0066466551078250636,0.02299748349812641,5.551115123125783e-15,0.2972548180818557,0.0009289213065057992,0.006156350848730654,0.00801071445329511,0.007329149876313751,0.028926893820205395,0.005089475061453413,0.00836385867434647,ic,temperature__temperature_low_train__detaq_scf__small__n020_te0300_r3_seed0
temperature,temperature_ood_0900K,small,20,300,0,100,32000,0.013794448984076734,0.05657662156949962,5.823119764158946e-15,1.150975151360035,0.0035967973480001093,0.010007014047427218,0.01600079906828178,0.01711868167541494,0.07196603645449359,0.007609185846711621,0.014533195153159525,ic,temperature__temperature_low_train__detaq_scf__small__n020_te0300_r3_seed0
temperature,temperature_ood_1200K,small,20,300,0,100,32000,0.034304546605265926,0.1590876494551238,6.0473848151332275e-15,2.413367505632341,0.007541773455101066,0.018472301523226636,0.03771533756273799,0.04597606818978238,0.20307160498674537,0.01512222693375588,0.03751964955369766,ic,temperature__temperature_low_train__detaq_scf__small__n020_te0300_r3_seed0
temperature,temperature_ood_0600K,small,20,300,1,100,32000,0.005689181022357661,0.01984598714013196,5.649924972317422e-15,0.26190057039260856,0.0008184392824769018,0.006953915294026955,0.008854687888643057,0.004584979623303903,0.021865777895447053,0.007737050947849638,0.021367587634243394,ic,temperature__temperature_low_train__detaq_scf__small__n020_te0300_r3_seed1
temperature,temperature_ood_0900K,small,20,300,1,100,32000,0.011863587547274072,0.05871453023421574,6.888933867799096e-15,0.791574664413929,0.002473670826293528,0.010419607782503589,0.015595093485567708,0.011421703246955683,0.07117100229269036,0.014633220212999731,0.04240092758727306,ic,temperature__temperature_low_train__detaq_scf__small__n020_te0300_r3_seed1
temperature,temperature_ood_1200K,small,20,300,1,100,32000,0.028573772648221342,0.15376832288511627,5.505595979116152e-15,2.079893511682749,0.00649966722400859,0.019161232710277545,0.03381071287998412,0.031127452563402283,0.18976227568841703,0.030325272840622346,0.09513757136754032,ic,temperature__temperature_low_train__detaq_scf__small__n020_te0300_r3_seed1
temperature,temperature_ood_0600K,small,20,300,2,100,32000,0.009829254126618616,0.023140836866475355,4.0512038168571964e-15,0.3563659596443178,0.0011136436238884928,0.012590693330566864,0.01582550285305162,0.008769860249594785,0.025473052000881145,0.010245996553741858,0.021918393625751754,ic,temperature__temperature_low_train__detaq_scf__small__n020_te0300_r3_seed2
temperature,temperature_ood_0900K,small,20,300,2,100,32000,0.0184154974436271,0.05854903484932086,6.240563621418005e-15,1.3680259031057358,0.004275080947205424,0.016441366268030836,0.020173948465233175,0.019545698519291665,0.07050342038174494,0.01699902539222967,0.0426703920263444,ic,temperature__temperature_low_train__detaq_scf__small__n020_te0300_r3_seed2
temperature,temperature_ood_1200K,small,20,300,2,100,32000,0.03877682560578541,0.16396571558072884,6.1900484737975606e-15,1.848797920048237,0.00577749350015074,0.023050241047450983,0.03016966800651062,0.04520063027933551,0.20065044694034906,0.035231996143469585,0.11283512303265206,ic,temperature__temperature_low_train__detaq_scf__small__n020_te0300_r3_seed2
temperature,temperature_ood_0600K,small,20,600,0,100,32000,0.005033081285771916,0.018453260147509178,5.0393023087735856e-15,0.24212289512157426,0.0007566340472549195,0.0038205284351133743,0.004937651640169512,0.005511040264934612,0.023185092888096743,0.00481175719894236,0.008098644945270825,ic,temperature__temperature_low_train__detaq_scf__small__n020_te0600_r3_seed0
temperature,temperature_ood_0900K,small,20,600,0,100,32000,0.010742847902321955,0.04740676970536061,5.333511410299252e-15,0.6451932996511459,0.0020162290614098317,0.006333609294262716,0.012378945929637262,0.01339598248671003,0.06022977650463703,0.0071926827572169685,0.014173666913012178,ic,temperature__temperature_low_train__detaq_scf__small__n020_te0600_r3_seed0
temperature,temperature_ood_1200K,small,20,600,0,100,32000,0.029382052059136913,0.13796952453464797,4.775069228912798e-15,1.9967612757533788,0.006239878986729309,0.014144227799937657,0.035152869734171775,0.03951294778824861,0.17531809752245153,0.014227189131001067,0.04162833523408093,ic,temperature__temperature_low_train__detaq_scf__small__n020_te0600_r3_seed0
temperature,temperature_ood_0600K,small,20,600,1,100,32000,0.004030069668276701,0.012375882828386262,6.203926261605375e-15,0.19599231243133552,0.0006124759763479235,0.004658583041396924,0.005854618765702376,0.003263633498747366,0.012295837353259996,0.005700864803744481,0.016672521385937514,ic,temperature__temperature_low_train__detaq_scf__small__n020_te0600_r3_seed1
temperature,temperature_ood_0900K,small,20,600,1,100,32000,0.008111985775933136,0.0331225834467579,6.282752096353761e-15,0.6128531029820442,0.0019151659468188884,0.006655040600802749,0.010470987855089054,0.007777417042632198,0.03739070518936945,0.010572637150966332,0.03437574116438456,ic,temperature__temperature_low_train__detaq_scf__small__n020_te0600_r3_seed1
temperature,temperature_ood_1200K,small,20,600,1,100,32000,0.020952307552218552,0.08667693602751007,5.411227022023013e-15,1.9084972274303436,0.005964053835719824,0.012524123563227477,0.026012073810514076,0.02199396431298131,0.08999117175099863,0.02625552125892136,0.1122167332990429,ic,temperature__temperature_low_train__detaq_scf__small__n020_te0600_r3_seed1
temperature,temperature_ood_0600K,small,20,600,2,100,32000,0.005930340555566362,0.013779503944982107,5.2746695899941185e-15,0.13980302929878222,0.0004368844665586944,0.006428755162516609,0.008281430525329994,0.005416607846855186,0.011866546505138003,0.006973124074749648,0.021409034901816823,ic,temperature__temperature_low_train__detaq_scf__small__n020_te0600_r3_seed2
temperature,temperature_ood_0900K,small,20,600,2,100,32000,0.0106678337864927,0.029549364633257705,5.3357318563485026e-15,0.3099344831705094,0.0009685452599078421,0.008277029903023503,0.011387807434554439,0.010725530899702183,0.027353943030228138,0.012885546330333453,0.044625418710379776,ic,temperature__temperature_low_train__detaq_scf__small__n020_te0600_r3_seed2
temperature,temperature_ood_1200K,small,20,600,2,100,32000,0.024555511242712963,0.0751146020895236,4.7717385598389225e-15,2.5701758672297,0.008031799585092812,0.013890450588660315,0.023452182174580654,0.027198364153984585,0.061094334546889284,0.027292013162950754,0.1283100122570562,ic,temperature__temperature_low_train__detaq_scf__small__n020_te0600_r3_seed2
temperature,temperature_ood_0600K,small,40,300,0,100,32000,0.004647152853209992,0.011487061694176662,6.2083671537038756e-15,0.1985587447881698,0.0006204960774630307,0.0037660923741641454,0.0049985635417457925,0.005017466359927008,0.013998156007133259,0.0044172728121047835,0.006850706499924741,ic,temperature__temperature_low_train__detaq_scf__small__n040_te0300_r3_seed0
temperature,temperature_ood_0900K,small,40,300,0,100,32000,0.008883305616182042,0.029013666686866384,5.95745675013859e-15,0.376551939845085,0.0011767248120158906,0.00622074291401077,0.013645582509099575,0.010638355319281496,0.036032694083400825,0.006280719209054946,0.011300319568331267,ic,temperature__temperature_low_train__detaq_scf__small__n040_te0300_r3_seed0
temperature,temperature_ood_1200K,small,40,300,0,100,32000,0.02542136685453006,0.09891377017713071,5.431766147978578e-15,1.6060248230397702,0.005018827571999281,0.014710346544983622,0.03915137115512218,0.03297262558542813,0.12375448747325592,0.013478610971382294,0.03796472416125606,ic,temperature__temperature_low_train__detaq_scf__small__n040_te0300_r3_seed0
temperature,temperature_ood_0600K,small,40,300,1,100,32000,0.0037310728103737345,0.006788760955618215,6.710187960834446e-15,0.12925866484642032,0.0004039333276450634,0.004522213906922844,0.005764068504499395,0.0029319389750404904,0.004795874125669923,0.005337333219824358,0.011323014834851144,ic,temperature__temperature_low_train__detaq_scf__small__n040_te0300_r3_seed1
temperature,temperature_ood_0900K,small,40,300,1,100,32000,0.006606531337532215,0.015239060114601992,6.531442053869796e-15,0.3031414505839348,0.0009473170330747963,0.006644454680907074,0.011600562411572108,0.005755710313717524,0.01335671950622009,0.009121071065601427,0.022166773552187647,ic,temperature__temperature_low_train__detaq_scf__small__n040_te0300_r3_seed1
temperature,temperature_ood_1200K,small,40,300,1,100,32000,0.017599870305115475,0.050114855673696126,6.294964549624638e-15,1.6920369862020015,0.005287615581881255,0.013028349973843435,0.030198208722520853,0.016617483290213085,0.040091217578015516,0.025118551681094684,0.08260535579043703,ic,temperature__temperature_low_train__detaq_scf__small__n040_te0300_r3_seed1
temperature,temperature_ood_0600K,small,40,300,2,100,32000,0.005907284469739535,0.012396755985565413,6.1717297938912456e-15,0.13513759911060322,0.00042230499722063514,0.006339368648477831,0.00798445606922296,0.005356986681988928,0.011821475884394165,0.007126093654253055,0.016893915468326748,ic,temperature__temperature_low_train__detaq_scf__small__n040_te0300_r3_seed2
temperature,temperature_ood_0900K,small,40,300,2,100,32000,0.010760753041261341,0.03302595081606511,5.8042459727403185e-15,0.4508815616369247,0.0014090048801153898,0.008516530515975318,0.011139642742638931,0.011178320621217912,0.03728075421068298,0.011752272826677653,0.034057474840922385,ic,temperature__temperature_low_train__detaq_scf__small__n040_te0300_r3_seed2
temperature,temperature_ood_1200K,small,40,300,2,100,32000,0.02537773387964699,0.11206952321516853,5.755951271169124e-15,1.5918646067380906,0.0049745768960565324,0.013172144883094008,0.02180744671891919,0.030014441425611344,0.13086612186126462,0.023673200238306897,0.10461596380550814,ic,temperature__temperature_low_train__detaq_scf__small__n040_te0300_r3_seed2
temperature,temperature_ood_0600K,small,40,600,0,100,32000,0.0034610472068656237,0.008074568827355267,6.058487045379479e-15,0.28586327314376836,0.0008933227285742761,0.002900443714344875,0.0036630209073730126,0.0034015715120282643,0.009678601278830046,0.00420007778389845,0.005616904701605981,ic,temperature__temperature_low_train__detaq_scf__small__n040_te0600_r3_seed0
temperature,temperature_ood_0900K,small,40,600,0,100,32000,0.006479141120036365,0.018675966373825605,6.257216966787382e-15,0.37107809156179433,0.0011596190361306074,0.004777328054216923,0.010060295882815155,0.007321530259379263,0.0229361183005881,0.005653786767827114,0.008034455714970246,ic,temperature__temperature_low_train__detaq_scf__small__n040_te0600_r3_seed0
temperature,temperature_ood_1200K,small,40,600,0,100,32000,0.019647158620582198,0.07057465586130918,5.855316231873076e-15,1.1344867172837256,0.003545270991511643,0.012515862573141932,0.032351412328195814,0.02477939901302549,0.08783645209643552,0.011381733490692568,0.026675258563206572,ic,temperature__temperature_low_train__detaq_scf__small__n040_te0600_r3_seed0
temperature,temperature_ood_0600K,small,40,600,1,100,32000,0.003265256046794821,0.01106139551253211,6.17061957086662e-15,0.1508501136302948,0.0004714066050946714,0.0031786548088421117,0.004055960883027305,0.002765022026607766,0.0130550342431442,0.004852559345308693,0.009166230275837337,ic,temperature__temperature_low_train__detaq_scf__small__n040_te0600_r3_seed1
temperature,temperature_ood_0900K,small,40,600,1,100,32000,0.006956303545396078,0.03867339135290122,5.878630915390204e-15,0.5089195150136948,0.001590373484417796,0.005139629694371253,0.008725865522919495,0.0074392153374113435,0.04866845739706783,0.007324242020375096,0.017209271580127295,ic,temperature__temperature_low_train__detaq_scf__small__n040_te0600_r3_seed1
temperature,temperature_ood_1200K,small,40,600,1,100,32000,0.019330919519736197,0.1064232552910611,4.758415883543421e-15,1.4479912236332892,0.004524972573854029,0.010817791763576681,0.024247561147120972,0.022619212320006528,0.1294534189992374,0.01797916887508472,0.07594102343511117,ic,temperature__temperature_low_train__detaq_scf__small__n040_te0600_r3_seed1
temperature,temperature_ood_0600K,small,40,600,2,100,32000,0.0038118677470658437,0.008195987865892831,6.5425442841160475e-15,0.18878264248371113,0.0005899457577615973,0.0037902643582201577,0.0049820541774967635,0.0033612730887058804,0.007296342843991245,0.005185255110991421,0.0123020471861643,ic,temperature__temperature_low_train__detaq_scf__small__n040_te0600_r3_seed2
temperature,temperature_ood_0900K,small,40,600,2,100,32000,0.007538306817330885,0.023584653751519417,5.875855357828641e-15,0.34530508995056153,0.0010790784060955047,0.006256353902310365,0.009001610563548625,0.007563782910709658,0.026425478071519265,0.008743831452215092,0.024601479553727407,ic,temperature__temperature_low_train__detaq_scf__small__n040_te0600_r3_seed2
temperature,temperature_ood_1200K,small,40,600,2,100,32000,0.022109221098956185,0.09221182662402497,6.256661855275069e-15,2.2631498473882674,0.007072343273088336,0.015725540673884097,0.023881829883664857,0.02466967754635698,0.1064581564003352,0.02081153218182589,0.08913330385231544,ic,temperature__temperature_low_train__detaq_scf__small__n040_te0600_r3_seed2
temperature,temperature_ood_0600K,small,80,300,0,100,32000,0.0037839920155471186,0.008916829151017153,6.328271240363392e-15,0.1477286791801452,0.0004616521224379538,0.002892119907541201,0.0037556381567969577,0.0039058789200692753,0.010580812235137158,0.00431020340998657,0.006898088859363325,ic,temperature__temperature_low_train__detaq_scf__small__n080_te0300_r3_seed0
temperature,temperature_ood_0900K,small,80,300,0,100,32000,0.007254974415560717,0.020047860686488863,6.2094773767285005e-15,0.27302674889564515,0.0008532085902988909,0.005094317781127756,0.011670693582142906,0.008337750327880106,0.024100319758446846,0.006167303313035515,0.011441252748624451,ic,temperature__temperature_low_train__detaq_scf__small__n080_te0300_r3_seed0
temperature,temperature_ood_1200K,small,80,300,0,100,32000,0.022031130428187315,0.0802597254375194,5.475619957451272e-15,1.5017469039559364,0.004692959074862301,0.014182816621541859,0.03708110730815054,0.02755291458692227,0.0990074748086495,0.01331409175862791,0.037758031110947894,ic,temperature__temperature_low_train__detaq_scf__small__n080_te0300_r3_seed0
temperature,temperature_ood_0600K,small,80,300,1,100,32000,0.0032832124816952286,0.007799383808902959,6.535882945968296e-15,0.20011848688125616,0.0006253702715039256,0.003321776903409046,0.0042477917011810905,0.0027711972275865264,0.008231102119418531,0.004780693822307514,0.00910247649573327,ic,temperature__temperature_low_train__detaq_scf__small__n080_te0300_r3_seed1
temperature,temperature_ood_0900K,small,80,300,1,100,32000,0.006115883489471161,0.01674153714442189,5.88862292261183e-15,0.37958955436944963,0.0011862173574045298,0.0051265023282321635,0.009717874305080216,0.005907011238052897,0.018377491985600385,0.007731881404964951,0.017139475305228333,ic,temperature__temperature_low_train__detaq_scf__small__n080_te0300_r3_seed1
temperature,temperature_ood_1200K,small,80,300,1,100,32000,0.018003631873951237,0.06290622238825785,5.340172748447003e-15,1.8643757147341966,0.005826174108544364,0.01202053046744186,0.028949773477178246,0.018707799295664393,0.07104141460769646,0.021874231015321127,0.06170273027214401,ic,temperature__temperature_low_train__detaq_scf__small__n080_te0300_r3_seed1
temperature,temperature_ood_0600K,small,80,300,2,100,32000,0.004007153262576322,0.008675055213692134,5.665468094662174e-15,0.16061425805091858,0.0005019195564091205,0.003794517572969199,0.005004018897062108,0.003438894406708035,0.0065964593495299985,0.005924565519788305,0.014856072220842072,ic,temperature__temperature_low_train__detaq_scf__small__n080_te0300_r3_seed2
temperature,temperature_ood_0900K,small,80,300,2,100,32000,0.007903836070810211,0.027094069615605083,6.49147402498329e-15,0.3560524809360504,0.0011126640029251575,0.005897642899391938,0.008695953552116512,0.007834853931524168,0.029962135059235992,0.010116975660086607,0.03002723466408469,ic,temperature__temperature_low_train__detaq_scf__small__n080_te0300_r3_seed2
temperature,temperature_ood_1200K,small,80,300,2,100,32000,0.022064145795296645,0.1055900438296926,5.467293284766583e-15,2.054713372439146,0.006420979288872333,0.013764600282273024,0.023155973708143644,0.024879653984302422,0.12288462012402777,0.02191716674130294,0.09953993204905233,ic,temperature__temperature_low_train__detaq_scf__small__n080_te0300_r3_seed2
temperature,temperature_ood_0600K,small,80,600,0,100,32000,0.003060790946567431,0.007080434038322499,6.524780715722045e-15,0.11566865205764777,0.0003614645376801493,0.0027609986901516105,0.0034950475644786962,0.002788009161013178,0.008225422937146593,0.00417892855964601,0.0059560579154671524,ic,temperature__temperature_low_train__detaq_scf__small__n080_te0600_r3_seed0
temperature,temperature_ood_0900K,small,80,600,0,100,32000,0.005713919455528958,0.016010391968577363,5.294653604437371e-15,0.21742623507976538,0.0006794569846242667,0.004693240534397774,0.009712435358229141,0.006048571776278549,0.019200018221173995,0.005730641414411367,0.009022735464891598,ic,temperature__temperature_low_train__detaq_scf__small__n080_te0600_r3_seed0
temperature,temperature_ood_1200K,small,80,600,0,100,32000,0.016653026521275757,0.05168833286592892,5.015432513744144e-15,0.9196432042121887,0.0028738850131630896,0.012441980074043388,0.0325046077147756,0.020035234522525574,0.06178099841600078,0.010717448964758663,0.02917522842704438,ic,temperature__temperature_low_train__detaq_scf__small__n080_te0600_r3_seed0
temperature,temperature_ood_0600K,small,80,600,1,100,32000,0.003246605286269914,0.016961099204476377,6.5580874064608e-15,0.24525516211986548,0.0007664223816245797,0.0029964923862135025,0.003823756466362957,0.0028208101870453297,0.021208757930003767,0.0047741034840000805,0.008622011297017639,ic,temperature__temperature_low_train__detaq_scf__small__n080_te0600_r3_seed1
temperature,temperature_ood_0900K,small,80,600,1,100,32000,0.008159103772009256,0.06438007526795121,5.860867346996201e-15,0.7998127353191375,0.0024994147978723053,0.005358754251268693,0.00870989425447155,0.0093508617412881,0.08243399306651722,0.007384179384913294,0.016186987395417556,ic,temperature__temperature_low_train__detaq_scf__small__n080_te0600_r3_seed1
temperature,temperature_ood_1200K,small,80,600,1,100,32000,0.02362072711058718,0.18724375816781563,6.141753772226366e-15,2.36661290243268,0.0073956653201021245,0.012167456844093975,0.02393356147715138,0.029718779073669186,0.2379074360252822,0.01677984148783435,0.07020302807347648,ic,temperature__temperature_low_train__detaq_scf__small__n080_te0600_r3_seed1
temperature,temperature_ood_0600K,small,80,600,2,100,32000,0.003174470027151984,0.007983909371846655,7.208678098891142e-15,0.18515701293945322,0.0005786156654357914,0.0029648577420739466,0.0038611381173881505,0.002688213989216214,0.0077887974865249645,0.004842850426037329,0.011036736740063332,ic,temperature__temperature_low_train__detaq_scf__small__n080_te0600_r3_seed2
temperature,temperature_ood_0900K,small,80,600,2,100,32000,0.006901733011880422,0.03403804219862899,6.701306176637445e-15,0.47008593618869776,0.0014690185505896805,0.0049771075904136534,0.007061773407737037,0.0073469746850702575,0.04191396772010635,0.007490633413777686,0.021742374980430898,ic,temperature__temperature_low_train__detaq_scf__small__n080_te0600_r3_seed2
temperature,temperature_ood_1200K,small,80,600,2,100,32000,0.020699810806976165,0.13049452859026175,5.553335569175033e-15,1.871927749812603,0.005849774218164384,0.012618916567967972,0.01889845246838316,0.024468032666074578,0.1602829295281947,0.01747603946868912,0.08783567589455217,ic,temperature__temperature_low_train__detaq_scf__small__n080_te0600_r3_seed2
temperature,temperature_ood_0600K,small,160,300,0,100,32000,0.002917682053806494,0.005067517501973534,6.314948564067891e-15,0.0994070798158644,0.00031064712442457627,0.002728902222850592,0.0034979128574565746,0.0025868493749391457,0.005293936007958213,0.00409895992136444,0.005664450409052122,ic,temperature__temperature_low_train__detaq_scf__small__n160_te0300_r3_seed0
temperature,temperature_ood_0900K,small,160,300,0,100,32000,0.005522414823254803,0.014110319672545038,5.943023850818463e-15,0.16692358285188688,0.0005216361964121465,0.005039934219617862,0.011313299958800602,0.0056447013351426,0.01629425864537368,0.005638035891228352,0.00842652098687561,ic,temperature__temperature_low_train__detaq_scf__small__n160_te0300_r3_seed0
temperature,temperature_ood_1200K,small,160,300,0,100,32000,0.016642990699927033,0.04460266914595796,5.16087172997004e-15,1.2087553016841412,0.003777360317762941,0.014375818113563582,0.03701915517372523,0.019297485907159472,0.0506225166481447,0.010946677664593151,0.02981031783741231,ic,temperature__temperature_low_train__detaq_scf__small__n160_te0300_r3_seed0
temperature,temperature_ood_0600K,small,160,300,1,100,32000,0.002902393488038797,0.010343468485820117,6.412648190234904e-15,0.2025311744213104,0.0006329099200665948,0.0028671918194741013,0.0037526494529920005,0.0024269056845223533,0.012619968127070847,0.004364058567152826,0.00656228139322568,ic,temperature__temperature_low_train__detaq_scf__small__n160_te0300_r3_seed1
temperature,temperature_ood_0900K,small,160,300,1,100,32000,0.006273176573042293,0.03168686456054643,6.9289018966856016e-15,0.4491536450386047,0.0014036051407456398,0.004716518932022155,0.008529557749436154,0.0067190655786932155,0.04008804121570835,0.006492167197109664,0.011241904974429609,ic,temperature__temperature_low_train__detaq_scf__small__n160_te0300_r3_seed1
temperature,temperature_ood_1200K,small,160,300,1,100,32000,0.017040837879038737,0.0826127633178858,5.924150059399835e-15,1.2311260310560466,0.0038472688470501458,0.010688735878415173,0.024770196499502243,0.01980017130988684,0.1012891633368418,0.015114939587117985,0.05227137698615641,ic,temperature__temperature_low_train__detaq_scf__small__n160_te0300_r3_seed1
temperature,temperature_ood_0600K,small,160,300,2,100,32000,0.0030959936100640336,0.005681060078093363,5.8664184621193275e-15,0.14619561433792128,0.000456861294806004,0.0031034657319542027,0.004163407475491413,0.0025954451317860127,0.004824123158748734,0.004590166923007927,0.008615205365818362,ic,temperature__temperature_low_train__detaq_scf__small__n160_te0300_r3_seed2
temperature,temperature_ood_0900K,small,160,300,2,100,32000,0.006202074102580081,0.01762617249529803,5.468403507791209e-15,0.3459483620524406,0.001081088631413877,0.005262737727753121,0.007778066202298447,0.006239107815636088,0.020350727822955092,0.007030309338239018,0.01582577333183664,ic,temperature__temperature_low_train__detaq_scf__small__n160_te0300_r3_seed2
temperature,temperature_ood_1200K,small,160,300,2,100,32000,0.01808588077451568,0.07065210213302786,5.773159728050814e-15,1.8745834389328957,0.0058580732466652985,0.013966294794416167,0.021161236714536968,0.02030105682055,0.08249603559752007,0.015559938616512227,0.06398446742662194,ic,temperature__temperature_low_train__detaq_scf__small__n160_te0300_r3_seed2
temperature,temperature_ood_0600K,small,160,600,0,100,32000,0.0026671889081539123,0.007214100353567424,6.822320486321587e-15,0.2576958909630776,0.0008052996592596176,0.002699111237423496,0.0034386007631423544,0.002196125494558752,0.008615046578290816,0.0040484568196698075,0.005072983511708281,ic,temperature__temperature_low_train__detaq_scf__small__n160_te0600_r3_seed0
temperature,temperature_ood_0900K,small,160,600,0,100,32000,0.005702079471521577,0.02449388239128705,6.102895966364485e-15,0.5653982926160097,0.0017668696644250299,0.005255878649179068,0.010246894548610424,0.005853751768093694,0.030790083371508743,0.005693263404147732,0.007117922662356526,ic,temperature__temperature_low_train__detaq_scf__small__n160_te0600_r3_seed0
temperature,temperature_ood_1200K,small,160,600,0,100,32000,0.017421721801188686,0.06978125784469191,5.594968932598477e-15,2.2090309946984052,0.006903221858432516,0.015528754017057509,0.03453891324014686,0.020104984189236955,0.0873145673875576,0.011264902421175069,0.01681315466821958,ic,temperature__temperature_low_train__detaq_scf__small__n160_te0600_r3_seed0
temperature,temperature_ood_0600K,small,160,600,1,100,32000,0.0028730472011026,0.016415643810508803,6.369349492274523e-15,0.171536998152733,0.0005360531192272906,0.002737234592903406,0.0034929841808759503,0.002473604490398429,0.02080165147727971,0.004207187941414307,0.0060860297019478165,ic,temperature__temperature_low_train__detaq_scf__small__n160_te0600_r3_seed1
temperature,temperature_ood_0900K,small,160,600,1,100,32000,0.007532650432339871,0.06203793276530431,6.507572258840355e-15,0.8172886860370636,0.0025540271438658246,0.004898597202787643,0.007643900308393086,0.008795325589734905,0.07974237513347944,0.00637867818970699,0.01041907487504339,ic,temperature__temperature_low_train__detaq_scf__small__n160_te0600_r3_seed1
temperature,temperature_ood_1200K,small,160,600,1,100,32000,0.021819918879364554,0.17746065274084347,6.70019595361282e-15,2.2900879471749067,0.0071565248349215824,0.011067898111534302,0.020483890881243225,0.028075727163045176,0.22722967880990338,0.013804514796152944,0.04628007966977777,ic,temperature__temperature_low_train__detaq_scf__small__n160_te0600_r3_seed1
temperature,temperature_ood_0600K,small,160,600,2,100,32000,0.0027074647674104205,0.004617155474906121,6.049605261182478e-15,0.08786565721035018,0.00027458017878234425,0.002738351223058998,0.003545478597226148,0.002141155593815105,0.003874610909841994,0.00437550583254779,0.00699874101577486,ic,temperature__temperature_low_train__detaq_scf__small__n160_te0600_r3_seed2
temperature,temperature_ood_0900K,small,160,600,2,100,32000,0.005025115403957898,0.015049771661479574,7.459588502456427e-15,0.19747914999723434,0.0006171223437413573,0.004405911684676539,0.007041470546646453,0.004939236284835108,0.017697741481606424,0.005901956480607624,0.011969363692559448,ic,temperature__temperature_low_train__detaq_scf__small__n160_te0600_r3_seed2
temperature,temperature_ood_1200K,small,160,600,2,100,32000,0.015365938812820243,0.06987477266866082,6.036282584886976e-15,1.317214704453945,0.004116295951418578,0.01153095855904394,0.020182475129070083,0.017465793702431256,0.08264852668545054,0.012901354397763494,0.059268457760622735,ic,temperature__temperature_low_train__detaq_scf__small__n160_te0600_r3_seed2
temperature,temperature_ood_0600K,medium,5,300,0,100,32000,0.008098020674544387,0.027408958397497036,5.7431837063859344e-15,0.3916036701202391,0.0012237614691257474,0.008643618680071085,0.011040978908327767,0.008471419254143258,0.03443801782286542,0.006432226930221073,0.008741886079130066,ic,temperature__temperature_low_train__detaq_scf__medium__n005_te0300_r3_seed0
temperature,temperature_ood_0900K,medium,5,300,0,100,32000,0.018546439365687548,0.1080900872254875,5.663247648612923e-15,2.28148963868618,0.007129655120894313,0.014155706806224773,0.018706921839418043,0.022713216475492425,0.13885067891665748,0.010436840595735696,0.01512787990801348,ic,temperature__temperature_low_train__detaq_scf__medium__n005_te0300_r3_seed0
temperature,temperature_ood_1200K,medium,5,300,0,100,32000,0.04810544204583711,0.37708500698677816,9.205969320191798e-15,5.454325843788683,0.017044768261839635,0.027721178998570392,0.03941493194037957,0.06314138382898332,0.4854805230535875,0.0233818797436652,0.048352464446737804,ic,temperature__temperature_low_train__detaq_scf__medium__n005_te0300_r3_seed0
temperature,temperature_ood_0600K,medium,5,300,1,100,32000,0.00885785594396293,0.016476431664485435,6.080691505871983e-15,0.46542257308959967,0.0014544455409049991,0.011300089942757042,0.014236298659437163,0.008034431265201418,0.017290630123360455,0.008885895981453357,0.016055968742589754,ic,temperature__temperature_low_train__detaq_scf__medium__n005_te0300_r3_seed1
temperature,temperature_ood_0900K,medium,5,300,1,100,32000,0.0155679982117319,0.03511060756930703,5.582201367815287e-15,1.186247438788414,0.0037070232462137927,0.014961225291277516,0.019052386844365915,0.016234722874476575,0.040235005158029545,0.014174597143952266,0.03072805647550849,ic,temperature__temperature_low_train__detaq_scf__medium__n005_te0300_r3_seed1
temperature,temperature_ood_1200K,medium,5,300,1,100,32000,0.03313703999708959,0.08587046706373246,4.9243942257248815e-15,1.435338601320982,0.004485433129128069,0.02044968306262308,0.032083869207604254,0.03669909393445171,0.08941667609478389,0.03513823511946976,0.10887279280825239,ic,temperature__temperature_low_train__detaq_scf__medium__n005_te0300_r3_seed1
temperature,temperature_ood_0600K,medium,5,300,2,100,32000,0.009142831022886096,0.01609901827686095,5.807576641814194e-15,0.5340713256597518,0.0016689728926867241,0.01170409603754524,0.014511040439529799,0.007047235554084182,0.015400801768114048,0.01286835241463268,0.019333069271422258,ic,temperature__temperature_low_train__detaq_scf__medium__n005_te0300_r3_seed2
temperature,temperature_ood_0900K,medium,5,300,2,100,32000,0.016382115147938015,0.03357089837242966,5.762057497804562e-15,2.051734656393528,0.006411670801229775,0.015963201986975036,0.019300618459852117,0.014329166064048573,0.03663639942804013,0.022959875560569335,0.03515444389511117,ic,temperature__temperature_low_train__detaq_scf__medium__n005_te0300_r3_seed2
temperature,temperature_ood_1200K,medium,5,300,2,100,32000,0.03220530599177292,0.08380796529852279,6.006306563222097e-15,2.9521163405478,0.009225363564211875,0.023999691726086896,0.030398267748812012,0.02959059213356038,0.09748416493901925,0.04825506183209655,0.07540114928626626,ic,temperature__temperature_low_train__detaq_scf__medium__n005_te0300_r3_seed2
temperature,temperature_ood_0600K,medium,5,600,0,100,32000,0.0062050065339775765,0.024128149836475207,5.2202686617874864e-15,0.263194803595543,0.0008224837612360716,0.0063711066134274,0.008354702414752167,0.006411566478394284,0.030463822341146116,0.005419226621277632,0.007543447840290793,ic,temperature__temperature_low_train__detaq_scf__medium__n005_te0600_r3_seed0
temperature,temperature_ood_0900K,medium,5,600,0,100,32000,0.01526379946708912,0.103878513975491,6.339373470609644e-15,1.5821710196137428,0.004944284436292946,0.010478120290819785,0.014925472793297513,0.018984365802355265,0.13360189764420904,0.008887779637560017,0.013511381434805955,ic,temperature__temperature_low_train__detaq_scf__medium__n005_te0600_r3_seed0
temperature,temperature_ood_1200K,medium,5,600,0,100,32000,0.04300911503739843,0.36307487145992723,7.909228827429615e-15,4.622178880684078,0.014444309002137744,0.02242021857711734,0.03495626204167118,0.0571251139881327,0.4674728593252121,0.021250014645476763,0.04798175231500763,ic,temperature__temperature_low_train__detaq_scf__medium__n005_te0600_r3_seed0
temperature,temperature_ood_0600K,medium,5,600,1,100,32000,0.005791754833818414,0.011801524022557781,7.291944825738029e-15,0.23656869053840626,0.0007392771579325196,0.007236778297927231,0.009457393317084556,0.005209786596281143,0.0119493383829121,0.006092636082321408,0.013363289061941196,ic,temperature__temperature_low_train__detaq_scf__medium__n005_te0600_r3_seed1
temperature,temperature_ood_0900K,medium,5,600,1,100,32000,0.010103699414792935,0.026694546157265936,7.335243523698409e-15,0.333485315144062,0.001042141609825194,0.009620579930517124,0.013827317305058574,0.010349954188258079,0.02950710350327328,0.009848054578673321,0.027564321094461747,ic,temperature__temperature_low_train__detaq_scf__medium__n005_te0600_r3_seed1
temperature,temperature_ood_1200K,medium,5,600,1,100,32000,0.025739385061609207,0.07865378562480173,4.947153797729698e-15,2.3755220612883567,0.007423506441526115,0.01610511556210986,0.029875960845863993,0.029655945127349696,0.07998198866420447,0.023623974363887093,0.10415450732951956,ic,temperature__temperature_low_train__detaq_scf__medium__n005_te0600_r3_seed1
temperature,temperature_ood_0600K,medium,5,600,2,100,32000,0.005427300185977947,0.009594599569510955,6.018519016492974e-15,0.16187382996082303,0.0005058557186275719,0.008071219948527868,0.010233654953726381,0.004211167987339043,0.009368428179710172,0.0064317770193447355,0.009604773350225793,ic,temperature__temperature_low_train__detaq_scf__medium__n005_te0600_r3_seed2
temperature,temperature_ood_0900K,medium,5,600,2,100,32000,0.0094635311051039,0.020292463262739237,4.8427928334149325e-15,0.35240694165229797,0.0011012716926634314,0.010454256862052718,0.013523735268640882,0.008288527093575492,0.022582566723724776,0.01199781738274032,0.018604084262263003,ic,temperature__temperature_low_train__detaq_scf__medium__n005_te0600_r3_seed2
temperature,temperature_ood_1200K,medium,5,600,2,100,32000,0.021403473818668865,0.06007965024051267,6.512568262451168e-15,0.8778344912827015,0.002743232785258442,0.016164695989951725,0.0251009509442628,0.020646992001338123,0.07083114512170412,0.02891169709937821,0.04864782388812118,ic,temperature__temperature_low_train__detaq_scf__medium__n005_te0600_r3_seed2
temperature,temperature_ood_0600K,medium,10,300,0,100,32000,0.008017759577638936,0.030114420775150887,5.717648576819556e-15,0.3586348497867584,0.00112073390558362,0.008445988889667206,0.010829654992209406,0.008412814754779297,0.03794978539843501,0.0064043647341895825,0.009826068924147568,ic,temperature__temperature_low_train__detaq_scf__medium__n010_te0300_r3_seed0
temperature,temperature_ood_0900K,medium,10,300,0,100,32000,0.019171864062629173,0.12034110510162438,6.106226635438361e-15,2.060018656849861,0.0064375583026558166,0.013957652808836424,0.01857979105304276,0.02362828578598176,0.15463518191514342,0.011016810146364152,0.018126797622244506,ic,temperature__temperature_low_train__detaq_scf__medium__n010_te0300_r3_seed0
temperature,temperature_ood_1200K,medium,10,300,0,100,32000,0.05076251110851953,0.413094247132927,9.399148126476575e-15,5.653539584204554,0.017667311200639232,0.028087312870062307,0.04008806173557317,0.06713402998908835,0.5321264459372309,0.024323152705270336,0.04638500814398426,ic,temperature__temperature_low_train__detaq_scf__medium__n010_te0300_r3_seed0
temperature,temperature_ood_0600K,medium,10,300,1,100,32000,0.008515219031553715,0.016238161235457182,5.833111771380572e-15,0.3307798331975937,0.0010336869787424805,0.010796985903871245,0.013680101645204593,0.007845850438791482,0.017042605713101375,0.008241557937522887,0.01612119697924708,ic,temperature__temperature_low_train__detaq_scf__medium__n010_te0300_r3_seed1
temperature,temperature_ood_0900K,medium,10,300,1,100,32000,0.014864368329697755,0.034159800464342145,5.221378884812111e-15,0.7283485639095307,0.0022760892622172833,0.01416543866635766,0.018170480789397668,0.015581647865396614,0.03865530770366,0.013411459385941269,0.03196240018688478,ic,temperature__temperature_low_train__detaq_scf__medium__n010_te0300_r3_seed1
temperature,temperature_ood_1200K,medium,10,300,1,100,32000,0.03230612360890373,0.0843624863032805,4.9510395783158855e-15,1.9739309573918582,0.006168534241849557,0.01957822545988165,0.031161697899243203,0.03590676554285407,0.0855064424561696,0.03423209595607477,0.11260567905688204,ic,temperature__temperature_low_train__detaq_scf__medium__n010_te0300_r3_seed1
temperature,temperature_ood_0600K,medium,10,300,2,100,32000,0.008714393687981646,0.016887489456563903,5.601075159233915e-15,0.35269336283206953,0.0011021667588502172,0.011208578721620146,0.014026936373884543,0.006891896384205515,0.01635913851820199,0.011687700565671548,0.020647453051590152,ic,temperature__temperature_low_train__detaq_scf__medium__n010_te0300_r3_seed2
temperature,temperature_ood_0900K,medium,10,300,2,100,32000,0.015586123021930687,0.03538931535721828,5.823119764158946e-15,1.4937357804179192,0.004667924313805997,0.014857235457835486,0.018215513097252573,0.01385212268551307,0.038230796873357224,0.021517011595278735,0.03931198037686916,ic,temperature__temperature_low_train__detaq_scf__medium__n010_te0300_r3_seed2
temperature,temperature_ood_1200K,medium,10,300,2,100,32000,0.031056086297830913,0.0867218370840582,5.603295605283165e-15,1.995702765583992,0.006236571142449975,0.022210144251424934,0.02883484634856337,0.029009672989472168,0.09904840945607077,0.046041268269313144,0.08567481849932365,ic,temperature__temperature_low_train__detaq_scf__medium__n010_te0300_r3_seed2
temperature,temperature_ood_0600K,medium,10,600,0,100,32000,0.006144925130694174,0.027826568940667033,6.078471059822732e-15,0.29606997609138497,0.000925218675285578,0.006082661518128589,0.007956293679538129,0.006350981289210419,0.03526408033751098,0.005589020267711023,0.008810278076322684,ic,temperature__temperature_low_train__detaq_scf__medium__n010_te0600_r3_seed0
temperature,temperature_ood_0900K,medium,10,600,0,100,32000,0.016155725377687488,0.11949010825681892,5.3990145687521365e-15,1.571190759241581,0.004909971122629941,0.010307821376220092,0.014854989704174862,0.020260045467555755,0.15372550881713623,0.00969066910955007,0.016557866823901944,ic,temperature__temperature_low_train__detaq_scf__medium__n010_te0600_r3_seed0
temperature,temperature_ood_1200K,medium,10,600,0,100,32000,0.046521076858791637,0.4120300807562172,1.0051959264956168e-14,5.157789667360484,0.016118092710501512,0.023166533239978887,0.036087064244496155,0.06226591780506593,0.5308395418299177,0.022641097638781495,0.04658114987306872,ic,temperature__temperature_low_train__detaq_scf__medium__n010_te0600_r3_seed0
temperature,temperature_ood_0600K,medium,10,600,1,100,32000,0.005727042119856924,0.011668396246967397,5.8031357497156936e-15,0.1770465683937072,0.0005532705262303352,0.006915931215160526,0.009057203826926846,0.005198450743725211,0.011276801841374855,0.006123927152948456,0.014738576403771502,ic,temperature__temperature_low_train__detaq_scf__medium__n010_te0600_r3_seed1
temperature,temperature_ood_0900K,medium,10,600,1,100,32000,0.010108134991378755,0.026952989508955538,5.782041512247815e-15,0.2797897046804428,0.0008743428271263838,0.009124890361883443,0.013221226101055228,0.010358805239297605,0.028874212422782857,0.010339368877117519,0.030925021723939804,ic,temperature__temperature_low_train__detaq_scf__medium__n010_te0600_r3_seed1
temperature,temperature_ood_1200K,medium,10,600,1,100,32000,0.026794586538552538,0.08360696426447876,5.110356582349596e-15,3.0813343323767186,0.009629169788677245,0.01615207394080062,0.02925272658876712,0.031032720947497486,0.0850821344552112,0.024722695909469624,0.11125642248593141,ic,temperature__temperature_low_train__detaq_scf__medium__n010_te0600_r3_seed1
temperature,temperature_ood_0600K,medium,10,600,2,100,32000,0.00536436474515358,0.009897364847927841,5.871969577242453e-15,0.16816314876079552,0.000525509839877486,0.007634077985712793,0.009732930718911901,0.004177034210627123,0.009610229976657898,0.0066566431081737385,0.010862304252463525,ic,temperature__temperature_low_train__detaq_scf__medium__n010_te0600_r3_seed2
temperature,temperature_ood_0900K,medium,10,600,2,100,32000,0.0091674197167682,0.020182781132687694,5.451195050909519e-15,0.23004180639982208,0.000718880644999444,0.009815693001291948,0.012915114128963807,0.00789074736952898,0.02184838315161082,0.01234916347396211,0.020925285165725616,ic,temperature__temperature_low_train__detaq_scf__medium__n010_te0600_r3_seed2
temperature,temperature_ood_1200K,medium,10,600,2,100,32000,0.020661650941419064,0.058820359770872604,5.824229987183571e-15,0.8365629681944847,0.0026142592756077648,0.0152815983100154,0.02430198424902987,0.019621438238017923,0.06707499839866823,0.029162341683026168,0.05666940046348033,ic,temperature__temperature_low_train__detaq_scf__medium__n010_te0600_r3_seed2
temperature,temperature_ood_0600K,medium,20,300,0,100,32000,0.006588091698300558,0.03140219099928298,4.916067553040193e-15,0.322202141880989,0.0010068816933780907,0.0060178330222261135,0.007849327447438752,0.006907795092498417,0.03969068159740621,0.0061992401917814275,0.011950959768993073,ic,temperature__temperature_low_train__detaq_scf__medium__n020_te0300_r3_seed0
temperature,temperature_ood_0900K,medium,20,300,0,100,32000,0.017884502268309007,0.1318090711804297,6.1650684557434944e-15,1.8084397342801095,0.005651374169625342,0.010809598843130515,0.015675276472702202,0.022301371564089397,0.16938400061280023,0.01170879780614632,0.02344403855889471,ic,temperature__temperature_low_train__detaq_scf__medium__n020_te0300_r3_seed0
temperature,temperature_ood_1200K,medium,20,300,0,100,32000,0.05082912316041039,0.45377263945784635,9.447997939560082e-15,5.746654720678926,0.01795829600212164,0.02518126283938182,0.03904000009629205,0.06783172972855633,0.5847361254373845,0.025469163777001088,0.04769602520767018,ic,temperature__temperature_low_train__detaq_scf__medium__n020_te0300_r3_seed0
temperature,temperature_ood_0600K,medium,20,300,1,100,32000,0.006680503134464379,0.014522641792809321,4.929390229335695e-15,0.22900200605392457,0.0007156312689185141,0.007749368320393841,0.009958772431324541,0.006293905653466937,0.014955318053586157,0.006771430391527245,0.016863388171437847,ic,temperature__temperature_low_train__detaq_scf__medium__n020_te0300_r3_seed1
temperature,temperature_ood_0900K,medium,20,300,1,100,32000,0.011918655149894765,0.03209601039753552,5.513367540288527e-15,0.27893603980541226,0.0008716751243919133,0.01012900797315524,0.013994732788601898,0.012593895047398595,0.03520987419777645,0.011682582634122807,0.03515268337267357,ic,temperature__temperature_low_train__detaq_scf__medium__n020_te0300_r3_seed1
temperature,temperature_ood_1200K,medium,20,300,1,100,32000,0.02936694326444121,0.08869420857072678,4.9521498013405104e-15,3.0084494940936564,0.009401404669042678,0.01621361224388238,0.028979781646816333,0.03405503084957551,0.0895317229340385,0.028456011529597158,0.12019025414328928,ic,temperature__temperature_low_train__detaq_scf__medium__n020_te0300_r3_seed1
temperature,temperature_ood_0600K,medium,20,300,2,100,32000,0.006636875006277115,0.014016448551791183,5.60440582830779e-15,0.19279137134551994,0.00060247303545475,0.008686560238711536,0.01101713632011126,0.005420498831876707,0.013465379565487982,0.008236318297043908,0.017803862412441494,ic,temperature__temperature_low_train__detaq_scf__medium__n020_te0300_r3_seed2
temperature,temperature_ood_0900K,medium,20,300,2,100,32000,0.011645129307749446,0.028806716538040213,6.20503648463e-15,0.35676584154367463,0.001114893254823983,0.011206272942130453,0.014371601509437422,0.01023470268199647,0.029996384764700224,0.016315265550627372,0.035259642109827405,ic,temperature__temperature_low_train__detaq_scf__medium__n020_te0300_r3_seed2
temperature,temperature_ood_1200K,medium,20,300,2,100,32000,0.02441470270656864,0.07294330347056228,5.593303598061539e-15,0.7465793201327324,0.0023330603754147887,0.017167803782285773,0.024699395056104072,0.022944310479734362,0.07954925228468408,0.03607277831135434,0.0837216631027972,ic,temperature__temperature_low_train__detaq_scf__medium__n020_te0300_r3_seed2
temperature,temperature_ood_0600K,medium,20,600,0,100,32000,0.005092690378346013,0.022953866504875634,6.211697822777751e-15,0.24081960201263428,0.0007525612562894822,0.004843482037947979,0.006383551151093324,0.005032174381349857,0.02893107012389265,0.005523446709732522,0.009090091131493217,ic,temperature__temperature_low_train__detaq_scf__medium__n020_te0600_r3_seed0
temperature,temperature_ood_0900K,medium,20,600,0,100,32000,0.013496175414550818,0.10203470186922853,6.445954880973659e-15,1.1999780249595642,0.003749931327998638,0.008337853328936034,0.012607891408853461,0.016569960081464767,0.13116158574889325,0.009433143499423747,0.016922123786377443,ic,temperature__temperature_low_train__detaq_scf__medium__n020_te0600_r3_seed0
temperature,temperature_ood_1200K,medium,20,600,0,100,32000,0.0405599949444033,0.3675491336156991,8.488765246283946e-15,4.417931030988694,0.013806034471839666,0.01975032911969174,0.03154630508864827,0.05408520146860004,0.4735350774918502,0.02079404119652463,0.041955332174482586,ic,temperature__temperature_low_train__detaq_scf__medium__n020_te0600_r3_seed0
temperature,temperature_ood_0600K,medium,20,600,1,100,32000,0.004722406374011189,0.010697530344590004,6.546985176214548e-15,0.16940107583999628,0.0005293783619999883,0.0054028799662482925,0.007104607436859711,0.0040478498849552125,0.007961634806703111,0.006065602248942017,0.018208444308872678,ic,temperature__temperature_low_train__detaq_scf__medium__n020_te0600_r3_seed1
temperature,temperature_ood_0900K,medium,20,600,1,100,32000,0.00911276340149343,0.028693050683889873,6.297184995673888e-15,0.5833573085069657,0.0018229915890842674,0.007537344547745308,0.011503363225222649,0.008928895241299568,0.028577301108839638,0.01123978673582314,0.03916812487538941,ic,temperature__temperature_low_train__detaq_scf__medium__n020_te0600_r3_seed1
temperature,temperature_ood_1200K,medium,20,600,1,100,32000,0.027911572783137672,0.09845189579533907,5.905276267981207e-15,4.161673025488853,0.013005228204652667,0.01787669753257069,0.02974014313595596,0.03099993203212217,0.09969309156431934,0.02868137028675119,0.1332789004223065,ic,temperature__temperature_low_train__detaq_scf__medium__n020_te0600_r3_seed1
temperature,temperature_ood_0600K,medium,20,600,2,100,32000,0.003822071344591676,0.006679746412967867,5.753175713607561e-15,0.11596399724483497,0.00036238749139010925,0.00481052649189951,0.0062424880370486125,0.0030712834668423354,0.006840119758393679,0.005085979830531868,0.00661548856000731,ic,temperature__temperature_low_train__detaq_scf__medium__n020_te0600_r3_seed2
temperature,temperature_ood_0900K,medium,20,600,2,100,32000,0.006708338391256984,0.013831596402252845,4.503064587879635e-15,0.1761293387413025,0.0005504041835665701,0.0067223822217492854,0.009713613503820816,0.005987058047758183,0.015470688773237089,0.008858135591261087,0.01200767981407595,ic,temperature__temperature_low_train__detaq_scf__medium__n020_te0600_r3_seed2
temperature,temperature_ood_1200K,medium,20,600,2,100,32000,0.01672745593402069,0.050507617307675653,6.0840221749458575e-15,0.7130074313282969,0.0022281482229009274,0.011555559243744937,0.02191447555500634,0.01629638714294803,0.059240036077533136,0.023192558997514427,0.041793625928361736,ic,temperature__temperature_low_train__detaq_scf__medium__n020_te0600_r3_seed2
temperature,temperature_ood_0600K,medium,40,300,0,100,32000,0.004928043989627621,0.015127065125669395,4.912736883966318e-15,0.18742891430854783,0.000585715357214212,0.004895850071799941,0.006585879765312813,0.004726468808056476,0.018303622671708784,0.005564963452168742,0.009782580210414029,ic,temperature__temperature_low_train__detaq_scf__medium__n040_te0300_r3_seed0
temperature,temperature_ood_0900K,medium,40,300,0,100,32000,0.011419509206910152,0.0721148537277529,6.123990203832363e-15,1.076512561738491,0.0033641017554327845,0.00821756573044695,0.012709748074304614,0.013250662140781062,0.09218955484141071,0.00912799388176063,0.018560196097867077,ic,temperature__temperature_low_train__detaq_scf__medium__n040_te0300_r3_seed0
temperature,temperature_ood_1200K,medium,40,300,0,100,32000,0.033311885454785084,0.28101520637810745,6.832312493543213e-15,3.203913912922144,0.0100122309778817,0.01795068296963291,0.03060166034755339,0.04345133830993048,0.3618955576955752,0.018254729374501035,0.03171884965206632,ic,temperature__temperature_low_train__detaq_scf__medium__n040_te0300_r3_seed0
temperature,temperature_ood_0600K,medium,40,300,1,100,32000,0.004160905139823444,0.009064851429706505,5.176969963827105e-15,0.1547890675067901,0.00048371583595871914,0.004477394420886412,0.005931970602230058,0.0035952804499150563,0.007840333595844478,0.0055412899284856395,0.013829565767049808,ic,temperature__temperature_low_train__detaq_scf__medium__n040_te0300_r3_seed1
temperature,temperature_ood_0900K,medium,40,300,1,100,32000,0.007748285107634729,0.02080774281588863,6.326050794314142e-15,0.3749953093379736,0.0011718603416811676,0.006555066976259695,0.010703159988336005,0.007701129249770019,0.020159601007766845,0.009082970812603888,0.028827497868317422,ic,temperature__temperature_low_train__detaq_scf__medium__n040_te0300_r3_seed1
temperature,temperature_ood_1200K,medium,40,300,1,100,32000,0.023695327929743507,0.07327380303183995,5.744849040922872e-15,3.151362264752388,0.009848007077351213,0.015871733613777906,0.029027033295391993,0.026569541831835523,0.0683478450923847,0.022896280539433062,0.10949154581744995,ic,temperature__temperature_low_train__detaq_scf__medium__n040_te0300_r3_seed1
temperature,temperature_ood_0600K,medium,40,300,2,100,32000,0.004393731530185323,0.007941713414597904,5.978550987606468e-15,0.13532715380191815,0.0004228973556309941,0.005509722392540426,0.0070773321776779925,0.0035965451427230925,0.008402150867870356,0.005669299830216915,0.007312797783711883,ic,temperature__temperature_low_train__detaq_scf__medium__n040_te0300_r3_seed2
temperature,temperature_ood_0900K,medium,40,300,2,100,32000,0.007766880961018615,0.017698805950576914,5.637712519046545e-15,0.3042380160093307,0.0009507438000291584,0.007677820343087661,0.010813022654375592,0.007244043036131188,0.02061518065527059,0.009424455353611846,0.013204551530003421,ic,temperature__temperature_low_train__detaq_scf__medium__n040_te0300_r3_seed2
temperature,temperature_ood_1200K,medium,40,300,2,100,32000,0.019470547352844734,0.05683065107908292,6.854516954035717e-15,0.8884465183317661,0.002776395369786769,0.013500579863699382,0.02365897443229895,0.019602576903960046,0.06760134510198389,0.02504442618864414,0.04334791644798636,ic,temperature__temperature_low_train__detaq_scf__medium__n040_te0300_r3_seed2
temperature,temperature_ood_0600K,medium,40,600,0,100,32000,0.0035195536949089736,0.010758699809464476,6.52367049269742e-15,0.14814743220806123,0.0004629607256501913,0.003711307041288819,0.004957639027396471,0.0030256853754981423,0.01311156860879915,0.0048094053067616205,0.006199211972109713,ic,temperature__temperature_low_train__detaq_scf__medium__n040_te0600_r3_seed0
temperature,temperature_ood_0900K,medium,40,600,0,100,32000,0.008258862346078966,0.0563883042253141,6.0207394625422236e-15,0.6999802443385122,0.002187438263557851,0.006267023060237989,0.01063139778951311,0.009202517814614113,0.07228839590585279,0.007419735226314514,0.010408703096451546,ic,temperature__temperature_low_train__detaq_scf__medium__n040_te0600_r3_seed0
temperature,temperature_ood_1200K,medium,40,600,0,100,32000,0.02628930382507388,0.2238024952003134,6.7768013423119554e-15,2.407685540020466,0.007524017312563956,0.014537845914775973,0.027415688540575044,0.03352228916566916,0.2878954090465218,0.016341805713585927,0.03216931241238126,ic,temperature__temperature_low_train__detaq_scf__medium__n040_te0600_r3_seed0
temperature,temperature_ood_0600K,medium,40,600,1,100,32000,0.00317673232080997,0.007203522365454528,7.0199401847048645e-15,0.21902501285076134,0.0006844531651586293,0.00309774319207645,0.004010084319919737,0.002718403488465507,0.007385279136073155,0.00463070794657688,0.008930053322461159,ic,temperature__temperature_low_train__detaq_scf__medium__n040_te0600_r3_seed1
temperature,temperature_ood_0900K,medium,40,600,1,100,32000,0.006344936141477955,0.021528264443432178,6.437073096776657e-15,0.4694175203144549,0.0014669297509826715,0.005042283605202103,0.008199120072263814,0.006592414171578033,0.02547605394019383,0.006905154587453577,0.017407392299863145,ic,temperature__temperature_low_train__detaq_scf__medium__n040_te0600_r3_seed1
temperature,temperature_ood_1200K,medium,40,600,1,100,32000,0.021155518408917117,0.08424653936781551,5.515032874825465e-15,2.9185466334968804,0.009120458229677752,0.014976292782746892,0.025024577586705798,0.02442190940580864,0.09817997910484298,0.01753557104441279,0.07709242895893977,ic,temperature__temperature_low_train__detaq_scf__medium__n040_te0600_r3_seed1
temperature,temperature_ood_0600K,medium,40,600,2,100,32000,0.0032443931839778086,0.006535384454259241,7.02105040772949e-15,0.15030113160610198,0.0004696910362690687,0.0034417230580002078,0.004382353787787623,0.0025897103348009594,0.006436275683036662,0.0050111118574859585,0.008371038830359294,ic,temperature__temperature_low_train__detaq_scf__medium__n040_te0600_r3_seed2
temperature,temperature_ood_0900K,medium,40,600,2,100,32000,0.006212997787998755,0.016772956011053924,5.635492072997294e-15,0.6012749981880188,0.0018789843693375584,0.005136311828537145,0.0077622207044023275,0.005589254184315602,0.01823357047990677,0.009160914558509831,0.018682048044652778,ic,temperature__temperature_low_train__detaq_scf__medium__n040_te0600_r3_seed2
temperature,temperature_ood_1200K,medium,40,600,2,100,32000,0.01721638401573873,0.05744182080684425,5.6077364973816655e-15,1.3165866947174072,0.004114333420991899,0.01019536360865459,0.020669106868307804,0.017688299588723266,0.06986435063485114,0.02282165770386927,0.03778252824264446,ic,temperature__temperature_low_train__detaq_scf__medium__n040_te0600_r3_seed2
temperature,temperature_ood_0600K,medium,80,300,0,100,32000,0.003575146609614603,0.013174942045836047,6.3093974489447644e-15,0.14594074368476856,0.0004560648240149018,0.003615414194762707,0.00483297723110543,0.0031578210516211886,0.01638949966804388,0.004786855698446741,0.006220186695982486,ic,temperature__temperature_low_train__detaq_scf__medium__n080_te0300_r3_seed0
temperature,temperature_ood_0900K,medium,80,300,0,100,32000,0.009068525433109608,0.06867939281494584,5.716538353794931e-15,0.8062961459159851,0.002519675455987453,0.006547685189259939,0.011048422747258672,0.010286155609782632,0.08818562441796628,0.007936475146940207,0.011494097615132308,ic,temperature__temperature_low_train__detaq_scf__medium__n080_te0300_r3_seed0
temperature,temperature_ood_1200K,medium,80,300,0,100,32000,0.028773829811083854,0.261707930424334,7.853717676198357e-15,2.9131457248330115,0.009103580390103162,0.01562921484402614,0.028443824284767136,0.036890189230558465,0.33682650541335707,0.01756936651971773,0.035914744159952446,ic,temperature__temperature_low_train__detaq_scf__medium__n080_te0300_r3_seed0
temperature,temperature_ood_0600K,medium,80,300,1,100,32000,0.0031829986186872714,0.008188228222912203,6.369349492274523e-15,0.11738497048616409,0.0003668280327692628,0.0030833324739651296,0.004069638861364738,0.002694171781738988,0.0078054733943359895,0.004749145274254261,0.011657495526976992,ic,temperature__temperature_low_train__detaq_scf__medium__n080_te0300_r3_seed1
temperature,temperature_ood_0900K,medium,80,300,1,100,32000,0.0070884526323527096,0.03029962997573649,5.3357318563485026e-15,0.5081011633574964,0.001587816135492176,0.005287380731242592,0.009283379538100902,0.007378221646419358,0.03612328528266254,0.008020217491262884,0.024279240697485653,ic,temperature__temperature_low_train__detaq_scf__medium__n080_te0300_r3_seed1
temperature,temperature_ood_1200K,medium,80,300,1,100,32000,0.024034708053173377,0.11918561555745866,6.572520305780927e-15,3.1744061902165415,0.00992001934442669,0.01690391693051788,0.029739459030835642,0.027069931785127357,0.1419171838369287,0.022059827979966928,0.09859086241123476,ic,temperature__temperature_low_train__detaq_scf__medium__n080_te0300_r3_seed1
temperature,temperature_ood_0600K,medium,80,300,2,100,32000,0.003305786908022128,0.006324073693025115,6.671330154972566e-15,0.10321043550968186,0.00032253261096775577,0.0034345134709146807,0.004432658360283541,0.002695536796527449,0.006599033193055767,0.005007810679613612,0.007048358886004221,ic,temperature__temperature_low_train__detaq_scf__medium__n080_te0300_r3_seed2
temperature,temperature_ood_0900K,medium,80,300,2,100,32000,0.006274467624933459,0.014683756071631917,5.299094496535872e-15,0.33185572445392614,0.0010370491389185192,0.005282209746947046,0.008551835884906362,0.005714999172778333,0.016296830330853253,0.008945130859385244,0.014428081243038113,ic,temperature__temperature_low_train__detaq_scf__medium__n080_te0300_r3_seed2
temperature,temperature_ood_1200K,medium,80,300,2,100,32000,0.016614145544439088,0.051267416431113606,5.1747495177778546e-15,0.842015335857868,0.0026312979245558376,0.010472811557207022,0.023275151823690735,0.016607537292710427,0.061875712195137905,0.02277530428685713,0.03337957408691157,ic,temperature__temperature_low_train__detaq_scf__medium__n080_te0300_r3_seed2
temperature,temperature_ood_0600K,medium,80,600,0,100,32000,0.0032288917663041506,0.01453661147310353,6.822320486321587e-15,0.1752430123090744,0.0005476344134658577,0.0031535558942705393,0.004110720694056864,0.0028623730539499475,0.018270599366936695,0.004403783775400372,0.006182470161186046,ic,temperature__temperature_low_train__detaq_scf__medium__n080_te0600_r3_seed0
temperature,temperature_ood_0900K,medium,80,600,0,100,32000,0.008670032870781143,0.06562041245490188,6.320499679191016e-15,0.8109779372811317,0.002534306054003536,0.005887597775028552,0.009755318408081212,0.009972461712216803,0.08420623733687013,0.007545181442226745,0.012765390601711512,ic,temperature__temperature_low_train__detaq_scf__medium__n080_te0600_r3_seed0
temperature,temperature_ood_1200K,medium,80,600,0,100,32000,0.02745100173588143,0.24099924160649172,7.501776977392182e-15,2.9343309961259365,0.009169784362893554,0.014618898001761407,0.02655462620519851,0.03522883862744493,0.30994140363367645,0.016949594795310986,0.0388201370732047,ic,temperature__temperature_low_train__detaq_scf__medium__n080_te0600_r3_seed0
temperature,temperature_ood_0600K,medium,80,600,1,100,32000,0.0029420706226839692,0.011007510727961375,5.728750807065808e-15,0.16594606280326837,0.0005185814462602136,0.002707570554572159,0.003497958232454146,0.002500135019984253,0.013440973968730133,0.00450237749889493,0.0071841079230957495,ic,temperature__temperature_low_train__detaq_scf__medium__n080_te0600_r3_seed1
temperature,temperature_ood_0900K,medium,80,600,1,100,32000,0.007479735543456627,0.051112922993963826,5.599964936209289e-15,0.6110146039724351,0.0019094206374138593,0.0051312955615576365,0.00829818970688435,0.008565936299574485,0.06539869346793391,0.0065695732570020485,0.012760376584748254,ic,temperature__temperature_low_train__detaq_scf__medium__n080_te0600_r3_seed1
temperature,temperature_ood_1200K,medium,80,600,1,100,32000,0.02517658775862656,0.18372400768272415,6.4448446579490334e-15,3.0940301021933556,0.009668844069354237,0.016277714885945902,0.026764038974324014,0.030734479921132637,0.23374551822123216,0.017401784143788974,0.06438430979091254,ic,temperature__temperature_low_train__detaq_scf__medium__n080_te0600_r3_seed1
temperature,temperature_ood_0600K,medium,80,600,2,100,32000,0.002933380206278525,0.007543968109078985,6.7146288529329464e-15,0.13768189668655403,0.00043025592714548137,0.002958136214932895,0.0037612976685493164,0.0022866882095307402,0.007679184787037409,0.00484870018786751,0.009669554127371591,ic,temperature__temperature_low_train__detaq_scf__medium__n080_te0600_r3_seed2
temperature,temperature_ood_0900K,medium,80,600,2,100,32000,0.005872391878953203,0.018547763546777868,5.43010081344164e-15,0.6627035146951675,0.002070948483422398,0.004489573262282647,0.007172591772138271,0.005335291471002467,0.019601002038956435,0.008866511719475967,0.022716816401349916,ic,temperature__temperature_low_train__detaq_scf__medium__n080_te0600_r3_seed2
temperature,temperature_ood_1200K,medium,80,600,2,100,32000,0.016360837175918276,0.06005684332000936,6.273870312156759e-15,1.5553322985768319,0.004860413433052599,0.009401692178071243,0.02086490316213449,0.017053708104707768,0.07128209852037312,0.021241369387396843,0.04853210540921312,ic,temperature__temperature_low_train__detaq_scf__medium__n080_te0600_r3_seed2
temperature,temperature_ood_0600K,medium,160,300,0,100,32000,0.003084016193146817,0.012315240341111311,6.427081089555031e-15,0.13198595881462102,0.00041245612129569073,0.0031689834215794686,0.004279041041080466,0.0026191463765377803,0.015347877673649797,0.004393658414541276,0.0057743816820048114,ic,temperature__temperature_low_train__detaq_scf__medium__n160_te0300_r3_seed0
temperature,temperature_ood_0900K,medium,160,300,0,100,32000,0.008079767548775997,0.06069048248273292,6.185052470186747e-15,0.7681345480680466,0.0024004204627126454,0.005875968442880548,0.010726019208899984,0.009104830108282232,0.07784701393952684,0.0072083789761527425,0.011006956616713581,ic,temperature__temperature_low_train__detaq_scf__medium__n160_te0300_r3_seed0
temperature,temperature_ood_1200K,medium,160,300,0,100,32000,0.02603097000917769,0.22471060869744147,6.6868732773173175e-15,2.596367662400007,0.008113648945000022,0.014643608322599904,0.029126557781983843,0.03319974137915901,0.2890946161472791,0.015912017585811546,0.029980671800647857,ic,temperature__temperature_low_train__detaq_scf__medium__n160_te0300_r3_seed0
temperature,temperature_ood_0600K,medium,160,300,1,100,32000,0.0028346085613011373,0.006182282143475446,6.827871601444713e-15,0.06406446456909182,0.00020020145177841194,0.0027564103741315195,0.003602307987576724,0.0023359917105020334,0.006283328878505121,0.004408657300868068,0.00772565688365387,ic,temperature__temperature_low_train__detaq_scf__medium__n160_te0300_r3_seed1
temperature,temperature_ood_0900K,medium,160,300,1,100,32000,0.005828422952780965,0.019484348348247357,7.241984789629897e-15,0.22149493366479875,0.000692171667702496,0.004571314808126772,0.008018371866478876,0.006109345553491342,0.02332040146621101,0.006242763295304031,0.014226084906056811,ic,temperature__temperature_low_train__detaq_scf__medium__n160_te0300_r3_seed1
temperature,temperature_ood_1200K,medium,160,300,1,100,32000,0.019252578821830683,0.07883022104642592,5.447864381835643e-15,1.94447379052639,0.00607648059539497,0.01353476999326085,0.02556680293073205,0.022622345268304343,0.09226118314750724,0.014861088310979534,0.06986400784173032,ic,temperature__temperature_low_train__detaq_scf__medium__n160_te0300_r3_seed1
temperature,temperature_ood_0600K,medium,160,300,2,100,32000,0.0028364973204908894,0.006671920978860858,6.263878304935133e-15,0.18840359926223754,0.0005887612476944924,0.0030007643266581,0.0038745682236505192,0.002276563587404477,0.007435773370072235,0.004352031513582915,0.006456639372604732,ic,temperature__temperature_low_train__detaq_scf__medium__n160_te0300_r3_seed2
temperature,temperature_ood_0900K,medium,160,300,2,100,32000,0.005767875832540451,0.01839822986678996,6.8656191842819684e-15,0.6624644500017166,0.002070201406255364,0.004664724278729407,0.008128345832432729,0.005662468268924085,0.02198890869766359,0.007187250077200589,0.013261522840233233,ic,temperature__temperature_low_train__detaq_scf__medium__n160_te0300_r3_seed2
temperature,temperature_ood_1200K,medium,160,300,2,100,32000,0.016412485542095966,0.06227393961161969,6.430411758628907e-15,1.5923938539624214,0.004976230793632567,0.009981451643776382,0.023649126953293662,0.018012268458813197,0.07725323180475144,0.018044170690263855,0.03044258686888,ic,temperature__temperature_low_train__detaq_scf__medium__n160_te0300_r3_seed2
temperature,temperature_ood_0600K,medium,160,600,0,100,32000,0.002865039827092552,0.00774593751873984,5.609956943430916e-15,0.17172371268272407,0.0005366366021335128,0.0028187514878809444,0.0036493212615702664,0.002341489180980718,0.009098997320222107,0.004481980104639663,0.006189098306759355,ic,temperature__temperature_low_train__detaq_scf__medium__n160_te0600_r3_seed0
temperature,temperature_ood_0900K,medium,160,600,0,100,32000,0.006376594210747861,0.038724596264241434,6.258327189812007e-15,0.7109511962532994,0.002221722488291561,0.004496877689030953,0.00787315620258236,0.006867476187646388,0.04936257486993565,0.006783664801769194,0.011224695861458337,ic,temperature__temperature_low_train__detaq_scf__medium__n160_te0600_r3_seed0
temperature,temperature_ood_1200K,medium,160,600,0,100,32000,0.021097525408060754,0.1650473111886302,7.032152637975742e-15,2.203201736211777,0.006885005425661802,0.011732333558291431,0.02414424399225374,0.026282623422661952,0.2114850994632691,0.014907423214026494,0.037977470295673194,ic,temperature__temperature_low_train__detaq_scf__medium__n160_te0600_r3_seed0
temperature,temperature_ood_0600K,medium,160,600,1,100,32000,0.0026618647712050017,0.008665063037586506,6.440403765850533e-15,0.22987831376492984,0.0007183697305154057,0.002663237947563176,0.00340848482844875,0.002144238073883269,0.01028326393754644,0.004213371686812026,0.006823654942422324,ic,temperature__temperature_low_train__detaq_scf__medium__n160_te0600_r3_seed1
temperature,temperature_ood_0900K,medium,160,600,1,100,32000,0.006338697784491524,0.035069463317870024,5.530020885657905e-15,0.4988887831568718,0.0015590274473652247,0.004747218795564548,0.007384383526009499,0.006799908141181126,0.04451174168544916,0.0065465457033496936,0.012285020282502489,ic,temperature__temperature_low_train__detaq_scf__medium__n160_te0600_r3_seed1
temperature,temperature_ood_1200K,medium,160,600,1,100,32000,0.02053043850049871,0.13135389211935095,6.162848009694244e-15,2.2431222376972437,0.0070097569928038875,0.013304774031174018,0.022169658856782237,0.024297905877744295,0.16559308936451075,0.016453700838086657,0.05928336499251518,ic,temperature__temperature_low_train__detaq_scf__medium__n160_te0600_r3_seed1
temperature,temperature_ood_0600K,medium,160,600,2,100,32000,0.0026449264498776747,0.008089157834034114,5.6432636341696705e-15,0.2341848331689835,0.0007318276036530734,0.002629942688101437,0.003344965993444313,0.002136634764940632,0.009388843937238841,0.00418478526646504,0.007178607343266439,ic,temperature__temperature_low_train__detaq_scf__medium__n160_te0600_r3_seed2
temperature,temperature_ood_0900K,medium,160,600,2,100,32000,0.005963560240098741,0.03038752459930655,6.391553952767026e-15,0.8043935632705691,0.0025137298852205285,0.004025591059471482,0.005975308576057289,0.006292388197655479,0.038071145305589325,0.006915045548055786,0.015266552628223285,ic,temperature__temperature_low_train__detaq_scf__medium__n160_te0600_r3_seed2
temperature,temperature_ood_1200K,medium,160,600,2,100,32000,0.018584313087235203,0.11201394101090886,6.653566586578563e-15,2.149217443168163,0.00671630450990051,0.009089705073623918,0.01640451289701453,0.022338243955397043,0.14258561827223645,0.016817128496360963,0.03839962560183037,ic,temperature__temperature_low_train__detaq_scf__medium__n160_te0600_r3_seed2
temperature,temperature_ood_0600K,large,5,300,0,100,32000,0.010643280413834144,0.023369676727143514,6.0840221749458575e-15,0.4998838767409323,0.001562137114815414,0.0116764819995733,0.014615002159493044,0.010006806607814119,0.027442322182362228,0.011519500246155072,0.016058254053671894,ic,temperature__temperature_low_train__detaq_scf__large__n005_te0300_r3_seed0
temperature,temperature_ood_0900K,large,5,300,0,100,32000,0.021454973301291466,0.09378646497713806,6.055156376305604e-15,2.116256457865238,0.006613301430828869,0.017240309717861238,0.02157680260756922,0.023250936213599437,0.119358902651884,0.02028174814779777,0.027826313571652654,ic,temperature__temperature_low_train__detaq_scf__large__n005_te0300_r3_seed0
temperature,temperature_ood_1200K,large,5,300,0,100,32000,0.05025654572956337,0.3450474894692129,7.413514246934483e-15,4.149651043452322,0.012967659510788508,0.027606786447002377,0.037038076537578415,0.061513306922355696,0.4440982685899421,0.039136021433747385,0.04740479234925709,ic,temperature__temperature_low_train__detaq_scf__large__n005_te0300_r3_seed0
temperature,temperature_ood_0600K,large,5,300,1,100,32000,0.009153347773966381,0.015623427699951833,5.783151735272441e-15,0.33885878443717954,0.0010589337013661862,0.013557889608840922,0.01679720471671788,0.007803554749058093,0.01559374839343331,0.008798185013816698,0.014450481386779825,ic,temperature__temperature_low_train__detaq_scf__large__n005_te0300_r3_seed1
temperature,temperature_ood_0900K,large,5,300,1,100,32000,0.01631260816085269,0.048184004886625255,4.7351012000262925e-15,0.9205805787444116,0.0028768143085762857,0.0171819613580883,0.020934278165583294,0.015570478380686837,0.058504886058567664,0.017669644304114634,0.030029694538567304,ic,temperature__temperature_low_train__detaq_scf__large__n005_te0300_r3_seed1
temperature,temperature_ood_1200K,large,5,300,1,100,32000,0.03817177148908886,0.1547408248189895,5.051514762044462e-15,2.2074908604472876,0.006898408938897774,0.022036978511747293,0.0292752845224906,0.0412429265291903,0.1918862596985353,0.0450930993461261,0.09168185240903452,ic,temperature__temperature_low_train__detaq_scf__large__n005_te0300_r3_seed1
temperature,temperature_ood_0600K,large,5,300,2,100,32000,0.012073092148837167,0.023879790417819274,5.60440582830779e-15,0.6420097637176514,0.0020062805116176606,0.01564846095186658,0.01960755919779753,0.011082453616273899,0.027372773867130863,0.01146963894349756,0.014797274301589652,ic,temperature__temperature_low_train__detaq_scf__large__n005_te0300_r3_seed2
temperature,temperature_ood_0900K,large,5,300,2,100,32000,0.022231054376650718,0.05709805304912245,5.367928324062632e-15,2.5310502956807612,0.007909532174002379,0.02144961756754492,0.02610003185639285,0.02401297945485567,0.07084583743871463,0.017666715951141675,0.023713468744975843,ic,temperature__temperature_low_train__detaq_scf__large__n005_te0300_r3_seed2
temperature,temperature_ood_1200K,large,5,300,2,100,32000,0.0460678592647615,0.157609900083967,6.0190741280052866e-15,2.8387786772847177,0.008871183366514742,0.029629155882805208,0.037993136460978516,0.0543012766386164,0.19983008272934485,0.0378063105251531,0.054449414261287646,ic,temperature__temperature_low_train__detaq_scf__large__n005_te0300_r3_seed2
temperature,temperature_ood_0600K,large,5,600,0,100,32000,0.006636307295109145,0.01725604912219848,6.339373470609644e-15,0.22576146066188812,0.0007055045645684003,0.008019116636482066,0.010347224930198332,0.006603664598136675,0.020961169095921838,0.005351426044653635,0.007979928770298057,ic,temperature__temperature_low_train__detaq_scf__large__n005_te0600_r3_seed0
temperature,temperature_ood_0900K,large,5,600,0,100,32000,0.013714023623149841,0.07619839910825554,6.143974218275617e-15,0.8480754971504212,0.002650235928595066,0.010929451179137684,0.014929057600306665,0.016283842321058426,0.09762975070972624,0.008789139973436251,0.014608172423060003,ic,temperature__temperature_low_train__detaq_scf__large__n005_te0600_r3_seed0
temperature,temperature_ood_1200K,large,5,600,0,100,32000,0.037703618703121895,0.2885763710863626,7.217559883088143e-15,3.565841459557414,0.011143254561116919,0.01888518105701951,0.02851928743825101,0.04912821060819018,0.37136987690121176,0.022248280634019464,0.04267907663037244,ic,temperature__temperature_low_train__detaq_scf__large__n005_te0600_r3_seed0
temperature,temperature_ood_0600K,large,5,600,1,100,32000,0.006962494271568723,0.014666486268406788,5.160316618457727e-15,0.3317318329215051,0.0010366619778797036,0.01014847819940769,0.012714863193738771,0.0062326897855576446,0.01618836532510333,0.005965923801762984,0.0112991962357642,ic,temperature__temperature_low_train__detaq_scf__large__n005_te0600_r3_seed1
temperature,temperature_ood_0900K,large,5,600,1,100,32000,0.013856589182390596,0.05172088943245414,6.365741267444491e-15,0.9143579450249674,0.0028573685782030227,0.012543605595230472,0.015788264500229233,0.014959029770470806,0.06460737325935723,0.011862251005310097,0.02456918159137207,ic,temperature__temperature_low_train__detaq_scf__large__n005_te0600_r3_seed1
temperature,temperature_ood_1200K,large,5,600,1,100,32000,0.037607152996647346,0.16352090832153346,6.742384428548575e-15,3.7798731139302255,0.011812103481031955,0.017198812420239847,0.024406494870041658,0.04530042106864373,0.2046218123500689,0.03493568935706571,0.08654190910405746,ic,temperature__temperature_low_train__detaq_scf__large__n005_te0600_r3_seed1
temperature,temperature_ood_0600K,large,5,600,2,100,32000,0.007155894258152695,0.014252092261325053,6.1817218011128716e-15,0.20883511900901797,0.0006526097469031813,0.00964862103899941,0.012212288855254966,0.006884429650905076,0.01640582421510187,0.0054775612990488306,0.007682282571733098,ic,temperature__temperature_low_train__detaq_scf__large__n005_te0600_r3_seed2
temperature,temperature_ood_0900K,large,5,600,2,100,32000,0.01323669388340204,0.04215102372899154,6.294964549624638e-15,0.6416254961490631,0.0020050796754658225,0.012150348860828672,0.015441841414620934,0.015299405694706364,0.05314697803712774,0.008134903472062431,0.01308776976031135,ic,temperature__temperature_low_train__detaq_scf__large__n005_te0600_r3_seed2
temperature,temperature_ood_1200K,large,5,600,2,100,32000,0.032114457525816396,0.14191997277078625,5.7959193000556295e-15,2.391300264969468,0.007472813328029589,0.01700307856308791,0.024958213034088746,0.041831648529086427,0.18087703031333488,0.018074263478734788,0.04397704712159985,ic,temperature__temperature_low_train__detaq_scf__large__n005_te0600_r3_seed2
temperature,temperature_ood_0600K,large,10,300,0,100,32000,0.011618026146653573,0.025370130989255994,5.416778137146139e-15,0.534234533905983,0.0016694829184561969,0.012982998711639084,0.01642580190569501,0.010505979675857816,0.029092701966906106,0.01358919299405534,0.020230047963592082,ic,temperature__temperature_low_train__detaq_scf__large__n010_te0300_r3_seed0
temperature,temperature_ood_0900K,large,10,300,0,100,32000,0.0235272931079322,0.0994541046725004,6.3438143627081445e-15,2.2649309328198433,0.0070779091650620095,0.018905637118208685,0.023869245554249345,0.024602914024260826,0.12592327910181023,0.024922086348669836,0.036274469513103556,ic,temperature__temperature_low_train__detaq_scf__large__n010_te0300_r3_seed0
temperature,temperature_ood_1200K,large,10,300,0,100,32000,0.05395383527113299,0.35655132415449603,8.42270697631875e-15,4.449536214396358,0.013904800669988617,0.029986125235813236,0.04010240504731672,0.06442188386068785,0.4584825043014778,0.04651739953778815,0.05845862331067771,ic,temperature__temperature_low_train__detaq_scf__large__n010_te0300_r3_seed0
temperature,temperature_ood_0600K,large,10,300,1,100,32000,0.008729932241386268,0.016618693273934452,6.130651541980114e-15,0.3487482035160065,0.0010898381359875202,0.012662563575955571,0.01577973398580407,0.007693851176416499,0.01770298667161566,0.007905544101726263,0.013846213009939795,ic,temperature__temperature_low_train__detaq_scf__large__n010_te0300_r3_seed1
temperature,temperature_ood_0900K,large,10,300,1,100,32000,0.01594799054938776,0.05526306829991308,5.809797087863444e-15,0.8343050365149974,0.002607203239109367,0.01610801450577856,0.019756479238781863,0.015961909030530175,0.06837131121381997,0.01574621114956971,0.029254171094064422,ic,temperature__temperature_low_train__detaq_scf__large__n010_te0300_r3_seed1
temperature,temperature_ood_1200K,large,10,300,1,100,32000,0.03849872086113756,0.17407872740453603,6.455946888195285e-15,2.5435852624103426,0.007948703945032321,0.021302182276493112,0.02873747429168375,0.043336611620657405,0.21775124010394942,0.041181587167222464,0.09189323448886298,ic,temperature__temperature_low_train__detaq_scf__large__n010_te0300_r3_seed1
temperature,temperature_ood_0600K,large,10,300,2,100,32000,0.012722221279202493,0.027809911233161497,5.802025526691068e-15,0.6981887203454972,0.0021818397510796786,0.01624045943544479,0.02040752313567188,0.011588747120151916,0.03250001133548834,0.012604405600111935,0.016785011260884348,ic,temperature__temperature_low_train__detaq_scf__large__n010_te0300_r3_seed2
temperature,temperature_ood_0900K,large,10,300,2,100,32000,0.024489520844799696,0.07213221604368454,6.232236948733316e-15,2.735066712796688,0.00854708347748965,0.022753511949675155,0.027721096746951335,0.02671060485376317,0.09040149340328034,0.019562277713033836,0.027009881957906805,ic,temperature__temperature_low_train__detaq_scf__large__n010_te0300_r3_seed2
temperature,temperature_ood_1200K,large,10,300,2,100,32000,0.051098166474544265,0.201088542510559,6.918354777951663e-15,3.647632715292275,0.01139885223528836,0.03237201741908211,0.041201193904019634,0.061499499590909786,0.2567774242473668,0.038620316180909865,0.051783534609479744,ic,temperature__temperature_low_train__detaq_scf__large__n010_te0300_r3_seed2
temperature,temperature_ood_0600K,large,10,600,0,100,32000,0.006690992331842427,0.017899748472882022,5.446754158811018e-15,0.2788762360811233,0.0008714882377535103,0.00773508037411375,0.009992042991229784,0.006788952972681729,0.02184164626363372,0.005353022367053199,0.008425646521574034,ic,temperature__temperature_low_train__detaq_scf__large__n010_te0600_r3_seed0
temperature,temperature_ood_0900K,large,10,600,0,100,32000,0.013904838035162537,0.07966148444930785,6.169509347841995e-15,1.0013700652122497,0.0031292814537882806,0.010508066212729318,0.014462349809131182,0.016744889627666758,0.10210285587066663,0.008781455080083106,0.015672314139798783,ic,temperature__temperature_low_train__detaq_scf__large__n010_te0600_r3_seed0
temperature,temperature_ood_1200K,large,10,600,0,100,32000,0.038246822985232576,0.2994434325012051,6.143419106763304e-15,3.8101173470169307,0.011906616709427907,0.01858148621670262,0.028049379078184934,0.05032422778757124,0.3853638234866927,0.021679945346746533,0.04504718989014206,ic,temperature__temperature_low_train__detaq_scf__large__n010_te0600_r3_seed0
temperature,temperature_ood_0600K,large,10,600,1,100,32000,0.006814183867472456,0.016515596001658257,5.284661597215745e-15,0.36460760325193403,0.0011393987601622938,0.009209291384991958,0.011633708626462652,0.006278189755888889,0.018914633330527033,0.006027058684703661,0.012457580742650933,ic,temperature__temperature_low_train__detaq_scf__large__n010_te0600_r3_seed1
temperature,temperature_ood_0900K,large,10,600,1,100,32000,0.013983001052759939,0.06287824946241691,5.8958393722718935e-15,1.030715420693159,0.0032209856896661215,0.011683228615424012,0.01486183789769068,0.015386901049826216,0.07917533480526293,0.012071073498897028,0.02722675388319324,ic,temperature__temperature_low_train__detaq_scf__large__n010_te0600_r3_seed1
temperature,temperature_ood_1200K,large,10,600,1,100,32000,0.038398080557652425,0.20244248376921092,6.682432385218817e-15,3.7115058902651072,0.011598455907078458,0.01722367894353738,0.024782264129859278,0.0470293379137147,0.2558505844356975,0.033678710103580665,0.08900601603021036,ic,temperature__temperature_low_train__detaq_scf__large__n010_te0600_r3_seed1
temperature,temperature_ood_0600K,large,10,600,2,100,32000,0.006923651850316673,0.01607740107706833,5.50115508701765e-15,0.22466180264949787,0.0007020681332796809,0.008876068291137927,0.011308805096458915,0.006726774136729849,0.01910608896496611,0.005561868550255897,0.008330495041910451,ic,temperature__temperature_low_train__detaq_scf__large__n010_te0600_r3_seed2
temperature,temperature_ood_0900K,large,10,600,2,100,32000,0.013587134089739994,0.05605519569079339,5.9763305415572175e-15,0.6446247184276581,0.0020144522450864315,0.011339569796982687,0.014781291530587408,0.015966170663751347,0.07133304422356977,0.008697588660463227,0.015074105139218441,ic,temperature__temperature_low_train__detaq_scf__large__n010_te0600_r3_seed2
temperature,temperature_ood_1200K,large,10,600,2,100,32000,0.03445498007851566,0.1898129247246145,5.524469770534779e-15,2.85530930608511,0.008922841581515968,0.017356279094878118,0.026042363533006447,0.04537317014556659,0.24297056437086453,0.018799110861000376,0.048604956661706285,ic,temperature__temperature_low_train__detaq_scf__large__n010_te0600_r3_seed2
temperature,temperature_ood_0600K,large,20,300,0,100,32000,0.00789279500239063,0.01980873868555159,6.620259895839809e-15,0.2825350779294968,0.0008829221185296772,0.008683256190852261,0.010984476201500398,0.00826109023289367,0.02425962297533949,0.005997448122419886,0.008699655362378064,ic,temperature__temperature_low_train__detaq_scf__large__n020_te0300_r3_seed0
temperature,temperature_ood_0900K,large,20,300,0,100,32000,0.015834684598847525,0.0832119803418972,7.159828285807634e-15,0.9208353719115258,0.002877610537223517,0.012081411184859463,0.015977963606833408,0.019184676877552796,0.1066546523395897,0.009537981176719765,0.015499304630979257,ic,temperature__temperature_low_train__detaq_scf__large__n020_te0300_r3_seed0
temperature,temperature_ood_1200K,large,20,300,0,100,32000,0.0410967414298204,0.30653371780796373,7.275291480368651e-15,3.669690900631249,0.011467784064472653,0.020560182613429793,0.029923469821385357,0.05376873859215266,0.3945706035854439,0.023617308759214212,0.04314282186373356,ic,temperature__temperature_low_train__detaq_scf__large__n020_te0300_r3_seed0
temperature,temperature_ood_0600K,large,20,300,1,100,32000,0.0064861332864675205,0.017405081781340606,5.674349878859175e-15,0.31777461141347885,0.0009930456606671214,0.008379219124675728,0.010682260538257552,0.005888894520961913,0.02007450110508708,0.0063847637447761365,0.013842575086093335,ic,temperature__temperature_low_train__detaq_scf__large__n020_te0300_r3_seed1
temperature,temperature_ood_0900K,large,20,300,1,100,32000,0.013494681833224602,0.06463884282142111,5.361266985914881e-15,0.9690865050256252,0.0030283953282050787,0.01083375264071219,0.01388631633591833,0.01462429516635408,0.08123232042466162,0.012766771026348578,0.030033324497231947,ic,temperature__temperature_low_train__detaq_scf__large__n020_te0300_r3_seed1
temperature,temperature_ood_1200K,large,20,300,1,100,32000,0.03664541847148503,0.2008808153601008,6.636913241209186e-15,3.315122516825795,0.01035975786508061,0.016590309601211627,0.024279749468081254,0.04444853373567215,0.25297159581843437,0.03329118154919706,0.09587553802553499,ic,temperature__temperature_low_train__detaq_scf__large__n020_te0300_r3_seed1
temperature,temperature_ood_0600K,large,20,300,2,100,32000,0.007514836307265794,0.01887721311921522,5.241362899255364e-15,0.2538159906864166,0.000793174970895052,0.009319818051881156,0.01183829401110202,0.007382287289054753,0.022610398274661568,0.00610750161728356,0.010387990192121164,ic,temperature__temperature_low_train__detaq_scf__large__n020_te0300_r3_seed2
temperature,temperature_ood_0900K,large,20,300,2,100,32000,0.014970063427806598,0.06511273144648651,5.1370019349406e-15,0.7698098161816597,0.0024056556755676865,0.012149829998816131,0.01574129228770539,0.01751583880831216,0.08275993403605993,0.01015297071528039,0.020073132647034208,ic,temperature__temperature_low_train__detaq_scf__large__n020_te0300_r3_seed2
temperature,temperature_ood_1200K,large,20,300,2,100,32000,0.03736874823916442,0.21764240639113078,6.692424392440444e-15,2.9265679834783076,0.009145524948369711,0.019263170949037886,0.028307746749222366,0.04879117571857569,0.2784361977133437,0.02120704309105713,0.05881843402709576,ic,temperature__temperature_low_train__detaq_scf__large__n020_te0300_r3_seed2
temperature,temperature_ood_0600K,large,20,600,0,100,32000,0.005265609504061285,0.013534739935128515,5.428990590417015e-15,0.21870160162448876,0.0006834425050765274,0.005750071702350396,0.007521765011829685,0.005178658003821814,0.0163197419516192,0.005042001806490588,0.00776962319307117,ic,temperature__temperature_low_train__detaq_scf__large__n020_te0600_r3_seed0
temperature,temperature_ood_0900K,large,20,600,0,100,32000,0.01110157613119227,0.06054948680071768,6.0107474553205976e-15,0.9207859441637993,0.0028774560755118733,0.008167447272629944,0.011751262001147813,0.013117075922404183,0.07745674432220284,0.007989205616118851,0.013945173987673946,ic,temperature__temperature_low_train__detaq_scf__large__n020_te0600_r3_seed0
temperature,temperature_ood_1200K,large,20,600,0,100,32000,0.03184594253292307,0.2261614765459331,6.553646514362299e-15,3.2871320801228285,0.01027228775038384,0.015520998244493968,0.024606195404550873,0.041494357276523564,0.2909997303860584,0.019225642590550703,0.03312209625944884,ic,temperature__temperature_low_train__detaq_scf__large__n020_te0600_r3_seed0
temperature,temperature_ood_0600K,large,20,600,1,100,32000,0.00541534433288034,0.01539716315671441,6.098455074265985e-15,0.32500167086720466,0.0010156302214600144,0.005806928743753817,0.007513343190926148,0.005107970562428818,0.017828223607658542,0.005945881233361438,0.013242966791990446,ic,temperature__temperature_low_train__detaq_scf__large__n020_te0600_r3_seed1
temperature,temperature_ood_0900K,large,20,600,1,100,32000,0.012409413178019168,0.05639071692917021,6.906003546802708e-15,1.0954039016366004,0.0034231371926143764,0.007918829019436089,0.010564422960283015,0.014149166702275883,0.07061202221103599,0.0116807367638321,0.02880598382714501,ic,temperature__temperature_low_train__detaq_scf__large__n020_te0600_r3_seed1
temperature,temperature_ood_1200K,large,20,600,1,100,32000,0.03561303018390608,0.17427552366692242,6.031841692788475e-15,3.8112026552855967,0.011910008297767491,0.015299093100351458,0.02280399846958188,0.04387897937402158,0.21765345588789228,0.031129119697114228,0.09602441262966149,ic,temperature__temperature_low_train__detaq_scf__large__n020_te0600_r3_seed1
temperature,temperature_ood_0600K,large,20,600,2,100,32000,0.005344084834330715,0.01494030647014358,5.91859894427671e-15,0.311112853884697,0.0009722276683896781,0.0065362617786740886,0.008401284016352881,0.00488630061299773,0.018024439442122724,0.0055252605539862975,0.008416707335852668,ic,temperature__temperature_low_train__detaq_scf__large__n020_te0600_r3_seed2
temperature,temperature_ood_0900K,large,20,600,2,100,32000,0.011353437993710393,0.06383953608672965,6.8567374000849666e-15,0.9357641524076462,0.0029242629762738937,0.008671059540472925,0.01214866011092162,0.01307958073669579,0.08164591022729215,0.008857388217991681,0.015220969937045687,ic,temperature__temperature_low_train__detaq_scf__large__n020_te0600_r3_seed2
temperature,temperature_ood_1200K,large,20,600,2,100,32000,0.03280775603373622,0.22322715006016675,6.759592885430265e-15,3.334842294380069,0.010421382169937715,0.01615819869837287,0.025950598563939883,0.04267768333034474,0.28628517817848975,0.019847531479274042,0.05099764033781637,ic,temperature__temperature_low_train__detaq_scf__large__n020_te0600_r3_seed2
temperature,temperature_ood_0600K,large,40,300,0,100,32000,0.005253563107887749,0.014663904532593605,5.734301922188933e-15,0.1973969119787215,0.0006168653499335049,0.005460213201411534,0.00711868329883768,0.005175417165349548,0.017896414398160043,0.005281350841978567,0.007976834200604601,ic,temperature__temperature_low_train__detaq_scf__large__n040_te0300_r3_seed0
temperature,temperature_ood_0900K,large,40,300,0,100,32000,0.011209539729135578,0.06294624946410203,6.5503158452884236e-15,0.7861237519979477,0.0024566367249935868,0.008033054761966925,0.011705805451523388,0.013180477934336524,0.08054415960522462,0.008473210080701394,0.014561620348718175,ic,temperature__temperature_low_train__detaq_scf__large__n040_te0300_r3_seed0
temperature,temperature_ood_1200K,large,40,300,0,100,32000,0.03192131885385461,0.22189210935332376,6.1461946643248665e-15,2.904787137284875,0.009077459804015234,0.015288453900437163,0.025157539201603633,0.04127426097039278,0.28512010704361823,0.02049535745765752,0.040831518046282114,ic,temperature__temperature_low_train__detaq_scf__large__n040_te0300_r3_seed0
temperature,temperature_ood_0600K,large,40,300,1,100,32000,0.005096205342520261,0.013735582553426974,6.723510637129948e-15,0.25070199429988854,0.0007834437321871517,0.004917519879760221,0.006437072933634596,0.004983732906548539,0.016436294908663805,0.005612308113195467,0.009562419227549223,ic,temperature__temperature_low_train__detaq_scf__large__n040_te0300_r3_seed1
temperature,temperature_ood_0900K,large,40,300,1,100,32000,0.011329815206539933,0.05539898810823659,6.206146707654625e-15,0.7356332886219025,0.0022988540269434452,0.006979417654350981,0.009547805781095276,0.013006717251371204,0.07036851368627085,0.010649506624235073,0.019972372583258968,ic,temperature__temperature_low_train__detaq_scf__large__n040_te0300_r3_seed1
temperature,temperature_ood_1200K,large,40,300,1,100,32000,0.03402188428739464,0.18698141014279027,6.572520305780927e-15,3.07139154098928,0.0095980985655915,0.014871008787973549,0.022294534935123903,0.041849860915545524,0.23746581801448066,0.02968882990236307,0.07171574604714748,ic,temperature__temperature_low_train__detaq_scf__large__n040_te0300_r3_seed1
temperature,temperature_ood_0600K,large,40,300,2,100,32000,0.005133296177827288,0.015140081525912981,5.014877402231832e-15,0.16316469430923466,0.0005098896697163583,0.005814779105770869,0.007450546753225822,0.004809708924692436,0.018535057970288545,0.005422575009288267,0.007743033917566396,ic,temperature__temperature_low_train__detaq_scf__large__n040_te0300_r3_seed2
temperature,temperature_ood_0900K,large,40,300,2,100,32000,0.011061502750846558,0.06784310373641611,6.102895966364485e-15,0.7269658526778221,0.0022717682896181944,0.008269316489080662,0.011854292645693454,0.01283074694346093,0.08695357534480046,0.008545956434769318,0.013789001888794433,ic,temperature__temperature_low_train__detaq_scf__large__n040_te0300_r3_seed2
temperature,temperature_ood_1200K,large,40,300,2,100,32000,0.03231172380744684,0.23493371154183312,6.7218453025930105e-15,2.952846434339881,0.009227645107312128,0.015917672966395912,0.026649127700550914,0.042129915395555134,0.3017000272071047,0.01925119988417282,0.046801162769773044,ic,temperature__temperature_low_train__detaq_scf__large__n040_te0300_r3_seed2
temperature,temperature_ood_0600K,large,40,600,0,100,32000,0.003726126009738072,0.013019962649342836,7.167599846980011e-15,0.163489727973938,0.0005109053999185564,0.003435651803680229,0.0045962335385496015,0.003464849547424819,0.01622076649924207,0.004800429602735675,0.006093601294942327,ic,temperature__temperature_low_train__detaq_scf__large__n040_te0600_r3_seed0
temperature,temperature_ood_0900K,large,40,600,0,100,32000,0.00918035084172152,0.05820192949528261,5.384581669432009e-15,0.6666390025615694,0.0020832468830049044,0.005901073249930051,0.009392359524487612,0.010913137695625968,0.07469174792354241,0.007261267871799644,0.010608248856903828,ic,temperature__temperature_low_train__detaq_scf__large__n040_te0600_r3_seed0
temperature,temperature_ood_1200K,large,40,600,0,100,32000,0.028479549756587945,0.20411324012220944,5.8852922535379546e-15,2.4289086954295636,0.007590339673217386,0.013526992093728043,0.023436990480563493,0.037245890833932205,0.262785491887611,0.017133084187415076,0.02435440829309179,ic,temperature__temperature_low_train__detaq_scf__large__n040_te0600_r3_seed0
temperature,temperature_ood_0600K,large,40,600,1,100,32000,0.0035592537572607403,0.008422217079737618,6.634692795159935e-15,0.17017298400402087,0.0005317905750125652,0.0034020552592119203,0.0045132974695731585,0.003212202875448081,0.009462665621053253,0.004757604900747538,0.008103871091933496,ic,temperature__temperature_low_train__detaq_scf__large__n040_te0600_r3_seed1
temperature,temperature_ood_0900K,large,40,600,1,100,32000,0.00810656992549484,0.036801633364519776,6.230571614196378e-15,0.4033843354880809,0.0012605760484002528,0.005230671300610994,0.007464041418877277,0.00905069844770575,0.04637048773806186,0.008150082983745956,0.016291800943502903,ic,temperature__temperature_low_train__detaq_scf__large__n040_te0600_r3_seed1
temperature,temperature_ood_1200K,large,40,600,1,100,32000,0.02686411179606075,0.1285337878125256,5.149214388211476e-15,2.3541616865992547,0.0073567552706226705,0.013274712827442272,0.020686754285588152,0.03226616802410233,0.16065091131777567,0.02424734208055452,0.06892449000615844,ic,temperature__temperature_low_train__detaq_scf__large__n040_te0600_r3_seed1
temperature,temperature_ood_0600K,large,40,600,2,100,32000,0.0035677537353243673,0.012549230662429517,5.397904345727511e-15,0.1718631875514984,0.0005370724610984325,0.0034606517343781884,0.004628916568120917,0.0032487669453063668,0.015592926946110872,0.004631816106324548,0.006047393674917315,ic,temperature__temperature_low_train__detaq_scf__large__n040_te0600_r3_seed2
temperature,temperature_ood_0900K,large,40,600,2,100,32000,0.008623381897609216,0.06176208034660165,6.669109708923315e-15,0.6424494636058807,0.002007654573768377,0.005805179966846483,0.00940673596431515,0.010216377500910312,0.07935868072980698,0.006662597018468656,0.009533390827598296,ic,temperature__temperature_low_train__detaq_scf__large__n040_te0600_r3_seed2
temperature,temperature_ood_1200K,large,40,600,2,100,32000,0.028207672142286904,0.2209869413700143,7.399636459126669e-15,2.6759433379769324,0.008362322931177914,0.014430479816554001,0.025685248476578368,0.036914730426632264,0.2841993331296007,0.01586368961498374,0.03476530507759,ic,temperature__temperature_low_train__detaq_scf__large__n040_te0600_r3_seed2
temperature,temperature_ood_0600K,large,80,300,0,100,32000,0.004129529071075376,0.014121656518767815,5.702105454474804e-15,0.19491443157196045,0.0006091075986623765,0.003887944715796039,0.005164491727039891,0.004019071648411531,0.017623062911289494,0.004702485694346251,0.006222290594774756,ic,temperature__temperature_low_train__detaq_scf__large__n080_te0300_r3_seed0
temperature,temperature_ood_0900K,large,80,300,0,100,32000,0.010008880722447063,0.06359910909615371,6.314948564067891e-15,0.7982471373677253,0.0024945223042741422,0.006579902786994353,0.010264371191028028,0.012086947693411882,0.08167333199268592,0.00720365774500533,0.01035744161521633,ic,temperature__temperature_low_train__detaq_scf__large__n080_te0300_r3_seed0
temperature,temperature_ood_1200K,large,80,300,0,100,32000,0.030263621915946715,0.2224904736486809,6.7845729034843316e-15,2.7610446939617397,0.008628264668630436,0.014408957481915423,0.02461335195628051,0.03988283734128345,0.2863140079342717,0.017260640073967798,0.03125865975037124,ic,temperature__temperature_low_train__detaq_scf__large__n080_te0300_r3_seed0
temperature,temperature_ood_0600K,large,80,300,1,100,32000,0.003828510820819064,0.010705166990451145,6.7479355436717016e-15,0.17668783962726597,0.0005521494988352061,0.0034135219695162955,0.004513896721397394,0.0035134288817838134,0.01242021077429377,0.0051887454892275845,0.009478545817905444,ic,temperature__temperature_low_train__detaq_scf__large__n080_te0300_r3_seed1
temperature,temperature_ood_0900K,large,80,300,1,100,32000,0.009250836928019998,0.04572212105239487,6.870060076380469e-15,0.5220039421319962,0.001631262319162488,0.005385051271980046,0.007608874095433586,0.010399635319161462,0.05772301523766855,0.009670227410635559,0.019970661938572457,ic,temperature__temperature_low_train__detaq_scf__large__n080_te0300_r3_seed1
temperature,temperature_ood_1200K,large,80,300,1,100,32000,0.029760366683703614,0.1530296725293915,6.055156376305604e-15,2.6106525111198424,0.008158289097249508,0.013485815278952946,0.020898911928215278,0.03596132161361796,0.1916895348630932,0.027432053298711248,0.08011869647213221,ic,temperature__temperature_low_train__detaq_scf__large__n080_te0300_r3_seed1
temperature,temperature_ood_0600K,large,80,300,2,100,32000,0.004108608352509328,0.01844142060902534,6.079581282847357e-15,0.19285296440124516,0.000602665513753891,0.00373505308869062,0.0050373427047118715,0.004031315575838866,0.023350781279662475,0.00471404194633942,0.006267231426898362,ic,temperature__temperature_low_train__detaq_scf__large__n080_te0300_r3_seed2
temperature,temperature_ood_0900K,large,80,300,2,100,32000,0.010757856469176477,0.08395334388427941,6.501466032204917e-15,0.9072970029711723,0.0028353031342849134,0.006730900112364908,0.011068167679267573,0.013213901946350234,0.10801780680922313,0.007416676394466773,0.010713339692180798,ic,temperature__temperature_low_train__detaq_scf__large__n080_te0300_r3_seed2
temperature,temperature_ood_1200K,large,80,300,2,100,32000,0.03434555666979868,0.283850722137688,6.61637411525362e-15,3.362067369222641,0.010506460528820753,0.016487441982360906,0.028881636681277682,0.04594791610269264,0.3655685119627354,0.017396593058554566,0.033181358276897666,ic,temperature__temperature_low_train__detaq_scf__large__n080_te0300_r3_seed2
temperature,temperature_ood_0600K,large,80,600,0,100,32000,0.003067000544175972,0.00866771776362854,7.003286839335487e-15,0.163923915028572,0.0005122622344642875,0.0029462777191074565,0.0038794043103524195,0.0026216039892363683,0.01042116339845549,0.004523913034063298,0.005898723473303593,ic,temperature__temperature_low_train__detaq_scf__large__n080_te0600_r3_seed0
temperature,temperature_ood_0900K,large,80,600,0,100,32000,0.007194954703684196,0.04138693729574534,5.818678872060445e-15,0.6221867540478706,0.0019443336063995962,0.004800165765627753,0.007653711067093709,0.007885678111391218,0.052839760019863444,0.007517573418619575,0.01138827834402332,ic,temperature__temperature_low_train__detaq_scf__large__n080_te0600_r3_seed0
temperature,temperature_ood_1200K,large,80,600,0,100,32000,0.022809430524380874,0.15240875573702023,7.074341112911497e-15,1.7711993758380413,0.005534998049493879,0.011304270434105996,0.021091574568719577,0.028706198391664658,0.19582124058234646,0.01662428701280441,0.025679073564246847,ic,temperature__temperature_low_train__detaq_scf__large__n080_te0600_r3_seed0
temperature,temperature_ood_0600K,large,80,600,1,100,32000,0.0030989277289831083,0.005909523176640392,6.1384231031524904e-15,0.10815546751022342,0.00033798583596944824,0.002902401361498049,0.0037533476428083952,0.002632473328694082,0.006010774313632045,0.004694817297335247,0.007220559452024346,ic,temperature__temperature_low_train__detaq_scf__large__n080_te0600_r3_seed1
temperature,temperature_ood_0900K,large,80,600,1,100,32000,0.006591822729143314,0.025007371357925842,7.110978472724127e-15,0.28584791183471675,0.0008932747244834897,0.004278151557955425,0.005956928801549733,0.007236416434907976,0.031205976136551856,0.006971712783037216,0.013035308608321623,ic,temperature__temperature_low_train__detaq_scf__large__n080_te0600_r3_seed1
temperature,temperature_ood_1200K,large,80,600,1,100,32000,0.02217937231588003,0.09437797404812351,5.297984273511247e-15,1.972181141972542,0.006163066068664193,0.010982726578251459,0.017076654502480748,0.026423121213762595,0.11716070732815236,0.020644771359860883,0.055357960342170796,ic,temperature__temperature_low_train__detaq_scf__large__n080_te0600_r3_seed1
temperature,temperature_ood_0600K,large,80,600,2,100,32000,0.0031429843366378913,0.014904995256492854,6.753486658794827e-15,0.2431841880083084,0.0007599505875259637,0.002907037391734776,0.0038965917154028897,0.0028219361087152115,0.018854513337517507,0.004342075965309047,0.005397496771647911,ic,temperature__temperature_low_train__detaq_scf__large__n080_te0600_r3_seed2
temperature,temperature_ood_0900K,large,80,600,2,100,32000,0.008499583976331635,0.06916217127786457,6.7490457666963265e-15,0.873528488278389,0.0027297765258699654,0.005159287863119974,0.008208278039893888,0.010272084007000864,0.08902171502515525,0.00652237999753561,0.008663521968766963,ic,temperature__temperature_low_train__detaq_scf__large__n080_te0600_r3_seed2
temperature,temperature_ood_1200K,large,80,600,2,100,32000,0.02795684342272579,0.2381836179643498,6.185052470186747e-15,2.8230796176195145,0.008822123805060983,0.013268186796893127,0.022862915857701255,0.03726712586828702,0.30698097295302157,0.014714652711874807,0.02055512456467178,ic,temperature__temperature_low_train__detaq_scf__large__n080_te0600_r3_seed2
temperature,temperature_ood_0600K,large,160,300,0,100,32000,0.0032315656410180967,0.010389272896015775,6.190603585309873e-15,0.12207331538200374,0.0003814791105687616,0.00325158084515715,0.004386431810582611,0.0028167084410670212,0.01273995478782845,0.00445612203673227,0.005790062911817959,ic,temperature__temperature_low_train__detaq_scf__large__n160_te0300_r3_seed0
temperature,temperature_ood_0900K,large,160,300,0,100,32000,0.007934745724272217,0.05249389948876875,6.412648190234904e-15,0.5862593001127243,0.0018320603128522633,0.005641129901690873,0.00968707817405566,0.008859626206452958,0.06723119361912566,0.007453720100311329,0.011140365693163854,ic,temperature__temperature_low_train__detaq_scf__large__n160_te0300_r3_seed0
temperature,temperature_ood_1200K,large,160,300,0,100,32000,0.02526039135669416,0.19349986447532855,6.329381463388017e-15,2.186337489485741,0.00683230465464294,0.013578351704316444,0.025773616315026303,0.031949914377328234,0.2488976700965854,0.01687386194716964,0.026392383813752106,ic,temperature__temperature_low_train__detaq_scf__large__n160_te0300_r3_seed0
temperature,temperature_ood_0600K,large,160,300,1,100,32000,0.0030210624992731026,0.007537543298771271,6.575850974854802e-15,0.11710963904857633,0.0003659676220268011,0.002894316931255162,0.0038032325984057166,0.0026282484384525253,0.008822278219514427,0.004326250249752775,0.006009196099240452,ic,temperature__temperature_low_train__detaq_scf__large__n160_te0300_r3_seed1
temperature,temperature_ood_0900K,large,160,300,1,100,32000,0.007383154806162928,0.03928442208923113,6.2361227293195045e-15,0.3864545866847039,0.0012076705833896997,0.004602961494587362,0.006517964824613363,0.008361756813673614,0.05017555406032831,0.007227542095206445,0.01100393353245431,ic,temperature__temperature_low_train__detaq_scf__large__n160_te0300_r3_seed1
temperature,temperature_ood_1200K,large,160,300,1,100,32000,0.025379631122210408,0.14573101176273118,5.447864381835643e-15,2.1797296461462974,0.00681165514420718,0.01210524156215251,0.018434293288938156,0.03134241320108412,0.18603236822763553,0.020765674445647163,0.044985438674488315,ic,temperature__temperature_low_train__detaq_scf__large__n160_te0300_r3_seed1
temperature,temperature_ood_0600K,large,160,300,2,100,32000,0.0032639160831109603,0.017118008077508667,7.37410132956029e-15,0.18526531040668506,0.0005789540950208908,0.0031384008325403543,0.004235435396247475,0.0028727256271134437,0.0217171994093698,0.004563002701674117,0.0056817109354028944,ic,temperature__temperature_low_train__detaq_scf__large__n160_te0300_r3_seed2
temperature,temperature_ood_0900K,large,160,300,2,100,32000,0.00913643723364221,0.08397781980832741,5.738742814287434e-15,1.0317986047267913,0.003224370639771223,0.005840226353757316,0.009511524259170505,0.01101157498608033,0.10814329308311303,0.006807234856212743,0.009272889974894378,ic,temperature__temperature_low_train__detaq_scf__large__n160_te0300_r3_seed2
temperature,temperature_ood_1200K,large,160,300,2,100,32000,0.031441859660198676,0.2979312678290799,7.932543510946744e-15,3.464511632621288,0.010826598851941526,0.01500910006827326,0.02615953967080298,0.04221300134892226,0.3840610094329395,0.015561194185953356,0.02494600840778132,ic,temperature__temperature_low_train__detaq_scf__large__n160_te0300_r3_seed2
temperature,temperature_ood_0600K,large,160,600,0,100,32000,0.002790593801136129,0.008625437312127861,6.4692695644907875e-15,0.12075265526771553,0.00037735204771161094,0.0028946520654717467,0.0037960679829358,0.0023011826835378692,0.010486120773943277,0.0041547688895952894,0.00526350884287214,ic,temperature__temperature_low_train__detaq_scf__large__n160_te0600_r3_seed0
temperature,temperature_ood_0900K,large,160,600,0,100,32000,0.006769302688498281,0.04586650501801493,6.049605261182478e-15,0.5400299736857413,0.0016875936677679419,0.0047638926260406165,0.007529302407221371,0.007592612010358907,0.05884577847553603,0.006304784785374068,0.008574035509780567,ic,temperature__temperature_low_train__detaq_scf__large__n160_te0600_r3_seed0
temperature,temperature_ood_1200K,large,160,600,0,100,32000,0.02244437902702193,0.1788072106439456,6.9744210406952334e-15,1.977201771736145,0.006178755536675453,0.011614087012552772,0.021113562305459646,0.028945649986499723,0.23010474079489887,0.013770858163057707,0.02386912585857193,ic,temperature__temperature_low_train__detaq_scf__large__n160_te0600_r3_seed0
temperature,temperature_ood_0600K,large,160,600,1,100,32000,0.002781298365851399,0.009302780097222964,6.7146288529329464e-15,0.19422227919101714,0.0006069446224719286,0.00275110053026583,0.003538763177159007,0.002351417455298361,0.011426454264540295,0.004101138933096082,0.005337993226253559,ic,temperature__temperature_low_train__detaq_scf__large__n160_te0600_r3_seed1
temperature,temperature_ood_0900K,large,160,600,1,100,32000,0.006942947703052775,0.04636379288157325,5.67323965583455e-15,0.47867170929908753,0.0014958490915596488,0.004345656796853288,0.005877025105986855,0.008040561757739243,0.05954022983011622,0.00624739644519286,0.008851560487367635,ic,temperature__temperature_low_train__detaq_scf__large__n160_te0600_r3_seed1
temperature,temperature_ood_1200K,large,160,600,1,100,32000,0.023767289221720417,0.16940065080242397,6.358247262028272e-15,2.0940953405201435,0.006544047939125448,0.010858703200370655,0.015594135447169803,0.03043552978763667,0.21748016399443157,0.016671153545321435,0.03669959411144357,ic,temperature__temperature_low_train__detaq_scf__large__n160_te0600_r3_seed1
temperature,temperature_ood_0600K,large,160,600,2,100,32000,0.0029742054363712674,0.01387591174506459,6.0107474553205976e-15,0.2387102049589156,0.0007459693904966114,0.00292260257533053,0.003832538764092696,0.0026123800322917917,0.017523799585773353,0.004111284509650433,0.00517355048673374,ic,temperature__temperature_low_train__detaq_scf__large__n160_te0600_r3_seed2
temperature,temperature_ood_0900K,large,160,600,2,100,32000,0.008103051263763338,0.06821476272430194,5.8475446707007e-15,1.06034700602293,0.0033135843938216568,0.004811404233623763,0.007154673179915292,0.00976494086023498,0.0878292179076552,0.006409029504487986,0.0085536754989605,ic,temperature__temperature_low_train__detaq_scf__large__n160_te0600_r3_seed2
temperature,temperature_ood_1200K,large,160,600,2,100,32000,0.026503922464849894,0.2440568450464996,7.65831842386433e-15,3.036210781931877,0.009488158693537117,0.012145716275408634,0.019536938791470827,0.035521804996057955,0.3146804784369883,0.013808481060666964,0.019121076458147944,ic,temperature__temperature_low_train__detaq_scf__large__n160_te0600_r3_seed2
deformation,deformation_ood_lambda0p5,small,5,300,0,100,32000,0.006405253964033909,0.012319288271414581,6.769029781139579e-15,0.2727136498689652,0.0008522301558405161,0.008018954637576826,0.010721222332873216,0.005612836949604873,0.013647330254101343,0.007168804333778098,0.009226637527649788,ic,deformation__deformation_low_train__detaq_scf__small__n005_te0300_r3_seed0
deformation,deformation_ood_lambda0p75,small,5,300,0,100,32000,0.007438692459400045,0.01242895550973479,6.732392421326949e-15,0.7172077095508576,0.0022412740923464297,0.008984945542528294,0.011990503963246867,0.007109989692068969,0.01353196160652666,0.006878547678265023,0.008903961773315318,ic,deformation__deformation_low_train__detaq_scf__small__n005_te0300_r3_seed0
deformation,deformation_ood_lambda1p0,small,5,300,0,100,32000,0.009558101056807208,0.016228609531308707,6.179501355063621e-15,1.466896324157715,0.004584051012992859,0.008714562438544817,0.011197164082044603,0.010136637782988449,0.018781240485425,0.008666029496525878,0.011543715632502744,ic,deformation__deformation_low_train__detaq_scf__small__n005_te0300_r3_seed0
deformation,deformation_ood_lambda0p5,small,5,300,1,100,32000,0.006779325970599894,0.010279084669406186,5.49671419491915e-15,0.19836565911769857,0.0006198926847428081,0.008621062190912198,0.012633564339827697,0.0045921176123083565,0.007214124067560041,0.011499214825162198,0.014579444505504772,ic,deformation__deformation_low_train__detaq_scf__small__n005_te0300_r3_seed1
deformation,deformation_ood_lambda0p75,small,5,300,1,100,32000,0.007371609674266074,0.01135073995817404,5.625500065775668e-15,0.7753308093547823,0.002422908779233694,0.009473045428458136,0.015008757003541382,0.005157495053077582,0.008089145314268046,0.011912517783639488,0.01492082053551538,ic,deformation__deformation_low_train__detaq_scf__small__n005_te0300_r3_seed1
deformation,deformation_ood_lambda1p0,small,5,300,1,100,32000,0.009050680380442645,0.013605418444225359,5.9130478291535835e-15,1.363061950802803,0.004259568596258759,0.009192722519568635,0.01348377796475645,0.006958577204922522,0.01025509775976592,0.01518494776787702,0.020693566556358,ic,deformation__deformation_low_train__detaq_scf__small__n005_te0300_r3_seed1
deformation,deformation_ood_lambda0p5,small,5,300,2,100,32000,0.009564886486053002,0.01482611724305451,5.2025050933934835e-15,0.32511530101299285,0.0010159853156656029,0.015098514574754519,0.020590485334986454,0.00704191556184863,0.01228954449843791,0.011600171169964597,0.01489973034173581,ic,deformation__deformation_low_train__detaq_scf__small__n005_te0300_r3_seed2
deformation,deformation_ood_lambda0p75,small,5,300,2,100,32000,0.010855693581397645,0.01665831994382496,6.087352844019733e-15,1.0303316766023634,0.0032197864893823863,0.01698032695049187,0.024383301948873625,0.008195555004310639,0.013069100867271406,0.012711475943564438,0.016749582394420915,ic,deformation__deformation_low_train__detaq_scf__small__n005_te0300_r3_seed2
deformation,deformation_ood_lambda1p0,small,5,300,2,100,32000,0.013628503422054926,0.019939936855916898,5.692113447253178e-15,1.7627996861934663,0.005508749019354582,0.01642798713647062,0.02292584923428181,0.011753281637482967,0.017852249243477863,0.016454685061355123,0.022501165232560245,ic,deformation__deformation_low_train__detaq_scf__small__n005_te0300_r3_seed2
deformation,deformation_ood_lambda0p5,small,5,600,0,100,32000,0.0043912801513215525,0.011219662633587988,6.540323838066797e-15,0.39512190759181975,0.001234755961224437,0.003964050889364443,0.0054433674461064055,0.00457978405772398,0.01372396693857373,0.004252997694071381,0.005893394040035613,ic,deformation__deformation_low_train__detaq_scf__small__n005_te0600_r3_seed0
deformation,deformation_ood_lambda0p75,small,5,600,0,100,32000,0.005245525655988605,0.011096374374928704,6.804556917927584e-15,0.659269951581955,0.0020602185986936094,0.004433443120331504,0.005967954760632228,0.006017372847670534,0.013614426314814857,0.0037420666165999122,0.004896256291632312,ic,deformation__deformation_low_train__detaq_scf__small__n005_te0600_r3_seed0
deformation,deformation_ood_lambda1p0,small,5,600,0,100,32000,0.006953194896969946,0.015184314627269942,5.555556015224283e-15,0.9610941165685651,0.0030034191142767662,0.00457592499232851,0.005988863838415763,0.008376438039180359,0.018883571380892427,0.00506073537498014,0.006868970747699892,ic,deformation__deformation_low_train__detaq_scf__small__n005_te0600_r3_seed0
deformation,deformation_ood_lambda0p5,small,5,600,1,100,32000,0.0038597770086489618,0.00772086880469744,6.423750420481156e-15,0.1227781206369401,0.00038368162699043784,0.004698804787360133,0.006841364831751135,0.0028901503266921882,0.006046164195504453,0.00592962927580811,0.01189901249258228,ic,deformation__deformation_low_train__detaq_scf__small__n005_te0600_r3_seed1
deformation,deformation_ood_lambda0p75,small,5,600,1,100,32000,0.004331490586791187,0.007243477053846373,7.063238882665246e-15,0.46807002604007714,0.001462718831375241,0.005166152442165186,0.007498755788312415,0.0036095241366419935,0.006580443163357558,0.00566272808186477,0.00872936218155187,ic,deformation__deformation_low_train__detaq_scf__small__n005_te0600_r3_seed1
deformation,deformation_ood_lambda1p0,small,5,600,1,100,32000,0.005576359792100264,0.009503498540699323,5.995204332975845e-15,0.6897379738092423,0.002155431168153882,0.004896047888381872,0.006290051388915467,0.004644403702424218,0.007680125299962565,0.0090525399648468,0.015331819925266476,ic,deformation__deformation_low_train__detaq_scf__small__n005_te0600_r3_seed1
deformation,deformation_ood_lambda0p5,small,5,600,2,100,32000,0.0059313196866074575,0.012793244161984437,6.461498003318411e-15,0.3859916627407074,0.0012062239460647107,0.007088941109599546,0.009027191739276555,0.0050256599954057795,0.014196130806396597,0.007490677337220404,0.011500213068726773,ic,deformation__deformation_low_train__detaq_scf__small__n005_te0600_r3_seed2
deformation,deformation_ood_lambda0p75,small,5,600,2,100,32000,0.006758795994974207,0.012764185540574988,5.757616605706062e-15,0.924384377002716,0.0028887011781334876,0.007795592223643327,0.010188888486254887,0.00613854247832205,0.014136431357906407,0.007582760316261556,0.010549532661468079,ic,deformation__deformation_low_train__detaq_scf__small__n005_te0600_r3_seed2
deformation,deformation_ood_lambda1p0,small,5,600,2,100,32000,0.009084033220948183,0.019482226800453254,7.005507285384738e-15,1.5535019749403,0.004854693671688438,0.007258084457891527,0.00933066467386164,0.009645669165397214,0.0232786871594323,0.009225074150657745,0.01360267160028836,ic,deformation__deformation_low_train__detaq_scf__small__n005_te0600_r3_seed2
deformation,deformation_ood_lambda0p5,small,10,300,0,100,32000,0.007094869548897259,0.014245693132270866,6.437073096776657e-15,0.2738815319538117,0.0008558797873556616,0.008946994630561676,0.011803699998044316,0.005868243164926147,0.015635429948596992,0.008922623619146176,0.011915180293132967,ic,deformation__deformation_low_train__detaq_scf__small__n010_te0300_r3_seed0
deformation,deformation_ood_lambda0p75,small,10,300,0,100,32000,0.008090017708833332,0.013436356965019353,7.035483307049617e-15,0.6976895588636398,0.0021802798714488747,0.00984408314031316,0.013041247456714049,0.007303500286051229,0.014119946398352063,0.008695504545699808,0.01159679474479322,ic,deformation__deformation_low_train__detaq_scf__small__n010_te0300_r3_seed0
deformation,deformation_ood_lambda1p0,small,10,300,0,100,32000,0.010391891991556618,0.017193758273310527,5.931921620572211e-15,1.489605531692505,0.004655017286539078,0.0096356598121929,0.012495633276646306,0.010382391274266408,0.018973013902337632,0.011176626322790978,0.015558277449828744,ic,deformation__deformation_low_train__detaq_scf__small__n010_te0300_r3_seed0
deformation,deformation_ood_lambda0p5,small,10,300,1,100,32000,0.006626581518200692,0.009976845615405749,6.269429420058259e-15,0.19837498664855954,0.0006199218332767484,0.00840189419465605,0.011964267656368287,0.004278507597181791,0.006496957562297541,0.01189549060480204,0.015096760212578678,ic,deformation__deformation_low_train__detaq_scf__small__n010_te0300_r3_seed1
deformation,deformation_ood_lambda0p75,small,10,300,1,100,32000,0.007235841270443053,0.010974930166599716,7.12208070297038e-15,0.7726966881752014,0.0024146771505475046,0.009114607623254415,0.013958888453126686,0.0049292035511268,0.007540265246433514,0.01227698807558045,0.01538922005827942,ic,deformation__deformation_low_train__detaq_scf__small__n010_te0300_r3_seed1
deformation,deformation_ood_lambda1p0,small,10,300,1,100,32000,0.008990750033361838,0.013424943074941081,6.326050794314142e-15,1.4107688307762145,0.0044086525961756695,0.00877636247855844,0.012446741950908021,0.006809239729326994,0.00988212134249039,0.01574966850026976,0.02128978935901989,ic,deformation__deformation_low_train__detaq_scf__small__n010_te0300_r3_seed1
deformation,deformation_ood_lambda0p5,small,10,300,2,100,32000,0.008876798111980316,0.012957738825377851,6.503686478254167e-15,0.3244017058610916,0.0010137553308159112,0.01329489204863785,0.017617017536757026,0.006501710615877527,0.010167156659468041,0.011583966663631144,0.01480008266289828,ic,deformation__deformation_low_train__detaq_scf__small__n010_te0300_r3_seed2
deformation,deformation_ood_lambda0p75,small,10,300,2,100,32000,0.010101157534553205,0.014946818209845846,5.828670879282072e-15,1.0036214399337768,0.0031363169997930536,0.014779753552225883,0.020290681152251005,0.007754880954627881,0.012135995228433996,0.0124613912566565,0.016232005138456077,ic,deformation__deformation_low_train__detaq_scf__small__n010_te0300_r3_seed2
deformation,deformation_ood_lambda1p0,small,10,300,2,100,32000,0.012867598266899587,0.018821077255287543,5.99409410995122e-15,1.8059294092655185,0.005643529403954745,0.014200456031307112,0.01902053384607139,0.01131439136218978,0.017668364186443,0.016194361216621475,0.02174559170001172,ic,deformation__deformation_low_train__detaq_scf__small__n010_te0300_r3_seed2
deformation,deformation_ood_lambda0p5,small,10,600,0,100,32000,0.004354653987253551,0.011576895256162451,6.7124084068836965e-15,0.35233217358589175,0.0011010380424559118,0.0038708361723693097,0.005416149072709596,0.004511950961915622,0.01415840042071319,0.004366580878151582,0.006277494776040528,ic,deformation__deformation_low_train__detaq_scf__small__n010_te0600_r3_seed0
deformation,deformation_ood_lambda0p75,small,10,600,0,100,32000,0.005171624777442775,0.011136532739371988,6.5425442841160475e-15,0.6133463299274443,0.001916707281023264,0.004336500290955883,0.0059681643858526265,0.005888125351067477,0.013634457750999392,0.003857247543055561,0.00517663082009899,ic,deformation__deformation_low_train__detaq_scf__small__n010_te0600_r3_seed0
deformation,deformation_ood_lambda1p0,small,10,600,0,100,32000,0.006848537093412597,0.014926574007598293,5.6432636341696705e-15,0.8554814738035202,0.0026733796056360006,0.004410049991507547,0.005732686077106668,0.008171397889983684,0.018497784935988117,0.0053184418056043785,0.007392240915222243,ic,deformation__deformation_low_train__detaq_scf__small__n010_te0600_r3_seed0
deformation,deformation_ood_lambda0p5,small,10,600,1,100,32000,0.003857646284834482,0.007415809981208436,7.196465645620264e-15,0.10216612517833697,0.00031926914118230305,0.004684299475688022,0.006658481618406244,0.0027869281993092346,0.004834763861147413,0.006243147350556684,0.012669293040463167,ic,deformation__deformation_low_train__detaq_scf__small__n010_te0600_r3_seed1
deformation,deformation_ood_lambda0p75,small,10,600,1,100,32000,0.00431735876809107,0.007003340244003535,6.966649479522857e-15,0.45442238926887496,0.0014200699664652346,0.005063723946572281,0.007151604930320021,0.003526738953369204,0.006090050426142506,0.005942853033775461,0.009100674546875315,ic,deformation__deformation_low_train__detaq_scf__small__n010_te0600_r3_seed1
deformation,deformation_ood_lambda1p0,small,10,600,1,100,32000,0.0056106784570030864,0.00973671299159362,6.930012119710227e-15,0.733024807572365,0.00229070252366364,0.004766626010881737,0.006032147201295337,0.004641181044707386,0.007752071177043245,0.009363223140011541,0.016042047155628576,ic,deformation__deformation_low_train__detaq_scf__small__n010_te0600_r3_seed1
deformation,deformation_ood_lambda0p5,small,10,600,2,100,32000,0.005999390853208024,0.012123944578958238,5.749845044533686e-15,0.35401487290859224,0.0011062964778393509,0.007175529950240162,0.009151754880420453,0.004998989510834994,0.013053158442668944,0.007824455783294978,0.011833879642310714,ic,deformation__deformation_low_train__detaq_scf__small__n010_te0600_r3_seed2
deformation,deformation_ood_lambda0p75,small,10,600,2,100,32000,0.006844047545851208,0.01268806256351696,6.8467453928633406e-15,0.8955913299322128,0.0027987229060381655,0.007871096221148037,0.010242397169452796,0.006165021470767289,0.013968573777036601,0.007854077095806135,0.010708165025262006,ic,deformation__deformation_low_train__detaq_scf__small__n010_te0600_r3_seed2
deformation,deformation_ood_lambda1p0,small,10,600,2,100,32000,0.009363125748280436,0.020056445072286478,5.582201367815287e-15,1.6083272111415863,0.0050260225348174575,0.0073126116256462415,0.009382996263771202,0.00995961624678845,0.02399885598008333,0.009624168375390582,0.013979594441325323,ic,deformation__deformation_low_train__detaq_scf__small__n010_te0600_r3_seed2
deformation,deformation_ood_lambda0p5,small,20,300,0,100,32000,0.004990262486122082,0.009301997114942883,6.258327189812007e-15,0.4125207501649855,0.0012891273442655795,0.004696011989668477,0.006346324315103418,0.004967163223559812,0.010755382422003239,0.005353810770262497,0.006732396764076442,ic,deformation__deformation_low_train__detaq_scf__small__n020_te0300_r3_seed0
deformation,deformation_ood_lambda0p75,small,20,300,0,100,32000,0.005947046278312337,0.011533043506539163,6.953326803227356e-15,0.6827701151371002,0.002133656609803438,0.005118378680897877,0.006906881332932877,0.006539552672087059,0.01387471559249532,0.004998194694402628,0.006310883817145652,ic,deformation__deformation_low_train__detaq_scf__small__n020_te0300_r3_seed0
deformation,deformation_ood_lambda1p0,small,20,300,0,100,32000,0.007951550490013325,0.017031592799522155,6.376010830422274e-15,1.1029583072662354,0.0034467447102069864,0.005127664760162589,0.00665334785769126,0.009463995308188413,0.021156784168702352,0.006238101765338796,0.007954884012043575,ic,deformation__deformation_low_train__detaq_scf__small__n020_te0300_r3_seed0
deformation,deformation_ood_lambda0p5,small,20,300,1,100,32000,0.004262645364005584,0.007002061218988143,6.435962873752032e-15,0.14112136721611013,0.0004410042725503442,0.005224845452641601,0.007266481376000301,0.0029238103473132166,0.004586519402866977,0.00731695032544667,0.011368116567220081,ic,deformation__deformation_low_train__detaq_scf__small__n020_te0300_r3_seed1
deformation,deformation_ood_lambda0p75,small,20,300,1,100,32000,0.004715354988689069,0.007187670980888613,7.0921046813055e-15,0.5467786359786987,0.001708683237433434,0.005511304132640362,0.0076795454607227805,0.0036866947818198254,0.006199955175167656,0.0070053864653455075,0.009166205302193973,ic,deformation__deformation_low_train__detaq_scf__small__n020_te0300_r3_seed1
deformation,deformation_ood_lambda1p0,small,20,300,1,100,32000,0.0059927062249276785,0.009560554185777025,5.81534820298657e-15,0.9571641582250595,0.0029911379944533114,0.00513503376551671,0.006445901972922992,0.004964465773645013,0.008195136801466475,0.009935100038186644,0.014628415083908095,ic,deformation__deformation_low_train__detaq_scf__small__n020_te0300_r3_seed1
deformation,deformation_ood_lambda0p5,small,20,300,2,100,32000,0.006671726361475885,0.012208200319608852,6.600275881396556e-15,0.2965042781829834,0.000926575869321823,0.008578862868947908,0.010884632217022757,0.005286706082930324,0.012648491349652785,0.008919650689640547,0.012114972408219288,ic,deformation__deformation_low_train__detaq_scf__small__n020_te0300_r3_seed2
deformation,deformation_ood_lambda0p75,small,20,300,2,100,32000,0.007581524128851016,0.0131189012319673,6.781242234410456e-15,0.8636939013004303,0.002699043441563845,0.00928041498741368,0.012038517655996391,0.0064796594484554,0.013771511802773036,0.009188227311475203,0.012109431378684872,ic,deformation__deformation_low_train__detaq_scf__small__n020_te0300_r3_seed2
deformation,deformation_ood_lambda1p0,small,20,300,2,100,32000,0.010319425086735282,0.02016115805531649,6.0285110237146e-15,1.6862776273488997,0.005269617585465312,0.008693684914789628,0.011139470248701107,0.010462383217643948,0.02355843996631617,0.011516290865954945,0.01559722386503439,ic,deformation__deformation_low_train__detaq_scf__small__n020_te0300_r3_seed2
deformation,deformation_ood_lambda0p5,small,20,600,0,100,32000,0.003706215685082133,0.006718888069172933,6.763478666016454e-15,0.2395833390951157,0.0007486979346722366,0.003001341759052593,0.004464529705589216,0.0037748582235265834,0.007240054728303624,0.004205161995778323,0.0069663535319267585,ic,deformation__deformation_low_train__detaq_scf__small__n020_te0600_r3_seed0
deformation,deformation_ood_lambda0p75,small,20,600,0,100,32000,0.004496425071498379,0.009263218622609305,6.0396132539608514e-15,0.5133579689264297,0.0016042436528950934,0.0032566706144134517,0.004685000620093811,0.005173677732857566,0.01121069584362957,0.003704421544505747,0.00548158385376707,ic,deformation__deformation_low_train__detaq_scf__small__n020_te0600_r3_seed0
deformation,deformation_ood_lambda1p0,small,20,600,0,100,32000,0.006102502607624046,0.013779084465340846,6.679101716144941e-15,0.7608160489797592,0.0023775501530617477,0.003491469880100339,0.0045672313164485025,0.007252204151688299,0.016924233149592183,0.005264430702954994,0.008316684346046474,ic,deformation__deformation_low_train__detaq_scf__small__n020_te0600_r3_seed0
deformation,deformation_ood_lambda0p5,small,20,600,1,100,32000,0.00315212061231723,0.006900768229505603,7.684963776455333e-15,0.12063236594200129,0.00037697614356875395,0.0035095418712589865,0.00514691774710793,0.0023486140292176662,0.004207350267545175,0.005205219102674166,0.012589950741358663,ic,deformation__deformation_low_train__detaq_scf__small__n020_te0600_r3_seed1
deformation,deformation_ood_lambda0p75,small,20,600,1,100,32000,0.003480671323265413,0.006065844462835946,6.885603198725221e-15,0.40278138875961317,0.0012586918398737909,0.0036831401365343486,0.005235204032144895,0.0030181052403834945,0.005488302788503232,0.004665900758642235,0.008136373976380652,ic,deformation__deformation_low_train__detaq_scf__small__n020_te0600_r3_seed1
deformation,deformation_ood_lambda1p0,small,20,600,1,100,32000,0.004867204365914222,0.009414450802746891,6.31050767196939e-15,0.679770537018776,0.002124282928183675,0.003796868900069966,0.00487858817335336,0.004224097657230838,0.007808960973337957,0.007866859957808628,0.015375928673487622,ic,deformation__deformation_low_train__detaq_scf__small__n020_te0600_r3_seed1
deformation,deformation_ood_lambda0p5,small,20,600,2,100,32000,0.004749044469359797,0.01153215065918445,7.440714711037799e-15,0.20007601916790008,0.0006252375598996877,0.004367969668412116,0.005581249779164897,0.004316712921853953,0.012755987938759483,0.006427113912825009,0.012068821821200334,ic,deformation__deformation_low_train__detaq_scf__small__n020_te0600_r3_seed2
deformation,deformation_ood_lambda0p75,small,20,600,2,100,32000,0.0053891738802194595,0.011666312194154305,6.5769611978794276e-15,0.4590102535486222,0.0014344070423394442,0.0047620688060997065,0.006095924063624175,0.005374438407539855,0.013645915939509047,0.006060485372378024,0.009204392722143812,ic,deformation__deformation_low_train__detaq_scf__small__n020_te0600_r3_seed2
deformation,deformation_ood_lambda1p0,small,20,600,2,100,32000,0.007538985179248265,0.019338162301633096,5.3457238635701286e-15,0.9426835107803345,0.002945885971188545,0.0044529431186383596,0.005705127519644543,0.008531272486453719,0.023488754319115217,0.007648165318241806,0.013494791128981951,ic,deformation__deformation_low_train__detaq_scf__small__n020_te0600_r3_seed2
deformation,deformation_ood_lambda0p5,small,40,300,0,100,32000,0.0035598678509239103,0.006194328003425714,6.5869532051010536e-15,0.427367258667946,0.001335522683337331,0.00308753996680025,0.004574486642588183,0.003640225741682419,0.006842594008064269,0.0037911220627720454,0.0055189936355563175,ic,deformation__deformation_low_train__detaq_scf__small__n040_te0300_r3_seed0
deformation,deformation_ood_lambda0p75,small,40,300,0,100,32000,0.004189524086669553,0.007942105786134128,5.723199691942682e-15,0.6543238323926925,0.002044761976227164,0.0032996931554516782,0.004648164185907853,0.004722464553371538,0.009546456515117253,0.003480533617781475,0.0045139002322266385,ic,deformation__deformation_low_train__detaq_scf__small__n040_te0300_r3_seed0
deformation,deformation_ood_lambda1p0,small,40,300,0,100,32000,0.005578862862160894,0.011833766220112592,5.92303983637521e-15,0.8642194074392319,0.0027006856482476,0.0035334401386207903,0.004681413733545096,0.006593573860571876,0.014576897958409421,0.004580152590468057,0.0063887884569081305,ic,deformation__deformation_low_train__detaq_scf__small__n040_te0300_r3_seed0
deformation,deformation_ood_lambda0p5,small,40,300,1,100,32000,0.003193635157716926,0.0066227360718801274,6.20503648463e-15,0.06022704660892488,0.00018820952065289027,0.003556417817657348,0.0052548247021265305,0.002405313874866503,0.004306998280697232,0.005195816346327774,0.011663587791457876,ic,deformation__deformation_low_train__detaq_scf__small__n040_te0300_r3_seed1
deformation,deformation_ood_lambda0p75,small,40,300,1,100,32000,0.003452261879609432,0.005878736987889046,6.0207394625422236e-15,0.2224477148056032,0.0006951491087675099,0.003768011961365118,0.005286802575261041,0.0029711611572032174,0.005360148549804062,0.004579813965072389,0.007658582373141082,ic,deformation__deformation_low_train__detaq_scf__small__n040_te0300_r3_seed1
deformation,deformation_ood_lambda1p0,small,40,300,1,100,32000,0.00473903727424331,0.008779880290062922,6.546985176214548e-15,0.45967858910560616,0.0014364955909550194,0.003908195376745426,0.005003993559507739,0.004066049093846232,0.007277408825967251,0.007588843712932427,0.014195404197654388,ic,deformation__deformation_low_train__detaq_scf__small__n040_te0300_r3_seed1
deformation,deformation_ood_lambda0p5,small,40,300,2,100,32000,0.004473198080091971,0.010618150792958322,6.3182792331417655e-15,0.12296927303075783,0.0003842789782211183,0.0037875768286467063,0.004816439362565452,0.00406864522631319,0.011425853842318987,0.0063724778928735785,0.012201521835354416,ic,deformation__deformation_low_train__detaq_scf__small__n040_te0300_r3_seed2
deformation,deformation_ood_lambda0p75,small,40,300,2,100,32000,0.004745116360788232,0.010172195270066318,5.981881656680344e-15,0.2723859387636184,0.0008512060586363075,0.003921158171084245,0.005003581250910765,0.004659185865079052,0.011719643507242493,0.005826866037619762,0.00896001260695423,ic,deformation__deformation_low_train__detaq_scf__small__n040_te0300_r3_seed2
deformation,deformation_ood_lambda1p0,small,40,300,2,100,32000,0.006619016594043933,0.01702765674753416,6.113998196610737e-15,0.5780163621902465,0.00180630113184452,0.004049024139821995,0.0051166277076342345,0.007140203201386614,0.02030828938531832,0.007625449226237829,0.013647187958960643,ic,deformation__deformation_low_train__detaq_scf__small__n040_te0300_r3_seed2
deformation,deformation_ood_lambda0p5,small,40,600,0,100,32000,0.0027192872364190414,0.004548498924891853,6.535882945968296e-15,0.28289967000484467,0.0008840614687651396,0.002666172899305819,0.00390427017489936,0.002292511507771755,0.003966943729373967,0.004052728759474123,0.006402418222362915,ic,deformation__deformation_low_train__detaq_scf__small__n040_te0600_r3_seed0
deformation,deformation_ood_lambda0p75,small,40,600,0,100,32000,0.002912497106590309,0.0047940316973228755,6.527001161771295e-15,0.40872965931892397,0.0012772801853716373,0.002738473554258236,0.003921684546465098,0.0026984391653289406,0.004892878051327025,0.003728694482706487,0.005264344500241781,ic,deformation__deformation_low_train__detaq_scf__small__n040_te0600_r3_seed0
deformation,deformation_ood_lambda1p0,small,40,600,0,100,32000,0.0037972221944015463,0.006661395842736427,6.756817327868703e-15,0.4881841844320297,0.0015255755763500926,0.0032521131820976725,0.004101002762684336,0.003472438628571884,0.006870981008460834,0.005316681904194408,0.00796376852706668,ic,deformation__deformation_low_train__detaq_scf__small__n040_te0600_r3_seed0
deformation,deformation_ood_lambda0p5,small,40,600,1,100,32000,0.00257009588155197,0.005041646599478491,6.7112981838590716e-15,0.04090675592422485,0.00012783361226320267,0.002481444737408309,0.003539437448064491,0.00190744116337737,0.0033188380694621463,0.004646711180219429,0.009028805365466143,ic,deformation__deformation_low_train__detaq_scf__small__n040_te0600_r3_seed1
deformation,deformation_ood_lambda0p75,small,40,600,1,100,32000,0.0025747557334834708,0.004231593366773273,6.068479052601105e-15,0.1621015822887421,0.0005065674446523191,0.0024770522621111015,0.0033544129819829626,0.00210946723164913,0.003649157584103973,0.004068324710358863,0.006191185058939149,ic,deformation__deformation_low_train__detaq_scf__small__n040_te0600_r3_seed1
deformation,deformation_ood_lambda1p0,small,40,600,1,100,32000,0.003676249938469845,0.006835766049303242,6.907807659217724e-15,0.39822194576263426,0.0012444435805082322,0.0029430483298492614,0.0036786112503407542,0.0028702722540862547,0.004980247012360178,0.006827384600241201,0.012070531295702494,ic,deformation__deformation_low_train__detaq_scf__small__n040_te0600_r3_seed1
deformation,deformation_ood_lambda0p5,small,40,600,2,100,32000,0.003406168911908753,0.007614645005000615,7.05768776754212e-15,0.07593832850456236,0.00023730727657675742,0.0028721464103437034,0.0036994804051837383,0.0028978652744165935,0.007606830753702186,0.005465102325950282,0.010130958254092135,ic,deformation__deformation_low_train__detaq_scf__small__n040_te0600_r3_seed2
deformation,deformation_ood_lambda0p75,small,40,600,2,100,32000,0.0035929562126984825,0.007211226791027017,6.565858967633176e-15,0.14964286208152747,0.0004676339440047733,0.002889566956378986,0.0036734276960353864,0.0033527192154045524,0.007982894171250495,0.005017056460899767,0.007438755949214478,ic,deformation__deformation_low_train__detaq_scf__small__n040_te0600_r3_seed2
deformation,deformation_ood_lambda1p0,small,40,600,2,100,32000,0.004961432589543982,0.011786405251893707,7.170930516053886e-15,0.2954503154754638,0.0009232822358608243,0.0033343133071321042,0.004209826658403163,0.004914119799388572,0.01353270545140595,0.0067304902424220915,0.011290338914842149,ic,deformation__deformation_low_train__detaq_scf__small__n040_te0600_r3_seed2
deformation,deformation_ood_lambda0p5,small,80,300,0,100,32000,0.0028630712987971502,0.0044037746806863875,6.580291866953303e-15,0.15684441566467283,0.0004901387989521026,0.0026678230132674797,0.004019106646429274,0.00262714076738727,0.00416636168024766,0.0037661111785564595,0.005360711706853133,ic,deformation__deformation_low_train__detaq_scf__small__n080_te0300_r3_seed0
deformation,deformation_ood_lambda0p75,small,80,300,0,100,32000,0.0033026380906696433,0.005569005167317003,7.223110998211269e-15,0.3382453387975692,0.001057016683742404,0.0026900332738296136,0.003888657518299921,0.003424803887687934,0.006309553904172507,0.003548745516454802,0.0045294617852909775,ic,deformation__deformation_low_train__detaq_scf__small__n080_te0300_r3_seed0
deformation,deformation_ood_lambda1p0,small,80,300,0,100,32000,0.00426597257736139,0.007848548274371227,6.759037773917953e-15,0.5016908091306687,0.0015677837785333395,0.0032565075231250386,0.00419578078316977,0.004548206751254232,0.00920121457703329,0.004428735109919217,0.006033815096390627,ic,deformation__deformation_low_train__detaq_scf__small__n080_te0300_r3_seed0
deformation,deformation_ood_lambda0p5,small,80,300,1,100,32000,0.0025109760255436413,0.004479975029264689,7.525091660909311e-15,0.03412531256675733,0.0001066416017711167,0.0024854154975037096,0.0036088863770160928,0.001919808003993239,0.0032350336635199764,0.004310040618234778,0.007478669134253834,ic,deformation__deformation_low_train__detaq_scf__small__n080_te0300_r3_seed1
deformation,deformation_ood_lambda0p75,small,80,300,1,100,32000,0.0026342297906638136,0.0040609094530595895,6.445954880973659e-15,0.17936255395412443,0.0005605079811066389,0.0025888333924813213,0.0034515946521008426,0.0021610182935255596,0.003542811627270545,0.004099260680261069,0.005734708328098513,ic,deformation__deformation_low_train__detaq_scf__small__n080_te0300_r3_seed1
deformation,deformation_ood_lambda1p0,small,80,300,1,100,32000,0.0037639080275897866,0.006402994614883554,5.95523630408934e-15,0.4196060943603516,0.001311269044876099,0.0031746768674929624,0.003977719869984248,0.002939025455154479,0.004683631746313333,0.0068277869049925355,0.011106764867496262,ic,deformation__deformation_low_train__detaq_scf__small__n080_te0300_r3_seed1
deformation,deformation_ood_lambda0p5,small,80,300,2,100,32000,0.0031459530108491895,0.0058703410546693474,6.485922909860165e-15,0.07119250595569604,0.00022247658111155014,0.0027826880500069827,0.003588743147907696,0.0025758364312156723,0.005179423737708486,0.005219567710591946,0.00888516473369027,ic,deformation__deformation_low_train__detaq_scf__small__n080_te0300_r3_seed2
deformation,deformation_ood_lambda0p75,small,80,300,2,100,32000,0.003323565757123288,0.005745113187130172,6.590283874174929e-15,0.13989034533500672,0.00043715732917189593,0.002818686868937221,0.0035696912079841276,0.0029903917238504325,0.005914039196399326,0.0048279667451279215,0.006881958550782117,ic,deformation__deformation_low_train__detaq_scf__small__n080_te0300_r3_seed2
deformation,deformation_ood_lambda1p0,small,80,300,2,100,32000,0.0044830349811702044,0.008636481679506031,7.112088695748753e-15,0.24307710886001602,0.00075961596518755,0.0032774005935643793,0.004096290155506593,0.004205154180681955,0.009209728091042743,0.006522311770240778,0.010084999327282627,ic,deformation__deformation_low_train__detaq_scf__small__n080_te0300_r3_seed2
deformation,deformation_ood_lambda0p5,small,80,600,0,100,32000,0.0024174501977046025,0.0036470527743622627,6.600275881396556e-15,0.04531033217906952,0.0001415947880595923,0.002403894135379233,0.0033170213694837993,0.001917085038866693,0.003175613497018427,0.0039321017365437,0.005024815984886252,ic,deformation__deformation_low_train__detaq_scf__small__n080_te0600_r3_seed0
deformation,deformation_ood_lambda0p75,small,80,600,0,100,32000,0.0024810257376171644,0.003509276487725727,6.966649479522857e-15,0.10035833418369298,0.00031361979432404063,0.002204255229094997,0.0030638367528708407,0.0021022669626399883,0.003094050292326885,0.0038940725710708613,0.004844437021361377,ic,deformation__deformation_low_train__detaq_scf__small__n080_te0600_r3_seed0
deformation,deformation_ood_lambda1p0,small,80,600,0,100,32000,0.0030862144936807446,0.004222794018442365,6.089573290068984e-15,0.1342888206243515,0.0004196525644510985,0.0026897434270358647,0.0034457960318409458,0.0025504837053013036,0.0034008123929835576,0.005089877925463948,0.006526090829976289,ic,deformation__deformation_low_train__detaq_scf__small__n080_te0600_r3_seed0
deformation,deformation_ood_lambda0p5,small,80,600,1,100,32000,0.002225191646418534,0.0038146540231938243,6.4526162191214095e-15,0.04372753262519849,0.00013664853945374527,0.0022793977299588723,0.0031169887193544434,0.0016645697443357982,0.003310407197510765,0.0038528512691264048,0.005492351087354855,ic,deformation__deformation_low_train__detaq_scf__small__n080_te0600_r3_seed1
deformation,deformation_ood_lambda0p75,small,80,600,1,100,32000,0.002215797230473255,0.003111640803791645,6.064038160502605e-15,0.15202135384082793,0.0004750667307525873,0.0022615701553295375,0.0029597848820941365,0.001737018549892432,0.0025029529987593596,0.0036063603473594397,0.004566934942479162,ic,deformation__deformation_low_train__detaq_scf__small__n080_te0600_r3_seed1
deformation,deformation_ood_lambda1p0,small,80,600,1,100,32000,0.00301518186131725,0.004529940499796718,6.520339823623544e-15,0.3301235610246658,0.0010316361282020805,0.0028505629226565354,0.0035364025287990815,0.0022079397721681735,0.0030386949251618996,0.005601527067425194,0.007899029134531794,ic,deformation__deformation_low_train__detaq_scf__small__n080_te0600_r3_seed1
deformation,deformation_ood_lambda0p5,small,80,600,2,100,32000,0.0024960078140837142,0.004269715730402937,6.781242234410456e-15,0.17948633730411528,0.0005608948040753603,0.0024616876916843454,0.003217490336723498,0.0018897252927417877,0.0028752793055755502,0.004349175500508864,0.0074832095233348436,ic,deformation__deformation_low_train__detaq_scf__small__n080_te0600_r3_seed2
deformation,deformation_ood_lambda0p75,small,80,600,2,100,32000,0.0024119300629128703,0.0036505413377430937,7.345235530920035e-15,0.13301463663578036,0.00041567073948681367,0.0025090271223452876,0.003193627415842933,0.0019410668412650316,0.003105980495168045,0.0037274226684239674,0.005243248965340009,ic,deformation__deformation_low_train__detaq_scf__small__n080_te0600_r3_seed2
deformation,deformation_ood_lambda1p0,small,80,600,2,100,32000,0.003167610461113509,0.005214965051185478,7.474021401776553e-15,0.10513911128044132,0.00032855972275137906,0.003042634088895284,0.0037845085906910206,0.0024949551632938286,0.004282552635725706,0.005310552726790775,0.008163089238709328,ic,deformation__deformation_low_train__detaq_scf__small__n080_te0600_r3_seed2
deformation,deformation_ood_lambda0p5,small,160,300,0,100,32000,0.00239404892527964,0.0035596417534481182,6.645795025406187e-15,0.031872190237045225,9.960059449076633e-05,0.0023768413219368086,0.003322257688229929,0.0019726078200619666,0.00314223689996328,0.0036755798442754915,0.0047641255977336015,ic,deformation__deformation_low_train__detaq_scf__small__n160_te0300_r3_seed0
deformation,deformation_ood_lambda0p75,small,160,300,0,100,32000,0.0026193409663042987,0.0041517990069119114,7.208678098891142e-15,0.11421645462512975,0.00035692642070353053,0.0022418310350622054,0.0031348297183776204,0.002447618628153578,0.004353527663132942,0.003512017911998554,0.004415926659802995,ic,deformation__deformation_low_train__detaq_scf__small__n160_te0300_r3_seed0
deformation,deformation_ood_lambda1p0,small,160,300,0,100,32000,0.003357203499833122,0.00523185918256225,6.6135985576920575e-15,0.20062751054763797,0.0006269609704613686,0.0027613416931126272,0.003486452838664222,0.0031481460829381838,0.005495910434945559,0.004580237557238432,0.00583877595115144,ic,deformation__deformation_low_train__detaq_scf__small__n160_te0300_r3_seed0
deformation,deformation_ood_lambda0p5,small,160,300,1,100,32000,0.002277185774513055,0.0038928323875687845,6.191713808334498e-15,0.049291387796401936,0.00015403558686375606,0.00231083311868133,0.003249148582952391,0.001719644362145724,0.0034045246199889963,0.003916162667446771,0.005517371639656625,ic,deformation__deformation_low_train__detaq_scf__small__n160_te0300_r3_seed1
deformation,deformation_ood_lambda0p75,small,160,300,1,100,32000,0.0023820257962215694,0.0034363480176371228,7.472911178751929e-15,0.21246890127658843,0.0006639653164893388,0.002341273689409719,0.0030986700796774816,0.0019202038123427593,0.0029222765739273975,0.00380824385466985,0.004880735713530279,ic,deformation__deformation_low_train__detaq_scf__small__n160_te0300_r3_seed1
deformation,deformation_ood_lambda1p0,small,160,300,1,100,32000,0.003357339416164903,0.0052095374042587074,6.568079413682426e-15,0.4507034766674042,0.0014084483645856382,0.002956482391629832,0.00367524998515588,0.0025412709016430493,0.003560725579150651,0.006206401984265535,0.00917347466494628,ic,deformation__deformation_low_train__detaq_scf__small__n160_te0300_r3_seed1
deformation,deformation_ood_lambda0p5,small,160,300,2,100,32000,0.0025729923923732707,0.00438176669518675,6.7224004141053225e-15,0.04922635585069651,0.0001538323620334266,0.002397960608184804,0.003091114033078693,0.0019735051047949427,0.003443430051117621,0.004546486039296724,0.0071325156388838944,ic,deformation__deformation_low_train__detaq_scf__small__n160_te0300_r3_seed2
deformation,deformation_ood_lambda0p75,small,160,300,2,100,32000,0.002810704878449905,0.004234123693486941,7.236433674506771e-15,0.08738279521465296,0.00027307123504579045,0.0024916757629835046,0.0031731864564541828,0.0024078747099653512,0.003943448515766015,0.00433822449936997,0.005737381491745313,ic,deformation__deformation_low_train__detaq_scf__small__n160_te0300_r3_seed2
deformation,deformation_ood_lambda1p0,small,160,300,2,100,32000,0.00367467215876095,0.005588436566343818,6.893374759897597e-15,0.14283127725124362,0.00044634774141013634,0.0030783384488313457,0.0038401149570994855,0.0031250221397106847,0.004882928810843617,0.005919955925841349,0.008359285381012199,ic,deformation__deformation_low_train__detaq_scf__small__n160_te0300_r3_seed2
deformation,deformation_ood_lambda0p5,small,160,600,0,100,32000,0.0021067453642142934,0.0030872406073183156,6.63136212608606e-15,0.33598894476890573,0.0010499654524028306,0.0023611673155683093,0.003262999569689447,0.001524382150557358,0.0023361895243550483,0.0035994130538310855,0.004542550182932876,ic,deformation__deformation_low_train__detaq_scf__small__n160_te0600_r3_seed0
deformation,deformation_ood_lambda0p75,small,160,600,0,100,32000,0.0021025186115759425,0.0030233938116130837,6.302736110797014e-15,0.3891038155555725,0.0012159494236111642,0.002256752037093975,0.0031321722496505675,0.0015964033676233765,0.0023785862447609353,0.0034666309179156073,0.004349831045882424,ic,deformation__deformation_low_train__detaq_scf__small__n160_te0600_r3_seed0
deformation,deformation_ood_lambda1p0,small,160,600,0,100,32000,0.0026121474152198056,0.00356894955932517,5.723199691942682e-15,0.42972690761089327,0.0013428965862840414,0.002725163279275875,0.0034472873065957877,0.0019307795805701368,0.0025197637006863977,0.004543235055112743,0.005723249748956423,ic,deformation__deformation_low_train__detaq_scf__small__n160_te0600_r3_seed0
deformation,deformation_ood_lambda0p5,small,160,600,1,100,32000,0.002264648739248514,0.003717425209486227,6.620259895839809e-15,0.2824161541461945,0.0008825504817068576,0.002504412332898937,0.0033724189423224877,0.0016919329764981132,0.0033674652195924237,0.003743032433849295,0.004868631779318407,ic,deformation__deformation_low_train__detaq_scf__small__n160_te0600_r3_seed1
deformation,deformation_ood_lambda0p75,small,160,600,1,100,32000,0.002125366049644072,0.002939954121969844,6.215028491851626e-15,0.1643401944637298,0.0005135631076991556,0.0025808456165250402,0.0033569489043621704,0.0015929167396971026,0.002280544459410657,0.0032672344126040117,0.004042882159535828,ic,deformation__deformation_low_train__detaq_scf__small__n160_te0600_r3_seed1
deformation,deformation_ood_lambda1p0,small,160,600,1,100,32000,0.0027506442672805866,0.004027403145914428,7.207567875866516e-15,0.0536962389945984,0.00016780074685812004,0.003221685020776935,0.003952974125756483,0.001897847224046321,0.002766295757481562,0.004837994643487033,0.006520483065396722,ic,deformation__deformation_low_train__detaq_scf__small__n160_te0600_r3_seed1
deformation,deformation_ood_lambda0p5,small,160,600,2,100,32000,0.0021802065019845035,0.0032809131351291786,7.112088695748753e-15,0.06276757121086109,0.00019614866003394088,0.0023366771988803515,0.003104065506851604,0.0016027422926854344,0.002265327935102584,0.003756128432985863,0.005365780499593844,ic,deformation__deformation_low_train__detaq_scf__small__n160_te0600_r3_seed2
deformation,deformation_ood_lambda0p75,small,160,600,2,100,32000,0.002170151414361317,0.0030602811805628422,6.993294832113861e-15,0.05300425231456758,0.0001656382884830237,0.0023566439582500607,0.003032175459345578,0.001700745974356929,0.0025228912240455223,0.0033918751904857356,0.004305528552823706,ic,deformation__deformation_low_train__detaq_scf__small__n160_te0600_r3_seed2
deformation,deformation_ood_lambda1p0,small,160,600,2,100,32000,0.0027602058004238643,0.0038637739445915842,7.563949466771191e-15,0.06614735007286071,0.00020671046897768978,0.0028467602999298837,0.003574618028513752,0.002127532156087303,0.002909107145468677,0.004571672233927529,0.006039630640469479,ic,deformation__deformation_low_train__detaq_scf__small__n160_te0600_r3_seed2
deformation,deformation_ood_lambda0p5,medium,5,300,0,100,32000,0.005788689242966939,0.01573986865301641,6.465938895416912e-15,0.44538680791854857,0.0013918337747454645,0.007153916156850754,0.011019113255964035,0.005460291801602578,0.018857695214769578,0.0054086546531762,0.0071034120451970205,ic,deformation__deformation_low_train__detaq_scf__medium__n005_te0300_r3_seed0
deformation,deformation_ood_lambda0p75,medium,5,300,0,100,32000,0.006284908397356048,0.012330418822345849,7.502887200416808e-15,0.8174239283800125,0.002554449776187539,0.008075114874285645,0.013882156209079673,0.006016475479545383,0.013147872438451821,0.005300000673858448,0.006991582917023245,ic,deformation__deformation_low_train__detaq_scf__medium__n005_te0300_r3_seed0
deformation,deformation_ood_lambda1p0,medium,5,300,0,100,32000,0.008040465968707576,0.013027013331030292,7.287503933639528e-15,1.3398856419324874,0.004187142631039024,0.007714027879701462,0.011530358356876368,0.008209374955137416,0.014187903307578856,0.007860177098424175,0.010567706326379189,ic,deformation__deformation_low_train__detaq_scf__medium__n005_te0300_r3_seed0
deformation,deformation_ood_lambda0p5,medium,5,300,1,100,32000,0.006343916825123597,0.0103527491603869,6.232792060245629e-15,0.5440964865684509,0.0017003015205264089,0.008350747961434535,0.011179693053043206,0.005353105499331528,0.0103546110298704,0.007309519666188866,0.00944762564824912,ic,deformation__deformation_low_train__detaq_scf__medium__n005_te0300_r3_seed1
deformation,deformation_ood_lambda0p75,medium,5,300,1,100,32000,0.007867248107935303,0.013005435093867316,6.574740751830177e-15,1.306848447918892,0.004083901399746538,0.009497701434593183,0.01323163380091947,0.007436316941418532,0.01383594534174761,0.007529588280827738,0.009814806486266611,ic,deformation__deformation_low_train__detaq_scf__medium__n005_te0300_r3_seed1
deformation,deformation_ood_lambda1p0,medium,5,300,1,100,32000,0.010556490395229778,0.01812646077407381,5.078160114635466e-15,2.303333358168602,0.007197916744276881,0.00886989038134925,0.011485663507355024,0.011656092520803215,0.02137432579350883,0.008944284032389987,0.011846392927166676,ic,deformation__deformation_low_train__detaq_scf__medium__n005_te0300_r3_seed1
deformation,deformation_ood_lambda0p5,medium,5,300,2,100,32000,0.006912178623711224,0.010296690445008605,6.2005955925314994e-15,0.11729974389076232,0.00036656169965863225,0.009719968473713378,0.012737994615167055,0.004865137868696669,0.007483379724931249,0.010245511038752734,0.01413682239624932,ic,deformation__deformation_low_train__detaq_scf__medium__n005_te0300_r3_seed2
deformation,deformation_ood_lambda0p75,medium,5,300,2,100,32000,0.007450644737016409,0.011114973180011825,6.125100426856989e-15,0.5583312064409256,0.0017447850201278922,0.010902394602424465,0.0149129829571396,0.005251910302167138,0.008297376626888236,0.01059509817615617,0.013739603582952497,ic,deformation__deformation_low_train__detaq_scf__medium__n005_te0300_r3_seed2
deformation,deformation_ood_lambda1p0,medium,5,300,2,100,32000,0.009335570552235004,0.014288922331548161,5.819789095085071e-15,1.1790220546722412,0.0036844439208507536,0.01067753163370071,0.014064088691282497,0.0074921015259072484,0.012621346801717476,0.013524016549752558,0.01857882480140083,ic,deformation__deformation_low_train__detaq_scf__medium__n005_te0300_r3_seed2
deformation,deformation_ood_lambda0p5,medium,5,600,0,100,32000,0.004294713810412213,0.013749327373345804,5.438982597638642e-15,0.40272869110107407,0.0012585271596908564,0.0034877499498543324,0.005152145370253425,0.004353442951338366,0.016727904913027912,0.004925490248191638,0.008899831787345618,ic,deformation__deformation_low_train__detaq_scf__medium__n005_te0600_r3_seed0
deformation,deformation_ood_lambda0p75,medium,5,600,0,100,32000,0.004687604933290276,0.010325596883800385,5.8675286851439525e-15,0.5691683655977249,0.0017786511424928903,0.003807725163991563,0.005971693410039779,0.005057529647659975,0.012309527877444505,0.004457710559479893,0.006546388558088973,ic,deformation__deformation_low_train__detaq_scf__medium__n005_te0600_r3_seed0
deformation,deformation_ood_lambda1p0,medium,5,600,0,100,32000,0.006551781206112358,0.014858374025174162,6.188383139260623e-15,0.8929533398151398,0.0027904791869223125,0.0039106326199253106,0.005170449615467665,0.0075397229846178885,0.017979365063713258,0.006229104456782807,0.010360991258125,ic,deformation__deformation_low_train__detaq_scf__medium__n005_te0600_r3_seed0
deformation,deformation_ood_lambda0p5,medium,5,600,1,100,32000,0.0049234900312381796,0.011410947504150604,5.540012892879531e-15,0.4432882368564605,0.0013852757401764393,0.004745008322002832,0.00625605624496464,0.004872944964716831,0.013385284505908727,0.0052536069400375696,0.008626288371013507,ic,deformation__deformation_low_train__detaq_scf__medium__n005_te0600_r3_seed1
deformation,deformation_ood_lambda0p75,medium,5,600,1,100,32000,0.006022752314351965,0.012220273291193124,7.27973237246715e-15,0.9550157481431961,0.002984424212947488,0.005424006645102055,0.0073796282442533,0.006580327498416106,0.01466327568582543,0.004948772431409453,0.006868880696176144,ic,deformation__deformation_low_train__detaq_scf__medium__n005_te0600_r3_seed1
deformation,deformation_ood_lambda1p0,medium,5,600,1,100,32000,0.00839337586100446,0.018104814777175928,6.3526961469051456e-15,1.5713082367181779,0.004910338239744305,0.005147233914700337,0.006472380871513126,0.010023473672122536,0.02227860455109222,0.006749224373954345,0.01039332546404034,ic,deformation__deformation_low_train__detaq_scf__medium__n005_te0600_r3_seed1
deformation,deformation_ood_lambda0p5,medium,5,600,2,100,32000,0.004284046273829881,0.008441766130232304,5.799805080641818e-15,0.15099454104900364,0.0004718579407781364,0.004858315777557436,0.006208640315724214,0.0034543465789174657,0.007493929366380034,0.006198875854839573,0.012218548619732676,ic,deformation__deformation_low_train__detaq_scf__medium__n005_te0600_r3_seed2
deformation,deformation_ood_lambda0p75,medium,5,600,2,100,32000,0.004572270800557453,0.00816048734241189,6.495914917081791e-15,0.3708219695091246,0.0011588186547160145,0.005556947680481245,0.007247923488173755,0.003827774264578087,0.007831798562767412,0.00582108352857176,0.009819580808497146,ic,deformation__deformation_low_train__detaq_scf__medium__n005_te0600_r3_seed2
deformation,deformation_ood_lambda1p0,medium,5,600,2,100,32000,0.006334908216237091,0.01274417436050096,6.616929226765933e-15,0.55615946829319,0.0017379983384162184,0.005762026515090837,0.007836443390566956,0.005702284443425015,0.01302314157723397,0.00880566123581957,0.015551636763332963,ic,deformation__deformation_low_train__detaq_scf__medium__n005_te0600_r3_seed2
deformation,deformation_ood_lambda0p5,medium,10,300,0,100,32000,0.005770654258399736,0.01650964460082318,6.06736882957648e-15,0.29765734434127805,0.0009301792010664938,0.006990102995594498,0.010214020931306992,0.00535682921259043,0.020017625578941326,0.005792680658632889,0.007509966656797755,ic,deformation__deformation_low_train__detaq_scf__medium__n010_te0300_r3_seed0
deformation,deformation_ood_lambda0p75,medium,10,300,0,100,32000,0.0062137642112793405,0.012335770079062412,5.6066262743570405e-15,0.6504476058483124,0.002032648768275976,0.007718959873192943,0.012408963603493289,0.005904975293999694,0.013574103041161394,0.005634935301204677,0.007355604624260006,ic,deformation__deformation_low_train__detaq_scf__medium__n010_te0300_r3_seed0
deformation,deformation_ood_lambda1p0,medium,10,300,0,100,32000,0.008012634011404587,0.013466139979960526,5.646594303243546e-15,1.2140783447027206,0.003793994827196002,0.007301695234142245,0.010318650432140267,0.008206842295612051,0.015083849822391046,0.008140947936044536,0.010846313044782013,ic,deformation__deformation_low_train__detaq_scf__medium__n010_te0300_r3_seed0
deformation,deformation_ood_lambda0p5,medium,10,300,1,100,32000,0.006547363471949938,0.011527353070837064,5.855316231873076e-15,0.4956923866271973,0.0015490387082099915,0.008742960004718043,0.011644527459790891,0.005289251643815077,0.011765495808047945,0.008126102423586414,0.010654747744985704,ic,deformation__deformation_low_train__detaq_scf__medium__n010_te0300_r3_seed1
deformation,deformation_ood_lambda0p75,medium,10,300,1,100,32000,0.008091794911609034,0.01343059429919302,5.764277943853813e-15,1.2565787857770918,0.003926808705553412,0.009895357801753562,0.013608335645634552,0.007411023874650713,0.014080209472786254,0.00833054513233947,0.011043578256648192,ic,deformation__deformation_low_train__detaq_scf__medium__n010_te0300_r3_seed1
deformation,deformation_ood_lambda1p0,medium,10,300,1,100,32000,0.010830409638164564,0.018033422250825895,5.757616605706062e-15,2.27050719499588,0.007095334984362126,0.009198988596093843,0.011869792080077962,0.01154856211261358,0.020751181623352884,0.01030737325688824,0.013903057579629615,ic,deformation__deformation_low_train__detaq_scf__medium__n010_te0300_r3_seed1
deformation,deformation_ood_lambda0p5,medium,10,300,2,100,32000,0.006820178389817011,0.010451124620203492,6.799005802804459e-15,0.12156533777713772,0.00037989168055355534,0.009004746520949992,0.011681144164117958,0.004798286067263689,0.008081200904495087,0.010701287226343994,0.014620652378597,ic,deformation__deformation_low_train__detaq_scf__medium__n010_te0300_r3_seed2
deformation,deformation_ood_lambda0p75,medium,10,300,2,100,32000,0.007369722422212363,0.011066215754267875,6.857847623109592e-15,0.5424668961763384,0.0016952090505510575,0.010012801814125854,0.013433684122601687,0.005272477446822449,0.008774187457547327,0.011018377956468615,0.014173309065763341,ic,deformation__deformation_low_train__detaq_scf__medium__n010_te0300_r3_seed2
deformation,deformation_ood_lambda1p0,medium,10,300,2,100,32000,0.009466476033895742,0.014872052462833766,6.005196340197472e-15,1.224565126299858,0.003826766019687057,0.009854194535815623,0.012809703223189523,0.007799999043229035,0.013865087827950623,0.01407818850397598,0.019107046977224238,ic,deformation__deformation_low_train__detaq_scf__medium__n010_te0300_r3_seed2
deformation,deformation_ood_lambda0p5,medium,10,600,0,100,32000,0.0042238402357324956,0.01418616912848546,7.116529587847253e-15,0.3550990641117096,0.0011096845753490925,0.003502938970923424,0.004969687678553529,0.004237695439757469,0.017302372522578727,0.0049031758884666475,0.009133613324273211,ic,deformation__deformation_low_train__detaq_scf__medium__n010_te0600_r3_seed0
deformation,deformation_ood_lambda0p75,medium,10,600,0,100,32000,0.0045947603658773,0.01027794172522195,7.934763956995994e-15,0.5238850033283234,0.001637140635401011,0.003771533895866014,0.005568262187235713,0.004926725565106607,0.012306346814725254,0.0044220912382006644,0.00654495003621859,ic,deformation__deformation_low_train__detaq_scf__medium__n010_te0600_r3_seed0
deformation,deformation_ood_lambda1p0,medium,10,600,0,100,32000,0.006432822409342041,0.014677332779682074,6.5059069243034175e-15,0.8446489131450653,0.002639527853578329,0.003908462907304056,0.005170923492656477,0.0073323708438159255,0.01768082628918864,0.006258536607958374,0.010608825715193478,ic,deformation__deformation_low_train__detaq_scf__medium__n010_te0600_r3_seed0
deformation,deformation_ood_lambda0p5,medium,10,600,1,100,32000,0.00473422587350942,0.011735288920854356,7.219780329137393e-15,0.3507443189620972,0.0010960759967565536,0.004853055123181548,0.0064079754912594825,0.004506182058714329,0.013844939742775871,0.0052995280682225695,0.008513272633938621,ic,deformation__deformation_low_train__detaq_scf__medium__n010_te0600_r3_seed1
deformation,deformation_ood_lambda0p75,medium,10,600,1,100,32000,0.005837069014064037,0.011890379565152764,5.708766792622555e-15,0.8587808567285538,0.0026836901772767305,0.005543944502016529,0.007503250213325679,0.0062236274285436,0.014200034131018016,0.004970518282672856,0.006758990996222034,ic,deformation__deformation_low_train__detaq_scf__medium__n010_te0600_r3_seed1
deformation,deformation_ood_lambda1p0,medium,10,600,1,100,32000,0.007898564134025947,0.016241425190887428,6.250555628639631e-15,1.4148085832595825,0.004421276822686195,0.005180332071497104,0.006549070936669659,0.009196784302010203,0.019776988490435642,0.006722135692602022,0.010131204754122804,ic,deformation__deformation_low_train__detaq_scf__medium__n010_te0600_r3_seed1
deformation,deformation_ood_lambda0p5,medium,10,600,2,100,32000,0.00425495708041126,0.008324964819630949,6.609157665593557e-15,0.13396155476570137,0.00041862985864281674,0.004813548700651153,0.0061520048178791194,0.003351052024576348,0.0070364676521171305,0.006408080627676101,0.012654738318249993,ic,deformation__deformation_low_train__detaq_scf__medium__n010_te0600_r3_seed2
deformation,deformation_ood_lambda0p75,medium,10,600,2,100,32000,0.0045675510096014485,0.0080468256928291,6.361577931102147e-15,0.35624602079391465,0.0011132688149809832,0.005491941248474177,0.007134239306499331,0.0037761518006833895,0.007523406567537134,0.006017358397482893,0.010151586527734962,ic,deformation__deformation_low_train__detaq_scf__medium__n010_te0600_r3_seed2
deformation,deformation_ood_lambda1p0,medium,10,600,2,100,32000,0.006303061268432067,0.012385372833701159,6.3427041396835196e-15,0.5444857078790666,0.0017015178371220833,0.005658085728355216,0.007660335710833188,0.005577256709628274,0.012228621475841417,0.009125450484920295,0.01611486916943533,ic,deformation__deformation_low_train__detaq_scf__medium__n010_te0600_r3_seed2
deformation,deformation_ood_lambda0p5,medium,20,300,0,100,32000,0.004420734972856007,0.011147694107510603,6.864508961257343e-15,0.2968508434295654,0.0009276588857173919,0.003783019888505805,0.005320153817816259,0.004439408969172897,0.012928232943816096,0.005002428068255541,0.009572552521621001,ic,deformation__deformation_low_train__detaq_scf__medium__n020_te0300_r3_seed0
deformation,deformation_ood_lambda0p75,medium,20,300,0,100,32000,0.004832410673901904,0.010306437936536857,7.577272143066693e-15,0.4956848180294037,0.0015490150563418868,0.00401938675303245,0.005826980580946367,0.005206896819930989,0.012282484171205268,0.004521976156684104,0.006676927419103835,ic,deformation__deformation_low_train__detaq_scf__medium__n020_te0300_r3_seed0
deformation,deformation_ood_lambda1p0,medium,20,300,0,100,32000,0.006911262244905811,0.016598798232315658,5.997424779025096e-15,0.8923576509952542,0.00278861765936017,0.00417634336143965,0.00549270263376131,0.007920502534601838,0.020175758831673874,0.00661846025928389,0.01123596895070022,ic,deformation__deformation_low_train__detaq_scf__medium__n020_te0300_r3_seed0
deformation,deformation_ood_lambda0p5,medium,20,300,1,100,32000,0.0043952378770220095,0.00883840874746877,5.537792446830281e-15,0.3253025060892105,0.0010165703315287828,0.0048383093478623785,0.006372379622752935,0.004085649919773761,0.009926982317755767,0.0048809302779263845,0.007371919022146036,ic,deformation__deformation_low_train__detaq_scf__medium__n020_te0300_r3_seed1
deformation,deformation_ood_lambda0p75,medium,20,300,1,100,32000,0.0053972567099146536,0.01057103783626605,7.333023077649159e-15,0.7824409353733063,0.002445127923041582,0.005445507654454559,0.0073629351820223765,0.00568249927771588,0.012507749462440392,0.004493278061971068,0.005932116008528939,ic,deformation__deformation_low_train__detaq_scf__medium__n020_te0300_r3_seed1
deformation,deformation_ood_lambda1p0,medium,20,300,1,100,32000,0.007416998595849149,0.015853266939404476,6.5869532051010536e-15,1.3189719969034195,0.004121787490323186,0.005078031368204394,0.006491031345191423,0.008654840701764144,0.019494700221844036,0.006042439505748915,0.008623622505485725,ic,deformation__deformation_low_train__detaq_scf__medium__n020_te0300_r3_seed1
deformation,deformation_ood_lambda0p5,medium,20,300,2,100,32000,0.00513769780760631,0.010147893303470669,6.31272811801864e-15,0.12313214421272281,0.00038478795066475887,0.0058661905244807725,0.007450088441667201,0.004076849628298078,0.008978163663943802,0.007591749628656545,0.014750342584997085,ic,deformation__deformation_low_train__detaq_scf__medium__n020_te0300_r3_seed2
deformation,deformation_ood_lambda0p75,medium,20,300,2,100,32000,0.0054986901168362235,0.009634021860100357,7.164269177906135e-15,0.4219525903463362,0.0013186018448323007,0.006583745454670862,0.008503048584775238,0.004522696596686728,0.009311841396830419,0.007341615339450072,0.011473398806379714,ic,deformation__deformation_low_train__detaq_scf__medium__n020_te0300_r3_seed2
deformation,deformation_ood_lambda1p0,medium,20,300,2,100,32000,0.00765010726551991,0.015093221081769772,5.88862292261183e-15,0.8172261470556259,0.002553831709548831,0.006657014607044403,0.008746722268170045,0.006960855585736378,0.01558400618235837,0.01071095496334601,0.01827396280515105,ic,deformation__deformation_low_train__detaq_scf__medium__n020_te0300_r3_seed2
deformation,deformation_ood_lambda0p5,medium,20,600,0,100,32000,0.003631644782645162,0.009114249655338334,7.354117315117036e-15,0.25874966263771065,0.0008085926957428458,0.0030122673260048038,0.0043340501416426255,0.003375717370538041,0.009630160996040213,0.0050188044756068854,0.010878590940004111,ic,deformation__deformation_low_train__detaq_scf__medium__n020_te0600_r3_seed0
deformation,deformation_ood_lambda0p75,medium,20,600,0,100,32000,0.0040744794253259895,0.008624387675326263,7.69273533762771e-15,0.43285915017127985,0.0013526848442852494,0.003306519333506004,0.004793777973556029,0.004169532201272279,0.009917671443895427,0.004557281189307101,0.007337532691897898,ic,deformation__deformation_low_train__detaq_scf__medium__n020_te0600_r3_seed0
deformation,deformation_ood_lambda1p0,medium,20,600,0,100,32000,0.005851187696633862,0.013935949426892092,6.799005802804459e-15,0.7568804198503496,0.0023652513120323423,0.003743817901879084,0.005131141440469312,0.006348149324127007,0.016202195243846206,0.006467672608909198,0.0125376005480806,ic,deformation__deformation_low_train__detaq_scf__medium__n020_te0600_r3_seed0
deformation,deformation_ood_lambda0p5,medium,20,600,1,100,32000,0.003728453821956646,0.006991679499541537,6.582512313002553e-15,0.16198562741279607,0.0005062050856649876,0.0034602233982295727,0.004652742260958837,0.0033576547133658706,0.00669126502392727,0.005109081571456045,0.009404829488796564,ic,deformation__deformation_low_train__detaq_scf__medium__n020_te0600_r3_seed1
deformation,deformation_ood_lambda0p75,medium,20,600,1,100,32000,0.004615273371792864,0.009069944306935663,7.236433674506771e-15,0.5117492121458053,0.0015992162879556416,0.0038892956604831856,0.0053436713167915005,0.004838643110881094,0.010627484692813787,0.004671141865837852,0.0066282978829182776,ic,deformation__deformation_low_train__detaq_scf__medium__n020_te0600_r3_seed1
deformation,deformation_ood_lambda1p0,medium,20,600,1,100,32000,0.00622284209659556,0.012657940339060595,6.180611578088247e-15,0.8527666819095612,0.0026648958809673785,0.0038300792483496483,0.004883493499755541,0.006821834546630271,0.014730378411061828,0.006818627594737337,0.011239066463666065,ic,deformation__deformation_low_train__detaq_scf__medium__n020_te0600_r3_seed1
deformation,deformation_ood_lambda0p5,medium,20,600,2,100,32000,0.003361234826396685,0.005452553851445882,6.770140004164204e-15,0.07870605289936065,0.00024595641531050205,0.0036563400855520747,0.004658852086385823,0.002492461830940253,0.003909432363794406,0.0056724485536105915,0.009005322344620193,ic,deformation__deformation_low_train__detaq_scf__medium__n020_te0600_r3_seed2
deformation,deformation_ood_lambda0p75,medium,20,600,2,100,32000,0.0036489790995838122,0.005893446846024324,7.165379400930761e-15,0.21932685077190406,0.0006853964086622002,0.004050269046449103,0.005205296755423022,0.0029562022680959974,0.005205047313902537,0.0053260196471819655,0.008080279184697814,ic,deformation__deformation_low_train__detaq_scf__medium__n020_te0600_r3_seed2
deformation,deformation_ood_lambda1p0,medium,20,600,2,100,32000,0.004909917735378258,0.008291753391203055,5.433431482515516e-15,0.29343843102455136,0.0009169950969517231,0.004414920785231515,0.0059215008610267305,0.004148083079974943,0.007380273782648635,0.007690418651734945,0.012053894629328071,ic,deformation__deformation_low_train__detaq_scf__medium__n020_te0600_r3_seed2
deformation,deformation_ood_lambda0p5,medium,40,300,0,100,32000,0.003527418385865168,0.00861124328506099,6.693534615465069e-15,0.1839360028505326,0.0005748000089079143,0.0029793135643121794,0.004355704967769568,0.003260090033252104,0.00922666773257556,0.004877508265257349,0.00981841109672203,ic,deformation__deformation_low_train__detaq_scf__medium__n040_te0300_r3_seed0
deformation,deformation_ood_lambda0p75,medium,40,300,0,100,32000,0.0038335838542319822,0.007696920303599735,5.936362512670712e-15,0.30225494205951664,0.0009445466939359894,0.003218933845346328,0.004589631349709347,0.003816598678259954,0.008728831757481695,0.004499189391033723,0.006824271633099863,ic,deformation__deformation_low_train__detaq_scf__medium__n040_te0300_r3_seed0
deformation,deformation_ood_lambda1p0,medium,40,300,0,100,32000,0.0054142324429238215,0.01249067349932818,5.745404152435185e-15,0.5416441899538037,0.001692638093605637,0.00365456920809811,0.004889913670605044,0.005731210991158151,0.014486995252403595,0.006222960033046545,0.011249634318440456,ic,deformation__deformation_low_train__detaq_scf__medium__n040_te0300_r3_seed0
deformation,deformation_ood_lambda0p5,medium,40,300,1,100,32000,0.0035860308863222604,0.006028429936173942,6.4170890823334045e-15,0.07384326785802832,0.00023076021205633846,0.0035817748901026763,0.004773584244305507,0.002992079797123251,0.00514267847779651,0.0053721401501388745,0.008920835451981766,ic,deformation__deformation_low_train__detaq_scf__medium__n040_te0300_r3_seed1
deformation,deformation_ood_lambda0p75,medium,40,300,1,100,32000,0.004245125183078926,0.006856860285317661,6.388223283693151e-15,0.28534651577472697,0.0008917078617960217,0.0037507965114200476,0.005150041317201108,0.004124729779005672,0.007359008141191151,0.005100640066957565,0.006789310482412891,ic,deformation__deformation_low_train__detaq_scf__medium__n040_te0300_r3_seed1
deformation,deformation_ood_lambda1p0,medium,40,300,1,100,32000,0.005342188482370693,0.008973972316304799,6.52589093874667e-15,0.4675097781419754,0.0014609680566936734,0.0037405429962091164,0.004708947961283157,0.005313883746236872,0.009471954936877929,0.007028748176933732,0.010551441313309437,ic,deformation__deformation_low_train__detaq_scf__medium__n040_te0300_r3_seed1
deformation,deformation_ood_lambda0p5,medium,40,300,2,100,32000,0.003217309840500821,0.005052301621386621,7.014389069581739e-15,0.16669383645057678,0.0005209182389080525,0.003499490705551579,0.004514129318888802,0.0024070311206936218,0.003635344402000467,0.0053659651348716576,0.008222177819544499,ic,deformation__deformation_low_train__detaq_scf__medium__n040_te0300_r3_seed2
deformation,deformation_ood_lambda0p75,medium,40,300,2,100,32000,0.0034696151606040076,0.005303105250702786,7.125411372044255e-15,0.26736010313034053,0.0008355003222823142,0.0038424979542032818,0.004894148932032499,0.0028142047543272685,0.004532837009035639,0.0050629635858349484,0.007417688230155872,ic,deformation__deformation_low_train__detaq_scf__medium__n040_te0300_r3_seed2
deformation,deformation_ood_lambda1p0,medium,40,300,2,100,32000,0.00464360628509894,0.007546762441044912,6.831202270518588e-15,0.26975862801074973,0.0008429957125335929,0.004392812395875808,0.005672611262173947,0.003831937880003049,0.006578560089074292,0.007329405389609744,0.011079586618615545,ic,deformation__deformation_low_train__detaq_scf__medium__n040_te0300_r3_seed2
deformation,deformation_ood_lambda0p5,medium,40,600,0,100,32000,0.0028208412339910866,0.005760676875111337,6.535882945968296e-15,0.04503674089908582,0.00014073981530964317,0.002764248831837903,0.004172770392198934,0.0022040510715257066,0.00464932027038832,0.004727804123540409,0.00914693613300483,ic,deformation__deformation_low_train__detaq_scf__medium__n040_te0600_r3_seed0
deformation,deformation_ood_lambda0p75,medium,40,600,0,100,32000,0.002911863668006844,0.005045957147382113,7.539524560229438e-15,0.13302790820598606,0.00041571221314370645,0.0029596104030497374,0.004256962025782035,0.0024520034147038437,0.004823215261733807,0.004243697692872951,0.006276661182035168,ic,deformation__deformation_low_train__detaq_scf__medium__n040_te0600_r3_seed0
deformation,deformation_ood_lambda1p0,medium,40,600,0,100,32000,0.0037974992662551813,0.007682917165877623,7.369660437461789e-15,0.3040965390205382,0.0009503016844391821,0.003368847060191911,0.004524451192120916,0.0033549494188240114,0.007586460165530302,0.005553801014611965,0.010099618248689733,ic,deformation__deformation_low_train__detaq_scf__medium__n040_te0600_r3_seed0
deformation,deformation_ood_lambda0p5,medium,40,600,1,100,32000,0.002507432098989375,0.0047069775058412025,6.944445019030354e-15,0.06776350468397137,0.0002117609521374105,0.0024995476683543527,0.0033939376047525927,0.001968867808531892,0.0045667296991103515,0.0041310094009968466,0.0060575831239292124,ic,deformation__deformation_low_train__detaq_scf__medium__n040_te0600_r3_seed1
deformation,deformation_ood_lambda0p75,medium,40,600,1,100,32000,0.0026589451848063614,0.00447684181344404,8.595346656647962e-15,0.1731732553243637,0.0005411664228886367,0.0025629513159510673,0.0036786657794005417,0.002333405920944642,0.004620716314056343,0.003731556845246812,0.004756566348902605,ic,deformation__deformation_low_train__detaq_scf__medium__n040_te0600_r3_seed1
deformation,deformation_ood_lambda1p0,medium,40,600,1,100,32000,0.003416926136484835,0.005467168951023543,6.832312493543213e-15,0.2900834679603576,0.0009065108373761175,0.0029763083517318593,0.0037306015252692865,0.0029923069335248626,0.005395214355855413,0.0051314015301177265,0.006943146269376206,ic,deformation__deformation_low_train__detaq_scf__medium__n040_te0600_r3_seed1
deformation,deformation_ood_lambda0p5,medium,40,600,2,100,32000,0.002490350586525165,0.003934450239136082,7.007727731433988e-15,0.03924975991249089,0.00012265549972653402,0.002437056073220446,0.0031592060872087766,0.0017874927225833136,0.0024759804374678476,0.0046522186916554365,0.0070019620778437874,ic,deformation__deformation_low_train__detaq_scf__medium__n040_te0600_r3_seed2
deformation,deformation_ood_lambda0p75,medium,40,600,2,100,32000,0.0025053824372706004,0.0038106811154690477,6.907807659217724e-15,0.05717224359512329,0.00017866326123476022,0.0023915025651804174,0.0031600488761217727,0.001915870285457156,0.0029004396871367072,0.004387798764801117,0.006114155116067191,ic,deformation__deformation_low_train__detaq_scf__medium__n040_te0600_r3_seed2
deformation,deformation_ood_lambda1p0,medium,40,600,2,100,32000,0.003318825656594708,0.00526920987973684,6.374900607397649e-15,0.04931720674037935,0.00015411627106368548,0.0029079737237188963,0.0037387937410425106,0.0025410532293220355,0.003791706873069236,0.0060629948712885365,0.009039533290589815,ic,deformation__deformation_low_train__detaq_scf__medium__n040_te0600_r3_seed2
deformation,deformation_ood_lambda0p5,medium,80,300,0,100,32000,0.002886834082275163,0.0052025124874655595,7.226441667285144e-15,0.13556200444698344,0.00042363126389682334,0.002870516501134261,0.0042247635672002385,0.0023680446555760376,0.004589357075878498,0.004459519943513442,0.007368545216166137,ic,deformation__deformation_low_train__detaq_scf__medium__n080_te0300_r3_seed0
deformation,deformation_ood_lambda0p75,medium,80,300,0,100,32000,0.0031508822755538855,0.0050918749789473595,6.288303211476887e-15,0.2654781591892242,0.0008296192474663256,0.0030624858016381046,0.0042086596173371,0.0028048197031215146,0.005134329768514858,0.004277466466766783,0.005730542008917944,ic,deformation__deformation_low_train__detaq_scf__medium__n080_te0300_r3_seed0
deformation,deformation_ood_lambda1p0,medium,80,300,0,100,32000,0.0041706559121957995,0.007325432304944834,7.12874204111813e-15,0.4639178651571275,0.0014497433286160234,0.003586670866119676,0.004805261598395776,0.003898437416103359,0.007617004813243708,0.005571296446549243,0.008435814499364973,ic,deformation__deformation_low_train__detaq_scf__medium__n080_te0300_r3_seed0
deformation,deformation_ood_lambda0p5,medium,80,300,1,100,32000,0.0027775750934612006,0.00458896997268527,7.377431998634166e-15,0.12599278360605243,0.000393727448768914,0.0027499854666530156,0.003755481725858387,0.002300914085460439,0.004073402236327606,0.004235147744271671,0.006435197488890509,ic,deformation__deformation_low_train__detaq_scf__medium__n080_te0300_r3_seed1
deformation,deformation_ood_lambda0p75,medium,80,300,1,100,32000,0.0031583668544422822,0.005173722811249699,7.067679774763746e-15,0.06671218812465679,0.0002084755878895525,0.002826696180680301,0.003936646927771726,0.002995659386719732,0.005541553938482018,0.003978159931371916,0.005119901312034849,ic,deformation__deformation_low_train__detaq_scf__medium__n080_te0300_r3_seed1
deformation,deformation_ood_lambda1p0,medium,80,300,1,100,32000,0.004080032077594659,0.006504736396165605,6.9821926018676095e-15,0.18500680148601542,0.0005781462546437982,0.0031611974656698292,0.003976712356054771,0.003914582992632251,0.00676182590568149,0.005495213944406711,0.007653552640373815,ic,deformation__deformation_low_train__detaq_scf__medium__n080_te0300_r3_seed1
deformation,deformation_ood_lambda0p5,medium,80,300,2,100,32000,0.0025145811514696113,0.0035030544605035682,6.7046368457113204e-15,0.04315844953060143,0.00013487015478312944,0.002624473742442206,0.003361921261291293,0.001817772588032919,0.0024022264636090343,0.004495114250807091,0.005722094219056218,ic,deformation__deformation_low_train__detaq_scf__medium__n080_te0300_r3_seed2
deformation,deformation_ood_lambda0p75,medium,80,300,2,100,32000,0.0025996625252533707,0.003774403668051951,6.835643162617089e-15,0.06755917191505435,0.00021112241223454487,0.0026795475507387896,0.003456396934133727,0.0020034601711668076,0.003033296121550592,0.004308384562027641,0.005628612564183956,ic,deformation__deformation_low_train__detaq_scf__medium__n080_te0300_r3_seed2
deformation,deformation_ood_lambda1p0,medium,80,300,2,100,32000,0.003369385747052729,0.004863266786829417,7.431832926840798e-15,0.07576725840568545,0.000236772682517767,0.003258258303045295,0.0042217448390596555,0.002606390965248768,0.0037428445995924455,0.005769497536472046,0.00764244938636618,ic,deformation__deformation_low_train__detaq_scf__medium__n080_te0300_r3_seed2
deformation,deformation_ood_lambda0p5,medium,80,600,0,100,32000,0.0022667657866026277,0.003888405033611857,5.28577182024037e-15,0.17846953630447387,0.0005577173009514809,0.002495812275214122,0.003627799851912783,0.0016350206760495588,0.0029084569077372888,0.0039329546296503395,0.006087706629680627,ic,deformation__deformation_low_train__detaq_scf__medium__n080_te0600_r3_seed0
deformation,deformation_ood_lambda0p75,medium,80,600,0,100,32000,0.002269468432187568,0.003245041374650453,6.3427041396835196e-15,0.11097802519798292,0.0003468063287436966,0.0025318374226917517,0.0034552680436444627,0.001731348549054625,0.0024308532269825133,0.003621459091082213,0.004794314145854648,ic,deformation__deformation_low_train__detaq_scf__medium__n080_te0600_r3_seed0
deformation,deformation_ood_lambda1p0,medium,80,600,0,100,32000,0.0027743209771346304,0.004118629401830897,6.376010830422274e-15,0.04767109096050267,0.00014897215925157082,0.002958340021548793,0.003940693240586606,0.002092187482980081,0.002736100142396174,0.004636702415184115,0.00684308012258103,ic,deformation__deformation_low_train__detaq_scf__medium__n080_te0600_r3_seed0
deformation,deformation_ood_lambda0p5,medium,80,600,1,100,32000,0.0022699211866711267,0.0039242552070346375,5.1025850211772196e-15,0.11303935348987575,0.0003532479796558617,0.002373377596377395,0.003162580755894414,0.0017103961177053857,0.0032819643350373,0.003845039983862082,0.005889236616299958,ic,deformation__deformation_low_train__detaq_scf__medium__n080_te0600_r3_seed1
deformation,deformation_ood_lambda0p75,medium,80,600,1,100,32000,0.0023418909819447435,0.003661871999502305,7.578382366091319e-15,0.13551389575004577,0.000423480924218893,0.002306073032610584,0.0031428631211620067,0.00187750929617323,0.0033399495019139523,0.0037708539885934443,0.0048685887153598305,ic,deformation__deformation_low_train__detaq_scf__medium__n080_te0600_r3_seed1
deformation,deformation_ood_lambda1p0,medium,80,600,1,100,32000,0.0029994739745976403,0.004464950230279869,5.405675906899887e-15,0.12680992245674147,0.000396281007677317,0.002812222064065282,0.003495832591163811,0.0023031477818925244,0.003358925784283519,0.005275704463245347,0.007321947146488033,ic,deformation__deformation_low_train__detaq_scf__medium__n080_te0600_r3_seed1
deformation,deformation_ood_lambda0p5,medium,80,600,2,100,32000,0.0022590621780953363,0.003105473200696733,5.9385829587199626e-15,0.036175212264060834,0.0001130475383251901,0.0024098838023492147,0.0031503105591719786,0.0016587107498198736,0.0022090141358393025,0.003909294838667846,0.004863756986629165,ic,deformation__deformation_low_train__detaq_scf__medium__n080_te0600_r3_seed2
deformation,deformation_ood_lambda0p75,medium,80,600,2,100,32000,0.0022236615557339966,0.003108535866667513,6.644684802381562e-15,0.0366571849584579,0.00011455370299518093,0.002307955035998021,0.003083220160410247,0.0016924559738448197,0.0023099918782010526,0.003732984821137504,0.004774991327967733,ic,deformation__deformation_low_train__detaq_scf__medium__n080_te0600_r3_seed2
deformation,deformation_ood_lambda1p0,medium,80,600,2,100,32000,0.0028168758771964348,0.003985686496186657,6.582512313002553e-15,0.03664275825023648,0.00011450861953198902,0.002858463936543557,0.0036366395160659327,0.0021447066509475313,0.0030269848470061565,0.004791795496596022,0.006222172085983836,ic,deformation__deformation_low_train__detaq_scf__medium__n080_te0600_r3_seed2
deformation,deformation_ood_lambda0p5,medium,160,300,0,100,32000,0.002359044242464006,0.003976371839653467,6.06736882957648e-15,0.03357363462448123,0.00010491760820150383,0.002606415140966418,0.003952737228748404,0.0017460681596033582,0.0033010732693851443,0.0039506015925435374,0.005544572052635306,ic,deformation__deformation_low_train__detaq_scf__medium__n160_te0300_r3_seed0
deformation,deformation_ood_lambda0p75,medium,160,300,0,100,32000,0.002501992804161272,0.0036788961189325674,6.720179968056073e-15,0.1219358664751052,0.0003810495827347038,0.002705231224361342,0.0038639819529579923,0.0019993223032215607,0.003100588920609895,0.003806765886780337,0.004888769965223765,ic,deformation__deformation_low_train__detaq_scf__medium__n160_te0300_r3_seed0
deformation,deformation_ood_lambda1p0,medium,160,300,0,100,32000,0.00309642598136561,0.004494276067014396,5.9741100955079676e-15,0.23215685486793528,0.0007254901714622977,0.0031395314880064695,0.004259447940915243,0.0024953893955098473,0.0036334752447488477,0.004856430232292038,0.00657596099507264,ic,deformation__deformation_low_train__detaq_scf__medium__n160_te0300_r3_seed0
deformation,deformation_ood_lambda0p5,medium,160,300,1,100,32000,0.002259324316191487,0.0032444409219809216,6.770140004164204e-15,0.20956490516662585,0.0006548903286457057,0.0023184495220193637,0.003058127946744197,0.0016877725480590015,0.002303381635324219,0.003914854414761067,0.0052309785956948405,ic,deformation__deformation_low_train__detaq_scf__medium__n160_te0300_r3_seed1
deformation,deformation_ood_lambda0p75,medium,160,300,1,100,32000,0.0024717504729982465,0.0037347065318242252,6.145084441300242e-15,0.32110527515411386,0.0010034539848566058,0.0022741982775623905,0.0030815467459495978,0.0020836091872576306,0.0035348152805661543,0.00383372652565595,0.004770689346793415,ic,deformation__deformation_low_train__detaq_scf__medium__n160_te0300_r3_seed1
deformation,deformation_ood_lambda1p0,medium,160,300,1,100,32000,0.0030384682841133317,0.004245890234314758,6.8467453928633406e-15,0.3985308414697648,0.0012454088795930147,0.002722679851925932,0.0034013908398239454,0.0025445954417809844,0.0036637233144234185,0.004835875243297773,0.006188687598357165,ic,deformation__deformation_low_train__detaq_scf__medium__n160_te0300_r3_seed1
deformation,deformation_ood_lambda0p5,medium,160,300,2,100,32000,0.002284550863970071,0.0032222291251366086,6.885603198725221e-15,0.09162704527378089,0.0002863345164805652,0.0023960496032959795,0.003125977924156025,0.0016832631159534978,0.0022420311231722842,0.003976915368693883,0.0052021105351830865,ic,deformation__deformation_low_train__detaq_scf__medium__n160_te0300_r3_seed2
deformation,deformation_ood_lambda0p75,medium,160,300,2,100,32000,0.002279392356134485,0.0032528154150950474,6.358247262028272e-15,0.07552244842052469,0.00023600765131413963,0.002294797891925556,0.0030568524029937027,0.0017703497764111184,0.002531826496735169,0.0037911145595135158,0.004932469744560084,ic,deformation__deformation_low_train__detaq_scf__medium__n160_te0300_r3_seed2
deformation,deformation_ood_lambda1p0,medium,160,300,2,100,32000,0.002894312328146771,0.0042269368618262325,7.281952818516402e-15,0.07562442958354955,0.0002363263424485924,0.0027909061295213183,0.0035802673002632173,0.002255543213667503,0.0032345266930523353,0.004914025870210025,0.006717899481518662,ic,deformation__deformation_low_train__detaq_scf__medium__n160_te0300_r3_seed2
deformation,deformation_ood_lambda0p5,medium,160,600,0,100,32000,0.0022034454146400103,0.0035499462126011355,6.2805316503045106e-15,0.03778888463973988,0.00011809026449918715,0.0023335454050684348,0.003283518119848689,0.0016046901610679931,0.003001322591587366,0.0038696111849276372,0.005020486771430927,ic,deformation__deformation_low_train__detaq_scf__medium__n160_te0600_r3_seed0
deformation,deformation_ood_lambda0p75,medium,160,600,0,100,32000,0.0022712293776217846,0.0031373434076176175,6.348255254806645e-15,0.11063399791717524,0.00034573124349117265,0.002318197072367184,0.0032432023050210272,0.0017080560923010734,0.0022671449712337514,0.00391378153883852,0.004824564035593625,ic,deformation__deformation_low_train__detaq_scf__medium__n160_te0600_r3_seed0
deformation,deformation_ood_lambda1p0,medium,160,600,0,100,32000,0.0027923106881557027,0.0038411376290585606,7.056577544517495e-15,0.19474672794342027,0.0006085835248231884,0.002708910929621197,0.003513401945207607,0.0020886846823462606,0.0026928142487161527,0.004986588464118536,0.006298726257267677,ic,deformation__deformation_low_train__detaq_scf__medium__n160_te0600_r3_seed0
deformation,deformation_ood_lambda0p5,medium,160,600,1,100,32000,0.00234578567254357,0.0033309108701528502,7.059908213591371e-15,0.043637969493865836,0.0001363686546683308,0.0023422739949310206,0.0030277281471928806,0.0017639009958171903,0.0025921947002251213,0.0040949513803352575,0.005113636504444017,ic,deformation__deformation_low_train__detaq_scf__medium__n160_te0600_r3_seed1
deformation,deformation_ood_lambda0p75,medium,160,600,1,100,32000,0.002474423399579246,0.0034862420954102024,7.112088695748753e-15,0.09126452147960683,0.00028520162962377126,0.0022356254650512707,0.0029672960370558713,0.0019389557660130486,0.0028503892138729164,0.0043196242348058165,0.005252658179991721,ic,deformation__deformation_low_train__detaq_scf__medium__n160_te0600_r3_seed1
deformation,deformation_ood_lambda1p0,medium,160,600,1,100,32000,0.0029819342321949073,0.004077501578001278,6.851186284961841e-15,0.12215339541435238,0.00038172936066985117,0.0026463851454318504,0.0033270989021341297,0.0023354782339301892,0.0031513707542408626,0.005256851313752119,0.0065013149128755904,ic,deformation__deformation_low_train__detaq_scf__medium__n160_te0600_r3_seed1
deformation,deformation_ood_lambda0p5,medium,160,600,2,100,32000,0.0024990801828913404,0.0034772906372050605,6.690203946391193e-15,0.2611664313077929,0.0008161450978368528,0.0024688865871285064,0.003140005433732691,0.0019145255465603775,0.002458090361217914,0.004282937687647063,0.005698376267180135,ic,deformation__deformation_low_train__detaq_scf__medium__n160_te0600_r3_seed2
deformation,deformation_ood_lambda0p75,medium,160,600,2,100,32000,0.0025197275284677737,0.003391285316325447,6.4526162191214095e-15,0.28705297350883474,0.0008970405422151084,0.0023723022083286193,0.003085491282816044,0.001954306373877141,0.002531963895374982,0.004363416312378826,0.005362023920577172,ic,deformation__deformation_low_train__detaq_scf__medium__n160_te0600_r3_seed2
deformation,deformation_ood_lambda1p0,medium,160,600,2,100,32000,0.0030690015127416708,0.004443753627153167,6.628031457012185e-15,0.3259374529123306,0.0010185545403510333,0.002737860947556327,0.00346009528595906,0.0024458789842513734,0.003610876875989868,0.005269509663397908,0.006902693435579583,ic,deformation__deformation_low_train__detaq_scf__medium__n160_te0600_r3_seed2
deformation,deformation_ood_lambda0p5,large,5,300,0,100,32000,0.009080564035684802,0.016424290423760073,5.2280402229598625e-15,0.2444289028644561,0.0007638403214514254,0.013136735572537871,0.019175256555446274,0.007273291233461349,0.015783609932829703,0.010446210905502084,0.015288200944445267,ic,deformation__deformation_low_train__detaq_scf__large__n005_te0300_r3_seed0
deformation,deformation_ood_lambda0p75,large,5,300,0,100,32000,0.010012518695031758,0.016641987857077704,5.9674487573602164e-15,0.6479660958051684,0.0020248940493911515,0.015070420552161522,0.023875233799412008,0.00824773465038743,0.014196811538056905,0.010248968971834986,0.014494952109534769,ic,deformation__deformation_low_train__detaq_scf__large__n005_te0300_r3_seed0
deformation,deformation_ood_lambda1p0,large,5,300,0,100,32000,0.012870484857459086,0.01982300389163332,5.478950626525148e-15,1.4659324538707734,0.004581038918346166,0.01475040102202911,0.021603602551335387,0.011715769805712624,0.01839688721402417,0.014454713848128447,0.021970557474627405,ic,deformation__deformation_low_train__detaq_scf__large__n005_te0300_r3_seed0
deformation,deformation_ood_lambda0p5,large,5,300,1,100,32000,0.008032136711303609,0.012818909118838595,6.5769611978794276e-15,0.7223623752593994,0.002257382422685623,0.013197432491811925,0.017515543366754115,0.005716359031910542,0.0107750828885649,0.0098141739689745,0.012904288503681246,ic,deformation__deformation_low_train__detaq_scf__large__n005_te0300_r3_seed1
deformation,deformation_ood_lambda0p75,large,5,300,1,100,32000,0.00989795707340818,0.016243050451283835,6.494804694057166e-15,1.5683406949043275,0.004901064671576023,0.015172592747607268,0.020846807174462027,0.008009749278930637,0.015294517737566057,0.010287944782641717,0.01352136280008013,ic,deformation__deformation_low_train__detaq_scf__large__n005_te0300_r3_seed1
deformation,deformation_ood_lambda1p0,large,5,300,1,100,32000,0.013109640141658021,0.0212355957418441,5.185851748024106e-15,2.8471586012840273,0.008897370629012585,0.014577301605371757,0.019280151828823953,0.012373277428792791,0.022495953098325142,0.01385106681653997,0.019100383781654722,ic,deformation__deformation_low_train__detaq_scf__large__n005_te0300_r3_seed1
deformation,deformation_ood_lambda0p5,large,5,300,2,100,32000,0.009196438944572583,0.014607230121647408,6.142863995250991e-15,0.36754276037216194,0.0011485711261630057,0.014842730280652177,0.020448974716610634,0.006906725027423818,0.012096470939795462,0.010419289359939283,0.014481763172393327,ic,deformation__deformation_low_train__detaq_scf__large__n005_te0300_r3_seed2
deformation,deformation_ood_lambda0p75,large,5,300,2,100,32000,0.010388582289160696,0.016867096962817203,5.845324224651449e-15,1.1216467100381848,0.0035051459688693275,0.0166348650053842,0.02424191829402019,0.008219581417681183,0.014487761895501201,0.010649302187375724,0.014322655583697674,ic,deformation__deformation_low_train__detaq_scf__large__n005_te0300_r3_seed2
deformation,deformation_ood_lambda1p0,large,5,300,2,100,32000,0.013164519743341953,0.02193227246169316,5.3468340865947535e-15,2.079163220524788,0.006497385064139962,0.015909784985531587,0.021811415985996896,0.012007982633775102,0.022498276061786435,0.013888865829852872,0.020269872522994854,ic,deformation__deformation_low_train__detaq_scf__large__n005_te0300_r3_seed2
deformation,deformation_ood_lambda0p5,large,5,600,0,100,32000,0.005375275546393822,0.013710078937622295,6.4159788593087796e-15,0.540580696463585,0.001689314676448703,0.005247441833547781,0.007188443386110594,0.005525466023827902,0.01680267538939637,0.005052537826937622,0.006416221889833294,ic,deformation__deformation_low_train__detaq_scf__large__n005_te0600_r3_seed0
deformation,deformation_ood_lambda0p75,large,5,600,0,100,32000,0.0060711397870909425,0.012391204536422958,6.301625887772388e-15,0.8278055906295776,0.0025868924707174302,0.005917724973522126,0.008782663748416766,0.006669400089711416,0.014819510078522006,0.004429773692798336,0.005632133689583764,ic,deformation__deformation_low_train__detaq_scf__large__n005_te0600_r3_seed0
deformation,deformation_ood_lambda1p0,large,5,600,0,100,32000,0.00827726055148523,0.017427301203895778,6.277200981230635e-15,1.3122049474716186,0.004100640460848807,0.005588502660626544,0.007406145384226791,0.010082322695991021,0.021695524372568123,0.005550832008826543,0.007184414617917085,ic,deformation__deformation_low_train__detaq_scf__large__n005_te0600_r3_seed0
deformation,deformation_ood_lambda0p5,large,5,600,1,100,32000,0.004951690754527225,0.00922599587999229,6.716849298982197e-15,0.5324587869644164,0.0016639337092638012,0.00533487833989784,0.006754388252453408,0.00471776349749416,0.010344487148713812,0.005270284940255805,0.0076777598369301365,ic,deformation__deformation_low_train__detaq_scf__large__n005_te0600_r3_seed1
deformation,deformation_ood_lambda0p75,large,5,600,1,100,32000,0.006304137459292543,0.012459625786789651,6.098455074265985e-15,1.104347027540207,0.003451084461063147,0.0061593710800516436,0.007940843497732537,0.006792744730929069,0.014910055587485267,0.004983082023623865,0.006798904721569876,ic,deformation__deformation_low_train__detaq_scf__large__n005_te0600_r3_seed1
deformation,deformation_ood_lambda1p0,large,5,600,1,100,32000,0.008704644124419429,0.017887797654421153,5.608846720406291e-15,1.8788843870162963,0.005871513709425926,0.005797805177862756,0.007519696843700584,0.010247451578460945,0.021969480209713288,0.006983060708851551,0.009764553341114113,ic,deformation__deformation_low_train__detaq_scf__large__n005_te0600_r3_seed1
deformation,deformation_ood_lambda0p5,large,5,600,2,100,32000,0.0054246784593211484,0.01109318982064464,6.2461147365411305e-15,0.48180918335914613,0.0015056536979973316,0.005967734642967115,0.007740914486399753,0.005278865690187862,0.013006333876958109,0.0053190605830750436,0.006919420650733067,ic,deformation__deformation_low_train__detaq_scf__large__n005_te0600_r3_seed2
deformation,deformation_ood_lambda0p75,large,5,600,2,100,32000,0.006407504315522965,0.012291000331741485,6.772360450213455e-15,0.9878465002775191,0.0030870203133672477,0.006580634932382965,0.00881203899472226,0.006765048240718897,0.014489781420325845,0.005161741923075169,0.0069159321644577,ic,deformation__deformation_low_train__detaq_scf__large__n005_te0600_r3_seed2
deformation,deformation_ood_lambda1p0,large,5,600,2,100,32000,0.00866864543169504,0.019027755753852505,6.121769757783113e-15,1.595545301437378,0.004986079066991806,0.006086921121750493,0.007704558299534324,0.010395720441825688,0.023685859116416404,0.006069144711247647,0.008237563978642835,ic,deformation__deformation_low_train__detaq_scf__large__n005_te0600_r3_seed2
deformation,deformation_ood_lambda0p5,large,10,300,0,100,32000,0.009255577170138713,0.01783847065082964,5.694333893302428e-15,0.2689483898878097,0.0008404637183994055,0.01305819939437788,0.018617714271622877,0.007358885698990586,0.017901891034824674,0.011143029359343925,0.01682268656411791,ic,deformation__deformation_low_train__detaq_scf__large__n010_te0300_r3_seed0
deformation,deformation_ood_lambda0p75,large,10,300,0,100,32000,0.010163087566953617,0.017052202338232954,6.925571227611727e-15,0.6572672903537752,0.0020539602823555474,0.014866003357165028,0.022847972164880766,0.00835380611050641,0.015067936645143148,0.010888016146083826,0.015834457573497024,ic,deformation__deformation_low_train__detaq_scf__large__n010_te0300_r3_seed0
deformation,deformation_ood_lambda1p0,large,10,300,0,100,32000,0.013086393760156351,0.020147733383039625,5.812017533912695e-15,1.5138808369636536,0.0047308776155114175,0.014551053814589978,0.020751479319919997,0.01175474948893922,0.018379146317304015,0.015616666519374123,0.024200265501571876,ic,deformation__deformation_low_train__detaq_scf__large__n010_te0300_r3_seed0
deformation,deformation_ood_lambda0p5,large,10,300,1,100,32000,0.008097029243945144,0.013158065407980573,6.3171690101171406e-15,0.6770771765708923,0.0021158661767840385,0.01274939413543325,0.016760695043525998,0.005750667702154412,0.01142930733845057,0.010483748977829239,0.013887596240930892,ic,deformation__deformation_low_train__detaq_scf__large__n010_te0300_r3_seed1
deformation,deformation_ood_lambda0p75,large,10,300,1,100,32000,0.009883366286498493,0.016271651179176238,6.822320486321587e-15,1.511657903790474,0.00472393094934523,0.014591787639772518,0.019715182006501214,0.00801589072992404,0.015616988528454046,0.010777371602947823,0.01426442311630135,ic,deformation__deformation_low_train__detaq_scf__large__n010_te0300_r3_seed1
deformation,deformation_ood_lambda1p0,large,10,300,1,100,32000,0.01322234816115815,0.02159777576361043,5.8408833325529485e-15,2.8536397618055345,0.008917624255642295,0.014048338222666643,0.01825834649148832,0.012506712228253792,0.023051524245393935,0.014543265898362736,0.020120488636332708,ic,deformation__deformation_low_train__detaq_scf__large__n010_te0300_r3_seed1
deformation,deformation_ood_lambda0p5,large,10,300,2,100,32000,0.009126060841500295,0.015239572067293167,6.254996520738132e-15,0.3570170098543167,0.0011156781557947397,0.014359070224512833,0.01954685615877406,0.006827589389286004,0.01353564979054118,0.010788465815130622,0.015149315249303345,ic,deformation__deformation_low_train__detaq_scf__large__n010_te0300_r3_seed2
deformation,deformation_ood_lambda0p75,large,10,300,2,100,32000,0.010276677176775412,0.016910375223391273,5.924150059399835e-15,1.080972370505333,0.003378038657829165,0.016037982590962202,0.02296017696423745,0.008176761219627224,0.015140357169472525,0.010815119634033183,0.014660933772878615,ic,deformation__deformation_low_train__detaq_scf__large__n010_te0300_r3_seed2
deformation,deformation_ood_lambda1p0,large,10,300,2,100,32000,0.013196414395724426,0.02243663073422725,5.4944937488699e-15,2.101411006450653,0.006566909395158291,0.015337615184136667,0.02071904487151661,0.012164452068139023,0.023472726216060086,0.014151100590068378,0.02085249493681973,ic,deformation__deformation_low_train__detaq_scf__large__n010_te0300_r3_seed2
deformation,deformation_ood_lambda0p5,large,10,600,0,100,32000,0.005268723974167369,0.013956423856129848,5.621059173677168e-15,0.47484561502933514,0.001483892546966672,0.00520162505004555,0.006965946983596107,0.005330428328481503,0.01715164773429677,0.005150709835346786,0.006545789247849139,ic,deformation__deformation_low_train__detaq_scf__large__n010_te0600_r3_seed0
deformation,deformation_ood_lambda0p75,large,10,600,0,100,32000,0.0059554696004255675,0.012131086392057098,7.606137941706948e-15,0.7669026672840118,0.0023965708352625373,0.005814902691461612,0.008222027107025782,0.0064543259025667795,0.014536926888938597,0.004599467602965888,0.005852164162603429,ic,deformation__deformation_low_train__detaq_scf__large__n010_te0600_r3_seed0
deformation,deformation_ood_lambda1p0,large,10,600,0,100,32000,0.00801717886753613,0.0165522367783874,6.0740301677242315e-15,1.2507956218719483,0.003908736318349838,0.005449453406909015,0.0070359934263500585,0.009624532794987314,0.020525120654475933,0.005762842545809685,0.007519027510321914,ic,deformation__deformation_low_train__detaq_scf__large__n010_te0600_r3_seed0
deformation,deformation_ood_lambda0p5,large,10,600,1,100,32000,0.004884656526858452,0.008929920864035622,7.005507285384738e-15,0.46721149563789366,0.0014600359238684177,0.005520011439162772,0.006996955219227574,0.004549007674640354,0.009881069136133363,0.005256248171208427,0.007540123940007595,ic,deformation__deformation_low_train__detaq_scf__large__n010_te0600_r3_seed1
deformation,deformation_ood_lambda0p75,large,10,600,1,100,32000,0.006217141904553865,0.012134888512476518,6.117328865684613e-15,1.0501614129543304,0.0032817544154822827,0.006363609629799611,0.008210659844469873,0.006584813870547806,0.014427786113614026,0.004967658281326293,0.006661803400656735,ic,deformation__deformation_low_train__detaq_scf__large__n010_te0600_r3_seed1
deformation,deformation_ood_lambda1p0,large,10,600,1,100,32000,0.008494281561311802,0.017130048210245215,5.651035195342047e-15,1.833204425573349,0.005728763829916716,0.005972798292234074,0.007753587047452408,0.009842062757175883,0.020940634405467805,0.006972421242797281,0.009567870108536117,ic,deformation__deformation_low_train__detaq_scf__large__n010_te0600_r3_seed1
deformation,deformation_ood_lambda0p5,large,10,600,2,100,32000,0.005409642673190684,0.01174145146566666,6.825651155395462e-15,0.46206224977970123,0.0014439445305615662,0.00598051399178803,0.007769590958690647,0.005166439163925436,0.013890628412681804,0.0055683818823890775,0.007077654684996463,ic,deformation__deformation_low_train__detaq_scf__large__n010_te0600_r3_seed2
deformation,deformation_ood_lambda0p75,large,10,600,2,100,32000,0.006374428941647057,0.012217859709692495,6.160627563644994e-15,0.9457005721330642,0.002955314287915826,0.00658504116453696,0.00877997531297053,0.00663974447946142,0.01436317156471479,0.005367870105314068,0.007098621044961436,ic,deformation__deformation_low_train__detaq_scf__large__n010_te0600_r3_seed2
deformation,deformation_ood_lambda1p0,large,10,600,2,100,32000,0.008609991240699309,0.018373204469393317,6.510347816401918e-15,1.5606590574979782,0.004877059554681182,0.006084870438498911,0.007707620742108447,0.010224503426017084,0.022776685240757724,0.006291575486946382,0.008493151546795813,ic,deformation__deformation_low_train__detaq_scf__large__n010_te0600_r3_seed2
deformation,deformation_ood_lambda0p5,large,20,300,0,100,32000,0.005810374501754995,0.010815146493075363,6.59472476627343e-15,0.4134456980228424,0.0012920178063213828,0.005740166068717372,0.007651867564338168,0.005600679177092388,0.01226960164621446,0.006509668908780441,0.008640400305591475,ic,deformation__deformation_low_train__detaq_scf__large__n020_te0300_r3_seed0
deformation,deformation_ood_lambda0p75,large,20,300,0,100,32000,0.0065160769241978415,0.011732686898733167,6.03073146976385e-15,0.7268418073654175,0.0022713806480169295,0.006366791930515319,0.008957334603323765,0.006734964616965347,0.01343875607086813,0.006008698839577846,0.008139125992742594,ic,deformation__deformation_low_train__detaq_scf__large__n020_te0300_r3_seed0
deformation,deformation_ood_lambda1p0,large,20,300,0,100,32000,0.008963598595850634,0.017403994659028532,6.328271240363392e-15,1.3483089005947113,0.004213465314358473,0.006029542828386185,0.007798743405619374,0.010249580066670504,0.021004006845813984,0.00803970995085547,0.011409199841083266,ic,deformation__deformation_low_train__detaq_scf__large__n020_te0300_r3_seed0
deformation,deformation_ood_lambda0p5,large,20,300,1,100,32000,0.005541805776965339,0.009444330867886057,7.80042697101635e-15,0.4549592715501785,0.0014217477235943079,0.006257032557448838,0.007882912464882588,0.005133253274349651,0.010324827983401499,0.006052236504328905,0.008001899781991383,ic,deformation__deformation_low_train__detaq_scf__large__n020_te0300_r3_seed1
deformation,deformation_ood_lambda0p75,large,20,300,1,100,32000,0.006932326539338099,0.012987432120315728,6.213918268827001e-15,1.07182832300663,0.0033494635093957188,0.007107072974089532,0.009152082212144693,0.00721157198983322,0.015282173524412395,0.0059198437531013046,0.0076793146628090945,ic,deformation__deformation_low_train__detaq_scf__large__n020_te0300_r3_seed1
deformation,deformation_ood_lambda1p0,large,20,300,1,100,32000,0.009755218644940762,0.018789591745881094,5.934142066621462e-15,2.0766413909196855,0.006489504346624017,0.006765523102192674,0.00867701537115167,0.011151403541831919,0.0228372058006149,0.008556359497015366,0.011195503016581947,ic,deformation__deformation_low_train__detaq_scf__large__n020_te0300_r3_seed1
deformation,deformation_ood_lambda0p5,large,20,300,2,100,32000,0.006071967581368517,0.011199499333476666,6.228351168147128e-15,0.4056824928522111,0.0012677577901631595,0.006850983673532028,0.008848917210504827,0.005513132697999632,0.012488141598991843,0.006969456139311658,0.0089988637624392,ic,deformation__deformation_low_train__detaq_scf__large__n020_te0300_r3_seed2
deformation,deformation_ood_lambda0p75,large,20,300,2,100,32000,0.007056562334345653,0.012841163322584968,6.886713421749846e-15,0.9093084967136383,0.0028415890522301194,0.007406727117020638,0.009760222528816441,0.007018036477325948,0.014683681542843068,0.006821975122729782,0.009076558963594114,ic,deformation__deformation_low_train__detaq_scf__large__n020_te0300_r3_seed2
deformation,deformation_ood_lambda1p0,large,20,300,2,100,32000,0.009800031853024848,0.019929139571683536,6.081801728896608e-15,1.6580171442031861,0.005181303575634956,0.006949943647603502,0.00884911075091041,0.011134081587855083,0.02426511647843181,0.008647970853955488,0.01188101957412519,ic,deformation__deformation_low_train__detaq_scf__large__n020_te0300_r3_seed2
deformation,deformation_ood_lambda0p5,large,20,600,0,100,32000,0.0041461274159490125,0.007650799319296084,6.3182792331417655e-15,0.29271872818470007,0.0009147460255771876,0.003817092922516167,0.005030005611275879,0.0041045622986469734,0.008647679843595156,0.004599857261287979,0.006559389806931319,ic,deformation__deformation_low_train__detaq_scf__large__n020_te0600_r3_seed0
deformation,deformation_ood_lambda0p75,large,20,600,0,100,32000,0.004725751832022796,0.009005521491740356,6.791234241632083e-15,0.5380118519067765,0.0016812870372086765,0.004035005729470868,0.005489243059964138,0.005205794040307713,0.010779188722480721,0.003976371309719977,0.005176153859291294,ic,deformation__deformation_low_train__detaq_scf__large__n020_te0600_r3_seed0
deformation,deformation_ood_lambda1p0,large,20,600,0,100,32000,0.006479014604224357,0.013416730241701369,7.31414928623053e-15,0.8748890936374665,0.0027340284176170823,0.004102696881513109,0.0052254172949203455,0.007718294521657905,0.016545184181403234,0.005137492574634962,0.007176970614207665,ic,deformation__deformation_low_train__detaq_scf__large__n020_te0600_r3_seed0
deformation,deformation_ood_lambda0p5,large,20,600,1,100,32000,0.003715722881280818,0.005922837345276848,6.125100426856989e-15,0.29011830210685735,0.0009066196940839292,0.0035878379117348226,0.004615310891354412,0.0033006223367410712,0.005706281549401783,0.005088909484446053,0.007510923319143006,ic,deformation__deformation_low_train__detaq_scf__large__n020_te0600_r3_seed1
deformation,deformation_ood_lambda0p75,large,20,600,1,100,32000,0.00470463045942597,0.00961583595601894,7.168710070004635e-15,0.7186475813388824,0.002245773691684008,0.004158964425267186,0.005369690570076669,0.00490085431941164,0.011442863671260984,0.004661624913627744,0.0063773459879302285,ic,deformation__deformation_low_train__detaq_scf__large__n020_te0600_r3_seed1
deformation,deformation_ood_lambda1p0,large,20,600,1,100,32000,0.006108736270922237,0.01312743769727716,5.511147094239277e-15,1.152982102036476,0.003603069068863988,0.00400745205039857,0.005257425132541525,0.006806978859647644,0.015851140185375704,0.006115292725269683,0.008957212062125713,ic,deformation__deformation_low_train__detaq_scf__large__n020_te0600_r3_seed1
deformation,deformation_ood_lambda0p5,large,20,600,2,100,32000,0.004018152186181396,0.006346266375039444,6.725731083179198e-15,0.19769331812858573,0.0006177916191518304,0.00409321828657994,0.005277773763581227,0.003701170630093354,0.0066193755292825686,0.00489403075404698,0.006486307996251826,ic,deformation__deformation_low_train__detaq_scf__large__n020_te0600_r3_seed2
deformation,deformation_ood_lambda0p75,large,20,600,2,100,32000,0.004852488968637771,0.00865016920581987,5.729861030090433e-15,0.5050330632925033,0.0015782283227890727,0.0044857983668916855,0.005909134655238501,0.005090324076785085,0.010037799568966199,0.0045056742459419164,0.006077582044910393,ic,deformation__deformation_low_train__detaq_scf__large__n020_te0600_r3_seed2
deformation,deformation_ood_lambda1p0,large,20,600,2,100,32000,0.006506005330837799,0.012656081912671726,6.564748744608551e-15,0.8158655023574829,0.0025495796948671345,0.004344822610961273,0.005599076005831495,0.007478718532501567,0.01536863463141413,0.005749048445723017,0.007806894611847842,ic,deformation__deformation_low_train__detaq_scf__large__n020_te0600_r3_seed2
deformation,deformation_ood_lambda0p5,large,40,300,0,100,32000,0.0038800216917996297,0.0066276482937749565,5.972999872483342e-15,0.16139740347862244,0.0005043668858706951,0.0035552181333769113,0.004686733818204173,0.0038074682210766085,0.007325505350304351,0.004422485662391411,0.0060559103143275434,ic,deformation__deformation_low_train__detaq_scf__large__n040_te0300_r3_seed0
deformation,deformation_ood_lambda0p75,large,40,300,0,100,32000,0.004333711705473252,0.007769871747025074,6.699085730588195e-15,0.35328269720077515,0.0011040084287524225,0.0036894363507744853,0.004988617105830713,0.004712924852889652,0.009181832654334187,0.0038403476179228167,0.004904088245628625,ic,deformation__deformation_low_train__detaq_scf__large__n040_te0300_r3_seed0
deformation,deformation_ood_lambda1p0,large,40,300,0,100,32000,0.0058543039077543655,0.011334360852199446,5.826450433232821e-15,0.6073389106988906,0.0018979340959340333,0.003829268154688179,0.0048640473384283815,0.006804437178381096,0.013825795972258734,0.005028939848940353,0.006724717118905993,ic,deformation__deformation_low_train__detaq_scf__large__n040_te0300_r3_seed0
deformation,deformation_ood_lambda0p5,large,40,300,1,100,32000,0.003683914581057616,0.005719465678988448,6.242784067467255e-15,0.14521649956703192,0.0004538015611469748,0.0034342336784466167,0.004379130236257362,0.0032955859975772914,0.005464664207223648,0.005098581234109591,0.007402499033866649,ic,deformation__deformation_low_train__detaq_scf__large__n040_te0300_r3_seed1
deformation,deformation_ood_lambda0p75,large,40,300,1,100,32000,0.0044001364910509445,0.008298744595264997,6.445954880973659e-15,0.4596118146181105,0.0014362869206815956,0.003896750349900686,0.004993294349453931,0.0044855605935833105,0.009664367071880035,0.004647250324604105,0.006262016298828544,ic,deformation__deformation_low_train__detaq_scf__large__n040_te0300_r3_seed1
deformation,deformation_ood_lambda1p0,large,40,300,1,100,32000,0.005783895712776575,0.011222658063980706,6.656897255652439e-15,0.8310169237852096,0.0025969278868287803,0.003843157676456031,0.005016505264027325,0.006286737543744192,0.013236923724816434,0.006216108256194271,0.00888405852926001,ic,deformation__deformation_low_train__detaq_scf__large__n040_te0300_r3_seed1
deformation,deformation_ood_lambda0p5,large,40,300,2,100,32000,0.004034238450787962,0.006475728455783911,6.559197629485425e-15,0.3245667958259583,0.0010142712369561198,0.00414643609605264,0.005325016190095683,0.003664056443027221,0.006786622934933982,0.00503258682880551,0.006568465966841146,ic,deformation__deformation_low_train__detaq_scf__large__n040_te0300_r3_seed2
deformation,deformation_ood_lambda0p75,large,40,300,2,100,32000,0.004674382758256979,0.008024839927685006,5.997424779025096e-15,0.5987521612644194,0.0018711005039513111,0.0044584394619450905,0.005832606386894113,0.004778757970198057,0.009149060997973277,0.004577200418745634,0.006070834425883495,ic,deformation__deformation_low_train__detaq_scf__large__n040_te0300_r3_seed2
deformation,deformation_ood_lambda1p0,large,40,300,2,100,32000,0.006266356344940141,0.011799174454337149,5.6976645623763034e-15,0.8929869395494463,0.0027905841860920194,0.004395232543989551,0.005616053231651323,0.007031053636882765,0.014186944553352556,0.005843388270062859,0.0077945075430697446,ic,deformation__deformation_low_train__detaq_scf__large__n040_te0300_r3_seed2
deformation,deformation_ood_lambda0p5,large,40,600,0,100,32000,0.0027965125310001897,0.004387408498468832,6.575850974854802e-15,0.3406668782234192,0.001064583994448185,0.002802113798854407,0.0038398977815696724,0.0022859189001610495,0.0036428468829044587,0.004322692155663391,0.006456853061083143,ic,deformation__deformation_low_train__detaq_scf__large__n040_te0600_r3_seed0
deformation,deformation_ood_lambda0p75,large,40,600,0,100,32000,0.0030434932779055085,0.0048205632789423475,6.142863995250991e-15,0.46346285462379483,0.0014483214206993588,0.002835998701688368,0.003928937847376965,0.0028160625719465316,0.004970866325102977,0.003933279971999581,0.005159851059551775,ic,deformation__deformation_low_train__detaq_scf__large__n040_te0600_r3_seed0
deformation,deformation_ood_lambda1p0,large,40,600,0,100,32000,0.003907440857461188,0.006059999108322266,7.347455976969287e-15,0.5033435982465745,0.001572948744520545,0.0033191637517884375,0.004223785484302069,0.0036368335300746056,0.0060920110345519885,0.005307539945293684,0.007378332251371096,ic,deformation__deformation_low_train__detaq_scf__large__n040_te0600_r3_seed0
deformation,deformation_ood_lambda0p5,large,40,600,1,100,32000,0.002718317258078604,0.004310507203741297,6.040723476985476e-15,0.0885667783021927,0.00027677118219435225,0.002488562450162136,0.0032346261900931465,0.0021858913718994385,0.0036096177988586397,0.00454534972453257,0.006584188121278151,ic,deformation__deformation_low_train__detaq_scf__large__n040_te0600_r3_seed1
deformation,deformation_ood_lambda0p75,large,40,600,1,100,32000,0.0030441843453445465,0.005623348672388836,7.391864897954292e-15,0.137952488064766,0.0004311015252023938,0.002683538227691315,0.003494816363271538,0.0028248836422183855,0.006241151531743392,0.0040627325723762596,0.00538893242829665,ic,deformation__deformation_low_train__detaq_scf__large__n040_te0600_r3_seed1
deformation,deformation_ood_lambda1p0,large,40,600,1,100,32000,0.0038780162250855944,0.007110709427786672,6.423750420481156e-15,0.297584382891655,0.0009299511965364216,0.003027037798485254,0.0037976266656756562,0.0037399571215889103,0.007824794984452816,0.005143171962175985,0.007396399454739222,ic,deformation__deformation_low_train__detaq_scf__large__n040_te0600_r3_seed1
deformation,deformation_ood_lambda0p5,large,40,600,2,100,32000,0.002887225077406038,0.004018255689470987,6.439293542825908e-15,0.10412483572959896,0.00032539011165499677,0.0026638980447314686,0.003729657556171405,0.002378614838196275,0.003321559999801122,0.004636382827709898,0.005807173662521799,ic,deformation__deformation_low_train__detaq_scf__large__n040_te0600_r3_seed2
deformation,deformation_ood_lambda0p75,large,40,600,2,100,32000,0.0032223350782995103,0.004701859162994486,7.077671781985373e-15,0.07057411253452303,0.00022054410167038444,0.0028011848301393925,0.00417081999313256,0.002915287870583898,0.004472372008858716,0.004564626949606463,0.005756329070787466,ic,deformation__deformation_low_train__detaq_scf__large__n040_te0600_r3_seed2
deformation,deformation_ood_lambda1p0,large,40,600,2,100,32000,0.0040091248161974345,0.0057765178319688195,7.0543570984682446e-15,0.10854019463062287,0.00033918810822069643,0.0031214701895369225,0.003993411603709571,0.0037561461363414604,0.005794549438176167,0.005655715482425872,0.007082587486520963,ic,deformation__deformation_low_train__detaq_scf__large__n040_te0600_r3_seed2
deformation,deformation_ood_lambda0p5,large,80,300,0,100,32000,0.0028206895333831193,0.0043605880391722855,7.511768984613809e-15,0.05471613883972168,0.00017098793387413026,0.0028430076067452307,0.0038140161327750916,0.002362368935990768,0.004031087346705158,0.0041733332521980615,0.0056371912851609016,ic,deformation__deformation_low_train__detaq_scf__large__n080_te0300_r3_seed0
deformation,deformation_ood_lambda0p75,large,80,300,0,100,32000,0.0030144055975368247,0.004683385541366939,6.471490010540037e-15,0.15395138263702396,0.00048109807074069976,0.0028919366489280948,0.0038845134049721847,0.0028168182313481034,0.0048885683672733994,0.0037296366447117178,0.004784010264150524,ic,deformation__deformation_low_train__detaq_scf__large__n080_te0300_r3_seed0
deformation,deformation_ood_lambda1p0,large,80,300,0,100,32000,0.0037748989013605748,0.0056062802341843255,5.9752203185325925e-15,0.2212491339445114,0.0006914035435765982,0.003454289307584986,0.0043886328906669134,0.003507697139071145,0.005687157455847374,0.004897113782004453,0.0063922227659230346,ic,deformation__deformation_low_train__detaq_scf__large__n080_te0300_r3_seed0
deformation,deformation_ood_lambda0p5,large,80,300,1,100,32000,0.0026765875047771266,0.004156671307739527,6.1817218011128716e-15,0.06152336001396178,0.00019226050004363053,0.002577274367387873,0.003322440237539139,0.0021666913151469386,0.003644093392025994,0.004305589211056941,0.005959255215333832,ic,deformation__deformation_low_train__detaq_scf__large__n080_te0300_r3_seed1
deformation,deformation_ood_lambda0p75,large,80,300,1,100,32000,0.003097918026323897,0.005466893403218663,7.0832228971084984e-15,0.24218342602252968,0.0007568232063204052,0.002804528506589123,0.0036048192001319293,0.002891954320075457,0.00602432859459594,0.004009198664803988,0.005249980085499371,ic,deformation__deformation_low_train__detaq_scf__large__n080_te0300_r3_seed1
deformation,deformation_ood_lambda1p0,large,80,300,1,100,32000,0.0039173861084971584,0.006766084452312383,5.9408034047692124e-15,0.45812162041664123,0.0014316300638020042,0.003124211037822533,0.003934890629546907,0.003785748141080451,0.0074044826779206836,0.0051054750814219,0.006995501313682845,ic,deformation__deformation_low_train__detaq_scf__large__n080_te0300_r3_seed1
deformation,deformation_ood_lambda0p5,large,80,300,2,100,32000,0.002729936619172803,0.003988639404044259,7.115419364822629e-15,0.05959177434444417,0.000186224294826388,0.0028036674987524757,0.003830549474418749,0.002182315067058274,0.0034270699602774904,0.004299070395936721,0.005444142417644297,ic,deformation__deformation_low_train__detaq_scf__large__n080_te0300_r3_seed2
deformation,deformation_ood_lambda0p75,large,80,300,2,100,32000,0.00297637530833017,0.004550751527655647,7.372991106535664e-15,0.20331398904323578,0.0006353562157601118,0.0029680305598303674,0.004124296220187852,0.0026329294604171684,0.00444304825215373,0.004015057600568978,0.0052263605604231204,ic,deformation__deformation_low_train__detaq_scf__large__n080_te0300_r3_seed2
deformation,deformation_ood_lambda1p0,large,80,300,2,100,32000,0.0038613080005045052,0.005804226318861474,6.4059868520871536e-15,0.32881772458553316,0.0010275553893297912,0.0033865365250967446,0.004283431495574626,0.003541703865669358,0.005907576617855871,0.00529489188041771,0.006737881413176411,ic,deformation__deformation_low_train__detaq_scf__large__n080_te0300_r3_seed2
deformation,deformation_ood_lambda0p5,large,80,600,0,100,32000,0.002421426443872042,0.003759491000575154,7.365219545363289e-15,0.058877313137054514,0.0001839916035532954,0.0025404050494544196,0.003467984854548744,0.0018364541920988504,0.0032017781664047612,0.004057364593609237,0.005280889478586887,ic,deformation__deformation_low_train__detaq_scf__large__n080_te0600_r3_seed0
deformation,deformation_ood_lambda0p75,large,80,600,0,100,32000,0.0025371462595416235,0.003698489684579757,7.508438315539933e-15,0.09880091607570662,0.0003087528627365831,0.0025506441816105507,0.0034998583168687368,0.002047598330653273,0.003249765416381278,0.003992292124137749,0.004945927184263406,ic,deformation__deformation_low_train__detaq_scf__large__n080_te0600_r3_seed0
deformation,deformation_ood_lambda1p0,large,80,600,0,100,32000,0.003138807597837877,0.004491471594506346,7.0443650912466186e-15,0.08780555963516229,0.0002743923738598822,0.0031291373795829707,0.003954713451635839,0.0024484250962074545,0.003736631547259735,0.005219625320984051,0.006583280411527935,ic,deformation__deformation_low_train__detaq_scf__large__n080_te0600_r3_seed0
deformation,deformation_ood_lambda0p5,large,80,600,1,100,32000,0.002367578578961548,0.003541692846164252,7.152056724635259e-15,0.12067396163940437,0.0003771061301231386,0.0023804550698259845,0.00311869585778658,0.0017952134796457061,0.002777682697526171,0.004071797386044639,0.005463068160390389,ic,deformation__deformation_low_train__detaq_scf__large__n080_te0600_r3_seed1
deformation,deformation_ood_lambda0p75,large,80,600,1,100,32000,0.0025953344256151468,0.0038473348600687935,7.392975120978918e-15,0.07173290431499486,0.00022416532598435897,0.002421492573979776,0.0031181446856631666,0.002182799833613293,0.0035993792901236666,0.004006780053256081,0.005041875397534127,ic,deformation__deformation_low_train__detaq_scf__large__n080_te0600_r3_seed1
deformation,deformation_ood_lambda1p0,large,80,600,1,100,32000,0.003204779134504496,0.004572683923185713,6.252776074688882e-15,0.12918953359127056,0.00040371729247272036,0.002852455228217877,0.0035943906781253556,0.002630779675790108,0.003833402210384199,0.00527910141693428,0.00689511634710217,ic,deformation__deformation_low_train__detaq_scf__large__n080_te0600_r3_seed1
deformation,deformation_ood_lambda0p5,large,80,600,2,100,32000,0.0022362747843144458,0.003119976230285586,6.493694471032541e-15,0.04527567744255055,0.00014148649200797046,0.0024920885511673973,0.0033916749630404147,0.0016232013000214158,0.002191060377419679,0.0038196814703405847,0.0047713271319754095,ic,deformation__deformation_low_train__detaq_scf__large__n080_te0600_r3_seed2
deformation,deformation_ood_lambda0p75,large,80,600,2,100,32000,0.0022980096369981766,0.003238277882317989,7.0010663932862374e-15,0.10885299444198596,0.00034016560763120617,0.0025016350651858375,0.00354817552115573,0.001743975387575726,0.002419863501161795,0.0037564869570778673,0.004719687552566969,ic,deformation__deformation_low_train__detaq_scf__large__n080_te0600_r3_seed2
deformation,deformation_ood_lambda1p0,large,80,600,2,100,32000,0.002908775715588126,0.00394291272408444,7.239764343580645e-15,0.15311422407627115,0.00047848195023834727,0.0030374061930342573,0.0038392249352046438,0.002160577423948174,0.0028129647249638874,0.005024740113061852,0.006265368625545054,ic,deformation__deformation_low_train__detaq_scf__large__n080_te0600_r3_seed2
deformation,deformation_ood_lambda0p5,large,160,300,0,100,32000,0.002407993251422886,0.003770006792238578,6.7845729034843316e-15,0.04468637585639968,0.000139644924551249,0.0025939458522479986,0.0035732133301237,0.0018754285705896716,0.0033797178249931913,0.0038197346930974184,0.004901981725314899,ic,deformation__deformation_low_train__detaq_scf__large__n160_te0300_r3_seed0
deformation,deformation_ood_lambda0p75,large,160,300,0,100,32000,0.002574086222681217,0.0039804519090772955,7.325251516476783e-15,0.08594891309738151,0.00026859035342931725,0.00262977605481865,0.003656046695486589,0.002201597672208058,0.0038734495042227137,0.0036358620419632624,0.004565356106320455,ic,deformation__deformation_low_train__detaq_scf__large__n160_te0300_r3_seed0
deformation,deformation_ood_lambda1p0,large,160,300,0,100,32000,0.003182054853776935,0.004622281973081288,7.037703753098867e-15,0.09650806486606617,0.0003015877027064568,0.0031452407526085147,0.00396939471639467,0.002648689842045618,0.004247876619364935,0.004818963990139306,0.00607766332226272,ic,deformation__deformation_low_train__detaq_scf__large__n160_te0300_r3_seed0
deformation,deformation_ood_lambda0p5,large,160,300,1,100,32000,0.002379588093352504,0.0035046058954203395,6.571410082756301e-15,0.13884685039520273,0.0004338964074850085,0.002436565917334519,0.0031678997905452057,0.0018421066604399432,0.002779741123124225,0.003935054568108172,0.005309881466979735,ic,deformation__deformation_low_train__detaq_scf__large__n160_te0300_r3_seed1
deformation,deformation_ood_lambda0p75,large,160,300,1,100,32000,0.0026880310876062153,0.004586179402791914,7.48401340899818e-15,0.32215533435344695,0.0010067354198545217,0.002572507318458521,0.0033141262491254383,0.002396206008386799,0.004897867479800273,0.0036790300944121567,0.004713221534021767,ic,deformation__deformation_low_train__detaq_scf__large__n160_te0300_r3_seed1
deformation,deformation_ood_lambda1p0,large,160,300,1,100,32000,0.0034155098173534494,0.005458125270572926,6.796785356755208e-15,0.5048930656909941,0.0015777908302843568,0.002951304785674438,0.0037039955993837526,0.003079135243082419,0.005552376470384405,0.004888838571845552,0.006538304102704655,ic,deformation__deformation_low_train__detaq_scf__large__n160_te0300_r3_seed1
deformation,deformation_ood_lambda0p5,large,160,300,2,100,32000,0.0024303642208338716,0.003565344320947089,6.13398221105399e-15,0.11555096685886385,0.0003610967714339495,0.002542931499250699,0.0036410220033680314,0.0018550142656701307,0.0028644890231860833,0.004043846807908266,0.005068083199166866,ic,deformation__deformation_low_train__detaq_scf__large__n160_te0300_r3_seed2
deformation,deformation_ood_lambda0p75,large,160,300,2,100,32000,0.0026671710743918086,0.003988902289390567,6.8833827526759706e-15,0.23777983605861666,0.000743061987683177,0.0026835945161292336,0.0040900232913307554,0.002209573624791422,0.0035172159323904476,0.004023539981455543,0.005071093876346098,ic,deformation__deformation_low_train__detaq_scf__large__n160_te0300_r3_seed2
deformation,deformation_ood_lambda1p0,large,160,300,2,100,32000,0.003368233566556592,0.004759730462862695,6.972200594645983e-15,0.30372742831707,0.0009491482134908436,0.003113347603590228,0.003996483972332202,0.0028005069725331854,0.004176170895651451,0.0053262993115931745,0.006706867838667222,ic,deformation__deformation_low_train__detaq_scf__large__n160_te0300_r3_seed2
deformation,deformation_ood_lambda0p5,large,160,600,0,100,32000,0.0026814514051540766,0.003733880630811169,7.059908213591371e-15,0.11077679395675658,0.0003461774811148643,0.002832680240448098,0.0036526628769242417,0.002052018257711705,0.0029031364546316172,0.004418522012187169,0.005575192634397533,ic,deformation__deformation_low_train__detaq_scf__large__n160_te0600_r3_seed0
deformation,deformation_ood_lambda0p75,large,160,600,0,100,32000,0.0028128365738783016,0.0037821604130750387,6.994405055138486e-15,0.15143278241157535,0.00047322744503617285,0.0027751021889271233,0.0037403303086409358,0.002220208214149653,0.0029754102462256887,0.0046284560380154246,0.005565466533309431,ic,deformation__deformation_low_train__detaq_scf__large__n160_te0600_r3_seed0
deformation,deformation_ood_lambda1p0,large,160,600,0,100,32000,0.003259019948879722,0.004419804023017973,6.9155792203901e-15,0.12707281529903428,0.00039710254780948216,0.0031054981791530734,0.003922619127730625,0.002553939246494943,0.0034192722679928034,0.005527783825760708,0.006871108255601653,ic,deformation__deformation_low_train__detaq_scf__large__n160_te0600_r3_seed0
deformation,deformation_ood_lambda0p5,large,160,600,1,100,32000,0.0022175360349006956,0.0031441697937367183,6.797895579779833e-15,0.10350604295730585,0.00032345638424158073,0.00233228493889328,0.0030038276020747617,0.001662086886082156,0.0023818204378950438,0.0037691345773637297,0.004835993424429169,ic,deformation__deformation_low_train__detaq_scf__large__n160_te0600_r3_seed1
deformation,deformation_ood_lambda0p75,large,160,600,1,100,32000,0.0023562440340640024,0.003270788656901576,6.7756911192873305e-15,0.2101894950866698,0.0006568421721458431,0.0022619117305148397,0.002870270527681459,0.0019160496586312855,0.0028012152730819695,0.003771159463911315,0.004659551294927462,ic,deformation__deformation_low_train__detaq_scf__large__n160_te0600_r3_seed1
deformation,deformation_ood_lambda1p0,large,160,600,1,100,32000,0.0029858270745724436,0.004240536659842872,6.118439088709238e-15,0.29052153825759885,0.0009078798070549965,0.002608148485422134,0.0032861779681076586,0.0023517781914755083,0.0032345966832775883,0.005265652313013562,0.006908251809891514,ic,deformation__deformation_low_train__detaq_scf__large__n160_te0600_r3_seed1
deformation,deformation_ood_lambda0p5,large,160,600,2,100,32000,0.002128301277116408,0.003032535207020107,6.801226248853709e-15,0.2144540739059449,0.0006701689809560778,0.0023259577287826684,0.003071020715539289,0.0015249396988850407,0.0022042711676246995,0.0037407295601442504,0.004687616295362314,ic,deformation__deformation_low_train__detaq_scf__large__n160_te0600_r3_seed2
deformation,deformation_ood_lambda0p75,large,160,600,2,100,32000,0.0021787662189453843,0.0030690322678501585,7.799316747991725e-15,0.27511731803417194,0.0008597416188567875,0.0022864351083408114,0.003225510193898628,0.0016041341433107555,0.0022177994761956037,0.0037949935564538457,0.004683479021490647,ic,deformation__deformation_low_train__detaq_scf__large__n160_te0600_r3_seed2
deformation,deformation_ood_lambda1p0,large,160,600,2,100,32000,0.002698433488945011,0.003691398686029263,7.159828285807634e-15,0.3116665440797805,0.000973957950249314,0.0026994042689912024,0.0034114854342934286,0.001965078460246636,0.002548678524003438,0.004897527794993947,0.006083305168372503,ic,deformation__deformation_low_train__detaq_scf__large__n160_te0600_r3_seed2
