task,stage,network,train_size,total_epochs,seed,structures,atoms,mae_atom,rmse_atom,neutrality_abs_mean,raw_neutrality_abs_mean,mean_abs_charge_correction,element_mae_Cl,element_rmse_Cl,element_mae_Na,element_rmse_Na,mode,run_id
temperature,temperature_ood_0600K,small,5,300,0,320,69120,0.04859812504914565,0.06263753246803891,7.577792560109487e-15,0.5886080440599472,0.002725037241018274,0.04695008182940083,0.0605281868963583,0.05024616826889048,0.06467812256403845,baseline,temperature_low_train__baseline__small__n005_te0300_r1_seed0
temperature,temperature_ood_0650K,small,5,300,0,320,69120,0.05453625876288303,0.06973445476325318,6.908536243077634e-15,0.537398740556091,0.0024879571322041255,0.0529284801877015,0.0675063109022143,0.05614403733806458,0.07189357656028798,baseline,temperature_low_train__baseline__small__n005_te0300_r1_seed0
temperature,temperature_ood_0700K,small,5,300,0,320,69120,0.06105836512646787,0.07748580600559586,6.900903459783336e-15,0.522460029926151,0.002418796434843292,0.05934403727756652,0.07483257930722594,0.06277269297536921,0.08005114202121924,baseline,temperature_low_train__baseline__small__n005_te0300_r1_seed0
temperature,temperature_ood_0600K,small,5,300,1,320,69120,0.022746865121005433,0.031753524557292745,8.376285776101611e-15,0.27442873138934376,0.0012705033860617768,0.027729312029122013,0.03807594141671966,0.017764418212888856,0.023807463721524803,baseline,temperature_low_train__baseline__small__n005_te0300_r1_seed1
temperature,temperature_ood_0650K,small,5,300,1,320,69120,0.025448079853030707,0.035248719024149305,8.040963728195294e-15,0.22762237647548317,0.0010538072984976074,0.030147294826509838,0.04172693646024381,0.020748864879551576,0.027272828223886617,baseline,temperature_low_train__baseline__small__n005_te0300_r1_seed1
temperature,temperature_ood_0700K,small,5,300,1,320,69120,0.028402958764885144,0.03886626857817628,8.292325159864333e-15,0.21574317906051874,0.000998811014169068,0.032708645805332295,0.04526586936730873,0.02409727172443799,0.031179716753101005,baseline,temperature_low_train__baseline__small__n005_te0300_r1_seed1
temperature,temperature_ood_0600K,small,5,300,2,320,69120,0.04994539207554823,0.06502326413171919,7.073681917990626e-15,2.0124821318779142,0.009317046906842194,0.05087738249510248,0.06702202312001664,0.049013401655993986,0.06296108459665059,baseline,temperature_low_train__baseline__small__n005_te0300_r1_seed2
temperature,temperature_ood_0650K,small,5,300,2,320,69120,0.05856257190391737,0.07478119215738203,6.941669461468791e-15,2.4354433768894523,0.01127520081893265,0.0594420009861684,0.07675619934620913,0.05768314282166636,0.07275258938954406,baseline,temperature_low_train__baseline__small__n005_te0300_r1_seed2
temperature,temperature_ood_0700K,small,5,300,2,320,69120,0.06825588840510297,0.08590618273565921,6.1364108239203576e-15,2.884279526019236,0.01335314595379276,0.06913243676795783,0.08820719295934994,0.0673793400422481,0.08354181931617813,baseline,temperature_low_train__baseline__small__n005_te0300_r1_seed2
temperature,temperature_ood_0600K,small,5,600,0,320,69120,0.03949993343500674,0.052049090906517895,7.407269242420966e-15,0.5209524278528989,0.0024118167956152722,0.03910352624352351,0.05124535504803493,0.03989634062648995,0.05284060289579187,baseline,temperature_low_train__baseline__small__n005_te0600_r1_seed0
temperature,temperature_ood_0650K,small,5,600,0,320,69120,0.04600388131434013,0.059610769809153245,6.914954719938748e-15,0.48824336659163237,0.002260385956442743,0.04559272803951136,0.05854266685044497,0.046415034589168916,0.06066006851725049,baseline,temperature_low_train__baseline__small__n005_te0600_r1_seed0
temperature,temperature_ood_0700K,small,5,600,0,320,69120,0.0532347973753874,0.0680039273978756,7.300930693343588e-15,0.4899926173267886,0.0022684843394758726,0.05274192508995476,0.066571010850058,0.053727669660820015,0.0694072676127834,baseline,temperature_low_train__baseline__small__n005_te0600_r1_seed0
temperature,temperature_ood_0600K,small,5,600,1,320,69120,0.015046438371120035,0.02149955552300495,8.34783631109559e-15,0.21073778895661235,0.0009756379118361683,0.01750554911874041,0.02509535383684138,0.01258732762349966,0.01716639132657984,baseline,temperature_low_train__baseline__small__n005_te0600_r1_seed1
temperature,temperature_ood_0650K,small,5,600,1,320,69120,0.017451590729408814,0.02462714303963842,8.416531360744273e-15,0.19542389260604978,0.0009047402435465268,0.019613039316510497,0.028298290641625815,0.015290142142307138,0.020302686899809474,baseline,temperature_low_train__baseline__small__n005_te0600_r1_seed1
temperature,temperature_ood_0700K,small,5,600,1,320,69120,0.020167511940275194,0.027999830168502455,8.27532486979976e-15,0.1977507371455431,0.0009155126719701069,0.02206440396418965,0.03168276363391413,0.01827061991636074,0.023752546546580818,baseline,temperature_low_train__baseline__small__n005_te0600_r1_seed1
temperature,temperature_ood_0600K,small,5,600,2,320,69120,0.039006969505649206,0.05161255446882921,8.029861497949042e-15,1.398125485656783,0.006472803174336958,0.04104014245804562,0.054762581428995746,0.03697379655325281,0.04825734382276272,baseline,temperature_low_train__baseline__small__n005_te0600_r1_seed2
temperature,temperature_ood_0650K,small,5,600,2,320,69120,0.046619258528856435,0.060166252247059675,7.289828463097337e-15,1.6841748817823827,0.007797105934177698,0.04836367163225476,0.06320130514679677,0.04487484542545811,0.056969736234733497,baseline,temperature_low_train__baseline__small__n005_te0600_r1_seed2
temperature,temperature_ood_0700K,small,5,600,2,320,69120,0.05511520746009742,0.07002500037926415,7.078539143723361e-15,1.98228930743644,0.009177265312205739,0.05662189005671967,0.07328046600545078,0.05360852486347517,0.06661061971079281,baseline,temperature_low_train__baseline__small__n005_te0600_r1_seed2
temperature,temperature_ood_0600K,small,10,300,0,320,69120,0.047224255471949604,0.06114273302782639,6.929699869484551e-15,0.4772411972284317,0.0022094499871686654,0.04609614518731839,0.05970435775999854,0.048352365756580806,0.0625480396870294,baseline,temperature_low_train__baseline__small__n010_te0300_r1_seed0
temperature,temperature_ood_0650K,small,10,300,0,320,69120,0.053210139448485565,0.068340957473829,7.352278508232502e-15,0.4375809018500149,0.0020258375085648833,0.05208588988920712,0.06675324458641493,0.054334389007764015,0.06989261244270151,baseline,temperature_low_train__baseline__small__n010_te0300_r1_seed0
temperature,temperature_ood_0700K,small,10,300,0,320,69120,0.05984920437987245,0.07624469454030837,6.9876396335821765e-15,0.4396397791802883,0.00203536934805689,0.05858806462416141,0.07421997064033328,0.06111034413558348,0.07821702403721278,baseline,temperature_low_train__baseline__small__n010_te0300_r1_seed0
temperature,temperature_ood_0600K,small,10,300,1,320,69120,0.02185194762833244,0.03066517838984594,7.925257672347642e-15,0.24250499699264766,0.0011227083194104057,0.02683854377470829,0.036863799147259985,0.01686535148195659,0.022842211884855263,baseline,temperature_low_train__baseline__small__n010_te0300_r1_seed1
temperature,temperature_ood_0650K,small,10,300,1,320,69120,0.024600138259595367,0.03419566709129097,7.98892202391599e-15,0.20772698782384397,0.0009616990177029813,0.029263600327714256,0.04051972320394081,0.01993667619147648,0.026397714429715717,baseline,temperature_low_train__baseline__small__n010_te0300_r1_seed1
temperature,temperature_ood_0700K,small,10,300,1,320,69120,0.027652548328056404,0.03789174496834509,7.90739002054508e-15,0.2068594630807638,0.0009576826994479806,0.0318981111806192,0.04412729468170847,0.023406985475493608,0.030403133680031637,baseline,temperature_low_train__baseline__small__n010_te0300_r1_seed1
temperature,temperature_ood_0600K,small,10,300,2,320,69120,0.048223190512122094,0.06316030496646471,7.076630947899787e-15,1.804855936113745,0.008355814519045116,0.04935125342251021,0.06539489820593763,0.04709512760173398,0.060843697582812245,baseline,temperature_low_train__baseline__small__n010_te0300_r1_seed2
temperature,temperature_ood_0650K,small,10,300,2,320,69120,0.056613478172364944,0.0727953456589534,6.57824489325165e-15,2.2247472214512527,0.010299755654866911,0.05765033239584249,0.0749783903296833,0.05557662394888739,0.0705447778562146,baseline,temperature_low_train__baseline__small__n010_te0300_r1_seed2
temperature,temperature_ood_0700K,small,10,300,2,320,69120,0.06616273351534586,0.08384968796924396,6.3081484480420615e-15,2.6697703766345513,0.012360048039974774,0.06718001899415942,0.08634775078302466,0.0651454480365323,0.08127488098909658,baseline,temperature_low_train__baseline__small__n010_te0300_r1_seed2
temperature,temperature_ood_0600K,small,10,600,0,320,69120,0.0371983250487383,0.049540122183721544,7.84754206062388e-15,0.41126208677887915,0.001903991142494811,0.036932459717483254,0.04895263449023167,0.037464190379993365,0.05012072414103671,baseline,temperature_low_train__baseline__small__n010_te0600_r1_seed0
temperature,temperature_ood_0650K,small,10,600,0,320,69120,0.04361480651662873,0.05708501450188716,6.745992653378608e-15,0.38760251775383947,0.0017944561007122199,0.04329435597928413,0.05619934179858543,0.043935257053973324,0.0579571543708549,baseline,temperature_low_train__baseline__small__n010_te0600_r1_seed0
temperature,temperature_ood_0700K,small,10,600,0,320,69120,0.050823963501339185,0.06550452854533279,6.731247503832805e-15,0.40495427888818086,0.0018747883281860225,0.050393444093771306,0.0642389002354811,0.051254482908907065,0.06674616255956999,baseline,temperature_low_train__baseline__small__n010_te0600_r1_seed0
temperature,temperature_ood_0600K,small,10,600,1,320,69120,0.013785854486961128,0.0200054085596547,8.36657132463614e-15,0.1479605003260076,0.0006850023163241093,0.016007227271522834,0.02329361877968795,0.011564481702399414,0.01605739914880302,baseline,temperature_low_train__baseline__small__n010_te0600_r1_seed1
temperature,temperature_ood_0650K,small,10,600,1,320,69120,0.016097681357117918,0.02307169236603503,8.329795186945433e-15,0.15334897423163057,0.0007099489547760673,0.018036540975619814,0.02643145528105051,0.014158821738616018,0.019130712192486334,baseline,temperature_low_train__baseline__small__n010_te0600_r1_seed1
temperature,temperature_ood_0700K,small,10,600,1,320,69120,0.018745192198029472,0.026411293729803786,8.466144452157209e-15,0.1720798837020993,0.0007966661282504598,0.020427278773253912,0.029790702198706744,0.017063105622805025,0.022530577788239574,baseline,temperature_low_train__baseline__small__n010_te0600_r1_seed1
temperature,temperature_ood_0600K,small,10,600,2,320,69120,0.03609756952876777,0.048358841141207434,8.494940861858424e-15,1.1749072544742376,0.0054393854373807286,0.03809764405194444,0.051328186622174116,0.03409749500559108,0.04519482593306828,baseline,temperature_low_train__baseline__small__n010_te0600_r1_seed2
temperature,temperature_ood_0650K,small,10,600,2,320,69120,0.0433420631535663,0.05665467064598979,7.695233339433116e-15,1.432570595992729,0.006632271277744116,0.04505565309910958,0.05947875768800433,0.04162847320802302,0.05368222048223061,baseline,temperature_low_train__baseline__small__n010_te0600_r1_seed2
temperature,temperature_ood_0700K,small,10,600,2,320,69120,0.051533098522934535,0.06628960626576956,6.983476297239832e-15,1.7009228936396539,0.00787464302610951,0.053011234515875645,0.06931377569431366,0.050054962529993426,0.06312071210577302,baseline,temperature_low_train__baseline__small__n010_te0600_r1_seed2
temperature,temperature_ood_0600K,small,20,300,0,320,69120,0.036691734652096894,0.04907350990545401,7.773989785242463e-15,0.3107589310966432,0.0014386987550770519,0.03576449028223328,0.04762018545961515,0.03761897902196051,0.050485014466406214,baseline,temperature_low_train__baseline__small__n020_te0300_r1_seed0
temperature,temperature_ood_0650K,small,20,300,0,320,69120,0.04314426001166847,0.056671491718121254,7.561659631782902e-15,0.3286792604252696,0.0015216632427095815,0.04223765391626157,0.054958614313604465,0.04405086610707536,0.058334095174628724,baseline,temperature_low_train__baseline__small__n020_te0300_r1_seed0
temperature,temperature_ood_0700K,small,20,300,0,320,69120,0.050452159537237265,0.06518258737366657,7.067957330519903e-15,0.37774079078808426,0.001748799957352242,0.04951123516446995,0.06313378439710746,0.051393083910004585,0.06716892630637254,baseline,temperature_low_train__baseline__small__n020_te0300_r1_seed0
temperature,temperature_ood_0600K,small,20,300,1,320,69120,0.013577712194530028,0.01979382211816952,8.604228440844963e-15,0.12277554525062442,0.0005684053020862241,0.015678893887873517,0.022920194797378557,0.011476530501186535,0.016070328513807512,baseline,temperature_low_train__baseline__small__n020_te0300_r1_seed1
temperature,temperature_ood_0650K,small,20,300,1,320,69120,0.015886445663305188,0.02287197252976113,8.242018179061006e-15,0.15963913090527057,0.0007390700504873638,0.017719118650186622,0.02607562308197674,0.014053772676423758,0.019139387024954,baseline,temperature_low_train__baseline__small__n020_te0300_r1_seed1
temperature,temperature_ood_0700K,small,20,300,1,320,69120,0.01855066538958769,0.026241592001549376,8.503267534543113e-15,0.19347842130810022,0.0008957334319819455,0.020134103306978287,0.02947285147990685,0.0169672274721971,0.02255201381683936,baseline,temperature_low_train__baseline__small__n020_te0300_r1_seed1
temperature,temperature_ood_0600K,small,20,300,2,320,69120,0.03600127924243576,0.04831784094049083,7.89455306682285e-15,1.108268731739372,0.005130873758052649,0.037741756076053866,0.05091774779189097,0.03426080240881765,0.04556984162911395,baseline,temperature_low_train__baseline__small__n020_te0300_r1_seed2
temperature,temperature_ood_0650K,small,20,300,2,320,69120,0.0432624631869564,0.056659615639381926,7.382289224366901e-15,1.371353385783732,0.006348858267517276,0.04475748999879408,0.05912116833729492,0.04176743637511874,0.054086149273526785,baseline,temperature_low_train__baseline__small__n020_te0300_r1_seed2
temperature,temperature_ood_0700K,small,20,300,2,320,69120,0.05151240732285722,0.06637429177530728,6.929005980094161e-15,1.647166104183998,0.00762576900085184,0.052816563938721285,0.06905187848638131,0.05020825070699316,0.06358404905988038,baseline,temperature_low_train__baseline__small__n020_te0300_r1_seed2
temperature,temperature_ood_0600K,small,20,600,0,320,69120,0.01933024160871193,0.0279450734298364,8.622963454385513e-15,0.32970654014497996,0.0015264191673378701,0.0195875195019996,0.02833420711502563,0.019072963715424256,0.02755044401022836,baseline,temperature_low_train__baseline__small__n020_te0600_r1_seed0
temperature,temperature_ood_0650K,small,20,600,0,320,69120,0.02389682549384818,0.033648586179428994,8.424684561081364e-15,0.343760702572763,0.0015914847341331616,0.024081093306432506,0.03373926873323899,0.023712557681263853,0.03355765857587805,baseline,temperature_low_train__baseline__small__n020_te0600_r1_seed0
temperature,temperature_ood_0700K,small,20,600,0,320,69120,0.029133904992621293,0.04032634759603219,8.041831089933283e-15,0.3691261037252843,0.0017089171468763163,0.029213622349896627,0.04021206077513181,0.029054187635345945,0.04044031143659908,baseline,temperature_low_train__baseline__small__n020_te0600_r1_seed0
temperature,temperature_ood_0600K,small,20,600,1,320,69120,0.006704173434097116,0.011119477262119535,9.730757866144301e-15,0.15746262343600392,0.0007289936270185365,0.007191704832912014,0.012735591486882851,0.006216642035282215,0.009224438120819271,baseline,temperature_low_train__baseline__small__n020_te0600_r1_seed1
temperature,temperature_ood_0650K,small,20,600,1,320,69120,0.008158689710647425,0.0134446937841741,8.696168785071734e-15,0.20632193945348262,0.0009551941641364936,0.00868706050792336,0.015351199768709592,0.007630318913371488,0.011218745364860987,baseline,temperature_low_train__baseline__small__n020_te0600_r1_seed1
temperature,temperature_ood_0700K,small,20,600,1,320,69120,0.009837176332349087,0.016012994730860597,9.892781038800536e-15,0.2441956277936697,0.0011305353138595822,0.01039411028122417,0.018177309994219754,0.009280242383474004,0.0135061986463689,baseline,temperature_low_train__baseline__small__n020_te0600_r1_seed1
temperature,temperature_ood_0600K,small,20,600,2,320,69120,0.015583101338924887,0.02300837336052104,8.96192842159138e-15,1.0848870773334056,0.0050226253580250265,0.01776243957554119,0.025619017203988723,0.013403763102308595,0.02006081869954461,baseline,temperature_low_train__baseline__small__n020_te0600_r1_seed2
temperature,temperature_ood_0650K,small,20,600,2,320,69120,0.01921832284010453,0.027706188160881166,8.485746827435747e-15,1.3380563229322433,0.006194705198760386,0.02117456570143916,0.030161795136622097,0.017262079978769898,0.02501063451711577,baseline,temperature_low_train__baseline__small__n020_te0600_r1_seed2
temperature,temperature_ood_0700K,small,20,600,2,320,69120,0.023496209323085618,0.033671077203394593,8.23421192341911e-15,1.5870708068156092,0.007347550031553746,0.02525229001475639,0.036278136348994836,0.02174012863141484,0.030844443634432072,baseline,temperature_low_train__baseline__small__n020_te0600_r1_seed2
temperature,temperature_ood_0600K,small,40,300,0,320,69120,0.02733709771190984,0.03805769192176455,8.458338196515313e-15,0.27699830597266556,0.0012823995646882665,0.027345116743201513,0.03792852077646905,0.027329078680618162,0.03818642612935703,baseline,temperature_low_train__baseline__small__n040_te0300_r1_seed0
temperature,temperature_ood_0650K,small,40,300,0,320,69120,0.03331380743255988,0.04507522291796139,7.882930419533806e-15,0.30162339499220253,0.0013964046064453822,0.03324860263612972,0.04463046365185893,0.03337901222899004,0.04551563639484703,baseline,temperature_low_train__baseline__small__n040_te0300_r1_seed0
temperature,temperature_ood_0700K,small,40,300,0,320,69120,0.040059902754565,0.053057200130876836,7.284624292669406e-15,0.3498740282841027,0.001619787167981957,0.03991070974571726,0.05236018672850424,0.04020909576341273,0.053745174827253134,baseline,temperature_low_train__baseline__small__n040_te0300_r1_seed0
temperature,temperature_ood_0600K,small,40,300,1,320,69120,0.00861122717225569,0.013653015110400367,8.764863834720416e-15,0.1685637140646577,0.0007803875651141561,0.009093215371084762,0.015320814295444556,0.008129238973426618,0.011750842205312062,baseline,temperature_low_train__baseline__small__n040_te0300_r1_seed1
temperature,temperature_ood_0650K,small,40,300,1,320,69120,0.010411262761166547,0.016295067154502352,8.800599138325537e-15,0.23534017857164144,0.0010895378637575993,0.010833403142105244,0.018181610489369608,0.009989122380227849,0.014159359701354002,baseline,temperature_low_train__baseline__small__n040_te0300_r1_seed1
temperature,temperature_ood_0700K,small,40,300,1,320,69120,0.012479721582689502,0.019215769073535185,8.579248422790898e-15,0.2939329471439123,0.0013608006812218163,0.012842115959160882,0.021294646535139166,0.012117327206218118,0.016882819406673407,baseline,temperature_low_train__baseline__small__n040_te0300_r1_seed1
temperature,temperature_ood_0600K,small,40,300,2,320,69120,0.024101035253249237,0.033688817053673235,7.821868153179423e-15,1.0755770581774413,0.004979523417488155,0.026343216272872654,0.036694899290847294,0.021858854233625824,0.03038679244320308,baseline,temperature_low_train__baseline__small__n040_te0300_r1_seed2
temperature,temperature_ood_0650K,small,40,300,2,320,69120,0.029457088680365392,0.04007214776970806,8.067851942072935e-15,1.330323578696698,0.006158905456929158,0.03137404756129953,0.04292258473491633,0.02754012979943125,0.037002780617523386,baseline,temperature_low_train__baseline__small__n040_te0300_r1_seed2
temperature,temperature_ood_0700K,small,40,300,2,320,69120,0.03560795334530039,0.047761434684434584,7.652732614271684e-15,1.5869064047234134,0.007346788910756543,0.03726264222408725,0.05079817236801222,0.03395326446651354,0.044518029721684026,baseline,temperature_low_train__baseline__small__n040_te0300_r1_seed2
temperature,temperature_ood_0600K,small,40,600,0,320,69120,0.01064062044465616,0.016676396643650636,8.553227570651246e-15,0.23497270764783024,0.0010878366094806955,0.011141182455861499,0.017394992443575442,0.010140058433450823,0.015925408877660804,baseline,temperature_low_train__baseline__small__n040_te0600_r1_seed0
temperature,temperature_ood_0650K,small,40,600,0,320,69120,0.01315300541405952,0.020482034077994437,8.646208748963602e-15,0.25657950025051834,0.0011878680567153626,0.013637655203991452,0.020991895284606977,0.012668355624127586,0.019959152594845955,baseline,temperature_low_train__baseline__small__n040_te0600_r1_seed0
temperature,temperature_ood_0700K,small,40,600,0,320,69120,0.016220403632752095,0.0252418972999491,8.545074370314153e-15,0.2795356860850006,0.001294146694837966,0.016647482056620075,0.0256495552604781,0.01579332520888412,0.02482754666780501,baseline,temperature_low_train__baseline__small__n040_te0600_r1_seed0
temperature,temperature_ood_0600K,small,40,600,1,320,69120,0.005151598611602237,0.008936102583705325,9.500039643839386e-15,0.09874522946774959,0.00045715384012847034,0.005831115835299012,0.01061193153484292,0.004472081387905463,0.006862562777331539,baseline,temperature_low_train__baseline__small__n040_te0600_r1_seed1
temperature,temperature_ood_0650K,small,40,600,1,320,69120,0.006238237428044535,0.01089549292412546,9.558673297327402e-15,0.12206333316862583,0.0005651080239288232,0.00701429361425754,0.012884499273324712,0.00546218124183153,0.008450633739254759,baseline,temperature_low_train__baseline__small__n040_te0600_r1_seed1
temperature,temperature_ood_0700K,small,40,600,1,320,69120,0.00751351639723427,0.013079496161951833,9.050052374171003e-15,0.14384468449279667,0.0006659476133925771,0.008395582640659196,0.015357154210479262,0.0066314501538093425,0.010310395446178802,baseline,temperature_low_train__baseline__small__n040_te0600_r1_seed1
temperature,temperature_ood_0600K,small,40,600,2,320,69120,0.008488852719645225,0.013636782455572984,9.283199209342285e-15,0.6146345068700612,0.002845530124398431,0.009638878497849532,0.014812084992505324,0.0073388269414409206,0.01235013399344496,baseline,temperature_low_train__baseline__small__n040_te0600_r1_seed2
temperature,temperature_ood_0650K,small,40,600,2,320,69120,0.010355266905633254,0.016686680345645986,8.80788497692464e-15,0.7652841004543006,0.003542981946547688,0.011521070149102133,0.01764315829507222,0.009189463662164377,0.015671935658704075,baseline,temperature_low_train__baseline__small__n040_te0600_r1_seed2
temperature,temperature_ood_0700K,small,40,600,2,320,69120,0.012693082327462153,0.020920487713676685,8.83858958244943e-15,0.905869936288218,0.004193842297630638,0.013860532172264765,0.02193388379799206,0.011525632482659537,0.0198554363813132,baseline,temperature_low_train__baseline__small__n040_te0600_r1_seed2
temperature,temperature_ood_0600K,small,80,300,0,320,69120,0.013767462615763695,0.020716590809793833,8.844487642267751e-15,0.257459519803524,0.0011919422213126111,0.01419819797024633,0.021382881105779333,0.013336727261281057,0.020028146823332753,baseline,temperature_low_train__baseline__small__n080_te0300_r1_seed0
temperature,temperature_ood_0650K,small,80,300,0,320,69120,0.01706453803897563,0.025258553288283376,8.476032375970278e-15,0.27995797945186496,0.001296101756721597,0.017475847149003024,0.025697227295966834,0.016653228928948226,0.024812124812952217,baseline,temperature_low_train__baseline__small__n080_te0300_r1_seed0
temperature,temperature_ood_0700K,small,80,300,0,320,69120,0.020974260915006256,0.030780800408441104,8.11156697366755e-15,0.3086922257905826,0.0014291306749564007,0.021324040434321734,0.03109948238348059,0.02062448139569078,0.030458784333064842,baseline,temperature_low_train__baseline__small__n080_te0300_r1_seed0
temperature,temperature_ood_0600K,small,80,300,1,320,69120,0.005687699388614914,0.009677885581346364,9.476100459870907e-15,0.11408974723890423,0.0005281932742541862,0.006347601791167956,0.011371841785972465,0.00502779698606187,0.007616045761815919,baseline,temperature_low_train__baseline__small__n080_te0300_r1_seed1
temperature,temperature_ood_0650K,small,80,300,1,320,69120,0.00689521241670095,0.011770492696707375,9.206177487008915e-15,0.1456635884940624,0.0006743684652502889,0.00762981163695217,0.013774262779647741,0.00616061319644973,0.009346586624201063,baseline,temperature_low_train__baseline__small__n080_te0300_r1_seed1
temperature,temperature_ood_0700K,small,80,300,1,320,69120,0.008300994903678638,0.014090265107929666,8.426245812209742e-15,0.16993337562307714,0.0007867285908475794,0.009109815037956227,0.01637069135383332,0.007492174769401045,0.011360968542382619,baseline,temperature_low_train__baseline__small__n080_te0300_r1_seed1
temperature,temperature_ood_0600K,small,80,300,2,320,69120,0.010931952927551912,0.016895432130820263,9.317199789471431e-15,0.7928513104096055,0.0036706079185629885,0.012632568353922482,0.018794114311202193,0.009231337501181337,0.014754406834290983,baseline,temperature_low_train__baseline__small__n080_te0300_r1_seed2
temperature,temperature_ood_0650K,small,80,300,2,320,69120,0.013406737463107072,0.02051312396855671,8.371602022716473e-15,1.0045045158825814,0.004650483869826766,0.015060706571789217,0.022257101968272807,0.011752768354424927,0.01860639465002982,baseline,temperature_low_train__baseline__small__n080_te0300_r1_seed2
temperature,temperature_ood_0700K,small,80,300,2,320,69120,0.016405893092869096,0.025343254416475957,8.499971559938756e-15,1.2078447053267154,0.005591873635771831,0.018011265642965568,0.02722238189133757,0.014800520542772618,0.023313151073988955,baseline,temperature_low_train__baseline__small__n080_te0300_r1_seed2
temperature,temperature_ood_0600K,small,80,600,0,320,69120,0.006193312069551096,0.010253477723858618,9.21103471274165e-15,0.11034618504345417,0.0005108619677937694,0.006747664473492548,0.01101379187426179,0.005638959665609644,0.009432072912026008,baseline,temperature_low_train__baseline__small__n080_te0600_r1_seed0
temperature,temperature_ood_0650K,small,80,600,0,320,69120,0.00762220853625858,0.012863176476848912,8.86027362589914e-15,0.13997413273900747,0.0006480283923102198,0.008139585822046795,0.01348843886941583,0.007104831250470364,0.012205926225205143,baseline,temperature_low_train__baseline__small__n080_te0600_r1_seed0
temperature,temperature_ood_0700K,small,80,600,0,320,69120,0.009387145114623284,0.016346333528740403,8.857151123642382e-15,0.1829261570237577,0.0008468803565914708,0.009859908961745895,0.01694873511219526,0.008914381267500668,0.015720865681071294,baseline,temperature_low_train__baseline__small__n080_te0600_r1_seed0
temperature,temperature_ood_0600K,small,80,600,1,320,69120,0.003931906135347659,0.006907980449221861,9.342179807525496e-15,0.07633434887975454,0.000353399763332197,0.004435902855864283,0.008124756030359793,0.003427909414831036,0.005424825086654417,baseline,temperature_low_train__baseline__small__n080_te0600_r1_seed1
temperature,temperature_ood_0650K,small,80,600,1,320,69120,0.004768705580863253,0.008509329335948158,9.393180677719215e-15,0.09313564402982592,0.00043118353717512,0.005367686451642374,0.009952018855008904,0.0041697247100841335,0.0067656996833145855,baseline,temperature_low_train__baseline__small__n080_te0600_r1_seed1
temperature,temperature_ood_0700K,small,80,600,1,320,69120,0.005767060943115222,0.010400833374013508,8.800946083020732e-15,0.12066298127174377,0.0005586249132951102,0.006476246271340243,0.012094876905414149,0.0050578756148902,0.008370700233007148,baseline,temperature_low_train__baseline__small__n080_te0600_r1_seed1
temperature,temperature_ood_0600K,small,80,600,2,320,69120,0.004389582539147496,0.007673596388691285,9.081971286128975e-15,0.1334968239068985,0.0006180408514208264,0.004453357923181858,0.0078288265140726,0.004325807155113136,0.007515160576170396,baseline,temperature_low_train__baseline__small__n080_te0600_r1_seed2
temperature,temperature_ood_0650K,small,80,600,2,320,69120,0.005398108668607628,0.009746697070797809,9.430303760105118e-15,0.15407259492203593,0.0007132990505649812,0.005413282151121279,0.009553840860330174,0.00538293518609398,0.00993581060584806,baseline,temperature_low_train__baseline__small__n080_te0600_r1_seed2
temperature,temperature_ood_0700K,small,80,600,2,320,69120,0.006698671863632526,0.013008525391003207,9.153441893339221e-15,0.18251938007306306,0.0008449971299678845,0.006652641393556186,0.012837502973964576,0.006744702333708867,0.013177328374530286,baseline,temperature_low_train__baseline__small__n080_te0600_r1_seed2
temperature,temperature_ood_0600K,small,160,300,0,320,69120,0.0066926013777201445,0.010992033851268228,8.900866155236997e-15,0.11442471025511622,0.0005297440289588714,0.007137254463224155,0.011571147758431318,0.0062479482922161355,0.010380662595778902,baseline,temperature_low_train__baseline__small__n160_te0300_r1_seed0
temperature,temperature_ood_0650K,small,160,300,0,320,69120,0.008209382419518978,0.013731485399505538,8.968867315495288e-15,0.1445996637456119,0.0006694428877111662,0.008600517263195565,0.014125414240786149,0.00781824757584239,0.013325916669402653,baseline,temperature_low_train__baseline__small__n160_te0300_r1_seed0
temperature,temperature_ood_0700K,small,160,300,0,320,69120,0.010085627716695375,0.017377362492850226,8.421562058824605e-15,0.19085629773326218,0.000883593970987325,0.010413352756636294,0.017708409905797338,0.009757902676754455,0.017039884771444157,baseline,temperature_low_train__baseline__small__n160_te0300_r1_seed0
temperature,temperature_ood_0600K,small,160,300,1,320,69120,0.0041355738589420035,0.007239459525888512,8.867906409193438e-15,0.08116520745679737,0.0003757648493370248,0.004704386413474893,0.00856083332352442,0.003566761304409114,0.0056153077618942395,baseline,temperature_low_train__baseline__small__n160_te0300_r1_seed1
temperature,temperature_ood_0650K,small,160,300,1,320,69120,0.00499806023783396,0.008893492190949601,9.32622035154651e-15,0.09838891429826617,0.00045550423286234336,0.0056741468653093066,0.010470465706991911,0.004321973610358614,0.0069683394420528505,baseline,temperature_low_train__baseline__small__n160_te0300_r1_seed1
temperature,temperature_ood_0700K,small,160,300,1,320,69120,0.006019312247277182,0.010809241441113665,8.878314750049299e-15,0.1287787714973092,0.0005961980161912463,0.006820514540557541,0.01265951620156216,0.005218109953996824,0.008568316672892247,baseline,temperature_low_train__baseline__small__n160_te0300_r1_seed1
temperature,temperature_ood_0600K,small,160,300,2,320,69120,0.004952838573837494,0.008570034559853305,9.424752644981993e-15,0.16549112377688288,0.0007661626100781615,0.0050803699908731435,0.008672370350911179,0.004825307156801842,0.008466461906298097,baseline,temperature_low_train__baseline__small__n160_te0300_r1_seed2
temperature,temperature_ood_0650K,small,160,300,2,320,69120,0.006074848099263891,0.010801710460130676,9.037909309839165e-15,0.19138046018779278,0.0008860206490175592,0.006146606834271901,0.010536668503619848,0.006003089364255881,0.01106040300232403,baseline,temperature_low_train__baseline__small__n160_te0300_r1_seed2
temperature,temperature_ood_0700K,small,160,300,2,320,69120,0.007523422735780283,0.014213155666572493,9.033399028801625e-15,0.22256327396025882,0.001030385527593791,0.007534307277384946,0.01393974935153163,0.00751253819417562,0.014481401037914706,baseline,temperature_low_train__baseline__small__n160_te0300_r1_seed2
temperature,temperature_ood_0600K,small,160,600,0,320,69120,0.003608517388178263,0.006115916636321155,9.534734113358922e-15,0.09637295212596655,0.0004461710746572525,0.00391787644055709,0.006613392985934204,0.0032991583357994355,0.0055742179557724545,baseline,temperature_low_train__baseline__small__n160_te0600_r1_seed0
temperature,temperature_ood_0650K,small,160,600,0,320,69120,0.004482872137988774,0.007837904812178728,9.197503869629031e-15,0.10858820620924234,0.0005027231768946405,0.004762770430274647,0.008248033108057617,0.004202973845702901,0.007405096457031084,baseline,temperature_low_train__baseline__small__n160_te0600_r1_seed0
temperature,temperature_ood_0700K,small,160,600,0,320,69120,0.0056366363876283335,0.01049698806419419,8.542125340404993e-15,0.12710439413785934,0.0005884462691567563,0.0059187712613253665,0.011149461789042253,0.0053545015139313005,0.009801174350778449,baseline,temperature_low_train__baseline__small__n160_te0600_r1_seed0
temperature,temperature_ood_0600K,small,160,600,1,320,69120,0.002773598132555057,0.004754229909205293,8.82661999046519e-15,0.0619325814768672,0.00028672491424475556,0.002970184367954915,0.0052176950887486435,0.0025770118971552,0.004240408237423918,baseline,temperature_low_train__baseline__small__n160_te0600_r1_seed1
temperature,temperature_ood_0650K,small,160,600,1,320,69120,0.0033881776488596245,0.005949444355460388,9.20062637188579e-15,0.07813990358263254,0.0003617588128825581,0.0036284499534051887,0.006461626454339539,0.0031479053443140607,0.00538879948059105,baseline,temperature_low_train__baseline__small__n160_te0600_r1_seed1
temperature,temperature_ood_0700K,small,160,600,1,320,69120,0.004149307312321848,0.0075411026781601765,9.306444503920375e-15,0.10157249756157398,0.0004702430442665461,0.0044462555850471475,0.008231879706822298,0.0038523590395965483,0.006780310885019683,baseline,temperature_low_train__baseline__small__n160_te0600_r1_seed1
temperature,temperature_ood_0600K,small,160,600,2,320,69120,0.0025169416427208604,0.004178007262270795,8.735720480324005e-15,0.05591587405651808,0.00025886978729869483,0.0025101705542439788,0.004243325023944273,0.002523712731197742,0.0041116519926111626,baseline,temperature_low_train__baseline__small__n160_te0600_r1_seed2
temperature,temperature_ood_0650K,small,160,600,2,320,69120,0.0030276591505621216,0.005411602347233764,9.043113480267095e-15,0.07360636703670025,0.0003407702177625011,0.0030233794417032977,0.005183720466823454,0.0030319388594209446,0.00563026838179208,baseline,temperature_low_train__baseline__small__n160_te0600_r1_seed2
temperature,temperature_ood_0700K,small,160,600,2,320,69120,0.0037358854492182173,0.007976020816437281,8.873804469011758e-15,0.09251610154751688,0.00042831528494220776,0.003741083825551631,0.008013488332475366,0.003730687072884804,0.007938376463343296,baseline,temperature_low_train__baseline__small__n160_te0600_r1_seed2
temperature,temperature_ood_0600K,medium,5,300,0,320,69120,0.04209435025437011,0.05507909879716358,7.424443004833136e-15,0.31122872680425645,0.001440873735204891,0.04296372706158851,0.055767700595156115,0.041224973447151696,0.05438177837239637,baseline,temperature_low_train__baseline__medium__n005_te0300_r1_seed0
temperature,temperature_ood_0650K,medium,5,300,0,320,69120,0.048226077976314494,0.06223326515391133,7.27230775598997e-15,0.4242718989960849,0.0019642217546115043,0.04912668316325956,0.06300843011797046,0.047325472789369424,0.061448322332695975,baseline,temperature_low_train__baseline__medium__n005_te0300_r1_seed0
temperature,temperature_ood_0700K,medium,5,300,0,320,69120,0.055088083917586746,0.07030747774242614,6.544764730165298e-15,0.5006710853660479,0.0023179216915094813,0.0559506650919053,0.07112160157911925,0.05422550274326819,0.06948381568267907,baseline,temperature_low_train__baseline__medium__n005_te0300_r1_seed0
temperature,temperature_ood_0600K,medium,5,300,1,320,69120,0.038307395421507656,0.04929352525903473,7.629834264388791e-15,0.9134734878316522,0.0042290439251465375,0.041339720084642685,0.05371658971714797,0.03527507075837261,0.04443232217750703,baseline,temperature_low_train__baseline__medium__n005_te0300_r1_seed1
temperature,temperature_ood_0650K,medium,5,300,1,320,69120,0.04412234858182161,0.05581541453590061,7.197367701827773e-15,1.0320215955376626,0.004777877757118808,0.04700952889011285,0.06042440698975617,0.04123516827353037,0.0507898812714221,baseline,temperature_low_train__baseline__medium__n005_te0300_r1_seed1
temperature,temperature_ood_0700K,medium,5,300,1,320,69120,0.0506558409660709,0.06311603568098324,7.361646015002776e-15,1.215777345560491,0.005628598822039311,0.053354916408362915,0.06786770806216613,0.04795676552377889,0.057976220319669765,baseline,temperature_low_train__baseline__medium__n005_te0300_r1_seed1
temperature,temperature_ood_0600K,medium,5,300,2,320,69120,0.04461028602229197,0.058326483001104226,7.414728553367667e-15,2.024148701597005,0.009371058803689838,0.047494054745922026,0.06237897105437271,0.041726517298661905,0.053970558721898855,baseline,temperature_low_train__baseline__medium__n005_te0300_r1_seed2
temperature,temperature_ood_0650K,medium,5,300,2,320,69120,0.052355250732474025,0.06698559346523321,6.8790459439860285e-15,2.4939801081083717,0.011546204204205426,0.05478079531659418,0.07073009497137907,0.04992970614835387,0.0630189902261111,baseline,temperature_low_train__baseline__medium__n005_te0300_r1_seed2
temperature,temperature_ood_0700K,medium,5,300,2,320,69120,0.06093936933675862,0.07681864331604545,6.324628321063841e-15,3.0328472492750733,0.0140409594873846,0.06300415042916342,0.08050818953957631,0.058874588244353813,0.07294271271960814,baseline,temperature_low_train__baseline__medium__n005_te0300_r1_seed2
temperature,temperature_ood_0600K,medium,5,600,0,320,69120,0.03048033393936315,0.041018313728435396,8.029861497949042e-15,0.4979449753649533,0.0023053008118747837,0.030545432848420855,0.04111550410680539,0.03041523503030545,0.040920892515828304,baseline,temperature_low_train__baseline__medium__n005_te0600_r1_seed0
temperature,temperature_ood_0650K,medium,5,600,0,320,69120,0.0363891674056788,0.04778197159756601,7.395299650436727e-15,0.514642102830112,0.002382602327917185,0.03620282119827981,0.047675733993289615,0.03657551361307782,0.047887973518434664,baseline,temperature_low_train__baseline__medium__n005_te0600_r1_seed0
temperature,temperature_ood_0700K,medium,5,600,0,320,69120,0.04289011807654158,0.055479525600971025,6.952424747019848e-15,0.5912991446559317,0.002737496040073758,0.04252768547993943,0.055338211721038845,0.04325255067314372,0.05562048044861782,baseline,temperature_low_train__baseline__medium__n005_te0600_r1_seed0
temperature,temperature_ood_0600K,medium,5,600,1,320,69120,0.020685346455280373,0.027767275264218502,8.346622004662407e-15,0.7383866976946593,0.0034184569337715708,0.022307465615393582,0.030799677160324935,0.019063227295167157,0.024360275819816157,baseline,temperature_low_train__baseline__medium__n005_te0600_r1_seed1
temperature,temperature_ood_0650K,medium,5,600,1,320,69120,0.02485894726086532,0.03262747636676418,8.51402282009417e-15,0.867990708258003,0.004018475501194458,0.026405905178993678,0.03589893038053398,0.023311989342736972,0.02898915703605546,baseline,temperature_low_train__baseline__medium__n005_te0600_r1_seed1
temperature,temperature_ood_0700K,medium,5,600,1,320,69120,0.02956679544148667,0.03840903126800639,8.239589566194639e-15,1.0465986505150795,0.004845364122754997,0.031099374961120425,0.042173877888782116,0.028034215921852915,0.034232607112451734,baseline,temperature_low_train__baseline__medium__n005_te0600_r1_seed1
temperature,temperature_ood_0600K,medium,5,600,2,320,69120,0.033095351925028896,0.04442389733486718,8.087801262046668e-15,1.1313438408076764,0.005237702966702206,0.03455570409581766,0.046462364644636864,0.031634999754240126,0.042287279180226726,baseline,temperature_low_train__baseline__medium__n005_te0600_r1_seed2
temperature,temperature_ood_0650K,medium,5,600,2,320,69120,0.03949584367512792,0.05175458590266599,7.7712142276809e-15,1.4077542491257191,0.00651738078298944,0.04064722253475657,0.053566020992286995,0.038344464815499274,0.04987740689898318,baseline,temperature_low_train__baseline__medium__n005_te0600_r1_seed2
temperature,temperature_ood_0700K,medium,5,600,2,320,69120,0.0465545970845715,0.06017462758423358,6.743217095817044e-15,1.7451531558996067,0.008079412758794475,0.04745200879084604,0.062034737772283965,0.04565718537829695,0.0582551535859822,baseline,temperature_low_train__baseline__medium__n005_te0600_r1_seed2
temperature,temperature_ood_0600K,medium,10,300,0,320,69120,0.040285235934433124,0.05299963194099444,7.327298490178435e-15,0.309348969347775,0.0014321711543878472,0.04101331931322018,0.05359992030657458,0.039557152555646076,0.052392466203554595,baseline,temperature_low_train__baseline__medium__n010_te0300_r1_seed0
temperature,temperature_ood_0650K,medium,10,300,0,320,69120,0.046418113516097814,0.060210022875335806,7.144285163462882e-15,0.4144408034160733,0.0019187074232225618,0.0471718903674967,0.06087402020891902,0.045664336664698935,0.05953862085151992,baseline,temperature_low_train__baseline__medium__n010_te0300_r1_seed0
temperature,temperature_ood_0700K,medium,10,300,0,320,69120,0.05335745197716714,0.0684010171594505,6.9649147560468805e-15,0.48397785865236076,0.00224063823450167,0.054076153193625624,0.06910950429818537,0.05263875076070864,0.06768511440895983,baseline,temperature_low_train__baseline__medium__n010_te0300_r1_seed0
temperature,temperature_ood_0600K,medium,10,300,1,320,69120,0.03593893102632895,0.04663987220953254,7.929594481037584e-15,0.7398269498720765,0.0034251247679262797,0.03867972865200887,0.0507545598569989,0.033198133400649046,0.04212517077906471,baseline,temperature_low_train__baseline__medium__n010_te0300_r1_seed1
temperature,temperature_ood_0650K,medium,10,300,1,320,69120,0.04165977951847764,0.05310891775488676,7.41073868937292e-15,0.8442502535879612,0.0039085659888331535,0.044221302552167226,0.05734276262664264,0.039098256484788055,0.04850692594398421,baseline,temperature_low_train__baseline__medium__n010_te0300_r1_seed1
temperature,temperature_ood_0700K,medium,10,300,1,320,69120,0.04816095835231402,0.06042444401727308,7.381248390281314e-15,1.014859560271725,0.004698423890146876,0.050504911840705366,0.06476920775669563,0.045817004863922685,0.055742054107855904,baseline,temperature_low_train__baseline__medium__n010_te0300_r1_seed1
temperature,temperature_ood_0600K,medium,10,300,2,320,69120,0.04280237311587397,0.0564073623522134,7.615436059538183e-15,1.7400920416228474,0.00805598167417985,0.045762974323895825,0.060487056335996874,0.039841771907852104,0.05200862496618942,baseline,temperature_low_train__baseline__medium__n010_te0300_r1_seed2
temperature,temperature_ood_0650K,medium,10,300,2,320,69120,0.05035812511919133,0.06498039743608156,7.015742153893001e-15,2.17309699091129,0.010060634217181896,0.05289506802587854,0.06878135713006327,0.04782118221250409,0.06094283397782649,baseline,temperature_low_train__baseline__medium__n010_te0300_r1_seed2
temperature,temperature_ood_0700K,medium,10,300,2,320,69120,0.05885828904062125,0.07477517902064877,6.4694777313079045e-15,2.6727560524828733,0.012373870613346636,0.06104585935577426,0.07855194123597041,0.05667071872546825,0.07079722680445043,baseline,temperature_low_train__baseline__medium__n010_te0300_r1_seed2
temperature,temperature_ood_0600K,medium,10,600,0,320,69120,0.02739744411049802,0.03740181181641284,8.491818359601666e-15,0.37442577360197904,0.0017334526555647174,0.027156108980187162,0.03714567227761477,0.027638779240808882,0.03765620912073811,baseline,temperature_low_train__baseline__medium__n010_te0600_r1_seed0
temperature,temperature_ood_0650K,medium,10,600,0,320,69120,0.03300099355949214,0.043936054512470145,7.71969294044439e-15,0.3821589441969991,0.001769254371282403,0.03256870310653617,0.04347312594908859,0.03343328401244812,0.04439415606203341,baseline,temperature_low_train__baseline__medium__n010_te0600_r1_seed0
temperature,temperature_ood_0700K,medium,10,600,0,320,69120,0.0392492361279617,0.051425643131837506,7.742244345632088e-15,0.44310451252385974,0.0020514097802030546,0.03869422221596748,0.050939279625110766,0.03980425003995591,0.051907449699643185,baseline,temperature_low_train__baseline__medium__n010_te0600_r1_seed0
temperature,temperature_ood_0600K,medium,10,600,1,320,69120,0.01705042861978283,0.02343073808515174,8.586187316694805e-15,0.44672616152092814,0.002068176673708,0.018709503287792497,0.02630562709030884,0.015391353951773155,0.02014976321983885,baseline,temperature_low_train__baseline__medium__n010_te0600_r1_seed1
temperature,temperature_ood_0650K,medium,10,600,1,320,69120,0.020705301278014957,0.02782283316330146,8.217385105702135e-15,0.5144482547417283,0.0023817048830635564,0.022340475606330602,0.030931566438086224,0.019070126949699305,0.024319915463505894,baseline,temperature_low_train__baseline__medium__n010_te0600_r1_seed1
temperature,temperature_ood_0700K,medium,10,600,1,320,69120,0.024908493789092066,0.03311406467911275,8.637535131583718e-15,0.6243977459147573,0.0028907303051609132,0.026550458169126094,0.036690332059036976,0.02326652940905804,0.029101582303072953,baseline,temperature_low_train__baseline__medium__n010_te0600_r1_seed1
temperature,temperature_ood_0600K,medium,10,600,2,320,69120,0.030144173623550447,0.04106240403008864,8.122322259218606e-15,0.7752408860716968,0.003589078176257856,0.03137911874347795,0.04273059842128681,0.028909228503622948,0.03932350452362047,baseline,temperature_low_train__baseline__medium__n010_te0600_r1_seed2
temperature,temperature_ood_0650K,medium,10,600,2,320,69120,0.036180947410136444,0.048129128838435314,7.464515117128201e-15,0.9680183748714626,0.0044815665503308445,0.03721795886772076,0.049627119171190164,0.035143935952552136,0.04658299183459454,baseline,temperature_low_train__baseline__medium__n010_te0600_r1_seed2
temperature,temperature_ood_0700K,medium,10,600,2,320,69120,0.042937280846216244,0.05629235038660503,7.236052035342056e-15,1.221858190698549,0.005656750882863653,0.04378671408951089,0.05788233348165157,0.04208784760292159,0.05465613318572308,baseline,temperature_low_train__baseline__medium__n010_te0600_r1_seed2
temperature,temperature_ood_0600K,medium,20,300,0,320,69120,0.02689137447044759,0.03693963672157295,7.919706557224514e-15,0.262843038700521,0.0012168659199098195,0.026346106548556947,0.03625242879337343,0.027436642392338235,0.03761429155021999,baseline,temperature_low_train__baseline__medium__n020_te0300_r1_seed0
temperature,temperature_ood_0650K,medium,20,300,0,320,69120,0.0324698041651862,0.04346841415249248,8.355122149694693e-15,0.28111784514039756,0.0013014715052796183,0.03187067525014019,0.04267532383491046,0.03306893308023221,0.04424729136852041,baseline,temperature_low_train__baseline__medium__n020_te0300_r1_seed0
temperature,temperature_ood_0700K,medium,20,300,0,320,69120,0.0387446433768108,0.05098581188726072,8.11972017400464e-15,0.3304445633664727,0.0015298359415114478,0.03814194430631061,0.05026413961033457,0.03934734244731099,0.051697410929746446,baseline,temperature_low_train__baseline__medium__n020_te0300_r1_seed0
temperature,temperature_ood_0600K,medium,20,300,1,320,69120,0.018058420335002844,0.024621208399271604,8.545941732052142e-15,0.3889534999616444,0.0018007106479705761,0.019305384848741124,0.02708901678312323,0.01681145582126456,0.02187676794694301,baseline,temperature_low_train__baseline__medium__n020_te0300_r1_seed1
temperature,temperature_ood_0650K,medium,20,300,1,320,69120,0.021978585325860656,0.02925101756198467,8.403347462326849e-15,0.43791605392470956,0.002027389138540322,0.02322205201523386,0.031962069464290734,0.020735118636487443,0.026261572161295384,baseline,temperature_low_train__baseline__medium__n020_te0300_r1_seed1
temperature,temperature_ood_0700K,medium,20,300,1,320,69120,0.026458589107365715,0.034797567395989465,8.393286066166183e-15,0.5412528923712671,0.002505800427644755,0.027720931331711388,0.037999220336460485,0.025196246883020045,0.03126980407962266,baseline,temperature_low_train__baseline__medium__n020_te0300_r1_seed1
temperature,temperature_ood_0600K,medium,20,300,2,320,69120,0.02959250349751493,0.040467065773506145,8.13099587659849e-15,0.5974348311778158,0.0027659019961935915,0.03055117050516282,0.041847829856511795,0.02863383648986705,0.039037494296317046,baseline,temperature_low_train__baseline__medium__n020_te0300_r1_seed2
temperature,temperature_ood_0650K,medium,20,300,2,320,69120,0.03558542404605632,0.04751856112884816,7.465902895908983e-15,0.7702656691428273,0.0035660447645501263,0.03645746599476744,0.048820213400340026,0.0347133820973452,0.04618023459292319,baseline,temperature_low_train__baseline__medium__n020_te0300_r1_seed2
temperature,temperature_ood_0700K,medium,20,300,2,320,69120,0.04234153745772281,0.05569257224495282,7.021640213711322e-15,1.0140964520629496,0.004694890981772915,0.043112843594073406,0.05717885661893668,0.04157023132137222,0.05416552004984038,baseline,temperature_low_train__baseline__medium__n020_te0300_r1_seed2
temperature,temperature_ood_0600K,medium,20,600,0,320,69120,0.010615492427930976,0.016372007412311616,9.171483017489379e-15,0.25421050693839786,0.0011769004950851754,0.00922372563529232,0.014507891641765462,0.012007259220569631,0.01804456520751788,baseline,temperature_low_train__baseline__medium__n020_te0600_r1_seed0
temperature,temperature_ood_0650K,medium,20,600,0,320,69120,0.013020555269252892,0.019930276775749278,8.92081547521073e-15,0.3127081408165395,0.001447722874150646,0.011566308596363387,0.017827901620758018,0.014474801942142396,0.021831119726585614,baseline,temperature_low_train__baseline__medium__n020_te0600_r1_seed0
temperature,temperature_ood_0700K,medium,20,600,0,320,69120,0.015904736227097958,0.024370740949280153,7.815970093361103e-15,0.35771704660728576,0.001656097437996693,0.01441883371918105,0.022358517373741598,0.017390638735014858,0.026229043628808426,baseline,temperature_low_train__baseline__medium__n020_te0600_r1_seed0
temperature,temperature_ood_0600K,medium,20,600,1,320,69120,0.006203770462889224,0.00981289188884401,8.875886137182932e-15,0.20624685818329452,0.0009548465656634006,0.007967745779776518,0.012306539456226296,0.004439795146001929,0.00641364023442432,baseline,temperature_low_train__baseline__medium__n020_te0600_r1_seed1
temperature,temperature_ood_0650K,medium,20,600,1,320,69120,0.0075690160378838025,0.01198606365955069,8.92688700737665e-15,0.2503247486427426,0.0011589108733460307,0.009543980743505433,0.01484088435722209,0.005594051332262169,0.008190213403639986,baseline,temperature_low_train__baseline__medium__n020_te0600_r1_seed1
temperature,temperature_ood_0700K,medium,20,600,1,320,69120,0.009308605756104727,0.01491795153733616,8.771108839233932e-15,0.31473967116326096,0.001457128107237319,0.011561748312218678,0.01835033176454666,0.0070554631999907805,0.010409413060864214,baseline,temperature_low_train__baseline__medium__n020_te0600_r1_seed1
temperature,temperature_ood_0600K,medium,20,600,2,320,69120,0.012093093209033312,0.018468410307136914,8.584105648523632e-15,0.15476716160774232,0.000716514637072881,0.012309545967683187,0.01893996652913116,0.011876640450383441,0.017984494055183018,baseline,temperature_low_train__baseline__medium__n020_te0600_r1_seed2
temperature,temperature_ood_0650K,medium,20,600,2,320,69120,0.014831580115531795,0.022500369660651727,8.48401210395977e-15,0.19357504607178272,0.0008961807688508458,0.01503803068474133,0.02276350220176847,0.01462512954632226,0.02223412326227493,baseline,temperature_low_train__baseline__medium__n020_te0600_r1_seed2
temperature,temperature_ood_0700K,medium,20,600,2,320,69120,0.018069403812858178,0.02750151595523455,8.36882646515491e-15,0.26022890373133123,0.0012047634432006075,0.01823186346545971,0.02799285905320759,0.017906944160256646,0.027001233336632877,baseline,temperature_low_train__baseline__medium__n020_te0600_r1_seed2
temperature,temperature_ood_0600K,medium,40,300,0,320,69120,0.015815024070985634,0.02306007709265239,8.795048023202412e-15,0.19891966339200734,0.0009209243675555896,0.014704648243521745,0.02163181642187249,0.01692539989844952,0.024404893552903498,baseline,temperature_low_train__baseline__medium__n040_te0300_r1_seed0
temperature,temperature_ood_0650K,medium,40,300,0,320,69120,0.019552368360205234,0.02784877634571082,8.05171901374635e-15,0.24001117353327572,0.0011111628404318322,0.018408712611929095,0.02624505029020886,0.020696024108481363,0.029365047644627666,baseline,temperature_low_train__baseline__medium__n040_te0300_r1_seed0
temperature,temperature_ood_0700K,medium,40,300,0,320,69120,0.023826886339919303,0.03356679775657892,8.41306191379232e-15,0.2792005019611679,0.0012925949164868885,0.022662914205494916,0.032063180210631,0.024990858474343684,0.035005889476525866,baseline,temperature_low_train__baseline__medium__n040_te0300_r1_seed0
temperature,temperature_ood_0600K,medium,40,300,1,320,69120,0.007925325940017056,0.012197848630549265,9.122910760162029e-15,0.3389535523951054,0.0015692294092365991,0.010139545073045422,0.015233213277198229,0.0057111068069886925,0.008094704174889703,baseline,temperature_low_train__baseline__medium__n040_te0300_r1_seed1
temperature,temperature_ood_0650K,medium,40,300,1,320,69120,0.009703578970414033,0.014803654871164085,8.832864994978707e-15,0.41312109492719173,0.0019125976616999622,0.012053364710024762,0.01817274951247321,0.0073537932308033035,0.010394593317969913,baseline,temperature_low_train__baseline__medium__n040_te0300_r1_seed1
temperature,temperature_ood_0700K,medium,40,300,1,320,69120,0.01195857446566553,0.01823826914840505,8.970602038971265e-15,0.5180834011174739,0.0023985342644327495,0.014510092344312301,0.022152831988428597,0.009407056587018757,0.013210638059979605,baseline,temperature_low_train__baseline__medium__n040_te0300_r1_seed1
temperature,temperature_ood_0600K,medium,40,300,2,320,69120,0.018464634287291955,0.026508592740468902,8.76000660898768e-15,0.22881520921364426,0.00105932967228539,0.018889945940507715,0.027089494604230355,0.018039322634076184,0.0259146726826224,baseline,temperature_low_train__baseline__medium__n040_te0300_r1_seed2
temperature,temperature_ood_0650K,medium,40,300,2,320,69120,0.022563194748591017,0.03176574511110759,8.502226700457527e-15,0.27902803644537927,0.001291796465024904,0.02304300456442768,0.03229722252734398,0.022083384932754357,0.0312252228486353,baseline,temperature_low_train__baseline__medium__n040_te0300_r1_seed2
temperature,temperature_ood_0700K,medium,40,300,2,320,69120,0.027230119368069853,0.03801091717339832,8.099250436988114e-15,0.3719760531792417,0.001722111357311304,0.027719932928863742,0.03882652616597365,0.026740305807275953,0.037177419418362785,baseline,temperature_low_train__baseline__medium__n040_te0300_r1_seed2
temperature,temperature_ood_0600K,medium,40,600,0,320,69120,0.007040118524738121,0.011428079367938921,8.49979808759116e-15,0.14902454167604445,0.0006899284336853911,0.005932313423898884,0.010212859904286286,0.008147923625577357,0.012525952604702127,baseline,temperature_low_train__baseline__medium__n040_te0600_r1_seed0
temperature,temperature_ood_0650K,medium,40,600,0,320,69120,0.008482754133250954,0.014066413119582918,8.518186156436513e-15,0.17670878861099482,0.0008180962435694204,0.007318726297976086,0.01264058514478145,0.009646781968525822,0.015360454527750131,baseline,temperature_low_train__baseline__medium__n040_te0600_r1_seed0
temperature,temperature_ood_0700K,medium,40,600,0,320,69120,0.010301267923879857,0.017560826351463867,9.220922636554718e-15,0.20205526086501777,0.0009354410225232304,0.009165487945876984,0.016259329831490178,0.01143704790188273,0.018772305072189435,baseline,temperature_low_train__baseline__medium__n040_te0600_r1_seed0
temperature,temperature_ood_0600K,medium,40,600,1,320,69120,0.0050568045141633385,0.008094228934687983,9.128461875285154e-15,0.1614017148502171,0.0007472301613435978,0.006423531750442885,0.010078385610608939,0.003690077277883793,0.005427635542126153,baseline,temperature_low_train__baseline__medium__n040_te0600_r1_seed1
temperature,temperature_ood_0650K,medium,40,600,1,320,69120,0.0061818388381488076,0.00999264327598322,9.112849364001363e-15,0.18743238458409905,0.0008677425212226808,0.007777562598572961,0.012350785678465977,0.004586115077724655,0.006867600192695042,baseline,temperature_low_train__baseline__medium__n040_te0600_r1_seed1
temperature,temperature_ood_0700K,medium,40,600,1,320,69120,0.007636267304146918,0.012604429687743106,8.599024270417033e-15,0.23415357675403356,0.0010840443368242295,0.009535728311929495,0.015561378469245546,0.005736806296364345,0.008694066691912401,baseline,temperature_low_train__baseline__medium__n040_te0600_r1_seed1
temperature,temperature_ood_0600K,medium,40,600,2,320,69120,0.006965022476131942,0.011303152057788085,9.71445146547012e-15,0.2270221550948918,0.001051028495809684,0.006866134346567544,0.01135187279825331,0.007063910605696341,0.011254220401930762,baseline,temperature_low_train__baseline__medium__n040_te0600_r1_seed2
temperature,temperature_ood_0650K,medium,40,600,2,320,69120,0.008576683750938539,0.014201693817013502,9.506631593048098e-15,0.31455594981089235,0.001456277545420798,0.0084618275973065,0.013988859462351644,0.00869153990457058,0.0144113852730046,baseline,temperature_low_train__baseline__medium__n040_te0600_r1_seed2
temperature,temperature_ood_0700K,medium,40,600,2,320,69120,0.010623207402229775,0.01812069037475263,9.02472541142174e-15,0.4401092951418832,0.002037543033064274,0.010514967668161103,0.018292781593723623,0.010731447136298441,0.017946949068842626,baseline,temperature_low_train__baseline__medium__n040_te0600_r1_seed2
temperature,temperature_ood_0600K,medium,80,300,0,320,69120,0.008100714762026026,0.013001903707785667,9.157778702029163e-15,0.17264770092442633,0.0007992949116871589,0.006774323758354924,0.011432210122186608,0.009427105765697125,0.01440151282939523,baseline,temperature_low_train__baseline__medium__n080_te0300_r1_seed0
temperature,temperature_ood_0650K,medium,80,300,0,320,69120,0.009817615582521292,0.01593191064828878,9.374445664178666e-15,0.2093098762445152,0.0009690272048357184,0.008411789226789023,0.0141189816000585,0.011223441938253566,0.017558642099756022,baseline,temperature_low_train__baseline__medium__n080_te0300_r1_seed0
temperature,temperature_ood_0700K,medium,80,300,0,320,69120,0.011955697548119917,0.01973642690420705,9.129676181718337e-15,0.24150315745500847,0.001118070173402817,0.010531083159911421,0.018047186250676014,0.013380311936328418,0.021292068061220044,baseline,temperature_low_train__baseline__medium__n080_te0300_r1_seed0
temperature,temperature_ood_0600K,medium,80,300,1,320,69120,0.005442521588468671,0.008751272524334098,9.172523851574966e-15,0.15570216942578555,0.0007208433769712294,0.007051172663840314,0.011002758440523555,0.003833870513097029,0.00566646700244672,baseline,temperature_low_train__baseline__medium__n080_te0300_r1_seed1
temperature,temperature_ood_0650K,medium,80,300,1,320,69120,0.00664774964794942,0.010792625885846932,9.468120731881413e-15,0.17971849404275417,0.0008320300650127507,0.008506553033935303,0.013445248734561726,0.004788946261963538,0.007224045507156838,baseline,temperature_low_train__baseline__medium__n080_te0300_r1_seed1
temperature,temperature_ood_0700K,medium,80,300,1,320,69120,0.008191356997397526,0.013510668280098394,8.611514279444065e-15,0.22186928750015794,0.001027172627315546,0.01037472619311242,0.01675163971733215,0.00600798780168263,0.00919015133337933,baseline,temperature_low_train__baseline__medium__n080_te0300_r1_seed1
temperature,temperature_ood_0600K,medium,80,300,2,320,69120,0.008778564308347456,0.014070478797608027,8.662515149637785e-15,0.13670132020488382,0.0006328764824300177,0.0091259138343491,0.014726119085993451,0.008431214782345813,0.013382756212866375,baseline,temperature_low_train__baseline__medium__n080_te0300_r1_seed2
temperature,temperature_ood_0650K,medium,80,300,2,320,69120,0.01078106155166299,0.017423836755140237,8.95603036177306e-15,0.1794209617190063,0.0008306526005509551,0.011162531795978241,0.017876154628857315,0.010399591307347735,0.01695945960886534,baseline,temperature_low_train__baseline__medium__n080_te0300_r1_seed2
temperature,temperature_ood_0700K,medium,80,300,2,320,69120,0.01323907276416205,0.02174755707001849,8.484185576307368e-15,0.25445098206400873,0.001178013805851892,0.013631387682397186,0.022500718298881877,0.012846757845926916,0.02096735922956882,baseline,temperature_low_train__baseline__medium__n080_te0300_r1_seed2
temperature,temperature_ood_0600K,medium,80,600,0,320,69120,0.004717202709685304,0.0079562662953134,9.119441313210075e-15,0.08791724303737283,0.00040702427332117057,0.0043919036484423085,0.00765023981533669,0.005042501770928298,0.008250950096305111,baseline,temperature_low_train__baseline__medium__n080_te0600_r1_seed0
temperature,temperature_ood_0650K,medium,80,600,0,320,69120,0.0057964395478256655,0.010101001171494732,8.349224089876373e-15,0.11370523013174534,0.000526413102461784,0.005426671635519217,0.009535870112878134,0.006166207460132114,0.010636147353407314,baseline,temperature_low_train__baseline__medium__n080_te0600_r1_seed0
temperature,temperature_ood_0700K,medium,80,600,0,320,69120,0.007189858911941608,0.013017823992437911,8.577166754619724e-15,0.1400237325578928,0.0006482580211013556,0.006837679631864352,0.012369466284325588,0.007542038192018861,0.013635387300590942,baseline,temperature_low_train__baseline__medium__n080_te0600_r1_seed0
temperature,temperature_ood_0600K,medium,80,600,1,320,69120,0.004118669886004361,0.006645691745127759,9.05178709764698e-15,0.1199706330895424,0.0005554195976367703,0.00493794782395412,0.00805064858272836,0.0032993919480546023,0.004849483986975554,baseline,temperature_low_train__baseline__medium__n080_te0600_r1_seed1
temperature,temperature_ood_0650K,medium,80,600,1,320,69120,0.00507593821294718,0.008273885159987678,8.780476346004207e-15,0.13755700923502445,0.0006368380057177057,0.006066081529455732,0.009984669595205924,0.004085794896438628,0.006100878982236823,baseline,temperature_low_train__baseline__medium__n080_te0600_r1_seed1
temperature,temperature_ood_0700K,medium,80,600,1,320,69120,0.0063197438574788285,0.010621839899731282,8.524778105645225e-15,0.17223207410424948,0.0007973707134455994,0.007559367469802565,0.012935468081824246,0.00508012024515509,0.007636794564157989,baseline,temperature_low_train__baseline__medium__n080_te0600_r1_seed1
temperature,temperature_ood_0600K,medium,80,600,2,320,69120,0.0050639570570443545,0.008329143138123158,9.554163016289863e-15,0.1455900151282549,0.0006740278478159948,0.004875934589430639,0.008253509308574006,0.00525197952465807,0.008404096318104072,baseline,temperature_low_train__baseline__medium__n080_te0600_r1_seed2
temperature,temperature_ood_0650K,medium,80,600,2,320,69120,0.006266787609611467,0.010675491399793301,8.643780136097235e-15,0.20139253633096815,0.0009323728533841117,0.006080563953911262,0.010386778282724407,0.00645301126531167,0.010956599388480266,baseline,temperature_low_train__baseline__medium__n080_te0600_r1_seed2
temperature,temperature_ood_0700K,medium,80,600,2,320,69120,0.007866820498418619,0.014198631185451758,9.203054984752157e-15,0.29792297796811906,0.0013792730461486997,0.007744497130794622,0.014483051689177153,0.007989143866042617,0.013908395624571126,baseline,temperature_low_train__baseline__medium__n080_te0600_r1_seed2
temperature,temperature_ood_0600K,medium,160,300,0,320,69120,0.005205650739261589,0.008684650090865009,9.085093788385734e-15,0.10409714933484793,0.00048193124692059227,0.004783337528471464,0.008287235117619068,0.005627963950051714,0.009064658212355525,baseline,temperature_low_train__baseline__medium__n160_te0300_r1_seed0
temperature,temperature_ood_0650K,medium,160,300,0,320,69120,0.0063593788139018415,0.010939211480795883,9.68149171942656e-15,0.13303891494870185,0.0006159209025402863,0.00591688304507162,0.010328582712825428,0.00680187458273206,0.011517511657796428,baseline,temperature_low_train__baseline__medium__n160_te0300_r1_seed0
temperature,temperature_ood_0700K,medium,160,300,0,320,69120,0.00783824293680638,0.013979434906908679,9.696757286015157e-15,0.1570029192371294,0.000726865366838562,0.007451893285153859,0.013358035118646378,0.008224592588458896,0.014574364425318988,baseline,temperature_low_train__baseline__medium__n160_te0300_r1_seed0
temperature,temperature_ood_0600K,medium,160,300,1,320,69120,0.004308349993405672,0.006952463871711779,9.305403669834788e-15,0.1205297963693738,0.0005580083165248787,0.00527562070489428,0.008500866381604924,0.0033410792819170646,0.00494052411561914,baseline,temperature_low_train__baseline__medium__n160_te0300_r1_seed1
temperature,temperature_ood_0650K,medium,160,300,1,320,69120,0.005305312028969477,0.008658458330466764,9.664838374057182e-15,0.13629997037351133,0.0006310183813588487,0.0064734571113855425,0.01054199426135649,0.004137166946553414,0.006229298380587134,baseline,temperature_low_train__baseline__medium__n160_te0300_r1_seed1
temperature,temperature_ood_0700K,medium,160,300,1,320,69120,0.006589436068296029,0.01107581583788095,9.558673297327402e-15,0.16792091028764844,0.0007774116217020761,0.008039638026055672,0.013562368162396235,0.005139234110536387,0.007836425382591859,baseline,temperature_low_train__baseline__medium__n160_te0300_r1_seed1
temperature,temperature_ood_0600K,medium,160,300,2,320,69120,0.005495263523234065,0.009054903776831658,8.760700498378071e-15,0.12069138158112765,0.0005587563962089243,0.005284461916749466,0.008936667412800064,0.005706065129718663,0.009171616017276231,baseline,temperature_low_train__baseline__medium__n160_te0300_r1_seed2
temperature,temperature_ood_0650K,medium,160,300,2,320,69120,0.0067898661446430565,0.011536142419985086,9.085787677776125e-15,0.16885566422715784,0.0007817391862368419,0.00657608222953505,0.011197850121357331,0.007003650059751062,0.011864793151504006,baseline,temperature_low_train__baseline__medium__n160_te0300_r1_seed2
temperature,temperature_ood_0700K,medium,160,300,2,320,69120,0.00848856078489577,0.015157137255303583,9.409834023088592e-15,0.25724599703680723,0.0011909536899852187,0.008330320729834152,0.01535685556985665,0.00864680083995739,0.01495475197249311,baseline,temperature_low_train__baseline__medium__n160_te0300_r1_seed2
temperature,temperature_ood_0600K,medium,160,600,0,320,69120,0.0025637338128303715,0.0042930662648231815,9.474018791699734e-15,0.07797204554080964,0.00036098169231856323,0.002141863001917396,0.003607976400651351,0.0029856046237433467,0.004882964488982963,baseline,temperature_low_train__baseline__medium__n160_te0600_r1_seed0
temperature,temperature_ood_0650K,medium,160,600,0,320,69120,0.0031460307918176624,0.005691444268457568,8.865477796327071e-15,0.10998710403218866,0.0005091995557045771,0.0026057823859995154,0.004472183935056696,0.0036862791976358085,0.006692133185534925,baseline,temperature_low_train__baseline__medium__n160_te0600_r1_seed0
temperature,temperature_ood_0700K,medium,160,600,0,320,69120,0.0039038556696017798,0.007788914496916177,8.842926391139372e-15,0.1491207756102085,0.0006903739611583726,0.003251331651236623,0.006329090606564694,0.004556379687966938,0.009015375209853248,baseline,temperature_low_train__baseline__medium__n160_te0600_r1_seed0
temperature,temperature_ood_0600K,medium,160,600,1,320,69120,0.0025868718354101704,0.004049276264994081,8.873110579621368e-15,0.06737157609313726,0.0003119054448756355,0.0028356270237336516,0.004704588341553334,0.00233811664708669,0.00326498469782161,baseline,temperature_low_train__baseline__medium__n160_te0600_r1_seed1
temperature,temperature_ood_0650K,medium,160,600,1,320,69120,0.00311252714767292,0.005025736929421589,9.19542220145786e-15,0.07802464431151748,0.00036122520514591427,0.0034491244559090033,0.005899209635763422,0.0027759298394368363,0.00396426399736696,baseline,temperature_low_train__baseline__medium__n160_te0600_r1_seed1
temperature,temperature_ood_0700K,medium,160,600,1,320,69120,0.0037931137531540646,0.006728860696144109,8.829395548026753e-15,0.09690644145011902,0.0004486409326394399,0.004282203315786279,0.008212472320334318,0.0033040241905218505,0.004807330956359113,baseline,temperature_low_train__baseline__medium__n160_te0600_r1_seed1
temperature,temperature_ood_0600K,medium,160,600,2,320,69120,0.002865463347531618,0.004729352071877275,9.281464485866308e-15,0.07670973315834999,0.0003551376535108796,0.0026077105901178505,0.004458871793915905,0.0031232161049453847,0.004985178468717134,baseline,temperature_low_train__baseline__medium__n160_te0600_r1_seed2
temperature,temperature_ood_0650K,medium,160,600,2,320,69120,0.0035503431332242676,0.0063161764916826275,9.297423941845296e-15,0.09446507403627039,0.000437338305723474,0.003241629582326424,0.005692465069872638,0.003859056684122113,0.006883604606341682,baseline,temperature_low_train__baseline__medium__n160_te0600_r1_seed2
temperature,temperature_ood_0700K,medium,160,600,2,320,69120,0.00446680284355099,0.008925435046326043,9.242606680004428e-15,0.13225276984740048,0.0006122813418861134,0.004143489530399143,0.008885425812391046,0.004790116156702839,0.008965265733087069,baseline,temperature_low_train__baseline__medium__n160_te0600_r1_seed2
temperature,temperature_ood_0600K,large,5,300,0,320,69120,0.030684998792227115,0.04137076277872505,8.106883220282413e-15,0.8326082041487097,0.0038546676117995823,0.03296437798283831,0.04388216561074663,0.02840561960161592,0.03869671261358113,baseline,temperature_low_train__baseline__large__n005_te0300_r1_seed0
temperature,temperature_ood_0650K,large,5,300,0,320,69120,0.036320158197113026,0.047891741996651215,7.545526703456318e-15,0.9337482379283756,0.004322908508927665,0.03817670889110471,0.05010118973067304,0.03446360750312135,0.045575307903718124,baseline,temperature_low_train__baseline__large__n005_te0300_r1_seed0
temperature,temperature_ood_0700K,large,5,300,0,320,69120,0.0425138547159143,0.055241287933082986,7.879807917277048e-15,1.0650739542208612,0.00493089793620769,0.04398152849924657,0.057215336286951024,0.04104618093258202,0.053194032358739866,baseline,temperature_low_train__baseline__large__n005_te0300_r1_seed0
temperature,temperature_ood_0600K,large,5,300,1,320,69120,0.027271900207689926,0.03696852029843553,8.401439266503275e-15,0.5352736158296466,0.0024781185918039193,0.027941587735468905,0.03803163469579211,0.026602212679910947,0.03587391459650732,baseline,temperature_low_train__baseline__large__n005_te0300_r1_seed1
temperature,temperature_ood_0650K,large,5,300,1,320,69120,0.03235533876237249,0.04282961089708208,8.542992702142982e-15,0.6742368824779987,0.0031214670485092536,0.03299308190374879,0.044020653175287576,0.03171759562099618,0.04160448573425644,baseline,temperature_low_train__baseline__large__n005_te0300_r1_seed1
temperature,temperature_ood_0700K,large,5,300,1,320,69120,0.03814339314550126,0.04966473700056163,7.372054355858637e-15,0.8612164298305288,0.003987113101067263,0.038726517366944754,0.051138450969483704,0.03756026892405777,0.048145934772435575,baseline,temperature_low_train__baseline__large__n005_te0300_r1_seed1
temperature,temperature_ood_0600K,large,5,300,2,320,69120,0.037173135216978334,0.04859263139300442,7.7413769838941e-15,1.0816895853728057,0.00500782215450373,0.03943442453163808,0.05169792336828397,0.03491184590231858,0.04527485362538275,baseline,temperature_low_train__baseline__large__n005_te0300_r1_seed2
temperature,temperature_ood_0650K,large,5,300,2,320,69120,0.04420529451980243,0.05642146585519494,7.5842110369706e-15,1.27996512260288,0.005925764456494815,0.04612691855231819,0.05937030637920178,0.042283670487286665,0.053309758383785336,baseline,temperature_low_train__baseline__large__n005_te0300_r1_seed2
temperature,temperature_ood_0700K,large,5,300,2,320,69120,0.05209413904230243,0.06540818453532922,7.19303089313783e-15,1.516255312168505,0.007019700519298635,0.05369857143538775,0.0684631544044029,0.05048970664921712,0.0622033576056329,baseline,temperature_low_train__baseline__large__n005_te0300_r1_seed2
temperature,temperature_ood_0600K,large,5,600,0,320,69120,0.01282958261562407,0.01906643760425515,8.491644887254069e-15,0.33480887515470387,0.0015500410886791845,0.013372061688124633,0.01961335300850439,0.012287103543123509,0.018503363737377633,baseline,temperature_low_train__baseline__large__n005_te0600_r1_seed0
temperature,temperature_ood_0650K,large,5,600,0,320,69120,0.015702484344201392,0.023187227000298877,8.613942892310434e-15,0.39111307756975294,0.0018107086924525598,0.01619875300073592,0.02345365512385584,0.015206215687666861,0.022917701744677832,baseline,temperature_low_train__baseline__large__n005_te0600_r1_seed0
temperature,temperature_ood_0700K,large,5,600,0,320,69120,0.019026705965806794,0.028085027518438825,8.735547007976407e-15,0.45654263310134413,0.002113623301395112,0.019497194384631607,0.02828408767525785,0.018556217546981987,0.02788454636176208,baseline,temperature_low_train__baseline__large__n005_te0600_r1_seed0
temperature,temperature_ood_0600K,large,5,600,1,320,69120,0.012560343489195228,0.019217306952042695,9.53039730466898e-15,0.24454088136553764,0.001132133710025637,0.012688636434850869,0.019073544373451736,0.012432050543539585,0.01936000201477326,baseline,temperature_low_train__baseline__large__n005_te0600_r1_seed1
temperature,temperature_ood_0650K,large,5,600,1,320,69120,0.015143725480183267,0.02283010731299054,8.27688612092814e-15,0.34030761402100324,0.0015754982130602,0.015379412070208003,0.02283742661687126,0.014908038890158529,0.02282278566179747,baseline,temperature_low_train__baseline__large__n005_te0600_r1_seed1
temperature,temperature_ood_0700K,large,5,600,1,320,69120,0.01836164570360632,0.027705783924829766,8.136546991721615e-15,0.4833474213257432,0.002237719543174737,0.018698146946363972,0.028339771038429024,0.018025144460848668,0.02705694556427481,baseline,temperature_low_train__baseline__large__n005_te0600_r1_seed1
temperature,temperature_ood_0600K,large,5,600,2,320,69120,0.014106884410072101,0.020390366887395667,8.695301423333746e-15,0.6727353146299719,0.0031145153455091295,0.015032402191041879,0.022164489248015926,0.013181366629102326,0.018446396395496598,baseline,temperature_low_train__baseline__large__n005_te0600_r1_seed2
temperature,temperature_ood_0650K,large,5,600,2,320,69120,0.017043363910880793,0.02443261418931511,8.554615349432026e-15,0.8806337931193411,0.004077008301478431,0.01794015024009382,0.026339543488448924,0.016146577581667775,0.022363669669084988,baseline,temperature_low_train__baseline__large__n005_te0600_r1_seed2
temperature,temperature_ood_0700K,large,5,600,2,320,69120,0.020661088071492997,0.02997238363535992,9.042072646181509e-15,1.1344187102280556,0.005251938473278036,0.021568828761138137,0.032768713004871976,0.019753347381847863,0.026886781316749625,baseline,temperature_low_train__baseline__large__n005_te0600_r1_seed2
temperature,temperature_ood_0600K,large,10,300,0,320,69120,0.02801960360556483,0.03829539854302576,8.253467354002453e-15,0.6996364736929536,0.0032390577485784887,0.030291450318122796,0.040781221392020076,0.025747756893006863,0.0356365974934954,baseline,temperature_low_train__baseline__large__n010_te0300_r1_seed0
temperature,temperature_ood_0650K,large,10,300,0,320,69120,0.03345111725414817,0.044688467638214525,7.639028298811468e-15,0.7711271380539984,0.0035700330465462888,0.03531025706565861,0.046839181950377576,0.031591977442637725,0.04242887358772229,baseline,temperature_low_train__baseline__large__n010_te0300_r1_seed0
temperature,temperature_ood_0700K,large,10,300,0,320,69120,0.0394914852557541,0.0519251292165489,7.18192866289158e-15,0.8673977017402649,0.004015730100649375,0.04097126328298696,0.05381251630691989,0.03801170722852124,0.049966500548148066,baseline,temperature_low_train__baseline__large__n010_te0300_r1_seed0
temperature,temperature_ood_0600K,large,10,300,1,320,69120,0.024381976498745857,0.03368066396694125,8.257804162692395e-15,0.4224404660053551,0.0019557428981729404,0.02471766120160767,0.034300265309545136,0.02404629179588404,0.03304944856125204,baseline,temperature_low_train__baseline__large__n010_te0300_r1_seed1
temperature,temperature_ood_0650K,large,10,300,1,320,69120,0.029134157370367605,0.03929014333863065,7.482903185973556e-15,0.5361158483661711,0.002482017816510051,0.02948443053664885,0.04003200398575253,0.028783884204086365,0.03853400295875033,baseline,temperature_low_train__baseline__large__n010_te0300_r1_seed1
temperature,temperature_ood_0700K,large,10,300,1,320,69120,0.03462986407107309,0.045931652309567396,7.487586939358693e-15,0.7024802033556625,0.003252223163683623,0.0349747634618991,0.046981637903746036,0.034284964680247075,0.04485709606801657,baseline,temperature_low_train__baseline__large__n010_te0300_r1_seed1
temperature,temperature_ood_0600K,large,10,300,2,320,69120,0.034136062260163504,0.04516435342237265,8.34488728118643e-15,0.8097670023795217,0.0037489213073126,0.036003313225212365,0.04768042805500607,0.032268811295114636,0.04249958141691935,baseline,temperature_low_train__baseline__large__n010_te0300_r1_seed2
temperature,temperature_ood_0650K,large,10,300,2,320,69120,0.04070197755729733,0.052673920930620344,8.09439321125538e-15,0.9571179012767971,0.004431101394799987,0.04229930948772033,0.05502203578781822,0.03910464562687433,0.05021612759039211,baseline,temperature_low_train__baseline__large__n010_te0300_r1_seed2
temperature,temperature_ood_0700K,large,10,300,2,320,69120,0.04818039420564342,0.061354297937824584,7.189387973838279e-15,1.1440446646185591,0.005296503076937774,0.04951167987052625,0.06380567030416741,0.04684910854076058,0.05880081791882305,baseline,temperature_low_train__baseline__large__n010_te0300_r1_seed2
temperature,temperature_ood_0600K,large,10,600,0,320,69120,0.010713780664136047,0.01630982137957567,8.847436672176911e-15,0.18601494217291475,0.0008611802878375681,0.010837132318072476,0.0162690022662774,0.010590429010199616,0.016350538588290848,baseline,temperature_low_train__baseline__large__n010_te0600_r1_seed0
temperature,temperature_ood_0650K,large,10,600,0,320,69120,0.013112821885013656,0.020037789906422434,9.19767734197663e-15,0.21981102060526608,0.001017643613913269,0.013254002431643595,0.01964948664906157,0.012971641338383716,0.020418710123222786,baseline,temperature_low_train__baseline__large__n010_te0600_r1_seed0
temperature,temperature_ood_0700K,large,10,600,0,320,69120,0.015980457414066344,0.02450805647346161,8.810487062138605e-15,0.25111221373081205,0.001162556545050056,0.016120024470581105,0.02396820475034402,0.015840890357551575,0.025036270194626706,baseline,temperature_low_train__baseline__large__n010_te0600_r1_seed0
temperature,temperature_ood_0600K,large,10,600,1,320,69120,0.010455740955537689,0.01648432236157598,8.976847043484782e-15,0.15547396577894687,0.0007197868786062355,0.010019193953896435,0.015700712153465784,0.010892287957178944,0.017232336037656632,baseline,temperature_low_train__baseline__large__n010_te0600_r1_seed1
temperature,temperature_ood_0650K,large,10,600,1,320,69120,0.012563419271269602,0.019707241505971754,8.038014698286134e-15,0.19730066526681184,0.0009134290058648698,0.012257532066713817,0.019043373114743,0.012869306475825388,0.020349463775787197,baseline,temperature_low_train__baseline__large__n010_te0600_r1_seed1
temperature,temperature_ood_0700K,large,10,600,1,320,69120,0.015302750950113115,0.02419907469078779,9.228555419849015e-15,0.28113468827214094,0.0013015494827413932,0.015129844909411693,0.024144483893520766,0.015475656990814535,0.02425354261332081,baseline,temperature_low_train__baseline__large__n010_te0600_r1_seed1
temperature,temperature_ood_0600K,large,10,600,2,320,69120,0.01099908218851769,0.016366161618509904,8.807538032229445e-15,0.31442168103531004,0.0014556559307190278,0.011195063443104857,0.01717717464624491,0.010803100933930523,0.015512806432711471,baseline,temperature_low_train__baseline__large__n010_te0600_r1_seed2
temperature,temperature_ood_0650K,large,10,600,2,320,69120,0.01326429788093498,0.019860897522469556,8.99263302711617e-15,0.4201778727583587,0.001945267929436846,0.013573855517659814,0.02078750491576191,0.012954740244210141,0.018888889331383392,baseline,temperature_low_train__baseline__large__n010_te0600_r1_seed2
temperature,temperature_ood_0700K,large,10,600,2,320,69120,0.01617538826324329,0.02481421775026231,8.9829185756507e-15,0.5666031192988157,0.0026231625893463695,0.016629425479502854,0.026662565678120136,0.015721351046983727,0.022816625442312805,baseline,temperature_low_train__baseline__large__n010_te0600_r1_seed2
temperature,temperature_ood_0600K,large,20,300,0,320,69120,0.010994668444626567,0.01673518233708416,8.709005738793962e-15,0.19469582671299576,0.0009013695681157212,0.011044015872379413,0.016580309314674756,0.010945321016873722,0.016888635194728347,baseline,temperature_low_train__baseline__large__n020_te0300_r1_seed0
temperature,temperature_ood_0650K,large,20,300,0,320,69120,0.0134261623686344,0.020503968160918064,8.745608404137073e-15,0.22235729852691294,0.0010294319376245968,0.013530154664430956,0.020050597605250745,0.013322170072837845,0.020947528645646876,baseline,temperature_low_train__baseline__large__n020_te0300_r1_seed0
temperature,temperature_ood_0700K,large,20,300,0,320,69120,0.016352456449460356,0.02502679211038776,8.189976474781701e-15,0.25194529169239105,0.0011664133874647734,0.01649072926135945,0.024473057945489925,0.01621418363756126,0.02556853694425684,baseline,temperature_low_train__baseline__large__n020_te0300_r1_seed0
temperature,temperature_ood_0600K,large,20,300,1,320,69120,0.010378846588002553,0.01644449105136687,9.26116822119738e-15,0.17155911922454833,0.0007942551815951313,0.009917674120707215,0.015575832311511191,0.01084001905529789,0.0172695112750956,baseline,temperature_low_train__baseline__large__n020_te0300_r1_seed1
temperature,temperature_ood_0650K,large,20,300,1,320,69120,0.012483514002949099,0.019718566161022688,8.427807063338122e-15,0.22197927497327327,0.0010276818285799689,0.01212854296842843,0.018920336379897738,0.012838485037469764,0.0204857163449262,baseline,temperature_low_train__baseline__large__n020_te0300_r1_seed1
temperature,temperature_ood_0700K,large,20,300,1,320,69120,0.015237016649689208,0.024243886183812267,8.580115784528886e-15,0.31349090444855393,0.0014513467798544166,0.014996657892299108,0.02399931879877832,0.015477375407079306,0.024486010940573646,baseline,temperature_low_train__baseline__large__n020_te0300_r1_seed1
temperature,temperature_ood_0600K,large,20,300,2,320,69120,0.011593101969016244,0.017046794393402717,9.088563235337687e-15,0.29703931072726847,0.0013751819941077244,0.01183322221735385,0.017943698958135912,0.011352981720678636,0.016100002046014923,baseline,temperature_low_train__baseline__large__n020_te0300_r1_seed2
temperature,temperature_ood_0650K,large,20,300,2,320,69120,0.013986453964119534,0.02057928102540482,8.665637651894542e-15,0.4170490303542465,0.0019307825479363268,0.014339217665698348,0.021612739159083454,0.013633690262540714,0.01949110363952217,baseline,temperature_low_train__baseline__large__n020_te0300_r1_seed2
temperature,temperature_ood_0700K,large,20,300,2,320,69120,0.016987083158547012,0.02552434646635895,9.043286952614694e-15,0.5790495975175872,0.0026807851736925336,0.017478630378976415,0.027454757418190954,0.01649553593811761,0.023435460741742416,baseline,temperature_low_train__baseline__large__n020_te0300_r1_seed2
temperature,temperature_ood_0600K,large,20,600,0,320,69120,0.005897119640936726,0.009687739643518227,8.639963744450086e-15,0.11603553341701627,0.0005372015435972974,0.00559114274955789,0.009105251626348709,0.0062030965323155605,0.010237137862804406,baseline,temperature_low_train__baseline__large__n020_te0600_r1_seed0
temperature,temperature_ood_0650K,large,20,600,0,320,69120,0.0073049322417499665,0.012374788046628915,9.046929871914244e-15,0.14238210283219815,0.0006591764020009173,0.00691202416046221,0.011297229576705137,0.0076978403230377225,0.013365753337885542,baseline,temperature_low_train__baseline__large__n020_te0600_r1_seed0
temperature,temperature_ood_0700K,large,20,600,0,320,69120,0.00905838926117634,0.015685293029862254,8.713342547483904e-15,0.1712495308369398,0.0007928219020228695,0.00856567128182648,0.014276764624776098,0.0095511072405262,0.016977362183626544,baseline,temperature_low_train__baseline__large__n020_te0600_r1_seed0
temperature,temperature_ood_0600K,large,20,600,1,320,69120,0.006078234034847047,0.010621133035093553,8.882478086391642e-15,0.17781975055113436,0.0008232395858848812,0.005860433795587422,0.010198524992309999,0.006296034274106673,0.01102755738500324,baseline,temperature_low_train__baseline__large__n020_te0600_r1_seed1
temperature,temperature_ood_0650K,large,20,600,1,320,69120,0.007371526086529358,0.012986690710841457,9.104522691316674e-15,0.25063038244843483,0.0011603258446686799,0.007173884569260705,0.012568025059343202,0.0075691676037980115,0.013392274539667742,baseline,temperature_low_train__baseline__large__n020_te0600_r1_seed1
temperature,temperature_ood_0700K,large,20,600,1,320,69120,0.009135896154949717,0.016378784269324362,9.035133752277601e-15,0.3550328453071415,0.0016436705801256553,0.008976438050664545,0.01632099113761494,0.009295354259234886,0.016436374191652763,baseline,temperature_low_train__baseline__large__n020_te0600_r1_seed1
temperature,temperature_ood_0600K,large,20,600,2,320,69120,0.005482424295784276,0.008889792928167497,8.910927551397663e-15,0.12440593466162682,0.0005759534012112353,0.005839128025238298,0.00971140149943573,0.005125720566330256,0.007984079003125602,baseline,temperature_low_train__baseline__large__n020_te0600_r1_seed2
temperature,temperature_ood_0650K,large,20,600,2,320,69120,0.006740232109258575,0.011334049993924736,8.534145612415501e-15,0.16756174368783833,0.0007757488133696216,0.007273246061728516,0.012205665283639273,0.006207218156788634,0.010389567532545987,baseline,temperature_low_train__baseline__large__n020_te0600_r1_seed2
temperature,temperature_ood_0700K,large,20,600,2,320,69120,0.008457896479449218,0.015191670113201576,8.88802920151477e-15,0.24927397596184164,0.0011540461850085262,0.00923438126913204,0.01696808243098172,0.007681411689766398,0.01317793080388926,baseline,temperature_low_train__baseline__large__n020_te0600_r1_seed2
temperature,temperature_ood_0600K,large,40,300,0,320,69120,0.006822897194504972,0.011148237688117157,9.01882735160342e-15,0.13490956965833903,0.0006245813410108288,0.006636229511045382,0.01075670732862896,0.007009564877964558,0.011526476241581016,baseline,temperature_low_train__baseline__large__n040_te0300_r1_seed0
temperature,temperature_ood_0650K,large,40,300,0,320,69120,0.008391652589599027,0.014059031408339438,8.805282891710674e-15,0.16324091758579015,0.0007557449888231025,0.0081882729910797,0.013244476570124012,0.008595032188118357,0.01482890989468834,baseline,temperature_low_train__baseline__large__n040_te0300_r1_seed0
temperature,temperature_ood_0700K,large,40,300,0,320,69120,0.010354259420234668,0.01765706519303231,9.446957105474496e-15,0.19503767536953093,0.0009029522007848653,0.010134242981663023,0.016617875145988843,0.01057427585880631,0.01863840465528937,baseline,temperature_low_train__baseline__large__n040_te0300_r1_seed0
temperature,temperature_ood_0600K,large,40,300,1,320,69120,0.006949001668938193,0.011894811100744277,8.677780716226379e-15,0.19428200041875243,0.0008994537056423724,0.006638795854876696,0.011389676362031219,0.007259207482999688,0.012379351138608434,baseline,temperature_low_train__baseline__large__n040_te0300_r1_seed1
temperature,temperature_ood_0650K,large,40,300,1,320,69120,0.00836745319661313,0.014448208861490602,8.980143018089137e-15,0.2721762935630977,0.0012600754331624894,0.00808504016050144,0.013952976019640533,0.008649866232724823,0.01492702042625545,baseline,temperature_low_train__baseline__large__n040_te0300_r1_seed1
temperature,temperature_ood_0700K,large,40,300,1,320,69120,0.010300814724322774,0.01811346833956004,8.95897939168222e-15,0.38331868837121874,0.0017746235572741605,0.010079003415820706,0.018056507433301058,0.010522626032824844,0.01817025068312575,baseline,temperature_low_train__baseline__large__n040_te0300_r1_seed1
temperature,temperature_ood_0600K,large,40,300,2,320,69120,0.00630587706551855,0.010172534590125838,9.335240913621589e-15,0.16025124844163657,0.0007419039279705396,0.006670281534873343,0.011054586343478754,0.005941472596163761,0.00920635871282378,baseline,temperature_low_train__baseline__large__n040_te0300_r1_seed2
temperature,temperature_ood_0650K,large,40,300,2,320,69120,0.007688385626681716,0.012796253671667014,8.758618830206899e-15,0.22951099993661045,0.0010625509256324559,0.008264757967795166,0.013797117654873554,0.007112013285568263,0.011710156296005601,baseline,temperature_low_train__baseline__large__n040_te0300_r1_seed2
temperature,temperature_ood_0700K,large,40,300,2,320,69120,0.009568049281365903,0.016900388361113836,9.251280297384312e-15,0.3426278559025377,0.0015862400736228598,0.010431061769015315,0.018899848701715554,0.00870503679371649,0.014630173360736532,baseline,temperature_low_train__baseline__large__n040_te0300_r1_seed2
temperature,temperature_ood_0600K,large,40,600,0,320,69120,0.004561426134771906,0.007613545882594183,9.591979988066157e-15,0.09991904450580477,0.00046258816900835543,0.004256268684451746,0.006967026414247106,0.004866583585092065,0.008209305985034108,baseline,temperature_low_train__baseline__large__n040_te0600_r1_seed0
temperature,temperature_ood_0650K,large,40,600,0,320,69120,0.0057315685550242456,0.009960161452811747,8.775272175576277e-15,0.12347837164998055,0.0005716591280091692,0.005319023391847347,0.008760037285798354,0.006144113718201145,0.011030475016225576,baseline,temperature_low_train__baseline__large__n040_te0600_r1_seed0
temperature,temperature_ood_0700K,large,40,600,0,320,69120,0.007198722555458343,0.012886159949767249,8.475511958927484e-15,0.14796276786364615,0.0006850128141835469,0.006685775291758803,0.011330903666296875,0.007711669819157881,0.014272941484048446,baseline,temperature_low_train__baseline__large__n040_te0600_r1_seed0
temperature,temperature_ood_0600K,large,40,600,1,320,69120,0.005030446017017449,0.008762108123534201,9.316158955385844e-15,0.18203659998252988,0.0008427620369561569,0.005098748134991438,0.008904910903660778,0.00496214389904346,0.00861693909313925,baseline,temperature_low_train__baseline__large__n040_te0600_r1_seed1
temperature,temperature_ood_0650K,large,40,600,1,320,69120,0.006193896892851197,0.010863676133686748,9.667266986923551e-15,0.2546165019273758,0.0011787801015156287,0.006325705562737695,0.011083074445849175,0.006062088222964699,0.010639754654268823,baseline,temperature_low_train__baseline__large__n040_te0600_r1_seed1
temperature,temperature_ood_0700K,large,40,600,1,320,69120,0.007772515787674685,0.01386133265437408,8.828701658636361e-15,0.3598946939222515,0.0016661791385289418,0.007988726897216282,0.014376830716945493,0.007556304678133088,0.013325908015843681,baseline,temperature_low_train__baseline__large__n040_te0600_r1_seed1
temperature,temperature_ood_0600K,large,40,600,2,320,69120,0.004249167327415543,0.006991566294488572,8.784639682346551e-15,0.09785218797624111,0.00045301938877889404,0.00459086757832921,0.007719610377556615,0.003907467076501876,0.006178318065556153,baseline,temperature_low_train__baseline__large__n040_te0600_r1_seed2
temperature,temperature_ood_0650K,large,40,600,2,320,69120,0.005312044528130613,0.009165307027422302,9.049358484780613e-15,0.12603191593661905,0.0005834810922991622,0.005744189221797759,0.00978839149761718,0.004879899834463468,0.008496652146769864,baseline,temperature_low_train__baseline__large__n040_te0600_r1_seed2
temperature,temperature_ood_0700K,large,40,600,2,320,69120,0.00677908382317127,0.012691924690887289,9.019174296298615e-15,0.18511567906243726,0.0008570170326964688,0.007381684229975015,0.014152279194426846,0.0061764834163675255,0.011040058800627004,baseline,temperature_low_train__baseline__large__n040_te0600_r1_seed2
temperature,temperature_ood_0600K,large,80,300,0,320,69120,0.005081345050588355,0.008505950368080498,9.63742974313675e-15,0.10125817023217679,0.0004687878251489666,0.0048367951313223415,0.00794306240662709,0.005325894969854369,0.009033833235837653,baseline,temperature_low_train__baseline__large__n080_te0300_r1_seed0
temperature,temperature_ood_0650K,large,80,300,0,320,69120,0.006381882299279918,0.011048940171348992,9.274525591962401e-15,0.12745043355971575,0.0005900483035172025,0.006063201644709231,0.009965427156723957,0.0067005629538506055,0.01203529889134988,baseline,temperature_low_train__baseline__large__n080_te0300_r1_seed0
temperature,temperature_ood_0700K,large,80,300,0,320,69120,0.008006480900817554,0.014177678194628382,8.554615349432026e-15,0.15590448495931924,0.0007217800229598112,0.007612277477112852,0.012732404698608217,0.008400684324522255,0.015488672911897313,baseline,temperature_low_train__baseline__large__n080_te0300_r1_seed0
temperature,temperature_ood_0600K,large,80,300,1,320,69120,0.005400410291063472,0.009324019911383818,9.36889454905554e-15,0.21239919448271394,0.0009833296040866386,0.005493524365988784,0.009480938180526557,0.00530729621613816,0.009164415193169588,baseline,temperature_low_train__baseline__large__n080_te0300_r1_seed1
temperature,temperature_ood_0650K,large,80,300,1,320,69120,0.006590429046397278,0.011522087761161185,9.300199499406858e-15,0.2970170076005161,0.0013750787388912783,0.006753991836466698,0.011755959665257413,0.006426866256327858,0.011283369403712771,baseline,temperature_low_train__baseline__large__n080_te0300_r1_seed1
temperature,temperature_ood_0700K,large,80,300,1,320,69120,0.008220683545046579,0.014673406986765277,9.004949563795606e-15,0.41282425259705635,0.0019112233916530386,0.00847820428855042,0.015249143366651554,0.007963162801542738,0.01407413840282278,baseline,temperature_low_train__baseline__large__n080_te0300_r1_seed1
temperature,temperature_ood_0600K,large,80,300,2,320,69120,0.0047011979898194806,0.007683225657754488,9.293954494893342e-15,0.10240211738273501,0.0004740838767719214,0.0051456862343497575,0.008598456769764838,0.004256709745289204,0.006643075657738589,baseline,temperature_low_train__baseline__large__n080_te0300_r1_seed2
temperature,temperature_ood_0650K,large,80,300,2,320,69120,0.005832209246631058,0.009992805256099595,8.962622310981772e-15,0.1345860435627401,0.0006230835350126856,0.006428267739961352,0.010894989496496428,0.005236150753300763,0.009000639846360695,baseline,temperature_low_train__baseline__large__n080_te0300_r1_seed2
temperature,temperature_ood_0700K,large,80,300,2,320,69120,0.007405937208957502,0.013706510854985398,8.333264633897386e-15,0.20061722812242805,0.0009287834635297596,0.008243956327685398,0.015486997569745246,0.006567918090229606,0.01165717744183256,baseline,temperature_low_train__baseline__large__n080_te0300_r1_seed2
temperature,temperature_ood_0600K,large,80,600,0,320,69120,0.0029735744829718865,0.00490920370828903,8.551145902480072e-15,0.07262158691883087,0.0003362110505501429,0.0027739735508167706,0.004427717490652512,0.0031731754151270025,0.005347511563515065,baseline,temperature_low_train__baseline__large__n080_te0600_r1_seed0
temperature,temperature_ood_0650K,large,80,600,0,320,69120,0.003713718482213502,0.006730615237687649,9.595102490322915e-15,0.09115500804036855,0.00042201392611281735,0.003411255921794495,0.005540757277478462,0.004016181042632509,0.007739662250231321,baseline,temperature_low_train__baseline__large__n080_te0600_r1_seed0
temperature,temperature_ood_0700K,large,80,600,0,320,69120,0.004660645280880036,0.009043220457595485,9.208606099875282e-15,0.1132498748600483,0.0005243049762039273,0.004256397364574863,0.0075016364696953285,0.005064893197185208,0.010357853192910391,baseline,temperature_low_train__baseline__large__n080_te0600_r1_seed0
temperature,temperature_ood_0600K,large,80,600,1,320,69120,0.0033502518237470704,0.005792854981862628,9.158646063767151e-15,0.13190597100183368,0.000610675791675156,0.003421146690779058,0.0059914914296436686,0.0032793569567150837,0.005587161008087004,baseline,temperature_low_train__baseline__large__n080_te0600_r1_seed1
temperature,temperature_ood_0650K,large,80,600,1,320,69120,0.004144916163055758,0.007340681353625414,9.174605519746138e-15,0.16090180892497302,0.0007449157820600601,0.0042667555889920866,0.007584819719411681,0.004023076737119429,0.007088139057252714,baseline,temperature_low_train__baseline__large__n080_te0600_r1_seed1
temperature,temperature_ood_0700K,large,80,600,1,320,69120,0.005255652350543318,0.009736816655369034,9.070869055882724e-15,0.21817292645573616,0.0010100598447024822,0.00546598297574804,0.010301533879278913,0.005045321725338598,0.009137264190916903,baseline,temperature_low_train__baseline__large__n080_te0600_r1_seed1
temperature,temperature_ood_0600K,large,80,600,2,320,69120,0.002799931388184338,0.004697812468794262,9.035827641667993e-15,0.06696634599938989,0.00031002937962680506,0.0027882452575273974,0.004928507261520784,0.002811617518841278,0.004455188004681126,baseline,temperature_low_train__baseline__large__n080_te0600_r1_seed2
temperature,temperature_ood_0650K,large,80,600,2,320,69120,0.003497387346115656,0.006447840356944487,9.291178937331779e-15,0.08680270574986934,0.00040186437847161737,0.003458323478551814,0.0063742198596406065,0.0035364512136794976,0.006520629702586041,baseline,temperature_low_train__baseline__large__n080_te0600_r1_seed2
temperature,temperature_ood_0700K,large,80,600,2,320,69120,0.004508012856148561,0.009693857302713198,8.667372375370518e-15,0.12476257239468395,0.0005776045018272406,0.004511760825125836,0.010652160363366692,0.004504264887171287,0.008629786695153687,baseline,temperature_low_train__baseline__large__n080_te0600_r1_seed2
temperature,temperature_ood_0600K,large,160,300,0,320,69120,0.003300374603649986,0.005491881932557951,9.723125082850004e-15,0.07993048895150423,0.00037004855996066767,0.0029976706890215577,0.004801739698002073,0.0036030785182784137,0.006104492623874965,baseline,temperature_low_train__baseline__large__n160_te0300_r1_seed0
temperature,temperature_ood_0650K,large,160,300,0,320,69120,0.00413728938397277,0.007428780759928578,9.390058175462457e-15,0.0982616907916963,0.00045491523514674216,0.003702713352444726,0.006031466580059192,0.004571865415500812,0.008602033367280036,baseline,temperature_low_train__baseline__large__n160_te0300_r1_seed0
temperature,temperature_ood_0700K,large,160,300,0,320,69120,0.0052056961727702435,0.009894060784648114,8.844314169920153e-15,0.1206003041472286,0.0005583347414223547,0.0046375458336589195,0.008109280137073287,0.0057738465118815675,0.011402826547794715,baseline,temperature_low_train__baseline__large__n160_te0300_r1_seed0
temperature,temperature_ood_0600K,large,160,300,1,320,69120,0.003749090794623039,0.00654266058981538,9.553469126899472e-15,0.11233688537031412,0.0005200781730107135,0.003802603849980198,0.00670005344473312,0.003695577739265879,0.0063813869201582284,baseline,temperature_low_train__baseline__large__n160_te0300_r1_seed1
temperature,temperature_ood_0650K,large,160,300,1,320,69120,0.004648412562118185,0.008249122303157446,8.56710535845906e-15,0.14829058926552535,0.0006865305058589134,0.00475870470707375,0.008466117182775991,0.0045381204171626175,0.00802626297802435,baseline,temperature_low_train__baseline__large__n160_te0300_r1_seed1
temperature,temperature_ood_0700K,large,160,300,1,320,69120,0.005901470150582097,0.010816644323784251,9.055950433989323e-15,0.21548662898130716,0.0009976232823208663,0.006098576506083341,0.011345045885529701,0.005704363795080853,0.010261068302556697,baseline,temperature_low_train__baseline__large__n160_te0300_r1_seed1
temperature,temperature_ood_0600K,large,160,300,2,320,69120,0.003009092429607617,0.0050343703520550065,9.076767115701045e-15,0.07300971047952771,0.00033800791888670233,0.0029939719628231574,0.005249109064062688,0.0030242128963920765,0.004810054440115603,baseline,temperature_low_train__baseline__large__n160_te0300_r1_seed2
temperature,temperature_ood_0650K,large,160,300,2,320,69120,0.0037637601532810143,0.00685484069989562,9.17668718791731e-15,0.09271204043179751,0.0004292224094064699,0.003727767533734148,0.006776745005958749,0.0037997527728278824,0.00693205663321529,baseline,temperature_low_train__baseline__large__n160_te0300_r1_seed2
temperature,temperature_ood_0700K,large,160,300,2,320,69120,0.0048465854370400765,0.010154913823636596,9.131237432846717e-15,0.13085208577103913,0.0006057966933844405,0.0048693964699184555,0.011085155476365008,0.004823774404161699,0.009130382116635978,baseline,temperature_low_train__baseline__large__n160_te0300_r1_seed2
temperature,temperature_ood_0600K,large,160,600,0,320,69120,0.0024645147795963962,0.003468776075204479,9.107298248878237e-15,0.0482613374479115,0.00022343211781440507,0.0024345109505826074,0.0033621413773038534,0.002494518608610186,0.00357222903504847,baseline,temperature_low_train__baseline__large__n160_te0600_r1_seed0
temperature,temperature_ood_0650K,large,160,600,0,320,69120,0.0027928337154455494,0.004755712114628469,9.484427132555594e-15,0.06011137990280986,0.0002782934254759715,0.0027386898945394858,0.003950968817758647,0.002846977536351612,0.00544274203279439,baseline,temperature_low_train__baseline__large__n160_te0600_r1_seed0
temperature,temperature_ood_0700K,large,160,600,0,320,69120,0.0032476351151354004,0.006516169740997022,9.605510831178776e-15,0.08053985186852515,0.0003728696845765053,0.003165792741120342,0.00558794113416417,0.0033294774891504584,0.007327745224015806,baseline,temperature_low_train__baseline__large__n160_te0600_r1_seed0
temperature,temperature_ood_0600K,large,160,600,1,320,69120,0.001874476648798143,0.003002188695014295,9.259953914764196e-15,0.04501255601644516,0.00020839146303909797,0.0018388105977795485,0.003035352569331075,0.001910142699816738,0.0029686543585938914,baseline,temperature_low_train__baseline__large__n160_te0600_r1_seed1
temperature,temperature_ood_0650K,large,160,600,1,320,69120,0.002225694124042651,0.003842846067626267,8.816558594304524e-15,0.053189413994550704,0.0002462472870118088,0.002186915602321661,0.0038329989604533677,0.00226447264576364,0.0038526680064735314,baseline,temperature_low_train__baseline__large__n160_te0600_r1_seed1
temperature,temperature_ood_0700K,large,160,600,1,320,69120,0.002726511039580068,0.005759298480249551,8.667719320065715e-15,0.07141849244944751,0.00033064116874744224,0.002731619933517892,0.006352989493100573,0.0027214021456422443,0.005096916957314814,baseline,temperature_low_train__baseline__large__n160_te0600_r1_seed1
temperature,temperature_ood_0600K,large,160,600,2,320,69120,0.0017650612400792315,0.002921356880220737,9.958006641497263e-15,0.05079048788174987,0.00023514114760069384,0.0017044559702090664,0.0031304005706772596,0.0018256665099493966,0.0026961536140082155,baseline,temperature_low_train__baseline__large__n160_te0600_r1_seed2
temperature,temperature_ood_0650K,large,160,600,2,320,69120,0.002121487278608632,0.004292249963319803,8.58722815078039e-15,0.06897150157019497,0.0003193125072694211,0.0020263723357001238,0.004120457849243962,0.0022166022215171395,0.004457426006995688,baseline,temperature_low_train__baseline__large__n160_te0600_r1_seed2
temperature,temperature_ood_0700K,large,160,600,2,320,69120,0.0026794669985221353,0.007679770155165422,9.190218031029929e-15,0.09384688071440905,0.0004344762996037456,0.002627857555065572,0.009023465733983346,0.0027310764419786987,0.006044402817480605,baseline,temperature_low_train__baseline__large__n160_te0600_r1_seed2
temperature,temperature_ood_0600K,small,5,300,0,320,69120,0.010027266789207925,0.015142148971855254,9.32101618111858e-15,0.135190571192652,0.0006258822740400555,0.009578844299012939,0.014979387286830709,0.010475689279402903,0.015303179652701223,ic,temperature_low_train__detaqscf__small__n005_te0300_r3_seed0
temperature,temperature_ood_0650K,small,5,300,0,320,69120,0.012069728032545926,0.01824490806756926,9.035480696972798e-15,0.1672142473049462,0.0007741400338191953,0.011749434217595686,0.018103366196512143,0.012390021847496168,0.018385360294078796,ic,temperature_low_train__detaqscf__small__n005_te0300_r3_seed0
temperature,temperature_ood_0700K,small,5,300,0,320,69120,0.01457194721017368,0.022080186240592447,8.464756673376429e-15,0.2137712410883978,0.0009896816717055452,0.014394928466808355,0.022252206341772877,0.014748965953539006,0.021906815418076146,ic,temperature_low_train__detaqscf__small__n005_te0300_r3_seed0
temperature,temperature_ood_0600K,small,5,300,1,320,69120,0.006867444767501393,0.011314695853174675,8.389816619214229e-15,0.1816626257263124,0.0008410306746588536,0.006326846665099444,0.010078188060578848,0.007408042869903338,0.012428789559538867,ic,temperature_low_train__detaqscf__small__n005_te0300_r3_seed1
temperature,temperature_ood_0650K,small,5,300,1,320,69120,0.008620665567408545,0.014438845015113373,8.698597397938101e-15,0.17798552671447396,0.0008240070681225646,0.007783596211220669,0.012480284170158989,0.009457734923596419,0.016161775823621844,ic,temperature_low_train__detaqscf__small__n005_te0300_r3_seed1
temperature,temperature_ood_0700K,small,5,300,1,320,69120,0.010721616454820742,0.01799070423876082,8.90745810444571e-15,0.2124353059567511,0.0009834967868368107,0.009613733241667994,0.015483489237052185,0.011829499667973498,0.0201889187194169,ic,temperature_low_train__detaqscf__small__n005_te0300_r3_seed1
temperature,temperature_ood_0600K,small,5,300,2,320,69120,0.00771017713326209,0.012768122546587166,8.624004288471098e-15,0.1553890962153673,0.0007193939639600339,0.008408701037304586,0.013841104765433649,0.0070116532292195935,0.011596280679667297,ic,temperature_low_train__detaqscf__small__n005_te0300_r3_seed2
temperature,temperature_ood_0650K,small,5,300,2,320,69120,0.009434495425956523,0.016096501617750638,9.058899463898485e-15,0.25380113096907736,0.0011750052359679507,0.009933413806053922,0.016489092226057423,0.008935577045859122,0.015694093354541715,ic,temperature_low_train__detaqscf__small__n005_te0300_r3_seed2
temperature,temperature_ood_0700K,small,5,300,2,320,69120,0.011534034268627856,0.020027141784179837,8.966785647324116e-15,0.39840296178590506,0.0018444581564162272,0.011782043113039304,0.020043602253482715,0.011286025424216412,0.02001066777475121,ic,temperature_low_train__detaqscf__small__n005_te0300_r3_seed2
temperature,temperature_ood_0600K,small,5,600,0,320,69120,0.006347464736862764,0.009986980448434681,7.855001371570581e-15,0.09484167052432894,0.0004390818079830044,0.006048397470014273,0.009727884909336902,0.006646532003711257,0.010239522066265034,ic,temperature_low_train__detaqscf__small__n005_te0600_r3_seed0
temperature,temperature_ood_0650K,small,5,600,0,320,69120,0.007517100264722627,0.012144145494839172,8.804762474667883e-15,0.11735138269141317,0.000543293438386172,0.007307384447544361,0.011800012776236794,0.007726816081900894,0.012478791531245865,ic,temperature_low_train__detaqscf__small__n005_te0600_r3_seed0
temperature,temperature_ood_0700K,small,5,600,0,320,69120,0.008970204595904283,0.01492232544617022,9.366292463841575e-15,0.15092140226624906,0.000698710195677079,0.008906601802764534,0.014848115077722658,0.009033807389044033,0.014996168580058826,ic,temperature_low_train__detaqscf__small__n005_te0600_r3_seed0
temperature,temperature_ood_0600K,small,5,600,1,320,69120,0.004933428849510891,0.008703930066412294,9.305403669834788e-15,0.10175999263301491,0.0004711110770046987,0.00410438767737014,0.007216178495414109,0.00576247002165164,0.009972139445691421,ic,temperature_low_train__detaqscf__small__n005_te0600_r3_seed1
temperature,temperature_ood_0650K,small,5,600,1,320,69120,0.006139506354704208,0.01128965116671315,8.837375276016245e-15,0.14104703380726277,0.0006529955268854759,0.005023551763293898,0.00909348690387146,0.007255460946114519,0.013123297712894173,ic,temperature_low_train__detaqscf__small__n005_te0600_r3_seed1
temperature,temperature_ood_0700K,small,5,600,1,320,69120,0.007598681497077467,0.014173630826513486,8.452266664349394e-15,0.18693641941063105,0.0008654463861603288,0.006217904120406765,0.011542938023878579,0.008979458873748168,0.01638731837090757,ic,temperature_low_train__detaqscf__small__n005_te0600_r3_seed1
temperature,temperature_ood_0600K,small,5,600,2,320,69120,0.004834245032770113,0.00819467112490998,9.181544413650045e-15,0.08981061158701778,0.0004157898684584156,0.004903954131380541,0.008257362110001878,0.004764535934159684,0.00813149682870086,ic,temperature_low_train__detaqscf__small__n005_te0600_r3_seed2
temperature,temperature_ood_0650K,small,5,600,2,320,69120,0.006019344223527953,0.010918368547264093,9.158993008462346e-15,0.13453094623982906,0.0006228284548140233,0.005854876336648955,0.010038905788548918,0.006183812110406949,0.011732089073835515,ic,temperature_low_train__detaqscf__small__n005_te0600_r3_seed2
temperature,temperature_ood_0700K,small,5,600,2,320,69120,0.007482949146688591,0.014228209510922593,9.419201529858867e-15,0.20255573082249612,0.0009377580130671116,0.007106338150120024,0.013139010402726733,0.007859560143257156,0.015239760411845549,ic,temperature_low_train__detaqscf__small__n005_te0600_r3_seed2
temperature,temperature_ood_0600K,small,10,300,0,320,69120,0.008753713827490147,0.013174050944328749,9.316332427733443e-15,0.19484955165535212,0.0009020812576636673,0.008247534746230058,0.01284685784867999,0.009259892908750237,0.01349331241702154,ic,temperature_low_train__detaqscf__small__n010_te0300_r3_seed0
temperature,temperature_ood_0650K,small,10,300,0,320,69120,0.010383518645140652,0.01586040584704034,9.030970415935258e-15,0.25457099359482527,0.0011785694147908574,0.009951996679267041,0.01551208920685709,0.01081504061101426,0.016201235622759477,ic,temperature_low_train__detaqscf__small__n010_te0300_r3_seed0
temperature,temperature_ood_0700K,small,10,300,0,320,69120,0.012408652191382272,0.019246900179052232,8.659739592076221e-15,0.32126619587652383,0.0014873434994283512,0.012091418636561307,0.019155990088987693,0.012725885746203236,0.019337382881750236,ic,temperature_low_train__detaqscf__small__n010_te0300_r3_seed0
temperature,temperature_ood_0600K,small,10,300,1,320,69120,0.006168180360004947,0.010236369348276337,8.746475765875061e-15,0.12981521673500537,0.000600996373773173,0.005500173215096081,0.008916059941010633,0.0068361875049138135,0.011404840638823853,ic,temperature_low_train__detaqscf__small__n010_te0300_r3_seed1
temperature,temperature_ood_0650K,small,10,300,1,320,69120,0.007740169738209997,0.013192546424189048,9.073991558139483e-15,0.20979676814749837,0.0009712813340161962,0.006794662619131299,0.011119210616300772,0.008685676857288698,0.014981646023688809,ic,temperature_low_train__detaqscf__small__n010_te0300_r3_seed1
temperature,temperature_ood_0700K,small,10,300,1,320,69120,0.009625058959056024,0.016510206847151234,9.092553099332434e-15,0.30750458787661045,0.0014236323512806038,0.008423768586849774,0.013792958644817287,0.010826349331262274,0.01883953693947383,ic,temperature_low_train__detaqscf__small__n010_te0300_r3_seed1
temperature,temperature_ood_0600K,small,10,300,2,320,69120,0.007147005981219062,0.011646549225442266,9.429262926019533e-15,0.18890729090198874,0.0008745707912129108,0.007564617429485619,0.012260335030977353,0.0067293945329525056,0.010998563663019332,ic,temperature_low_train__detaqscf__small__n010_te0300_r3_seed2
temperature,temperature_ood_0650K,small,10,300,2,320,69120,0.008744502421319186,0.014832906266609472,9.497611030973019e-15,0.32298337370157243,0.001495293396766539,0.0089588116348845,0.014660651342935817,0.008530193207753866,0.01500318362311544,ic,temperature_low_train__detaqscf__small__n010_te0300_r3_seed2
temperature,temperature_ood_0700K,small,10,300,2,320,69120,0.010698281919973887,0.018609301972172285,8.430929565594881e-15,0.49805803019553424,0.002305824213868214,0.010668140129260149,0.01800124347269248,0.01072842371068762,0.01919811118886014,ic,temperature_low_train__detaqscf__small__n010_te0300_r3_seed2
temperature,temperature_ood_0600K,small,10,600,0,320,69120,0.0057422254627394215,0.008857710862745581,8.498063364115183e-15,0.08978489879518747,0.00041567082775549754,0.005754707799026735,0.009005635467853684,0.005729743126452107,0.008707273584546303,ic,temperature_low_train__detaqscf__small__n010_te0600_r3_seed0
temperature,temperature_ood_0650K,small,10,600,0,320,69120,0.006752374686007879,0.010842217583336443,8.934866735366143e-15,0.11138297989964485,0.0005156619439798373,0.006822997643385563,0.01088802204416539,0.0066817517286301975,0.010796218792456383,ic,temperature_low_train__detaqscf__small__n010_te0600_r3_seed0
temperature,temperature_ood_0700K,small,10,600,0,320,69120,0.008008126170087886,0.013413934787041547,9.481998519689228e-15,0.13323406986892222,0.0006168243975413066,0.008205886044356984,0.01361016411295563,0.007810366295818789,0.013214791930273494,ic,temperature_low_train__detaqscf__small__n010_te0600_r3_seed0
temperature,temperature_ood_0600K,small,10,600,1,320,69120,0.004355099575281232,0.007627028062357895,9.509407150609661e-15,0.10886065568774939,0.0005039845170729139,0.0035354356216704317,0.006259129502065962,0.0051747635288920315,0.008784441473671344,ic,temperature_low_train__detaqscf__small__n010_te0600_r3_seed1
temperature,temperature_ood_0650K,small,10,600,1,320,69120,0.005412200721484911,0.010060448006508097,8.877620860658909e-15,0.1746541464701295,0.0008085840114357847,0.0043133626161740435,0.00796392317319294,0.006511038826795778,0.011789875142459567,ic,temperature_low_train__detaqscf__small__n010_te0600_r3_seed1
temperature,temperature_ood_0700K,small,10,600,1,320,69120,0.006694619562238932,0.012709183692503484,8.91335616426403e-15,0.23945522224530577,0.0011085889918764156,0.005333487279925543,0.01005650860622242,0.008055751844552322,0.014896755851948685,ic,temperature_low_train__detaqscf__small__n010_te0600_r3_seed1
temperature,temperature_ood_0600K,small,10,600,2,320,69120,0.00407719617702012,0.006812790911268945,9.462916561453483e-15,0.0975458849221468,0.000451601319084013,0.003798887807577568,0.006175510958176325,0.004355504546462672,0.007395356949247388,ic,temperature_low_train__detaqscf__small__n010_te0600_r3_seed2
temperature,temperature_ood_0650K,small,10,600,2,320,69120,0.005091628082007868,0.009354666964512693,8.909539772616881e-15,0.17448445041663946,0.0008077983815585159,0.004530812498923508,0.007569663557168685,0.005652443665092227,0.010849874730390327,ic,temperature_low_train__detaqscf__small__n010_te0600_r3_seed2
temperature,temperature_ood_0700K,small,10,600,2,320,69120,0.006326733351359653,0.012427458249458467,8.89843754237063e-15,0.27539401305839417,0.0012749722826777509,0.00549175722668406,0.010399979625060982,0.00716170947603525,0.01416770485584673,ic,temperature_low_train__detaqscf__small__n010_te0600_r3_seed2
temperature,temperature_ood_0600K,small,20,300,0,320,69120,0.006664410585969359,0.01031296615631045,9.211555129784444e-15,0.1022588025778532,0.00047342038230487597,0.006500384439659958,0.010102591053236501,0.006828436732278761,0.010519134750228996,ic,temperature_low_train__detaqscf__small__n020_te0300_r3_seed0
temperature,temperature_ood_0650K,small,20,300,0,320,69120,0.007855258413693651,0.012470048296916794,8.522002548083663e-15,0.12288486436009408,0.0005689114090745096,0.007728330982307326,0.012131541909365362,0.007982185845079976,0.012799605460958036,ic,temperature_low_train__detaqscf__small__n020_te0300_r3_seed0
temperature,temperature_ood_0700K,small,20,300,0,320,69120,0.009330380007241606,0.015220493416346252,9.310781312610317e-15,0.14543795809149743,0.0006733238800532289,0.009294994965908519,0.015049266245319631,0.009365765048574691,0.01538981563085024,ic,temperature_low_train__detaqscf__small__n020_te0300_r3_seed0
temperature,temperature_ood_0600K,small,20,300,1,320,69120,0.004879633284101885,0.008252241505072071,9.018480406908225e-15,0.1051605636253953,0.0004868544612286819,0.004105729806571955,0.0068589021855015265,0.005653536761631815,0.009442162915656067,ic,temperature_low_train__detaqscf__small__n020_te0300_r3_seed1
temperature,temperature_ood_0650K,small,20,300,1,320,69120,0.006100799720067246,0.010773884725034913,8.531023110158742e-15,0.1705540697555989,0.0007896021747944395,0.0050615790161778135,0.008527372981908529,0.0071400204239566775,0.012626840228818046,ic,temperature_low_train__detaqscf__small__n020_te0300_r3_seed1
temperature,temperature_ood_0700K,small,20,300,1,320,69120,0.007597672385187958,0.013615140589921873,8.837722220711442e-15,0.24171856506727635,0.00111906743086702,0.0063113118888801015,0.010726633712668219,0.008884032881495814,0.015990104307381042,ic,temperature_low_train__detaqscf__small__n020_te0300_r3_seed1
temperature,temperature_ood_0600K,small,20,300,2,320,69120,0.005263840694238997,0.008584241078445083,8.535533391196281e-15,0.29364002868533134,0.0013594445772469046,0.005420181308708517,0.008653302961061947,0.0051075000797694775,0.008514619054884634,ic,temperature_low_train__detaqscf__small__n020_te0300_r3_seed2
temperature,temperature_ood_0650K,small,20,300,2,320,69120,0.006501179783834915,0.011394486779638852,8.935907569451728e-15,0.4060515133198351,0.0018798681172214587,0.006378488180226619,0.010398939139515695,0.00662387138744321,0.012309781586826704,ic,temperature_low_train__detaqscf__small__n020_te0300_r3_seed2
temperature,temperature_ood_0700K,small,20,300,2,320,69120,0.008046538647324046,0.014759597039319642,9.207565265789697e-15,0.5371979458723217,0.0024870275271866747,0.007672558735264177,0.013404195698271028,0.008420518559383918,0.016000592089314657,ic,temperature_low_train__detaqscf__small__n020_te0300_r3_seed2
temperature,temperature_ood_0600K,small,20,600,0,320,69120,0.0043388901393833735,0.006921566890129482,9.645409471126242e-15,0.07485445979982615,0.00034654842499919514,0.004495417895223511,0.0071558902102431925,0.004182362383543239,0.006679027753200242,ic,temperature_low_train__detaqscf__small__n020_te0600_r3_seed0
temperature,temperature_ood_0650K,small,20,600,0,320,69120,0.0052537896831530125,0.008698239729008149,8.446715549226269e-15,0.09802671745419503,0.0004538273956212732,0.005463024332674811,0.008791492735387528,0.005044555033631214,0.008603976072155234,ic,temperature_low_train__detaqscf__small__n020_te0600_r3_seed0
temperature,temperature_ood_0700K,small,20,600,0,320,69120,0.006448532431949325,0.011145845707910431,9.169748294013402e-15,0.1342800094280392,0.0006216667103149963,0.006752445096896919,0.011412334686851563,0.00614461976700173,0.01087282714312958,ic,temperature_low_train__detaqscf__small__n020_te0600_r3_seed0
temperature,temperature_ood_0600K,small,20,600,1,320,69120,0.0033254736287441724,0.005737625672180181,8.471348622585139e-15,0.08199363416060805,0.00037960015815096315,0.0026229735088102845,0.00443540715094677,0.004027973748678061,0.00679469352608728,ic,temperature_low_train__detaqscf__small__n020_te0600_r3_seed1
temperature,temperature_ood_0650K,small,20,600,1,320,69120,0.004208323140280508,0.007852626590737346,9.02403152203135e-15,0.13609197228215636,0.0006300554272322054,0.0032979538649769652,0.005645827951602664,0.00511869241558405,0.009563059943763424,ic,temperature_low_train__detaqscf__small__n020_te0600_r3_seed1
temperature,temperature_ood_0700K,small,20,600,1,320,69120,0.0053441264953024165,0.010326829172160094,8.990724831292596e-15,0.18885621204972267,0.0008743343150450124,0.004240604535434128,0.007527692637781225,0.006447648455170705,0.012514817020358221,ic,temperature_low_train__detaqscf__small__n020_te0600_r3_seed1
temperature,temperature_ood_0600K,small,20,600,2,320,69120,0.0031745194491805107,0.00538672733114655,8.943887297441222e-15,0.10283199064433575,0.00047607403076081365,0.002615535118111214,0.004343471034950644,0.0037335037802498075,0.00625842808129863,ic,temperature_low_train__detaqscf__small__n020_te0600_r3_seed2
temperature,temperature_ood_0650K,small,20,600,2,320,69120,0.004037681843306797,0.007893219268611652,9.280076707085528e-15,0.1049213545396924,0.0004857470117578352,0.003221911143761291,0.005496182960241566,0.004853452542852304,0.009715852701246287,ic,temperature_low_train__detaqscf__small__n020_te0600_r3_seed2
temperature,temperature_ood_0700K,small,20,600,2,320,69120,0.0051362691670128425,0.01076757655639451,9.328648964412878e-15,0.1567440610844642,0.0007256669494651119,0.004086198791193543,0.008341904036696155,0.006186339542832141,0.01273946807516647,ic,temperature_low_train__detaqscf__small__n020_te0600_r3_seed2
temperature,temperature_ood_0600K,small,40,300,0,320,69120,0.004949923103905363,0.007877262249046493,9.140604939616992e-15,0.10412381030619144,0.0004820546773434788,0.005017320002103097,0.008020297968594594,0.004882526205707627,0.007731580794084963,ic,temperature_low_train__detaqscf__small__n040_te0300_r3_seed0
temperature,temperature_ood_0650K,small,40,300,0,320,69120,0.005944351419311118,0.009806034321983752,9.773085118958136e-15,0.1381526656448841,0.0006395956742818709,0.006053054223192564,0.009808292847855832,0.005835648615429669,0.00980377527580813,ic,temperature_low_train__detaqscf__small__n040_te0300_r3_seed0
temperature,temperature_ood_0700K,small,40,300,0,320,69120,0.007220353982297944,0.012385039302151376,8.346795477010006e-15,0.18680126126855612,0.0008648206540210932,0.007425133350758144,0.012538242664639116,0.007015574613837741,0.012229916921806614,ic,temperature_low_train__detaqscf__small__n040_te0300_r3_seed0
temperature,temperature_ood_0600K,small,40,300,1,320,69120,0.0036475389497713936,0.006227592924949893,8.76833328167237e-15,0.08729240018874407,0.00040413148235529667,0.003087459956955316,0.005325907129825398,0.004207617942587471,0.007014309696773227,ic,temperature_low_train__detaqscf__small__n040_te0300_r3_seed1
temperature,temperature_ood_0650K,small,40,300,1,320,69120,0.0045946467827250375,0.008454022011452702,8.88039641822047e-15,0.14311384907923638,0.0006625641161075758,0.00385284191139607,0.006752819233716139,0.0053364516540540035,0.009866124301720864,ic,temperature_low_train__detaqscf__small__n040_te0300_r3_seed1
temperature,temperature_ood_0700K,small,40,300,1,320,69120,0.00578742372641782,0.01103882799545887,9.27695420482877e-15,0.19198363954201342,0.0008888131460278398,0.004888085106918551,0.008856523634372743,0.006686762345917088,0.01285587166008007,ic,temperature_low_train__detaqscf__small__n040_te0300_r3_seed1
temperature,temperature_ood_0600K,small,40,300,2,320,69120,0.0036909132123147414,0.006206552690841345,9.447997939560082e-15,0.15900106988847257,0.0007361160642984841,0.0033763498789822458,0.005637544673931684,0.004005476545647237,0.006727606012379469,ic,temperature_low_train__detaqscf__small__n040_te0300_r3_seed2
temperature,temperature_ood_0650K,small,40,300,2,320,69120,0.004693550352835633,0.008798876812257085,9.264464195801737e-15,0.23951373547315596,0.0011088598864497964,0.004168691542890659,0.007060097892035361,0.005218409162780605,0.010246730408741543,ic,temperature_low_train__detaqscf__small__n040_te0300_r3_seed2
temperature,temperature_ood_0700K,small,40,300,2,320,69120,0.005980713438501454,0.011857137798368318,8.87519224779254e-15,0.3306393394246697,0.0015307376825216192,0.00527886044039932,0.010055749957722673,0.006682566436603589,0.01341884221260351,ic,temperature_low_train__detaqscf__small__n040_te0300_r3_seed2
temperature,temperature_ood_0600K,small,40,600,0,320,69120,0.0031508059663022904,0.005153114952368612,8.847783616872106e-15,0.06739176521077753,0.0003119989130128589,0.003383740549739412,0.005495371162259563,0.0029178713828651687,0.004786447870149209,ic,temperature_low_train__detaqscf__small__n040_te0600_r3_seed0
temperature,temperature_ood_0650K,small,40,600,0,320,69120,0.0038527385635424107,0.006630666930243123,9.3942215118048e-15,0.08850556593388319,0.0004097479904346444,0.004122748445240085,0.006851928047100305,0.003582728681844737,0.006401763031931106,ic,temperature_low_train__detaqscf__small__n040_te0600_r3_seed0
temperature,temperature_ood_0700K,small,40,600,0,320,69120,0.004810649893847512,0.008756400004025122,8.686107388911068e-15,0.11140451589599251,0.0005157616476666321,0.005179553987758249,0.00912408689303159,0.004441745799936773,0.008372581467468165,ic,temperature_low_train__detaqscf__small__n040_te0600_r3_seed0
temperature,temperature_ood_0600K,small,40,600,1,320,69120,0.0026928685065767686,0.004609157895253036,9.51912160207513e-15,0.09565709438174963,0.0004428569184340261,0.0022417429325027735,0.0037567691060689185,0.0031439940806507645,0.005326852625184306,ic,temperature_low_train__detaqscf__small__n040_te0600_r3_seed1
temperature,temperature_ood_0650K,small,40,600,1,320,69120,0.0034250578088014373,0.006453191681221906,8.710393517574743e-15,0.14983554086647927,0.0006936830595670337,0.0028205626379465055,0.004771223768263988,0.0040295529796563695,0.007779639419814778,ic,temperature_low_train__detaqscf__small__n040_te0600_r3_seed1
temperature,temperature_ood_0700K,small,40,600,1,320,69120,0.004391394847641004,0.008703903112892732,9.210687768046456e-15,0.19663194911554455,0.0009103330977571508,0.0036576264525095535,0.0066604811314230515,0.005125163242772454,0.01035151437690182,ic,temperature_low_train__detaqscf__small__n040_te0600_r3_seed1
temperature,temperature_ood_0600K,small,40,600,2,320,69120,0.002601841923608911,0.004499969551464545,9.715492299555706e-15,0.07244527498260141,0.00033539479158611765,0.002031585783849373,0.003347983008104198,0.0031720980633684493,0.005412066306473121,ic,temperature_low_train__detaqscf__small__n040_te0600_r3_seed2
temperature,temperature_ood_0650K,small,40,600,2,320,69120,0.0033685869768647412,0.007006512844034084,9.706818682175822e-15,0.14137911554425955,0.0006545329423345349,0.002569110103258774,0.004332586092791261,0.004168063850470707,0.008911292959822436,ic,temperature_low_train__detaqscf__small__n040_te0600_r3_seed2
temperature,temperature_ood_0700K,small,40,600,2,320,69120,0.004364771398666411,0.009648327919501999,9.357098429418897e-15,0.2280206026043743,0.0010556509379832143,0.0033537175227930723,0.006954622377485887,0.005375825274539747,0.011739407603071635,ic,temperature_low_train__detaqscf__small__n040_te0600_r3_seed2
temperature,temperature_ood_0600K,small,80,300,0,320,69120,0.003293699408529725,0.00541208588707096,9.102094078450307e-15,0.08106315732002259,0.0003752923950001046,0.0036111326343814276,0.005885580927254859,0.0029762661826780224,0.004892983184806496,ic,temperature_low_train__detaqscf__small__n080_te0300_r3_seed0
temperature,temperature_ood_0650K,small,80,300,0,320,69120,0.00405132372425077,0.006994543297812308,9.350506480210185e-15,0.10652907313778996,0.0004931901534156943,0.004405618120838897,0.007352602711878655,0.0036970293276626445,0.00661713723986565,ic,temperature_low_train__detaqscf__small__n080_te0300_r3_seed0
temperature,temperature_ood_0700K,small,80,300,0,320,69120,0.005106143350154034,0.00933960986446843,8.955683417077865e-15,0.14937325390055775,0.0006915428421322119,0.005555396066596592,0.009914922661921996,0.004656890633711477,0.008726450220396472,ic,temperature_low_train__detaqscf__small__n080_te0300_r3_seed0
temperature,temperature_ood_0600K,small,80,300,1,320,69120,0.002916508940243659,0.0050479651650206766,9.89694437514288e-15,0.09754222957417369,0.00045158439617673003,0.002425190250302086,0.004174142725498562,0.0034078276301852317,0.005791410633143871,ic,temperature_low_train__detaqscf__small__n080_te0300_r3_seed1
temperature,temperature_ood_0650K,small,80,300,1,320,69120,0.0037291896291515012,0.007017465140190483,9.142686607788163e-15,0.1547265469096601,0.0007163266060632412,0.0030947894649388493,0.005351651801579388,0.004363589793364153,0.00835759875695342,ic,temperature_low_train__detaqscf__small__n080_te0300_r3_seed1
temperature,temperature_ood_0700K,small,80,300,1,320,69120,0.004793274679032937,0.009395402405508289,9.071562945273114e-15,0.2031385782174766,0.0009404563806364658,0.0040383108201438615,0.007320316688407398,0.005548238537922012,0.011088739166572818,ic,temperature_low_train__detaqscf__small__n080_te0300_r3_seed1
temperature,temperature_ood_0600K,small,80,300,2,320,69120,0.0026904551893286153,0.004669554187706901,9.646797249907024e-15,0.08463954217731953,0.00039184973230240523,0.0021315071453143607,0.0036039995528994125,0.003249403233342869,0.005533593755107338,ic,temperature_low_train__detaqscf__small__n080_te0300_r3_seed2
temperature,temperature_ood_0650K,small,80,300,2,320,69120,0.003466561647014147,0.007146921306287839,9.280076707085528e-15,0.15720648623537273,0.0007278078066452441,0.00266952102650781,0.004657622948951489,0.004263602267520483,0.008970145861798605,ic,temperature_low_train__detaqscf__small__n080_te0300_r3_seed2
temperature,temperature_ood_0700K,small,80,300,2,320,69120,0.0044858727434238695,0.009825636510371645,9.406017631441443e-15,0.24549239072948695,0.001136538845969847,0.0034759846134729284,0.007307675746759984,0.0054957608733748105,0.011818804543950815,ic,temperature_low_train__detaqscf__small__n080_te0300_r3_seed2
temperature,temperature_ood_0600K,small,80,600,0,320,69120,0.0022557632930481626,0.003665027215266407,9.06739960893077e-15,0.05857581906020641,0.00027118434750095563,0.0023544332550216435,0.003807623912377969,0.0021570933310746817,0.003516653113284612,ic,temperature_low_train__detaqscf__small__n080_te0600_r3_seed0
temperature,temperature_ood_0650K,small,80,600,0,320,69120,0.0027612536930988847,0.004755782292246025,8.940764795184464e-15,0.07535789795219898,0.0003488791571861064,0.002857347884115129,0.004717512604185062,0.0026651595020826405,0.004793746473462775,ic,temperature_low_train__detaqscf__small__n080_te0600_r3_seed0
temperature,temperature_ood_0700K,small,80,600,0,320,69120,0.0034559851491792496,0.00641046470091976,9.122563815466833e-15,0.0901466639712453,0.000417345666533543,0.003584795978845867,0.0064521751695658484,0.0033271743195126316,0.0063684810547503775,ic,temperature_low_train__detaqscf__small__n080_te0600_r3_seed0
temperature,temperature_ood_0600K,small,80,600,1,320,69120,0.0020698220173547884,0.003466384284705829,9.495876307497042e-15,0.07942367065697908,0.0003677021789674957,0.0017360597457008542,0.0028229330236540645,0.0024035842890087235,0.004007828484662786,ic,temperature_low_train__detaqscf__small__n080_te0600_r3_seed1
temperature,temperature_ood_0650K,small,80,600,1,320,69120,0.0025637056160812744,0.004948608315769391,8.904682546884146e-15,0.12362946653738618,0.0005723586413767879,0.002070235941860575,0.0034987550606194254,0.0030571752903019744,0.006061036343035232,ic,temperature_low_train__detaqscf__small__n080_te0600_r3_seed1
temperature,temperature_ood_0700K,small,80,600,1,320,69120,0.003218678616061398,0.006830638957014305,8.938336182318097e-15,0.16457759542390704,0.0007619333121477178,0.0025791282694344756,0.005072642886793109,0.0038582289626883193,0.008220921558148466,ic,temperature_low_train__detaqscf__small__n080_te0600_r3_seed1
temperature,temperature_ood_0600K,small,80,600,2,320,69120,0.0019674419572903285,0.0032855791807967585,9.611061946301901e-15,0.08354609087109566,0.00038678745773655394,0.0016810272958107926,0.002637723578375783,0.002253856618769865,0.003825241878711809,ic,temperature_low_train__detaqscf__small__n080_te0600_r3_seed2
temperature,temperature_ood_0650K,small,80,600,2,320,69120,0.002490633771708011,0.005573222442046038,9.014664015261076e-15,0.13102340328041465,0.0006065898300019198,0.0020477237314695173,0.0033446026565650414,0.0029335438119465055,0.007136893571207942,ic,temperature_low_train__detaqscf__small__n080_te0600_r3_seed2
temperature,temperature_ood_0700K,small,80,600,2,320,69120,0.0031675477095564866,0.007775859303701227,9.024378466726546e-15,0.1861555297393352,0.0008618311562006259,0.0025731837290678674,0.00566685317297216,0.003761911690045104,0.0094241578370637,ic,temperature_low_train__detaqscf__small__n080_te0600_r3_seed2
temperature,temperature_ood_0600K,small,160,300,0,320,69120,0.002554995833699041,0.0041894043177442405,9.638470577222335e-15,0.07481125928461552,0.0003463484226139607,0.0027637803914448288,0.004465031160305006,0.0023462112759532533,0.003894318144755703,ic,temperature_low_train__detaqscf__small__n160_te0300_r3_seed0
temperature,temperature_ood_0650K,small,160,300,0,320,69120,0.0031565236640884575,0.005510485718336284,9.011541513004318e-15,0.09345651622861624,0.000432669056613964,0.003370400695309084,0.00557060995462647,0.0029426466328678303,0.00544969819690896,ic,temperature_low_train__detaqscf__small__n160_te0300_r3_seed0
temperature,temperature_ood_0700K,small,160,300,0,320,69120,0.003991741126764754,0.007434863099799783,8.927927841462236e-15,0.12301664594560861,0.0005695215090074473,0.004249837102585016,0.007553895703996715,0.003733645150944492,0.0073138935129429435,ic,temperature_low_train__detaqscf__small__n160_te0300_r3_seed0
temperature,temperature_ood_0600K,small,160,300,1,320,69120,0.0022002837680440215,0.0037425499337080783,9.245035292870795e-15,0.056848323065787555,0.00026318668086012755,0.001902833310572625,0.003117897974874932,0.002497734225515419,0.004276923220127698,ic,temperature_low_train__detaqscf__small__n160_te0300_r3_seed1
temperature,temperature_ood_0650K,small,160,300,1,320,69120,0.0027742527638318017,0.005305251267486259,8.658698757990634e-15,0.09020286090672017,0.0004176058375311119,0.0023486513347749506,0.0039131035109301795,0.0031998541928886528,0.006401484432151266,ic,temperature_low_train__detaqscf__small__n160_te0300_r3_seed1
temperature,temperature_ood_0700K,small,160,300,1,320,69120,0.0035300137878274893,0.007248740600169892,9.025072356116937e-15,0.12276291456073522,0.0005683468266700705,0.0029921030020788417,0.005636496791087599,0.004067924573576136,0.008562615517536797,ic,temperature_low_train__detaqscf__small__n160_te0300_r3_seed1
temperature,temperature_ood_0600K,small,160,300,2,320,69120,0.002179552341392328,0.003743020434443126,9.234280007319739e-15,0.07745658559724689,0.00035859530369095776,0.001751231331678762,0.0027906499455514037,0.0026078733511058936,0.004498074791142491,ic,temperature_low_train__detaqscf__small__n160_te0300_r3_seed2
temperature,temperature_ood_0650K,small,160,300,2,320,69120,0.002801948924130851,0.00615531588124225,9.310260895567524e-15,0.14066714709624648,0.0006512367921122521,0.0021751622910932632,0.003596393268096766,0.0034287355571684386,0.007927280911947953,ic,temperature_low_train__detaqscf__small__n160_te0300_r3_seed2
temperature,temperature_ood_0700K,small,160,300,2,320,69120,0.0036151980918871086,0.008542279335308517,9.514611321037592e-15,0.21803941056132317,0.0010094417155616813,0.002799691305916107,0.005989120757957782,0.00443070487785811,0.010491496796524176,ic,temperature_low_train__detaqscf__small__n160_te0300_r3_seed2
temperature,temperature_ood_0600K,small,160,600,0,320,69120,0.0016224777651000554,0.0024260820148812256,9.899719932704443e-15,0.08622563639655709,0.0003991927610951718,0.0015970942575327367,0.00237199830681818,0.0016478612726673735,0.002478986066582865,ic,temperature_low_train__detaqscf__small__n160_te0600_r3_seed0
temperature,temperature_ood_0650K,small,160,600,0,320,69120,0.0018998759696981899,0.003143380362876327,9.299505610016468e-15,0.07474752329289913,0.0003460533485782367,0.0018493679557148926,0.0028421193840446244,0.0019503839836814874,0.003418192156428719,ic,temperature_low_train__detaqscf__small__n160_te0600_r3_seed0
temperature,temperature_ood_0700K,small,160,600,0,320,69120,0.0022754528389313283,0.004356840472237464,8.900866155236997e-15,0.07272543385624886,0.00033669182340855956,0.0022069771717342754,0.0041682234068236585,0.002343928506128382,0.004537623985287908,ic,temperature_low_train__detaqscf__small__n160_te0600_r3_seed0
temperature,temperature_ood_0600K,small,160,600,1,320,69120,0.0016738557542606539,0.0027038229722313096,9.713410631384533e-15,0.06731063984334469,0.0003116233326080773,0.0015181942017932913,0.0024157249508785323,0.0018295173067280155,0.002964049643989523,ic,temperature_low_train__detaqscf__small__n160_te0600_r3_seed1
temperature,temperature_ood_0650K,small,160,600,1,320,69120,0.0020239418588135715,0.0038948557972926724,8.543513119185775e-15,0.06431135693565011,0.00029773776359097275,0.0017822686345980794,0.002942026830370309,0.0022656150830290644,0.004656638432688318,ic,temperature_low_train__detaqscf__small__n160_te0600_r3_seed1
temperature,temperature_ood_0700K,small,160,600,1,320,69120,0.0025014218224290135,0.005525036411263017,8.934866735366143e-15,0.07573157018050551,0.00035060912120604405,0.002167734913746743,0.004626973284339503,0.0028351087311112837,0.0062962824680578575,ic,temperature_low_train__detaqscf__small__n160_te0600_r3_seed1
temperature,temperature_ood_0600K,small,160,600,2,320,69120,0.0017844237703809245,0.0025993658368996327,9.300199499406858e-15,0.07077879896387458,0.0003276796248327527,0.0016134526357083454,0.0022420477088614444,0.0019553949050535036,0.002913181693487553,ic,temperature_low_train__detaqscf__small__n160_te0600_r3_seed2
temperature,temperature_ood_0650K,small,160,600,2,320,69120,0.0020876987711976784,0.004542375218294785,9.347730922648623e-15,0.0665509270504117,0.00030810614375190604,0.00177960916904896,0.002609514558337635,0.0023957883733463966,0.005869989694827507,ic,temperature_low_train__detaqscf__small__n160_te0600_r3_seed2
temperature,temperature_ood_0700K,small,160,600,2,320,69120,0.002482645333141269,0.006403704319455173,8.86096751528953e-15,0.0795288764871657,0.0003681892429961374,0.00203976058925755,0.004867490791287165,0.0029255300770249892,0.007636909808211193,ic,temperature_low_train__detaqscf__small__n160_te0600_r3_seed2
temperature,temperature_ood_0600K,medium,5,300,0,320,69120,0.014728183841716215,0.021534478700900254,8.779955928961414e-15,0.21969989966601133,0.0010171291651204228,0.013909479901228108,0.020765328209400025,0.015546887782204317,0.022277088907551385,ic,temperature_low_train__detaqscf__medium__n005_te0300_r3_seed0
temperature,temperature_ood_0650K,medium,5,300,0,320,69120,0.01778062203815507,0.025964269297655173,8.595554823465079e-15,0.2895120176952332,0.0013403334152557096,0.01716752694374358,0.02516881173119538,0.018393717132566562,0.026736070697878544,ic,temperature_low_train__detaqscf__medium__n005_te0300_r3_seed0
temperature,temperature_ood_0700K,medium,5,300,0,320,69120,0.02158147482850125,0.03170897560837827,8.218599412135319e-15,0.3402582223992795,0.0015752695481448123,0.021079821154840583,0.03136878760020071,0.022083128502161917,0.0320455524645613,ic,temperature_low_train__detaqscf__medium__n005_te0300_r3_seed0
temperature,temperature_ood_0600K,medium,5,300,1,320,69120,0.009257868292177129,0.014862541388310524,8.717852828521444e-15,0.18747008722275496,0.0008679170704757174,0.008572870210065111,0.014172279903760346,0.009942866374289141,0.015522137590163196,ic,temperature_low_train__detaqscf__medium__n005_te0300_r3_seed1
temperature,temperature_ood_0650K,medium,5,300,1,320,69120,0.011268771317718322,0.018369475813722353,9.384854005034526e-15,0.23793094810098409,0.0011015321671341857,0.010433226676962169,0.017174333883049946,0.012104315958474474,0.01949147349523333,ic,temperature_low_train__detaqscf__medium__n005_te0300_r3_seed1
temperature,temperature_ood_0700K,medium,5,300,1,320,69120,0.013864135548093097,0.022989797571393134,8.924284922162684e-15,0.29563635736703875,0.0013686868396622163,0.012893674541450014,0.021854522188190468,0.014834596554736179,0.02407158999055023,ic,temperature_low_train__detaqscf__medium__n005_te0300_r3_seed1
temperature,temperature_ood_0600K,medium,5,300,2,320,69120,0.009678607990791824,0.014663329854660031,9.07052211118753e-15,0.28522181902080773,0.0013204713843555913,0.01159773954013535,0.01725823167898053,0.007759476441448294,0.011496952820976573,ic,temperature_low_train__detaqscf__medium__n005_te0300_r3_seed2
temperature,temperature_ood_0650K,medium,5,300,2,320,69120,0.011888068674544392,0.017863933227491552,9.35918009759007e-15,0.44272868866100906,0.002049669854912079,0.014031077703946192,0.020913108962199993,0.009745059645142592,0.014173288053507696,ic,temperature_low_train__detaqscf__medium__n005_te0300_r3_seed2
temperature,temperature_ood_0700K,medium,5,300,2,320,69120,0.014694864188622111,0.022436269290460702,8.064382495120981e-15,0.6685581815429031,0.0030951767664023295,0.017012935490799373,0.02649331934062434,0.012376792886444853,0.017460709884304256,ic,temperature_low_train__detaqscf__medium__n005_te0300_r3_seed2
temperature,temperature_ood_0600K,medium,5,600,0,320,69120,0.006480353074513992,0.010487890224092482,9.060113770331668e-15,0.12175406459718943,0.0005636762249869881,0.006130531422068226,0.01043825295792216,0.006830174726959757,0.010537293670182047,ic,temperature_low_train__detaqscf__medium__n005_te0600_r3_seed0
temperature,temperature_ood_0650K,medium,5,600,0,320,69120,0.007814267723676903,0.013145348389437162,9.818881818723923e-15,0.1580493661109358,0.0007317100282913695,0.007497849348644741,0.012833339103446952,0.008130686098709063,0.01345012178440388,ic,temperature_low_train__detaqscf__medium__n005_te0600_r3_seed0
temperature,temperature_ood_0700K,medium,5,600,0,320,69120,0.009633016681582326,0.017140220944166847,9.177034132612505e-15,0.22625690401764587,0.0010474856667483604,0.009448369647852242,0.017433816254100787,0.00981766371531241,0.01684150821179513,ic,temperature_low_train__detaqscf__medium__n005_te0600_r3_seed0
temperature,temperature_ood_0600K,medium,5,600,1,320,69120,0.0065815655375586184,0.010710656625296366,8.859232791813554e-15,0.19171068165451288,0.0008875494521042264,0.005887399357575885,0.009927974205293968,0.0072757317175413515,0.011439915160045005,ic,temperature_low_train__detaqscf__medium__n005_te0600_r3_seed1
temperature,temperature_ood_0650K,medium,5,600,1,320,69120,0.00803777292673492,0.0134693648906486,9.224739028201867e-15,0.2584463406354189,0.0011965108362750874,0.007170096981738068,0.01222908404099133,0.008905448871731772,0.014604693924668382,ic,temperature_low_train__detaqscf__medium__n005_te0600_r3_seed1
temperature,temperature_ood_0700K,medium,5,600,1,320,69120,0.009930651791201967,0.01744999490987024,8.792445937988447e-15,0.3135737534496002,0.0014517303400444453,0.008953367507862743,0.01654227148586601,0.010907936074541191,0.018312779657848204,ic,temperature_low_train__detaqscf__medium__n005_te0600_r3_seed1
temperature,temperature_ood_0600K,medium,5,600,2,320,69120,0.007064985263941296,0.011245812372651634,8.842926391139372e-15,0.20468085771426558,0.0009475965634919703,0.008493052977434292,0.01321648450002396,0.005636917550448298,0.008846532049475407,ic,temperature_low_train__detaqscf__medium__n005_te0600_r3_seed2
temperature,temperature_ood_0650K,medium,5,600,2,320,69120,0.008619984039317866,0.013864039009035429,9.613837503863465e-15,0.34540001982823015,0.0015990741658714358,0.010361132716010446,0.016332920534125155,0.006878835362625285,0.010847066982095439,ic,temperature_low_train__detaqscf__medium__n005_te0600_r3_seed2
temperature,temperature_ood_0700K,medium,5,600,2,320,69120,0.010706766939704475,0.0181205499592247,9.000786227453262e-15,0.5563024843810126,0.00257547446472691,0.012811192043663152,0.02187506348794589,0.008602341835745798,0.013348792419086201,ic,temperature_low_train__detaqscf__medium__n005_te0600_r3_seed2
temperature,temperature_ood_0600K,medium,10,300,0,320,69120,0.013356688180258078,0.019716032879433302,8.7660781411536e-15,0.28117611091583966,0.0013017412542399986,0.011883820644666062,0.018105112821645102,0.014829555715850094,0.021204923832008737,ic,temperature_low_train__detaqscf__medium__n010_te0300_r3_seed0
temperature,temperature_ood_0650K,medium,10,300,0,320,69120,0.016099906147804828,0.02383282851689925,8.56779924784945e-15,0.3904289704980329,0.0018075415300834855,0.01477954704577762,0.022110148083343554,0.017420265249832038,0.02543911912713314,ic,temperature_low_train__detaqscf__medium__n010_te0300_r3_seed0
temperature,temperature_ood_0700K,medium,10,300,0,320,69120,0.019536959778585997,0.02922330138784853,8.546635621442534e-15,0.4685010702814907,0.0021689864364883827,0.018294663321981697,0.027896310116785488,0.02077925623519029,0.03049259860815722,ic,temperature_low_train__detaqscf__medium__n010_te0300_r3_seed0
temperature,temperature_ood_0600K,medium,10,300,1,320,69120,0.00801869146210069,0.012832513289300896,9.626327512890498e-15,0.2527181320823729,0.0011699913522332077,0.007184658782527588,0.011776669954048987,0.008852724141673799,0.013807854266089575,ic,temperature_low_train__detaqscf__medium__n010_te0300_r3_seed1
temperature,temperature_ood_0650K,medium,10,300,1,320,69120,0.009734997833776833,0.015996567693674513,9.01587832169426e-15,0.3256530344020575,0.0015076529370465627,0.00870914527333475,0.014343334287510863,0.01076085039421891,0.017494259557733143,ic,temperature_low_train__detaqscf__medium__n010_te0300_r3_seed1
temperature,temperature_ood_0700K,medium,10,300,1,320,69120,0.011947946980586528,0.02022423863552502,8.39363301086138e-15,0.3937302192556672,0.0018228250891466073,0.01075532342811716,0.018583146292471153,0.01314057053305589,0.02174181065702536,ic,temperature_low_train__detaqscf__medium__n010_te0300_r3_seed1
temperature,temperature_ood_0600K,medium,10,300,2,320,69120,0.007910933398657774,0.012223321985031059,9.233239173234154e-15,0.1571652098558843,0.0007276167122957606,0.009736041015003513,0.014656488699570444,0.006085825782312036,0.009165508152789518,ic,temperature_low_train__detaqscf__medium__n010_te0300_r3_seed2
temperature,temperature_ood_0650K,medium,10,300,2,320,69120,0.009572461389889238,0.014924282774134462,8.64343319140204e-15,0.23216874934732915,0.0010748553210524498,0.011721236128037455,0.017840545570610985,0.00742368665174102,0.011277560302991336,ic,temperature_low_train__detaqscf__medium__n010_te0300_r3_seed2
temperature,temperature_ood_0700K,medium,10,300,2,320,69120,0.01173400187494654,0.018943017827960092,8.56190118803113e-15,0.38342074053362013,0.0017750960209889821,0.014180613386443788,0.02287808656971069,0.009287390363449298,0.013938041604531513,ic,temperature_low_train__detaqscf__medium__n010_te0300_r3_seed2
temperature,temperature_ood_0600K,medium,10,600,0,320,69120,0.005636980916757171,0.008927754587360212,9.053868765818151e-15,0.11173104327172041,0.000517273348480187,0.005249055953073892,0.00865732198402502,0.00602490588044045,0.009190232859355616,ic,temperature_low_train__detaqscf__medium__n010_te0600_r3_seed0
temperature,temperature_ood_0650K,medium,10,600,0,320,69120,0.00678049686251608,0.011346950488123099,9.197850814324226e-15,0.14701637150719762,0.0006806313495703593,0.006339886160182545,0.010683513526645984,0.007221107564849614,0.011973684039835288,ic,temperature_low_train__detaqscf__medium__n010_te0600_r3_seed0
temperature,temperature_ood_0700K,medium,10,600,0,320,69120,0.008384708483106865,0.01511804886653884,8.531716999549132e-15,0.20590595621615648,0.0009532683158155393,0.00796136999485132,0.014994297971193135,0.008808046971362412,0.015240794973136603,ic,temperature_low_train__detaqscf__medium__n010_te0600_r3_seed0
temperature,temperature_ood_0600K,medium,10,600,1,320,69120,0.006098770664415427,0.009808465068353676,8.743006318923108e-15,0.2000175199471414,0.0009260070367923213,0.005415080039034085,0.008801872057286383,0.006782461289796768,0.010720961816991503,ic,temperature_low_train__detaqscf__medium__n010_te0600_r3_seed1
temperature,temperature_ood_0650K,medium,10,600,1,320,69120,0.007468349675496847,0.01240952846465359,8.883345448129631e-15,0.2773020653985441,0.001283805858326593,0.006538199810250516,0.010852052195011704,0.008398499540743176,0.01379223537309442,ic,temperature_low_train__detaqscf__medium__n010_te0600_r3_seed1
temperature,temperature_ood_0700K,medium,10,600,1,320,69120,0.009246971242685071,0.01620894076346801,9.393354150066812e-15,0.3401214307290502,0.0015746362533752324,0.008122876933435101,0.014914339241087095,0.010371065551935042,0.017407527289911094,ic,temperature_low_train__detaqscf__medium__n010_te0600_r3_seed1
temperature,temperature_ood_0600K,medium,10,600,2,320,69120,0.006280733759952384,0.010004266422900091,9.294301439588537e-15,0.159168341755867,0.0007368904710919769,0.007753167773728848,0.01207807186345997,0.004808299746175919,0.007368234074853278,ic,temperature_low_train__detaqscf__medium__n010_te0600_r3_seed2
temperature,temperature_ood_0650K,medium,10,600,2,320,69120,0.007583321906235456,0.012386319312507653,9.166972736451839e-15,0.2616313838399947,0.0012112564066666417,0.009392364055048598,0.01497446085263097,0.005774279757422319,0.009088857705774842,ic,temperature_low_train__detaqscf__medium__n010_te0600_r3_seed2
temperature,temperature_ood_0700K,medium,10,600,2,320,69120,0.009359238985290338,0.01633067438924006,8.668413209456105e-15,0.4335591250564903,0.0020072181715578255,0.011588606086833623,0.02014454112392837,0.007129871883747053,0.011295101368341982,ic,temperature_low_train__detaqscf__medium__n010_te0600_r3_seed2
temperature,temperature_ood_0600K,medium,20,300,0,320,69120,0.008327996720380561,0.012848037377943117,9.31876104059981e-15,0.1351944482885301,0.0006259002235580099,0.007601086571018963,0.012224217223139851,0.009054906869742162,0.013442940236850644,ic,temperature_low_train__detaqscf__medium__n020_te0300_r3_seed0
temperature,temperature_ood_0650K,medium,20,300,0,320,69120,0.009857157532971119,0.0156940733770145,8.833558884369097e-15,0.17112312773242594,0.0007922367024649347,0.009117064063396721,0.014813132368619992,0.01059725100254552,0.01652812717025052,ic,temperature_low_train__detaqscf__medium__n020_te0300_r3_seed0
temperature,temperature_ood_0700K,medium,20,300,0,320,69120,0.01191105982288419,0.019872213169744402,9.275739898395586e-15,0.22225908681284637,0.0010289772537631775,0.011212831033200593,0.019538417952832003,0.012609288612567783,0.02020049346991251,ic,temperature_low_train__detaqscf__medium__n020_te0300_r3_seed0
temperature,temperature_ood_0600K,medium,20,300,1,320,69120,0.005716735825447376,0.009407202361846603,9.191952754505906e-15,0.1416128513403237,0.0006556150525014985,0.005256771720012916,0.00865264384737545,0.006176699930881834,0.010105576035236208,ic,temperature_low_train__detaqscf__medium__n020_te0300_r3_seed1
temperature,temperature_ood_0650K,medium,20,300,1,320,69120,0.007085544052303849,0.012044664374017484,8.778221205485437e-15,0.20444026198238135,0.0009464826943628768,0.006379830970504579,0.010698480525763073,0.0077912571341031195,0.013254825317797295,ic,temperature_low_train__detaqscf__medium__n020_te0300_r3_seed1
temperature,temperature_ood_0700K,medium,20,300,1,320,69120,0.008851083203839918,0.015811052737107683,8.464409728681232e-15,0.2491367990616709,0.0011534111067669948,0.007982600408512652,0.014647292805771994,0.009719565999167184,0.016894839175712224,ic,temperature_low_train__detaqscf__medium__n020_te0300_r3_seed1
temperature,temperature_ood_0600K,medium,20,300,2,320,69120,0.006366459152982085,0.009855470421645585,9.367506770274758e-15,0.21868367930874227,0.0010124244412441773,0.0078095694812157146,0.011715113374772398,0.0049233488247484546,0.007550941204915507,ic,temperature_low_train__detaqscf__medium__n020_te0300_r3_seed2
temperature,temperature_ood_0650K,medium,20,300,2,320,69120,0.007523097079864444,0.012077004668116093,8.443246102274315e-15,0.36727779591456056,0.001700360166271114,0.009283237849703614,0.014380823240715867,0.005762956310025274,0.00921411994857253,ic,temperature_low_train__detaqscf__medium__n020_te0300_r3_seed2
temperature,temperature_ood_0700K,medium,20,300,2,320,69120,0.009234299063286919,0.01610205176778528,8.897396708285044e-15,0.583313045790419,0.0027005233601408284,0.011434797223981386,0.01971576478089056,0.007033800902592455,0.01139476903537187,ic,temperature_low_train__detaqscf__medium__n020_te0300_r3_seed2
temperature,temperature_ood_0600K,medium,20,600,0,320,69120,0.004608495050099224,0.0074291124668723965,8.627473735423052e-15,0.1362385773099959,0.0006307341542129439,0.00402114616826896,0.006879972058386237,0.005195843931929488,0.007940365770334664,ic,temperature_low_train__detaqscf__medium__n020_te0600_r3_seed0
temperature,temperature_ood_0650K,medium,20,600,0,320,69120,0.005585268371955195,0.009619334923471098,8.960887587505795e-15,0.1694135345518589,0.000784321919221569,0.004941989904480688,0.008591568334512597,0.006228546839429701,0.010547424438848658,ic,temperature_low_train__detaqscf__medium__n020_te0600_r3_seed0
temperature,temperature_ood_0700K,medium,20,600,0,320,69120,0.006939591754202964,0.012968644490400662,8.875539192487735e-15,0.23184473686851562,0.0010733552632801648,0.006274367051230379,0.012380730424179212,0.007604816457175551,0.01353103817157435,ic,temperature_low_train__detaqscf__medium__n020_te0600_r3_seed0
temperature,temperature_ood_0600K,medium,20,600,1,320,69120,0.0047200425038893806,0.007935900094896909,8.710740462269939e-15,0.1528385345824063,0.000707585808251881,0.0042291913306023105,0.007242579307586352,0.00521089367717645,0.008573334567465075,ic,temperature_low_train__detaqscf__medium__n020_te0600_r3_seed1
temperature,temperature_ood_0650K,medium,20,600,1,320,69120,0.005922253899806754,0.010295753313290407,8.526859773816397e-15,0.20234449170529842,0.0009367800541911962,0.0052548337812262065,0.00920529793667756,0.006589674018387298,0.011281292588762188,ic,temperature_low_train__detaqscf__medium__n020_te0600_r3_seed1
temperature,temperature_ood_0700K,medium,20,600,1,320,69120,0.007528241113254153,0.01394195003229513,9.01952124099381e-15,0.23151632864028215,0.0010718348548161211,0.006799350823529654,0.0133496622316771,0.00825713140297865,0.014510081312872175,ic,temperature_low_train__detaqscf__medium__n020_te0600_r3_seed1
temperature,temperature_ood_0600K,medium,20,600,2,320,69120,0.005067771830602736,0.008399553892329851,8.818987207170892e-15,0.23331637550145387,0.0010801684050993235,0.005936385381004527,0.009842508138471097,0.004199158280200946,0.006650567248320804,ic,temperature_low_train__detaqscf__medium__n020_te0600_r3_seed2
temperature,temperature_ood_0650K,medium,20,600,2,320,69120,0.0062635094424504,0.010593066481918694,8.853681676690428e-15,0.38694412717595694,0.0017914079961849857,0.007387626301021339,0.012489285555494773,0.005139392583879459,0.008273080520217859,ic,temperature_low_train__detaqscf__medium__n020_te0600_r3_seed2
temperature,temperature_ood_0700K,medium,20,600,2,320,69120,0.00799837839456811,0.014779264007433087,9.067746553625966e-15,0.612777756433934,0.002836934057564509,0.009519081568490427,0.01811827049599984,0.006477675220645791,0.010420247762725989,ic,temperature_low_train__detaqscf__medium__n020_te0600_r3_seed2
temperature,temperature_ood_0600K,medium,40,300,0,320,69120,0.005438275903432863,0.00881186131020491,9.334547024231199e-15,0.12806456657126547,0.0005928915119040067,0.0050968302611599505,0.008654795026359172,0.005779721545705774,0.00896617658493747,ic,temperature_low_train__detaqscf__medium__n040_te0300_r3_seed0
temperature,temperature_ood_0650K,medium,40,300,0,320,69120,0.006579034039052842,0.011197597731746556,9.361608710456438e-15,0.16498644310049712,0.0007638261254652646,0.006213775019335306,0.010691283097611404,0.006944293058770377,0.011681988514407979,ic,temperature_low_train__detaqscf__medium__n040_te0300_r3_seed0
temperature,temperature_ood_0700K,medium,40,300,0,320,69120,0.008158724839984827,0.014847554243990667,9.062542383198035e-15,0.23585343391168861,0.0010919140458874475,0.007837333500967998,0.014870719060248188,0.008480116179001657,0.014824353229994956,ic,temperature_low_train__detaqscf__medium__n040_te0300_r3_seed0
temperature,temperature_ood_0600K,medium,40,300,1,320,69120,0.005450325432453568,0.008955003608984855,9.50281520140095e-15,0.11751781553030013,0.0005440639607884266,0.0048766942175864705,0.00812764077603332,0.0060239566473206645,0.009712138522983704,ic,temperature_low_train__detaqscf__medium__n040_te0300_r3_seed1
temperature,temperature_ood_0650K,medium,40,300,1,320,69120,0.006760720719634593,0.011479087651859492,9.069828221797138e-15,0.16004456523805857,0.0007409470612873082,0.0059596826412043665,0.01015835857922601,0.007561758798064819,0.012662806071878835,ic,temperature_low_train__detaqscf__medium__n040_te0300_r3_seed1
temperature,temperature_ood_0700K,medium,40,300,1,320,69120,0.008483977155956831,0.015246840729358833,8.532410888939524e-15,0.19548945729620754,0.0009050437837787386,0.0075494636740872124,0.014293018419873594,0.009418490637826446,0.016144408595610584,ic,temperature_low_train__detaqscf__medium__n040_te0300_r3_seed1
temperature,temperature_ood_0600K,medium,40,300,2,320,69120,0.005432636258934129,0.008819964705908626,9.464998229624655e-15,0.1851856210269034,0.0008573408380875155,0.006446505225314957,0.010363658429239942,0.004418767292553301,0.006941047384148268,ic,temperature_low_train__detaqscf__medium__n040_te0300_r3_seed2
temperature,temperature_ood_0650K,medium,40,300,2,320,69120,0.006625705269620139,0.011054255077108052,9.022643743250569e-15,0.32580077964812515,0.0015083369428153942,0.007902762415804178,0.013048906847602362,0.005348648123436101,0.008609247394641088,ic,temperature_low_train__detaqscf__medium__n040_te0300_r3_seed2
temperature,temperature_ood_0700K,medium,40,300,2,320,69120,0.008379875843794677,0.015248524999026812,8.919254224082352e-15,0.5370532359462231,0.0024863575738251075,0.010058343550701343,0.01865942945182464,0.006701408136888013,0.010810213773291926,ic,temperature_low_train__detaqscf__medium__n040_te0300_r3_seed2
temperature,temperature_ood_0600K,medium,40,600,0,320,69120,0.003572162908359159,0.006005152896517329,9.351894258990967e-15,0.09705670569092036,0.0004493366004209275,0.0031508795631026137,0.005596038609229433,0.003993446253615703,0.006388119794205056,ic,temperature_low_train__detaqscf__medium__n040_te0600_r3_seed0
temperature,temperature_ood_0650K,medium,40,600,0,320,69120,0.004459995060758068,0.008172312653727143,9.27764809421916e-15,0.11846145209856332,0.0005484326486044598,0.003965533488429764,0.007194801270335267,0.004954456633086372,0.009044789820715545,ic,temperature_low_train__detaqscf__medium__n040_te0600_r3_seed0
temperature,temperature_ood_0700K,medium,40,600,0,320,69120,0.005712076347739344,0.011435683416734503,9.372017051312299e-15,0.15542285456322133,0.0007195502526075062,0.005200086014098723,0.010902009344674864,0.006224066681379966,0.01194553902777832,ic,temperature_low_train__detaqscf__medium__n040_te0600_r3_seed0
temperature,temperature_ood_0600K,medium,40,600,1,320,69120,0.004045974671977524,0.006902818908421431,9.399078737537536e-15,0.10892138695344329,0.0005042656803400153,0.0036649670149024,0.006453040341936266,0.0044269823290526466,0.007325031611553902,ic,temperature_low_train__detaqscf__medium__n040_te0600_r3_seed1
temperature,temperature_ood_0650K,medium,40,600,1,320,69120,0.00512644397951193,0.009060656852406833,8.914050053654422e-15,0.15385388592258095,0.0007122865089008377,0.004633463270734198,0.008358261456623769,0.005619424688289663,0.009712387482841244,ic,temperature_low_train__detaqscf__medium__n040_te0600_r3_seed1
temperature,temperature_ood_0700K,medium,40,600,1,320,69120,0.006596481445339983,0.01256804382802958,8.490083636125689e-15,0.17819156222976745,0.0008249609362489235,0.006122381553528619,0.012519829201404318,0.007070581337151344,0.012616074195018378,ic,temperature_low_train__detaqscf__medium__n040_te0600_r3_seed1
temperature,temperature_ood_0600K,medium,40,600,2,320,69120,0.004174378266819467,0.007145230366612045,8.535186446501086e-15,0.23659633612260222,0.0010953534079750102,0.004849308933681056,0.008337416728819678,0.003499447599957877,0.005709300856839438,ic,temperature_low_train__detaqscf__medium__n040_te0600_r3_seed2
temperature,temperature_ood_0650K,medium,40,600,2,320,69120,0.005236394663113943,0.009164347957059397,9.005990397881192e-15,0.35422284351661804,0.0016399205718361945,0.006133536567225789,0.010747419734705926,0.004339252759002096,0.007243170300508688,ic,temperature_low_train__detaqscf__medium__n040_te0600_r3_seed2
temperature,temperature_ood_0700K,medium,40,600,2,320,69120,0.0068143550125048915,0.01324718854509592,9.034439862887211e-15,0.5390883923741058,0.002495779594324563,0.00806945838304112,0.016211609639830565,0.005559251641968663,0.0093893408493032,ic,temperature_low_train__detaqscf__medium__n040_te0600_r3_seed2
temperature,temperature_ood_0600K,medium,80,300,0,320,69120,0.003513655207921216,0.005869803512464662,9.500039643839386e-15,0.08022891618311405,0.00037143016751441685,0.0030804271219695557,0.0053645311591585835,0.003946883293872875,0.006334902682149241,ic,temperature_low_train__detaqscf__medium__n080_te0300_r3_seed0
temperature,temperature_ood_0650K,medium,80,300,0,320,69120,0.004335401554682021,0.00802715342226277,9.305750614529983e-15,0.10494483252987266,0.00048585570615681785,0.0038223067449919355,0.006788699577068409,0.0048484963643721036,0.009098568139075565,ic,temperature_low_train__detaqscf__medium__n080_te0300_r3_seed0
temperature,temperature_ood_0700K,medium,80,300,0,320,69120,0.005484923850247123,0.01111835909930248,9.39803790345195e-15,0.1379011736717075,0.0006384313595912385,0.004902887705730917,0.010076887243009787,0.006066959994763329,0.012070300808751667,ic,temperature_low_train__detaqscf__medium__n080_te0300_r3_seed0
temperature,temperature_ood_0600K,medium,80,300,1,320,69120,0.004310223711464511,0.007391427598039911,9.30748533800596e-15,0.13454240057617425,0.0006228814841489549,0.003938717550543151,0.006956083219369798,0.004681729872385869,0.007802519472537957,ic,temperature_low_train__detaqscf__medium__n080_te0300_r3_seed1
temperature,temperature_ood_0650K,medium,80,300,1,320,69120,0.005484085383182085,0.00968782412563876,8.822456654122846e-15,0.18138383124023677,0.0008397399594455405,0.005003389012753907,0.008988780393691774,0.005964781753610262,0.010339714677523705,ic,temperature_low_train__detaqscf__medium__n080_te0300_r3_seed1
temperature,temperature_ood_0700K,medium,80,300,1,320,69120,0.007083343435712637,0.013358172094369519,8.5566970176032e-15,0.20522237520199269,0.0009501035888981143,0.006614610806741658,0.013307266074912803,0.007552076064683615,0.013408884853598375,ic,temperature_low_train__detaqscf__medium__n080_te0300_r3_seed1
temperature,temperature_ood_0600K,medium,80,300,2,320,69120,0.004224077526662647,0.007194884351509734,8.773190507405104e-15,0.23480424731969834,0.001087056700554159,0.0048369139529201265,0.008376979778333914,0.0036112411004051675,0.00577571912895563,ic,temperature_low_train__detaqscf__medium__n080_te0300_r3_seed2
temperature,temperature_ood_0650K,medium,80,300,2,320,69120,0.0052926608536326015,0.009192131122567953,9.419895419249258e-15,0.35530448500066997,0.0016449281712993982,0.006124950047542145,0.010788087526109345,0.004460371659723058,0.007253117721226416,ic,temperature_low_train__detaqscf__medium__n080_te0300_r3_seed2
temperature,temperature_ood_0700K,medium,80,300,2,320,69120,0.0068586587477630296,0.013249383195979429,8.824191377598823e-15,0.5445845281239599,0.0025212246672405548,0.008049230599093706,0.016276015809772504,0.005668086896432353,0.009283513317049732,ic,temperature_low_train__detaqscf__medium__n080_te0300_r3_seed2
temperature,temperature_ood_0600K,medium,80,600,0,320,69120,0.0030359165289708186,0.005072089229111702,9.319975347032994e-15,0.09083532290533185,0.0004205339023394993,0.002657964913460678,0.004780190624308605,0.003413868144480959,0.005348079645201068,ic,temperature_low_train__detaqscf__medium__n080_te0600_r3_seed0
temperature,temperature_ood_0650K,medium,80,600,0,320,69120,0.0037884513151912407,0.007162852974878506,9.097236852717571e-15,0.11691467361524702,0.000541271637107625,0.003329251238040495,0.006188096253603325,0.004247651392341986,0.008019999391246375,ic,temperature_low_train__detaqscf__medium__n080_te0600_r3_seed0
temperature,temperature_ood_0700K,medium,80,600,0,320,69120,0.004841486561399232,0.010320837726509602,9.549999679947518e-15,0.1396246538963169,0.0006464104347051708,0.004392813309694644,0.009899531459952005,0.00529015981310382,0.010725607657718433,ic,temperature_low_train__detaqscf__medium__n080_te0600_r3_seed0
temperature,temperature_ood_0600K,medium,80,600,1,320,69120,0.0027694272397763764,0.00469089157977085,8.876926971268517e-15,0.07298140618950129,0.00033787688050695037,0.0027162737577491845,0.004800447906937268,0.002822580721803567,0.0045787146142898805,ic,temperature_low_train__detaqscf__medium__n080_te0600_r3_seed1
temperature,temperature_ood_0650K,medium,80,600,1,320,69120,0.0034516214319141978,0.006128476753449105,8.699291287328493e-15,0.0964044889435172,0.00044631707844220933,0.0033891137489577595,0.006205325773437491,0.0035141291148706364,0.006050651756682461,ic,temperature_low_train__detaqscf__medium__n080_te0600_r3_seed1
temperature,temperature_ood_0700K,medium,80,600,1,320,69120,0.004421590360049435,0.009084548266425664,9.197850814324226e-15,0.12621666376944632,0.0005843364063400292,0.004443404225978919,0.010050742101891861,0.004399776494119952,0.008002538198052755,ic,temperature_low_train__detaqscf__medium__n080_te0600_r3_seed1
temperature,temperature_ood_0600K,medium,80,600,2,320,69120,0.0026334864275879065,0.004587815583892666,9.218320551340753e-15,0.06726670926436781,0.00031141995029799915,0.0029282579553474527,0.005355530574371556,0.002338714899828361,0.003662566849982165,ic,temperature_low_train__detaqscf__medium__n080_te0600_r3_seed2
temperature,temperature_ood_0650K,medium,80,600,2,320,69120,0.003269202481871132,0.00596325478137315,9.321363125813775e-15,0.09358268799260258,0.00043325318515093786,0.003698073659939832,0.0070618969196437524,0.0028403313038024313,0.004609818550817976,ic,temperature_low_train__detaqscf__medium__n080_te0600_r3_seed2
temperature,temperature_ood_0700K,medium,80,600,2,320,69120,0.0042456148709009225,0.009953752119056223,8.610126500663284e-15,0.17083964818157255,0.0007909242971369099,0.004946216826029479,0.012675255374616803,0.0035450129157723657,0.006123092656777318,ic,temperature_low_train__detaqscf__medium__n080_te0600_r3_seed2
temperature,temperature_ood_0600K,medium,160,300,0,320,69120,0.002901302314770954,0.004880827690327647,8.874845303097345e-15,0.07254003612324596,0.00033583350057058315,0.002403932772885015,0.004267052645877303,0.003398671856656893,0.00542560776343533,ic,temperature_low_train__detaqscf__medium__n160_te0300_r3_seed0
temperature,temperature_ood_0650K,medium,160,300,0,320,69120,0.003611488559309705,0.006866198337216288,9.114931032172535e-15,0.09586985700298101,0.00044384193056935654,0.002992222492631561,0.005508524930316718,0.004230754625987848,0.007996593793863901,ic,temperature_low_train__detaqscf__medium__n160_te0300_r3_seed0
temperature,temperature_ood_0700K,medium,160,300,0,320,69120,0.004596758590376911,0.00983813969963046,8.752720770388579e-15,0.12522954477462916,0.0005797664109936536,0.0038855032010064773,0.008857671996832185,0.005308013979747346,0.010729381729411288,ic,temperature_low_train__detaqscf__medium__n160_te0300_r3_seed0
temperature,temperature_ood_0600K,medium,160,300,1,320,69120,0.0031462074040332416,0.005320255112183086,9.307832282701157e-15,0.09871480409055948,0.00045701298190073836,0.002981928324493591,0.005201604135424487,0.0033104864835728923,0.005436317074615444,ic,temperature_low_train__detaqscf__medium__n160_te0300_r3_seed1
temperature,temperature_ood_0650K,medium,160,300,1,320,69120,0.003947934898311006,0.007015340083988843,9.388670396681675e-15,0.11833817809820175,0.0005478619356398229,0.0037240192025519187,0.006722057938209869,0.004171850594070093,0.0072968438426069425,ic,temperature_low_train__detaqscf__medium__n160_te0300_r3_seed1
temperature,temperature_ood_0700K,medium,160,300,1,320,69120,0.005065783132204597,0.010151699865190702,8.310366284014493e-15,0.15233113076537846,0.0007052367165063818,0.004891805595396385,0.010614662482717273,0.005239760669012809,0.009666589920122825,ic,temperature_low_train__detaqscf__medium__n160_te0300_r3_seed1
temperature,temperature_ood_0600K,medium,160,300,2,320,69120,0.0030832008590180146,0.005339793891404543,9.395956235280777e-15,0.12688367012888194,0.0005874243987448239,0.0035760662237863186,0.006335914988968234,0.002590335494249712,0.004108890222180461,ic,temperature_low_train__detaqscf__medium__n160_te0300_r3_seed2
temperature,temperature_ood_0650K,medium,160,300,2,320,69120,0.0038303311836595335,0.0069184685182754994,8.234038451071513e-15,0.19179013427346944,0.0008879172883030994,0.0045116768434160836,0.008293491172409576,0.0031489855239029835,0.005191186516578151,ic,temperature_low_train__detaqscf__medium__n160_te0300_r3_seed2
temperature,temperature_ood_0700K,medium,160,300,2,320,69120,0.004974279549220846,0.010921229516077333,8.862702238765507e-15,0.31649529794231057,0.0014652560089921786,0.005992311244312769,0.013824922374543252,0.003956247854128924,0.006886075052127359,ic,temperature_low_train__detaqscf__medium__n160_te0300_r3_seed2
temperature,temperature_ood_0600K,medium,160,600,0,320,69120,0.0021112273031418036,0.003621345289494993,8.81690553899972e-15,0.06378635810688138,0.0002953072134577842,0.001953953397552904,0.0036063524021753236,0.002268501208730704,0.003636276359522117,ic,temperature_low_train__detaqscf__medium__n160_te0600_r3_seed0
temperature,temperature_ood_0650K,medium,160,600,0,320,69120,0.002625108377474078,0.0054724735985311425,8.987602329035838e-15,0.07594428039155901,0.00035159389070166204,0.002421597728683947,0.004741173585158916,0.0028286190262642097,0.006116960651224768,ic,temperature_low_train__detaqscf__medium__n160_te0600_r3_seed0
temperature,temperature_ood_0700K,medium,160,600,0,320,69120,0.0033712341436481163,0.008490596123794766,8.929662564938213e-15,0.10730930450372397,0.0004968023356653887,0.003193830504635156,0.008731494733634767,0.0035486377826610773,0.008242660055546738,ic,temperature_low_train__detaqscf__medium__n160_te0600_r3_seed0
temperature,temperature_ood_0600K,medium,160,600,1,320,69120,0.0020132587400769025,0.003266656113046611,9.48928435828833e-15,0.09391407873481512,0.00043478740155006995,0.0020408663496442794,0.003478101921316471,0.0019856511305095252,0.0030405412917347877,ic,temperature_low_train__detaqscf__medium__n160_te0600_r3_seed1
temperature,temperature_ood_0650K,medium,160,600,1,320,69120,0.0024364922143453767,0.004295910341424682,9.000439282758065e-15,0.10799183649942279,0.0004999622060158463,0.002466879058311488,0.004391654537428775,0.0024061053703792663,0.0041979830570168224,ic,temperature_low_train__detaqscf__medium__n160_te0600_r3_seed1
temperature,temperature_ood_0700K,medium,160,600,1,320,69120,0.0030495070467457083,0.0069208959236876635,8.699291287328493e-15,0.15133837346220388,0.0007006406178805735,0.0031618375345815125,0.007892630018759818,0.0029371765589099033,0.00578826331121904,ic,temperature_low_train__detaqscf__medium__n160_te0600_r3_seed1
temperature,temperature_ood_0600K,medium,160,600,2,320,69120,0.002110822941044848,0.003623806417069341,8.78325190356577e-15,0.07795218890532851,0.000360889763450595,0.002288179266757098,0.004204408753827912,0.0019334666153325978,0.002930340070285546,ic,temperature_low_train__detaqscf__medium__n160_te0600_r3_seed2
temperature,temperature_ood_0650K,medium,160,600,2,320,69120,0.0025870186968758283,0.0047206765435523785,9.700573677662305e-15,0.1042522837407887,0.00048264946176291066,0.0028486200574618114,0.005553382339555559,0.0023254173362898456,0.0037053365094689705,ic,temperature_low_train__detaqscf__medium__n160_te0600_r3_seed2
temperature,temperature_ood_0700K,medium,160,600,2,320,69120,0.003344591060428044,0.008479109589530435,9.435854875228244e-15,0.16997519570868463,0.0007869222023550214,0.003801757943417174,0.010862874102383646,0.002887424177438914,0.005078244292892634,ic,temperature_low_train__detaqscf__medium__n160_te0600_r3_seed2
temperature,temperature_ood_0600K,large,5,300,0,320,69120,0.011248325412454682,0.017039009411885058,8.599544687459826e-15,0.21387120429426432,0.000990144464325298,0.011623978824506418,0.017915145570518737,0.010872672000402952,0.016115310814990142,ic,temperature_low_train__detaqscf__large__n005_te0300_r3_seed0
temperature,temperature_ood_0650K,large,5,300,0,320,69120,0.01356355718312886,0.0204753827593089,8.331876855116604e-15,0.2938180655241013,0.0013602688218708392,0.014056891870853556,0.02151042784809862,0.013070222495404162,0.019385151329616997,ic,temperature_low_train__detaqscf__large__n005_te0300_r3_seed0
temperature,temperature_ood_0700K,large,5,300,0,320,69120,0.016601899434844584,0.025271518400182953,8.123363093304193e-15,0.4403936682734638,0.0020388595753401103,0.017189417123479645,0.02698298797632628,0.01601438174620953,0.02343539298520514,ic,temperature_low_train__detaqscf__large__n005_te0300_r3_seed0
temperature,temperature_ood_0600K,large,5,300,1,320,69120,0.013386222339209376,0.019783391031099447,8.193619394081253e-15,0.28904411853291095,0.0013381672154301433,0.013896157677906255,0.020511483603125928,0.012876287000512496,0.019027458100793926,ic,temperature_low_train__detaqscf__large__n005_te0300_r3_seed1
temperature,temperature_ood_0650K,large,5,300,1,320,69120,0.016187342142187845,0.023982467888601002,8.57300341827738e-15,0.3505606461782008,0.001622965954528708,0.01654019002936891,0.024339729780639897,0.01583449425500679,0.023619802841281037,ic,temperature_low_train__detaqscf__large__n005_te0300_r3_seed1
temperature,temperature_ood_0700K,large,5,300,1,320,69120,0.019645686731994804,0.029250990562964374,8.623657343775903e-15,0.42904840013361534,0.0019863351858037752,0.01984835139474755,0.02961976474290493,0.019443022069242068,0.028877507413283234,ic,temperature_low_train__detaqscf__large__n005_te0300_r3_seed1
temperature,temperature_ood_0600K,large,5,300,2,320,69120,0.012739770342238166,0.018941625167546196,8.800946083020732e-15,0.20993958748877048,0.0009719425346702339,0.012924100384612815,0.01961835454203763,0.012555440299863517,0.018239805180937384,ic,temperature_low_train__detaqscf__large__n005_te0300_r3_seed2
temperature,temperature_ood_0650K,large,5,300,2,320,69120,0.015636166357140657,0.023065591066054447,8.283825014832047e-15,0.26021465910598635,0.0012046974958610482,0.016016455452291314,0.024020056331488248,0.015255877261989991,0.022069886186499302,ic,temperature_low_train__detaqscf__large__n005_te0300_r3_seed2
temperature,temperature_ood_0700K,large,5,300,2,320,69120,0.01938422662715611,0.02875737916169298,8.781690652437391e-15,0.36439094389788806,0.0016869951106383704,0.01994125854638127,0.030664178902196908,0.01882719470793094,0.026714824437993393,ic,temperature_low_train__detaqscf__large__n005_te0300_r3_seed2
temperature,temperature_ood_0600K,large,5,600,0,320,69120,0.006730028779515154,0.010712353546021059,9.134359935103476e-15,0.13510461915284394,0.000625484347929833,0.007101246430324608,0.011588695181758715,0.006358811128705699,0.009757621686363039,ic,temperature_low_train__detaqscf__large__n005_te0600_r3_seed0
temperature,temperature_ood_0650K,large,5,600,0,320,69120,0.008096435898443841,0.013151210887382914,8.808925811010226e-15,0.21861245445907115,0.001012094696569774,0.008634697787964458,0.014255725790750236,0.007558174008923228,0.011944998023766112,ic,temperature_low_train__detaqscf__large__n005_te0600_r3_seed0
temperature,temperature_ood_0700K,large,5,600,0,320,69120,0.009952169893546537,0.016953881447994847,8.805109419363078e-15,0.36613509580492976,0.0016950698879857856,0.010746613191273027,0.018954315312804046,0.00915772659582005,0.014683396178273266,ic,temperature_low_train__detaqscf__large__n005_te0600_r3_seed0
temperature,temperature_ood_0600K,large,5,600,1,320,69120,0.006257430357778373,0.010201861033088304,9.204095818837743e-15,0.1187942260876298,0.0005499732689242122,0.006038680366125144,0.010026975892299315,0.006476180349431602,0.010373798317498732,ic,temperature_low_train__detaqscf__large__n005_te0600_r3_seed1
temperature,temperature_ood_0650K,large,5,600,1,320,69120,0.007678730480951151,0.012891826509665626,8.591391487122735e-15,0.155264144949615,0.0007188154858778472,0.007327119396612705,0.01224243096012078,0.008030341565289593,0.01351004314194855,ic,temperature_low_train__detaqscf__large__n005_te0600_r3_seed1
temperature,temperature_ood_0700K,large,5,600,1,320,69120,0.009485037679143906,0.01665658220943649,9.327261185632097e-15,0.18776925235870295,0.0008693020942532543,0.00904580762073764,0.016084260258109443,0.009924267737550169,0.017209881863302644,ic,temperature_low_train__detaqscf__large__n005_te0600_r3_seed1
temperature,temperature_ood_0600K,large,5,600,2,320,69120,0.005814601645403476,0.00979328390589259,8.799211359544756e-15,0.11960357995703816,0.0005537202775788804,0.0062570931819818185,0.010725543393829482,0.005372110108825134,0.008762393407620453,ic,temperature_low_train__detaqscf__large__n005_te0600_r3_seed2
temperature,temperature_ood_0650K,large,5,600,2,320,69120,0.007168488282967737,0.01236962126353339,9.58053081312471e-15,0.1668261054903269,0.0007723430809737356,0.007767061384058456,0.013505630419060215,0.0065699151818770195,0.011118138665724139,ic,temperature_low_train__detaqscf__large__n005_te0600_r3_seed2
temperature,temperature_ood_0700K,large,5,600,2,320,69120,0.009064535566999507,0.016593457777272277,8.39363301086138e-15,0.25308223855681716,0.001171677030355635,0.009918450786053768,0.01882091462278261,0.008210620347945249,0.01401637809043988,ic,temperature_low_train__detaqscf__large__n005_te0600_r3_seed2
temperature,temperature_ood_0600K,large,10,300,0,320,69120,0.010985641823857174,0.016473716571569097,8.954816055339877e-15,0.1761411334387958,0.0008154682103647954,0.011119610655997574,0.016987250837524327,0.010851672991716771,0.01594365028291231,ic,temperature_low_train__detaqscf__large__n010_te0300_r3_seed0
temperature,temperature_ood_0650K,large,10,300,0,320,69120,0.01325851890349675,0.019910099877031826,9.151880642210841e-15,0.22964046839624644,0.001063150316649289,0.013478772467211788,0.020522843161587315,0.013038265339781713,0.019277890517161216,ic,temperature_low_train__detaqscf__large__n010_te0300_r3_seed0
temperature,temperature_ood_0700K,large,10,300,0,320,69120,0.01626644060039133,0.024716796211903758,7.9209208636577e-15,0.33615246799308807,0.0015562614258939262,0.016567796958499508,0.025953868514027433,0.015965084242283156,0.02341445577240982,ic,temperature_low_train__detaqscf__large__n010_te0300_r3_seed0
temperature,temperature_ood_0600K,large,10,300,1,320,69120,0.010938070541399753,0.016468857443829754,9.1249924283332e-15,0.17322122091427444,0.0008019500968253447,0.011006500708287079,0.016561244807301433,0.010869640374512428,0.016375948871531223,ic,temperature_low_train__detaqscf__large__n010_te0300_r3_seed1
temperature,temperature_ood_0650K,large,10,300,1,320,69120,0.013232864266425462,0.02012649169250464,9.190564975725124e-15,0.21087086694315077,0.0009762540136256978,0.013164630694008547,0.019815296727018854,0.013301097838842377,0.020432947690363048,ic,temperature_low_train__detaqscf__large__n010_te0300_r3_seed1
temperature,temperature_ood_0700K,large,10,300,1,320,69120,0.01609850806071211,0.02474977207019219,8.661474315552198e-15,0.2520813304116018,0.0011670431963500085,0.015912835262048904,0.024397820972845943,0.016284180859375313,0.02509678797834275,ic,temperature_low_train__detaqscf__large__n010_te0300_r3_seed1
temperature,temperature_ood_0600K,large,10,300,2,320,69120,0.011477633207459615,0.017018596616114025,8.62990234828942e-15,0.21303410390391947,0.000986268999555183,0.011256475000000597,0.01717002702419751,0.011698791414918634,0.016865806638057448,ic,temperature_low_train__detaqscf__large__n010_te0300_r3_seed2
temperature,temperature_ood_0650K,large,10,300,2,320,69120,0.01400356271926948,0.02080949250713992,9.1326252116275e-15,0.23773984569124879,0.0011006474337557815,0.014007906279115764,0.021201484062015764,0.013999219159423202,0.020409973796590635,ic,temperature_low_train__detaqscf__large__n010_te0300_r3_seed2
temperature,temperature_ood_0700K,large,10,300,2,320,69120,0.017334962104202677,0.026083389136467256,8.105321969154033e-15,0.2756444882892538,0.0012761318902280267,0.01756289051436759,0.027328502156696424,0.01710703369403777,0.024775781472240088,ic,temperature_low_train__detaqscf__large__n010_te0300_r3_seed2
temperature,temperature_ood_0600K,large,10,600,0,320,69120,0.0059438214397002954,0.009213345619306366,9.579143034343929e-15,0.11390297850593925,0.0005273286041941633,0.00626786889612805,0.009853359236086733,0.00561977398327254,0.008525420034591136,ic,temperature_low_train__detaqscf__large__n010_te0600_r3_seed0
temperature,temperature_ood_0650K,large,10,600,0,320,69120,0.007133144851750342,0.011392288429118502,8.837375276016245e-15,0.17437437325716018,0.0008072887650794453,0.007519227217214401,0.012122145218092826,0.006747062486286284,0.010612354433203025,ic,temperature_low_train__detaqscf__large__n010_te0600_r3_seed0
temperature,temperature_ood_0700K,large,10,600,0,320,69120,0.008731358738772347,0.01481105531531766,8.879008639439689e-15,0.2910811162204482,0.0013475977602798524,0.009264751649774881,0.016261554999132854,0.008197965827769814,0.013202141800366189,ic,temperature_low_train__detaqscf__large__n010_te0600_r3_seed0
temperature,temperature_ood_0600K,large,10,600,1,320,69120,0.005831026485226046,0.009541279243627337,8.812048313266985e-15,0.12143306285142899,0.0005621901057936528,0.005518526195890855,0.008997504026178842,0.006143526774561237,0.01005569194579086,ic,temperature_low_train__detaqscf__large__n010_te0600_r3_seed1
temperature,temperature_ood_0650K,large,10,600,1,320,69120,0.007128617934001461,0.012116776840365938,9.134359935103476e-15,0.17156955730170012,0.0007943035060263893,0.006565466117193994,0.010899972785527762,0.00769176975080893,0.013222070763432285,ic,temperature_low_train__detaqscf__large__n010_te0600_r3_seed1
temperature,temperature_ood_0700K,large,10,600,1,320,69120,0.008766839128275748,0.01565279026421218,8.877273915963712e-15,0.21496093246387318,0.000995189502147561,0.00796029816091553,0.014254545210759854,0.009573380095635962,0.016935986152132817,ic,temperature_low_train__detaqscf__large__n010_te0600_r3_seed1
temperature,temperature_ood_0600K,large,10,600,2,320,69120,0.005068757955422619,0.008447330283723044,1.0154377338977839e-14,0.10692797871306539,0.0004950369384864137,0.005437383972222065,0.00912478900743781,0.004700131938623173,0.007710577372308187,ic,temperature_low_train__detaqscf__large__n010_te0600_r3_seed2
temperature,temperature_ood_0650K,large,10,600,2,320,69120,0.006242785682035092,0.01079360876870198,9.41295652534535e-15,0.14275918873026966,0.0006609221700475448,0.0066554984533811175,0.011501072325261152,0.005830072910689067,0.010036399547283503,ic,temperature_low_train__detaqscf__large__n010_te0600_r3_seed2
temperature,temperature_ood_0700K,large,10,600,2,320,69120,0.007885385682781701,0.014613294266287585,9.142339663092968e-15,0.20281337004853411,0.0009389507872617323,0.008445785101162792,0.016200110350935482,0.00732498626440061,0.012831724874066627,ic,temperature_low_train__detaqscf__large__n010_te0600_r3_seed2
temperature,temperature_ood_0600K,large,20,300,0,320,69120,0.00760218324205188,0.01194678879234912,8.884559754562816e-15,0.13012508992105723,0.0006024309718567464,0.00792334860089185,0.012551935309252782,0.007281017883211905,0.011309307887325837,ic,temperature_low_train__detaqscf__large__n020_te0300_r3_seed0
temperature,temperature_ood_0650K,large,20,300,0,320,69120,0.009110446405139994,0.014541521954586042,8.796782746678389e-15,0.18786951079964637,0.0008697662537020665,0.009551270020805013,0.015278780852932543,0.008669622789474973,0.01376483117075824,ic,temperature_low_train__detaqscf__large__n020_te0300_r3_seed0
temperature,temperature_ood_0700K,large,20,300,0,320,69120,0.011139303139435846,0.018437858214639245,8.84466111461535e-15,0.30133332702098414,0.0013950616991712228,0.011744818588062957,0.019914864864550397,0.010533787690808734,0.016831737536956066,ic,temperature_low_train__detaqscf__large__n020_te0300_r3_seed0
temperature,temperature_ood_0600K,large,20,300,1,320,69120,0.006105018897112703,0.009895615613575803,9.445395854346116e-15,0.16561936857178808,0.0007667563359805003,0.005816739259558553,0.009469821667927442,0.00639329853466685,0.010303829109653476,ic,temperature_low_train__detaqscf__large__n020_te0300_r3_seed1
temperature,temperature_ood_0650K,large,20,300,1,320,69120,0.007428666409533836,0.012418201117678785,8.808231921619836e-15,0.1856522778980434,0.0008595012865650157,0.006940150524161255,0.011412977833923692,0.007917182294906414,0.013347935232110012,ic,temperature_low_train__detaqscf__large__n020_te0300_r3_seed1
temperature,temperature_ood_0700K,large,20,300,1,320,69120,0.009076299975825866,0.015817578704850583,8.607697887796917e-15,0.20432094256393613,0.0009459302896478524,0.0083889090137164,0.01467684840006579,0.00976369093793533,0.016881401399462412,ic,temperature_low_train__detaqscf__large__n020_te0300_r3_seed1
temperature,temperature_ood_0600K,large,20,300,2,320,69120,0.0063848504631343166,0.010316072120628175,9.56110191019377e-15,0.14202849920839072,0.000657539348186994,0.006557304349359678,0.010849671757206495,0.006212396576908955,0.009753323062263418,ic,temperature_low_train__detaqscf__large__n020_te0300_r3_seed2
temperature,temperature_ood_0650K,large,20,300,2,320,69120,0.007762527516526452,0.012959227469891688,8.962275366286576e-15,0.17767150346189736,0.0008225532567680432,0.008027373845454253,0.013585375136725778,0.007497681187598648,0.012301249352290352,ic,temperature_low_train__detaqscf__large__n020_te0300_r3_seed2
temperature,temperature_ood_0700K,large,20,300,2,320,69120,0.009734168824569404,0.01715963739077567,8.567452303154255e-15,0.24461658030049876,0.0011324841680578645,0.010174618750737245,0.018715982489718848,0.009293718898401561,0.015447275171056877,ic,temperature_low_train__detaqscf__large__n020_te0300_r3_seed2
temperature,temperature_ood_0600K,large,20,600,0,320,69120,0.005447242319547483,0.008668739251643187,9.25821919128822e-15,0.1423786667175591,0.0006591604940627738,0.005896187469847719,0.009396169717114128,0.004998297169247248,0.007874393632092951,ic,temperature_low_train__detaqscf__large__n020_te0600_r3_seed0
temperature,temperature_ood_0650K,large,20,600,0,320,69120,0.006578150801874815,0.010732181440145731,9.313383397824282e-15,0.22510157180950047,0.001042136906525465,0.007062621898367869,0.011512254039778796,0.006093679705381761,0.009890775695162326,ic,temperature_low_train__detaqscf__large__n020_te0600_r3_seed0
temperature,temperature_ood_0700K,large,20,600,0,320,69120,0.00808575557805594,0.01403385421999852,9.40254818448949e-15,0.35584907726733944,0.001647449431793238,0.008672117542158613,0.015467334543101282,0.007499393613953271,0.012436224936375443,ic,temperature_low_train__detaqscf__large__n020_te0600_r3_seed0
temperature,temperature_ood_0600K,large,20,600,1,320,69120,0.005125797800478603,0.008490610832003124,9.07642017100585e-15,0.16560970721766352,0.0007667116074891829,0.00478138589414874,0.007991396041709519,0.005470209706808467,0.008962060806846103,ic,temperature_low_train__detaqscf__large__n020_te0600_r3_seed1
temperature,temperature_ood_0650K,large,20,600,1,320,69120,0.006284709928008095,0.010882990767468398,8.778394677833034e-15,0.17437787456437945,0.0008073049748350899,0.0057387720331497265,0.009810164690344353,0.006830647822866466,0.011859158690140112,ic,temperature_low_train__detaqscf__large__n020_te0600_r3_seed1
temperature,temperature_ood_0700K,large,20,600,1,320,69120,0.007791114457580644,0.014241742125014658,9.026460134897717e-15,0.18747499617747962,0.0008679397971179612,0.007085870275330929,0.013094427156791431,0.00849635863983036,0.015303281182358153,ic,temperature_low_train__detaqscf__large__n020_te0600_r3_seed1
temperature,temperature_ood_0600K,large,20,600,2,320,69120,0.004562116686255699,0.0077314185968674004,9.353975927162139e-15,0.09907104726880789,0.00045866225587411056,0.004890424258703881,0.008483357708783376,0.0042338091138075145,0.006897993115740245,ic,temperature_low_train__detaqscf__large__n020_te0600_r3_seed2
temperature,temperature_ood_0650K,large,20,600,2,320,69120,0.005682474807739501,0.010039152016592163,8.778047733137839e-15,0.12848163908347487,0.0005948224031642356,0.006101254968041941,0.010841099640817045,0.005263694647437062,0.009167317219468821,ic,temperature_low_train__detaqscf__large__n020_te0600_r3_seed2
temperature,temperature_ood_0700K,large,20,600,2,320,69120,0.007278710294389975,0.013820175210967619,9.396303179975974e-15,0.18931118736509234,0.0008764406822457979,0.00788513568038503,0.01548454872646253,0.006672284908394922,0.011925738403197321,ic,temperature_low_train__detaqscf__large__n020_te0600_r3_seed2
temperature,temperature_ood_0600K,large,40,300,0,320,69120,0.005848736753249706,0.009187610827000096,8.931744233109385e-15,0.24101034216582776,0.0011157886211380914,0.006383318199877677,0.009988910351740266,0.005314155306621737,0.008309395609893355,ic,temperature_low_train__detaqscf__large__n040_te0300_r3_seed0
temperature,temperature_ood_0650K,large,40,300,0,320,69120,0.006995121593549892,0.011273895168266419,9.223177777073488e-15,0.35272803911939266,0.0016330001811082993,0.00757882223169598,0.012147166056624591,0.006411420955403806,0.010327041266641149,ic,temperature_low_train__detaqscf__large__n040_te0300_r3_seed0
temperature,temperature_ood_0700K,large,40,300,0,320,69120,0.008557844130759574,0.01475221295026178,9.144768275959337e-15,0.516438786033541,0.0023909203057108377,0.009269505038336704,0.016389019092076882,0.007846183223182441,0.012909516918122158,ic,temperature_low_train__detaqscf__large__n040_te0300_r3_seed0
temperature,temperature_ood_0600K,large,40,300,1,320,69120,0.005202456153658556,0.008622586940509458,9.03756236514397e-15,0.10917953560128808,0.0005054608129689263,0.0050015660992757125,0.008435984303202616,0.005403346208041401,0.00880523593831577,ic,temperature_low_train__detaqscf__large__n040_te0300_r3_seed1
temperature,temperature_ood_0650K,large,40,300,1,320,69120,0.006426142231877912,0.011032973337741288,9.26411725110654e-15,0.14879266414791345,0.0006888549266107104,0.006082881050159137,0.010385154790599658,0.0067694034135966875,0.011644808341827923,ic,temperature_low_train__detaqscf__large__n040_te0300_r3_seed1
temperature,temperature_ood_0700K,large,40,300,1,320,69120,0.00800871401233351,0.014427620227197072,8.930703399023798e-15,0.18695653211325408,0.0008655395005243244,0.007560430390812042,0.013765320962779376,0.00845699763385498,0.015060823006466774,ic,temperature_low_train__detaqscf__large__n040_te0300_r3_seed1
temperature,temperature_ood_0600K,large,40,300,2,320,69120,0.0049192934356829775,0.008180377420009013,8.916131721825593e-15,0.11022249134257436,0.0005102893117711777,0.005225721328035099,0.008878899998473976,0.004612865543330858,0.00741635249193871,ic,temperature_low_train__detaqscf__large__n040_te0300_r3_seed2
temperature,temperature_ood_0650K,large,40,300,2,320,69120,0.006047811964339134,0.010529409533983874,8.962622310981772e-15,0.15327336266636848,0.0007095989012331874,0.006435012388873823,0.01127393750217724,0.005660611539804447,0.009728065761789579,ic,temperature_low_train__detaqscf__large__n040_te0300_r3_seed2
temperature,temperature_ood_0700K,large,40,300,2,320,69120,0.007678840535057936,0.014432149004316308,1.0088110902195523e-14,0.22878818050958216,0.001059204539396214,0.008267151286264382,0.01611886844709196,0.0070905297838514915,0.012520220834750467,ic,temperature_low_train__detaqscf__large__n040_te0300_r3_seed2
temperature,temperature_ood_0600K,large,40,600,0,320,69120,0.004047789545656298,0.006527158746172749,9.384507060339331e-15,0.17604493331164123,0.0008150228394057463,0.0042015190197944394,0.0069422429800200585,0.0038940600715181564,0.006083819935027749,ic,temperature_low_train__detaqscf__large__n040_te0600_r3_seed0
temperature,temperature_ood_0650K,large,40,600,0,320,69120,0.004953263604221259,0.008280459299001718,9.386241783815308e-15,0.24521254049614072,0.0011352432430376885,0.005124365672803214,0.00875851587702062,0.004782161535639304,0.007773056801337922,ic,temperature_low_train__detaqscf__large__n040_te0600_r3_seed0
temperature,temperature_ood_0700K,large,40,600,0,320,69120,0.006234152987564439,0.01145344123999688,8.906417270360123e-15,0.3582830897765234,0.0016587180082246456,0.006510779998405016,0.012776137320858893,0.005957525976723862,0.00995655299964195,ic,temperature_low_train__detaqscf__large__n040_te0600_r3_seed0
temperature,temperature_ood_0600K,large,40,600,1,320,69120,0.0036626342574801346,0.006270268550694773,8.50500225801909e-15,0.09709601951763033,0.0004495186088779182,0.0035467378341781926,0.006043481153988629,0.003778530680782076,0.006489134837329867,ic,temperature_low_train__detaqscf__large__n040_te0600_r3_seed1
temperature,temperature_ood_0650K,large,40,600,1,320,69120,0.0046372197529332025,0.008242055105364679,9.663450595276402e-15,0.138922090921551,0.0006431578283405138,0.004417768658056729,0.00760962880098708,0.004856670847809676,0.008829297493624499,ic,temperature_low_train__detaqscf__large__n040_te0600_r3_seed1
temperature,temperature_ood_0700K,large,40,600,1,320,69120,0.005933270544721633,0.01111073206542759,9.025419300812132e-15,0.17737280162982644,0.0008211703779158631,0.0056431789363642435,0.010445719354469248,0.006223362153079022,0.01173812937512227,ic,temperature_low_train__detaqscf__large__n040_te0600_r3_seed1
temperature,temperature_ood_0600K,large,40,600,2,320,69120,0.003671053717132761,0.006334748426886996,9.602735273617214e-15,0.09711755933240056,0.0004496183302425952,0.003896488380241202,0.006877683739241147,0.003445619054024321,0.005740691739404969,ic,temperature_low_train__detaqscf__large__n040_te0600_r3_seed2
temperature,temperature_ood_0650K,large,40,600,2,320,69120,0.004657920431384028,0.00843987798568423,9.226647224025442e-15,0.12245186483487487,0.0005669067816429392,0.004921501914008274,0.008952689429900811,0.004394338948759781,0.007893822445318674,ic,temperature_low_train__detaqscf__large__n040_te0600_r3_seed2
temperature,temperature_ood_0700K,large,40,600,2,320,69120,0.006039968112325565,0.01201664829662328,8.918213389996765e-15,0.1573124443530105,0.0007282983534861599,0.006442483790176391,0.01337632913724068,0.005637452434474739,0.010482055684916213,ic,temperature_low_train__detaqscf__large__n040_te0600_r3_seed2
temperature,temperature_ood_0600K,large,80,300,0,320,69120,0.0037278322488997657,0.006037644739411885,9.225606389939855e-15,0.13222750490531326,0.0006121643745616354,0.003893145345225202,0.00644673223366816,0.0035625191525743304,0.005598745529677157,ic,temperature_low_train__detaqscf__large__n080_te0300_r3_seed0
temperature,temperature_ood_0650K,large,80,300,0,320,69120,0.004567664216580098,0.007671684653928303,9.68149171942656e-15,0.19204045617952942,0.0008890761860163401,0.00477212668048085,0.008152047267126586,0.004363201752679349,0.007159163094466558,ic,temperature_low_train__detaqscf__large__n080_te0300_r3_seed0
temperature,temperature_ood_0700K,large,80,300,0,320,69120,0.005776844975521515,0.010677151298584223,9.135053824493866e-15,0.2921415137068834,0.001352507007902238,0.0060966789696612475,0.011949559742341468,0.0054570109813817805,0.009230988119910548,ic,temperature_low_train__detaqscf__large__n080_te0300_r3_seed0
temperature,temperature_ood_0600K,large,80,300,1,320,69120,0.0038661729353369856,0.006597015334065535,9.347037033258232e-15,0.10609344597905875,0.0004911733610141609,0.0036454743805337587,0.006241127354953155,0.004086871490140212,0.006934663075813203,ic,temperature_low_train__detaqscf__large__n080_te0300_r3_seed1
temperature,temperature_ood_0650K,large,80,300,1,320,69120,0.004872878532722881,0.008659504343455016,8.922376726339109e-15,0.15363479107618333,0.0007112721809082561,0.004517233763027435,0.00784384953914926,0.005228523302418327,0.009404682629191722,ic,temperature_low_train__detaqscf__large__n080_te0300_r3_seed1
temperature,temperature_ood_0700K,large,80,300,1,320,69120,0.006200806178962677,0.011631995455911094,9.117706589734098e-15,0.19904295671731234,0.0009214951699875571,0.005754702627319978,0.010718585256971485,0.006646909730605377,0.012478724560695542,ic,temperature_low_train__detaqscf__large__n080_te0300_r3_seed1
temperature,temperature_ood_0600K,large,80,300,2,320,69120,0.0037955326405360234,0.006572710209192444,8.910233662007271e-15,0.10760203851386904,0.0004981575857123567,0.004055257993146639,0.007196019408528179,0.0035358072879254072,0.005883735519219988,ic,temperature_low_train__detaqscf__large__n080_te0300_r3_seed2
temperature,temperature_ood_0650K,large,80,300,2,320,69120,0.00481974912433427,0.00871971032260884,8.52963533137796e-15,0.13464803704991937,0.000623370541897775,0.005134290069215821,0.009328372471786016,0.0045052081794527184,0.00806524415303388,ic,temperature_low_train__detaqscf__large__n080_te0300_r3_seed2
temperature,temperature_ood_0700K,large,80,300,2,320,69120,0.006270247191598713,0.012328126539206492,8.468920009718772e-15,0.18709106523310765,0.0008661623390421652,0.006730337615724285,0.013756297172830688,0.005810156767473139,0.01071119489254795,ic,temperature_low_train__detaqscf__large__n080_te0300_r3_seed2
temperature,temperature_ood_0600K,large,80,600,0,320,69120,0.002521701301350635,0.004090778268024243,8.558431741079176e-15,0.09005916686728596,0.00041694058734854613,0.0025199112120587175,0.004330993921541035,0.0025234913906425527,0.003835547591655389,ic,temperature_low_train__detaqscf__large__n080_te0600_r3_seed0
temperature,temperature_ood_0650K,large,80,600,0,320,69120,0.003093206246492238,0.005342253987379443,8.992112610073378e-15,0.13371457522735,0.0006190489593858796,0.0031238541969424555,0.005624805016115898,0.0030625582960420203,0.005043899668115985,ic,temperature_low_train__detaqscf__large__n080_te0600_r3_seed0
temperature,temperature_ood_0700K,large,80,600,0,320,69120,0.0039727263855373,0.008194384265270327,8.759659664292486e-15,0.21807029477786272,0.0010095846980456608,0.004126494585109485,0.009485421518492106,0.0038189581859651156,0.0066575254855198805,ic,temperature_low_train__detaqscf__large__n080_te0600_r3_seed0
temperature,temperature_ood_0600K,large,80,600,1,320,69120,0.003480502655859002,0.00595902733801621,9.234280007319739e-15,0.08909040270373225,0.0004124555680728345,0.003294485023220304,0.0056038003677708614,0.0036665202884977,0.006294238243713077,ic,temperature_low_train__detaqscf__large__n080_te0600_r3_seed1
temperature,temperature_ood_0650K,large,80,600,1,320,69120,0.004419827019427367,0.007879954352773843,9.295342273674123e-15,0.12562027042731644,0.0005815753260523909,0.004110398865672178,0.007130404581703742,0.004729255173182554,0.008564151546114604,ic,temperature_low_train__detaqscf__large__n080_te0600_r3_seed1
temperature,temperature_ood_0700K,large,80,600,1,320,69120,0.005692182862764672,0.010755032182647341,9.891046315324559e-15,0.16554969912394882,0.0007664337922405037,0.005309595121637649,0.010063608459863095,0.006074770603891697,0.011404613946387311,ic,temperature_low_train__detaqscf__large__n080_te0600_r3_seed1
temperature,temperature_ood_0600K,large,80,600,2,320,69120,0.0028073587754397326,0.004855144948034595,9.040337922705532e-15,0.07903621606528759,0.0003659084077096648,0.002874488039252019,0.005111758402425901,0.002740229511627447,0.004584189237812931,ic,temperature_low_train__detaqscf__large__n080_te0600_r3_seed2
temperature,temperature_ood_0650K,large,80,600,2,320,69120,0.0035683546650855176,0.0066248194659247325,8.720107969040214e-15,0.1034439668059349,0.00047890725373118004,0.0036188260058949697,0.006704368456611112,0.003517883324276065,0.006544303592452632,ic,temperature_low_train__detaqscf__large__n080_te0600_r3_seed2
temperature,temperature_ood_0700K,large,80,600,2,320,69120,0.004643371118208773,0.009990116147835668,8.968520370800093e-15,0.1380096139619127,0.000638933397971818,0.004751835648935454,0.011005993253417452,0.0045349065874820925,0.008858496136490857,ic,temperature_low_train__detaqscf__large__n080_te0600_r3_seed2
temperature,temperature_ood_0600K,large,160,300,0,320,69120,0.0027261452570676403,0.0044461408297400175,9.195075256762664e-15,0.06821143887937069,0.00031579369851560514,0.002723511030807432,0.00465585960094816,0.0027287794833278484,0.004226027440992469,ic,temperature_low_train__detaqscf__large__n160_te0300_r3_seed0
temperature,temperature_ood_0650K,large,160,300,0,320,69120,0.003359899067001185,0.005797221260288495,8.944234242136417e-15,0.10267888186499477,0.0004753651938194202,0.0033813090980102773,0.006039351906555518,0.003338489035992092,0.005544526781454487,ic,temperature_low_train__detaqscf__large__n160_te0300_r3_seed0
temperature,temperature_ood_0700K,large,160,300,0,320,69120,0.004312291894237377,0.008691456162622348,8.488001967954517e-15,0.17603036503423936,0.0008149553936770341,0.004443662742027492,0.00989081226877835,0.004180921046447263,0.007297578579046318,ic,temperature_low_train__detaqscf__large__n160_te0300_r3_seed0
temperature,temperature_ood_0600K,large,160,300,1,320,69120,0.003048433498461061,0.005144747182509669,8.922723671034306e-15,0.0856045295484364,0.0003963172664279463,0.002974161740294395,0.0050210259287222486,0.0031227052566277264,0.005265562246045644,ic,temperature_low_train__detaqscf__large__n160_te0300_r3_seed1
temperature,temperature_ood_0650K,large,160,300,1,320,69120,0.003824490974528686,0.006826936702158312,9.146156054740117e-15,0.10455034989863635,0.00048402939767887195,0.0036594021404037494,0.0063543102542202145,0.003989579808653623,0.007268897486116051,ic,temperature_low_train__detaqscf__large__n160_te0300_r3_seed1
temperature,temperature_ood_0700K,large,160,300,1,320,69120,0.004888532426345114,0.009486570515643344,9.609674167521121e-15,0.12959177773445846,0.0005999619339558262,0.004670594938794681,0.009174513004927661,0.005106469913895546,0.009788684866669294,ic,temperature_low_train__detaqscf__large__n160_te0300_r3_seed1
temperature,temperature_ood_0600K,large,160,300,2,320,69120,0.003026860556637086,0.00521829515043148,9.586081928247836e-15,0.09566094353795052,0.00044287473860162274,0.0031044506872937067,0.005514957987539868,0.002949270425980466,0.004903717666189972,ic,temperature_low_train__detaqscf__large__n160_te0300_r3_seed2
temperature,temperature_ood_0650K,large,160,300,2,320,69120,0.0038437189660423124,0.007091703176368622,9.337669526487958e-15,0.12099153157323599,0.0005601459795057221,0.0039036853238461158,0.00723060402666813,0.0037837526082385086,0.006950026855557051,ic,temperature_low_train__detaqscf__large__n160_te0300_r3_seed2
temperature,temperature_ood_0700K,large,160,300,2,320,69120,0.004989676638361733,0.010519157266038663,9.601000550141237e-15,0.15377804500749334,0.0007119353935532099,0.005127478035666734,0.011555290935396473,0.004851875241056729,0.009369129659346812,ic,temperature_low_train__detaqscf__large__n160_te0300_r3_seed2
temperature,temperature_ood_0600K,large,160,600,0,320,69120,0.0019757342896549114,0.0030302988594083052,9.228381947501419e-15,0.04461391484364867,0.00020654590205392907,0.0019944216667905084,0.0032678160041895404,0.0019570469125193145,0.0027725080554301834,ic,temperature_low_train__detaqscf__large__n160_te0600_r3_seed0
temperature,temperature_ood_0650K,large,160,600,0,320,69120,0.0023492859368275123,0.004056414106771986,9.287015600989435e-15,0.06517616203054785,0.00030174149088216603,0.0024100673538747673,0.004272379403768253,0.0022885045197802573,0.0038282848694283934,ic,temperature_low_train__detaqscf__large__n160_te0600_r3_seed0
temperature,temperature_ood_0700K,large,160,600,0,320,69120,0.002934264220869812,0.006850211886960893,9.100706299669525e-15,0.11812252934905701,0.0005468635618011899,0.003151074455755982,0.008227183438775565,0.002717453985983642,0.005115101021217244,ic,temperature_low_train__detaqscf__large__n160_te0600_r3_seed0
temperature,temperature_ood_0600K,large,160,600,1,320,69120,0.003217906679093215,0.004474685839315319,9.038950143924752e-15,0.052287887409329416,0.00024207355282096951,0.0032066026008023586,0.004543020371680619,0.00322921075738407,0.004405291434585566,ic,temperature_low_train__detaqscf__large__n160_te0600_r3_seed1
temperature,temperature_ood_0650K,large,160,600,1,320,69120,0.003623963931556415,0.005580196796190538,8.976500098789587e-15,0.0714405283331871,0.00033074318672771813,0.0036124608450136737,0.005414301585763159,0.003635467018099155,0.005741300454325033,ic,temperature_low_train__detaqscf__large__n160_te0600_r3_seed1
temperature,temperature_ood_0700K,large,160,600,1,320,69120,0.004293546770833144,0.007847640278970086,9.003908729710019e-15,0.09215863393619657,0.0004266603422972063,0.004283618900389315,0.008152385280085266,0.004303474641276976,0.007530573028745987,ic,temperature_low_train__detaqscf__large__n160_te0600_r3_seed1
temperature,temperature_ood_0600K,large,160,600,2,320,69120,0.0018840153794304501,0.0031731730249720653,8.97615315409439e-15,0.050001525040715936,0.00023148854185516636,0.0018458666240947195,0.0033470429278730173,0.0019221641347661807,0.0029892068733689127,ic,temperature_low_train__detaqscf__large__n160_te0600_r3_seed2
temperature,temperature_ood_0650K,large,160,600,2,320,69120,0.002306047913821833,0.004506577341118756,9.429956815409923e-15,0.06635219575837255,0.00030718609147394694,0.0022370629681853016,0.0044473564703040635,0.002375032859458365,0.00456503002060387,ic,temperature_low_train__detaqscf__large__n160_te0600_r3_seed2
temperature,temperature_ood_0700K,large,160,600,2,320,69120,0.002920497717095764,0.0077016643515156235,8.672229601103254e-15,0.10085771211888642,0.0004669338524022519,0.002884509138648692,0.008857402622986944,0.002956486295542836,0.006338587093439447,ic,temperature_low_train__detaqscf__large__n160_te0600_r3_seed2
deformation,deformation_ood_lambda0p5,small,5,300,0,320,69120,0.027025552547263874,0.034381674325369295,8.15198603065781e-15,0.17849456444382666,0.0008263637242769753,0.027265710658195785,0.03455146036518909,0.02678539443633197,0.03421104566458446,baseline,deformation_low_train__baseline__small__n005_te0300_r1_seed0
deformation,deformation_ood_lambda0p75,small,5,300,0,320,69120,0.027768725256511587,0.03558727254064643,7.899757237250781e-15,0.17889166651293636,0.0008282021597821127,0.027874151605942487,0.03575558394070008,0.027663298907080688,0.03541816131342852,baseline,deformation_low_train__baseline__small__n005_te0300_r1_seed0
deformation,deformation_ood_lambda1p0,small,5,300,0,320,69120,0.02966093359961729,0.03822330703769051,7.638681354116272e-15,0.18773487443104386,0.0008691429371807587,0.029574456725068983,0.03807017765263614,0.029747410474165594,0.03837582540209193,baseline,deformation_low_train__baseline__small__n005_te0300_r1_seed0
deformation,deformation_ood_lambda0p5,small,5,300,1,320,69120,0.013325045474217114,0.018662998061125792,8.20732370954147e-15,0.57221656171605,0.002649150748685416,0.01872258253644038,0.024173280854568036,0.007927508411993847,0.010595635232742992,baseline,deformation_low_train__baseline__small__n005_te0300_r1_seed1
deformation,deformation_ood_lambda0p75,small,5,300,1,320,69120,0.013198526229127152,0.018649369173247214,8.307243781757734e-15,0.9049184292554855,0.004189437172479099,0.01836419785896697,0.02399880390295206,0.008032854599287332,0.010938708897661553,baseline,deformation_low_train__baseline__small__n005_te0300_r1_seed1
deformation,deformation_ood_lambda1p0,small,5,300,1,320,69120,0.01344694022839954,0.018900823368105894,9.756084828893563e-15,1.146081625111401,0.00530593344958982,0.018042569367048317,0.023739933340085742,0.008851311089750763,0.01228404709340374,baseline,deformation_low_train__baseline__small__n005_te0300_r1_seed1
deformation,deformation_ood_lambda0p5,small,5,300,2,320,69120,0.024195386429469164,0.031440473064038375,8.298223219682655e-15,0.3125116378068924,0.0014468131379948724,0.0252275840505055,0.03301347345879815,0.023163188808432822,0.029784513814502263,baseline,deformation_low_train__baseline__small__n005_te0300_r1_seed2
deformation,deformation_ood_lambda0p75,small,5,300,2,320,69120,0.026182748306216384,0.03430685004289328,8.684199193087495e-15,0.4189966471865773,0.0019397992925304505,0.027237344987743786,0.036229868545219056,0.025128151624688986,0.03226943669987563,baseline,deformation_low_train__baseline__small__n005_te0300_r1_seed2
deformation,deformation_ood_lambda1p0,small,5,300,2,320,69120,0.030772120095283212,0.03998705322588589,8.631984016460592e-15,0.48790139248594644,0.0022588027429904928,0.03163228473036495,0.04170297998482726,0.029911955460201464,0.038194113574800494,baseline,deformation_low_train__baseline__small__n005_te0300_r1_seed2
deformation,deformation_ood_lambda0p5,small,5,600,0,320,69120,0.020116048088506925,0.026281602331075654,8.412714969097124e-15,0.18782097082585097,0.000869541531601162,0.019522276060217836,0.02544016040956855,0.020709820116796007,0.02709692751056886,baseline,deformation_low_train__baseline__small__n005_te0600_r1_seed0
deformation,deformation_ood_lambda0p75,small,5,600,0,320,69120,0.0213449100110578,0.02832705722799197,8.191537725910081e-15,0.18837998043745757,0.0008721295390623035,0.02074127945649266,0.027631853335047456,0.021948540565622933,0.029005603314985372,baseline,deformation_low_train__baseline__small__n005_te0600_r1_seed0
deformation,deformation_ood_lambda1p0,small,5,600,0,320,69120,0.024671718172009763,0.03278005969985802,8.710220045227147e-15,0.19326371978968382,0.0008947394434707585,0.02404190997416805,0.03186453667519101,0.025301526369851474,0.03367069839382485,baseline,deformation_low_train__baseline__small__n005_te0600_r1_seed0
deformation,deformation_ood_lambda0p5,small,5,600,1,320,69120,0.007913475205720336,0.011246998471454623,8.623310399080708e-15,0.27459247745573523,0.0012712614697024775,0.010661064409053615,0.014108418302024741,0.005165886002387059,0.007344554598401354,baseline,deformation_low_train__baseline__small__n005_te0600_r1_seed1
deformation,deformation_ood_lambda0p75,small,5,600,1,320,69120,0.008471639598231117,0.011983730668446674,9.109032972354214e-15,0.4521343156695366,0.002093214424396002,0.010853598792034371,0.014558627680760874,0.006089680404427866,0.008675595744427122,baseline,deformation_low_train__baseline__small__n005_te0600_r1_seed1
deformation,deformation_ood_lambda1p0,small,5,600,1,320,69120,0.010087539262182381,0.013654059047531256,8.919601168777547e-15,0.5537409281358123,0.0025636154080361678,0.011853599548914734,0.01566133360462302,0.00832147897545003,0.011295542778974637,baseline,deformation_low_train__baseline__small__n005_te0600_r1_seed1
deformation,deformation_ood_lambda0p5,small,5,600,2,320,69120,0.018520238057650185,0.0245439073276958,8.584626065566425e-15,0.2534778302535415,0.0011735084733960253,0.020506301882687324,0.027046192910929173,0.016534174232613053,0.02175569403273184,baseline,deformation_low_train__baseline__small__n005_te0600_r1_seed2
deformation,deformation_ood_lambda0p75,small,5,600,2,320,69120,0.020384427731461787,0.027315242054971073,8.49077752551608e-15,0.3500510759651661,0.0016206068331720653,0.022384788142078057,0.03004931249590445,0.018384067320845514,0.024275166643440396,baseline,deformation_low_train__baseline__small__n005_te0600_r1_seed2
deformation,deformation_ood_lambda1p0,small,5,600,2,320,69120,0.024880599902750506,0.03280089970160113,8.651065974696337e-15,0.5300902179442346,0.0024541213793714566,0.02649528788071635,0.03517108850718072,0.02326591192478466,0.03024553811207623,baseline,deformation_low_train__baseline__small__n005_te0600_r1_seed2
deformation,deformation_ood_lambda0p5,small,10,300,0,320,69120,0.027450293422987538,0.03486826508526945,7.44057593315972e-15,0.17893744884058832,0.0008284141150027238,0.027786981515057475,0.03516289093573478,0.02711360533091761,0.034571128433345394,baseline,deformation_low_train__baseline__small__n010_te0300_r1_seed0
deformation,deformation_ood_lambda0p75,small,10,300,0,320,69120,0.028165333343644062,0.036021063012791094,8.076525559452819e-15,0.17694053649902344,0.0008191691504584418,0.028359486218347038,0.0363037669231336,0.027971180468941082,0.03573612273783664,baseline,deformation_low_train__baseline__small__n010_te0300_r1_seed0
deformation,deformation_ood_lambda1p0,small,10,300,0,320,69120,0.029927434189158397,0.03847907835311704,7.821521208484228e-15,0.18027469227090478,0.0008346050568097443,0.02991637440019227,0.038428300230641296,0.029938493978124515,0.03852978955554175,baseline,deformation_low_train__baseline__small__n010_te0300_r1_seed0
deformation,deformation_ood_lambda0p5,small,10,300,1,320,69120,0.013727741474706512,0.01916398959161831,9.626327512890498e-15,0.5729748993180692,0.002652661570916987,0.019238841636342714,0.024806145381543365,0.008216641313070304,0.010916599536716764,baseline,deformation_low_train__baseline__small__n010_te0300_r1_seed1
deformation,deformation_ood_lambda0p75,small,10,300,1,320,69120,0.013570313744554528,0.019103357347982377,8.609432611272894e-15,0.9122256637550891,0.004223266961829115,0.018860002114449975,0.02459449062984941,0.008280625374659076,0.01117978329788525,baseline,deformation_low_train__baseline__small__n010_te0300_r1_seed1
deformation,deformation_ood_lambda1p0,small,10,300,1,320,69120,0.013728922317869673,0.019246840163368414,8.856804178947187e-15,1.1580381453968585,0.005361287710170641,0.01846268741624425,0.024240180999117067,0.008995157219495098,0.012381249439315355,baseline,deformation_low_train__baseline__small__n010_te0300_r1_seed1
deformation,deformation_ood_lambda0p5,small,10,300,2,320,69120,0.024133741604366255,0.03130492314138118,8.161180065080487e-15,0.3517415196634829,0.0016284329614050135,0.024937236399732502,0.032590900235444975,0.023330246809,0.02996380562643602,baseline,deformation_low_train__baseline__small__n010_te0300_r1_seed2
deformation,deformation_ood_lambda0p75,small,10,300,2,320,69120,0.026113906871571828,0.03416615078187222,8.524778105645225e-15,0.5027135834097862,0.0023273777009712327,0.02694753149899767,0.035817451481627405,0.02528028224414599,0.03243087861684481,baseline,deformation_low_train__baseline__small__n010_te0300_r1_seed2
deformation,deformation_ood_lambda1p0,small,10,300,2,320,69120,0.03066249723060824,0.03980394063725482,8.335693246763753e-15,0.623962025064975,0.002888713079004514,0.031306555364445425,0.04124612163638062,0.030018439096771054,0.03830750357913063,baseline,deformation_low_train__baseline__small__n010_te0300_r1_seed2
deformation,deformation_ood_lambda0p5,small,10,600,0,320,69120,0.020474397233700595,0.02664570072337166,8.977887877570367e-15,0.18357461439445616,0.000849882474048408,0.0202337128179137,0.02619794440901989,0.020715081649487495,0.027086056243404672,baseline,deformation_low_train__baseline__small__n010_te0600_r1_seed0
deformation,deformation_ood_lambda0p75,small,10,600,0,320,69120,0.02174044537126593,0.02871256846050811,8.424858033428962e-15,0.1936649835668504,0.0008965971461428261,0.021477333608176687,0.02837583497346637,0.022003557134355162,0.029045398340483013,baseline,deformation_low_train__baseline__small__n010_te0600_r1_seed0
deformation,deformation_ood_lambda1p0,small,10,600,0,320,69120,0.02508249967670406,0.0331498840721659,8.078433755276392e-15,0.21466123443096877,0.000993802011254485,0.024756807438265572,0.03253405377710325,0.025408191915142538,0.03375448078144042,baseline,deformation_low_train__baseline__small__n010_te0600_r1_seed0
deformation,deformation_ood_lambda0p5,small,10,600,1,320,69120,0.00824679372318291,0.011743641273168803,8.747516599960648e-15,0.3170882312580943,0.0014680010706393254,0.011258976694930405,0.01484044233830626,0.00523461075143541,0.007455701972930151,baseline,deformation_low_train__baseline__small__n010_te0600_r1_seed1
deformation,deformation_ood_lambda0p75,small,10,600,1,320,69120,0.00883573789350894,0.012491347219975796,9.360567876370851e-15,0.5213359704241156,0.0024135924556672023,0.011451585573784303,0.01528506002957281,0.006219890213233582,0.008856322635967468,baseline,deformation_low_train__baseline__small__n010_te0600_r1_seed1
deformation,deformation_ood_lambda1p0,small,10,600,1,320,69120,0.010526002740411761,0.0142029184342709,9.20583054231372e-15,0.6508705750107765,0.0030132896991239655,0.012471821923936309,0.01640880712794142,0.008580183556887213,0.011584335662398738,baseline,deformation_low_train__baseline__small__n010_te0600_r1_seed1
deformation,deformation_ood_lambda0p5,small,10,600,2,320,69120,0.018338425607855344,0.024247164607498064,8.452613609044591e-15,0.22085379315540193,0.0010224712646083422,0.0201287090653392,0.026499463653219556,0.016548142150371488,0.02176300551619443,baseline,deformation_low_train__baseline__small__n010_te0600_r1_seed2
deformation,deformation_ood_lambda0p75,small,10,600,2,320,69120,0.02030633281448803,0.02714705702540025,9.532132028144957e-15,0.2964073199778795,0.0013722561110087012,0.022086495230546403,0.02960152467644696,0.01852617039842964,0.024447395507709357,baseline,deformation_low_train__baseline__small__n010_te0600_r1_seed2
deformation,deformation_ood_lambda1p0,small,10,600,2,320,69120,0.024992936311847954,0.03281540900233715,8.319039901394377e-15,0.4403136268258095,0.0020384890130824515,0.026378139729365015,0.03487723436650786,0.02360773289433089,0.03061503975050535,baseline,deformation_low_train__baseline__small__n010_te0600_r1_seed2
deformation,deformation_ood_lambda0p5,small,20,300,0,320,69120,0.019617666829980566,0.02558298667334879,8.315396982094825e-15,0.19028134206309916,0.0008809321391810145,0.019427743238292824,0.02521795519174246,0.019807590421668315,0.025942882457521035,baseline,deformation_low_train__baseline__small__n020_te0300_r1_seed0
deformation,deformation_ood_lambda0p75,small,20,300,0,320,69120,0.020786774505599848,0.0275850842910459,8.951693553083118e-15,0.2133920269086957,0.000987926050503221,0.020584822034366512,0.027332795115124826,0.020988726976833183,0.027835086884772296,baseline,deformation_low_train__baseline__small__n020_te0300_r1_seed0
deformation,deformation_ood_lambda1p0,small,20,300,0,320,69120,0.02410438777067247,0.032052461142587495,8.665290707199346e-15,0.2753396044485271,0.001274720390965403,0.023872468724178694,0.03153991612934909,0.024336306817166246,0.03255693814147436,baseline,deformation_low_train__baseline__small__n020_te0300_r1_seed0
deformation,deformation_ood_lambda0p5,small,20,300,1,320,69120,0.007939979008809998,0.01132494663024266,9.400466516318318e-15,0.3749134480953217,0.0017357104078487113,0.010851868446478787,0.014294328685634355,0.005028089571141209,0.007223641725801465,baseline,deformation_low_train__baseline__small__n020_te0300_r1_seed1
deformation,deformation_ood_lambda0p75,small,20,300,1,320,69120,0.008600603977751003,0.012126289183145237,9.14893161230168e-15,0.5897170349955558,0.0027301714583127593,0.01111209736415153,0.014789767550108914,0.006089110591350474,0.008680815314259122,baseline,deformation_low_train__baseline__small__n020_te0300_r1_seed1
deformation,deformation_ood_lambda1p0,small,20,300,1,320,69120,0.010391470616651745,0.013924073303121419,9.379302889911401e-15,0.7362159948796034,0.0034084073837018685,0.012237088257349153,0.0160130225702868,0.008545852975954336,0.011460486153077572,baseline,deformation_low_train__baseline__small__n020_te0300_r1_seed1
deformation,deformation_ood_lambda0p5,small,20,300,2,320,69120,0.017075015241728133,0.022779956753763896,9.890005481238972e-15,0.22716759303584694,0.0010517018196104025,0.0198916196664626,0.02604845421182607,0.014258410816993666,0.018956025231601357,baseline,deformation_low_train__baseline__small__n020_te0300_r1_seed2
deformation,deformation_ood_lambda0p75,small,20,300,2,320,69120,0.018790136405213483,0.025413464932908136,8.225885250734421e-15,0.36234349431470037,0.0016775161773828723,0.021531949283557384,0.02876822423567411,0.016048323526869582,0.02154246211829734,baseline,deformation_low_train__baseline__small__n020_te0300_r1_seed2
deformation,deformation_ood_lambda1p0,small,20,300,2,320,69120,0.02314741077622244,0.03071251154114206,9.030449998892464e-15,0.5919481717981399,0.002740500795361759,0.025280002957864364,0.03351664425847328,0.021014818594580518,0.027625192994448357,baseline,deformation_low_train__baseline__small__n020_te0300_r1_seed2
deformation,deformation_ood_lambda0p5,small,20,600,0,320,69120,0.010434589192766438,0.014649201373777395,8.944928131526807e-15,0.16941809570416808,0.000784343035667445,0.011048906607411554,0.015341523846988137,0.009820271778121316,0.01392249431069222,baseline,deformation_low_train__baseline__small__n020_te0600_r1_seed0
deformation,deformation_ood_lambda0p75,small,20,600,0,320,69120,0.011858292750384887,0.016977660149851616,8.952560914821106e-15,0.21476407069712877,0.0009942781050792998,0.012460840510607495,0.017772758565698092,0.011255744990162278,0.016143448866122886,baseline,deformation_low_train__baseline__small__n020_te0600_r1_seed0
deformation,deformation_ood_lambda1p0,small,20,600,0,320,69120,0.015418110052795168,0.021432012495424074,8.577860644010116e-15,0.3154184205457568,0.0014602704654896148,0.01579150445031102,0.02189770060647441,0.015044715655279322,0.020955978320213002,baseline,deformation_low_train__baseline__small__n020_te0600_r1_seed0
deformation,deformation_ood_lambda0p5,small,20,600,1,320,69120,0.003428583780748499,0.0049484708052049105,8.60006510450262e-15,0.06662442013621331,0.0003084463895195061,0.0037595005530930443,0.00549294005930036,0.0030976670084039547,0.0043361660628790525,baseline,deformation_low_train__baseline__small__n020_te0600_r1_seed1
deformation,deformation_ood_lambda0p75,small,20,600,1,320,69120,0.0037187427923176565,0.0054204112316353446,8.732251033372052e-15,0.052393303252756596,0.00024256158913313239,0.003944831128140837,0.005847450958689202,0.003492654456494475,0.0049567159617837616,baseline,deformation_low_train__baseline__small__n020_te0600_r1_seed1
deformation,deformation_ood_lambda1p0,small,20,600,1,320,69120,0.004413898291199792,0.0062993909686010815,8.169853682460371e-15,0.09710709191858768,0.0004495698699934616,0.004471400323012827,0.00639139404105516,0.004356396259386756,0.006206024118753512,baseline,deformation_low_train__baseline__small__n020_te0600_r1_seed1
deformation,deformation_ood_lambda0p5,small,20,600,2,320,69120,0.008142788807757867,0.01181111084960983,8.838763054797027e-15,0.2742872760631144,0.0012698485002921964,0.011313880549166325,0.015022653900738526,0.0049716970663494075,0.007302365971530577,baseline,deformation_low_train__baseline__small__n020_te0600_r1_seed2
deformation,deformation_ood_lambda0p75,small,20,600,2,320,69120,0.009096389433796377,0.013244306659119515,9.508366316524075e-15,0.627977783139795,0.0029073045515731247,0.012107136011797874,0.016450136730757226,0.006085642855794877,0.008956356362996448,baseline,deformation_low_train__baseline__small__n020_te0600_r1_seed2
deformation,deformation_ood_lambda1p0,small,20,600,2,320,69120,0.011518726392376201,0.016042528760388964,8.669107098846495e-15,1.0528198502957822,0.004874165973591585,0.01383723269368583,0.01885395402468279,0.009200220091066571,0.012619583023656606,baseline,deformation_low_train__baseline__small__n020_te0600_r1_seed2
deformation,deformation_ood_lambda0p5,small,40,300,0,320,69120,0.014184684401172194,0.019127054634352544,8.866171685717461e-15,0.20408156989142298,0.0009448220828306621,0.014075605207675715,0.018919031390855608,0.01429376359466867,0.01933283965698868,baseline,deformation_low_train__baseline__small__n040_te0300_r1_seed0
deformation,deformation_ood_lambda0p75,small,40,300,0,320,69120,0.015422965174643718,0.021375406455156676,8.66286209433298e-15,0.2541015200316906,0.0011763959260726418,0.015380325184284489,0.021326651914989142,0.015465605165002949,0.0214240500452925,baseline,deformation_low_train__baseline__small__n040_te0300_r1_seed0
deformation,deformation_ood_lambda1p0,small,40,300,0,320,69120,0.019010912783739196,0.02616111320581164,9.16315634480469e-15,0.34458122598007324,0.0015952834536114503,0.018958924588019448,0.02583846123002969,0.019062900979458945,0.026479834017584716,baseline,deformation_low_train__baseline__small__n040_te0300_r1_seed0
deformation,deformation_ood_lambda0p5,small,40,300,1,320,69120,0.004655008161491913,0.006652231527858741,9.376874277045032e-15,0.0844170730561018,0.00039081978266713795,0.005453849069688556,0.0076428158866409844,0.0038561672532952686,0.00548559330641489,baseline,deformation_low_train__baseline__small__n040_te0300_r1_seed1
deformation,deformation_ood_lambda0p75,small,40,300,1,320,69120,0.0050742170871497325,0.007294642945002602,9.287015600989435e-15,0.11200856324285269,0.000518558163161355,0.005698082187524082,0.00807640483228406,0.004450351986775383,0.006418357763105074,baseline,deformation_low_train__baseline__small__n040_te0300_r1_seed1
deformation,deformation_ood_lambda1p0,small,40,300,1,320,69120,0.00621164934723242,0.008613380080947508,9.392486788328824e-15,0.07921149656176567,0.00036671989148965586,0.006573431337359573,0.008948150055468552,0.005849867357105266,0.008265061610329638,baseline,deformation_low_train__baseline__small__n040_te0300_r1_seed1
deformation,deformation_ood_lambda0p5,small,40,300,2,320,69120,0.012627327808514154,0.01725354824021032,8.557043962298394e-15,0.3130677495151758,0.0014493877292369249,0.015084301062646566,0.020026947982173054,0.010170354554381743,0.013938838124960922,baseline,deformation_low_train__baseline__small__n040_te0300_r1_seed2
deformation,deformation_ood_lambda0p75,small,40,300,2,320,69120,0.014020177719665693,0.01943605991216792,8.830609854459937e-15,0.5604136339388788,0.002594507564531846,0.01643241226273258,0.022291354858393675,0.011607943176598814,0.016081553046765434,baseline,deformation_low_train__baseline__small__n040_te0300_r1_seed2
deformation,deformation_ood_lambda1p0,small,40,300,2,320,69120,0.017714863720376953,0.023881873324639057,9.403589018575076e-15,0.8413267235271633,0.003895031127440571,0.01955947911144689,0.026283134703943795,0.015870248329307023,0.02121048271781098,baseline,deformation_low_train__baseline__small__n040_te0300_r1_seed2
deformation,deformation_ood_lambda0p5,small,40,600,0,320,69120,0.006534710917811085,0.009237417532919347,8.181649802097012e-15,0.11943270498886704,0.0005529291897632733,0.006974963597122603,0.009768344781369068,0.006094458238499569,0.00867405358452847,baseline,deformation_low_train__baseline__small__n040_te0600_r1_seed0
deformation,deformation_ood_lambda0p75,small,40,600,0,320,69120,0.007370062828877914,0.010646009911419372,9.419201529858867e-15,0.17754718754440546,0.0008219777201129882,0.007833301379217287,0.01130289708850955,0.006906824278538544,0.009945831864386275,baseline,deformation_low_train__baseline__small__n040_te0600_r1_seed0
deformation,deformation_ood_lambda1p0,small,40,600,0,320,69120,0.009303859769069178,0.013275652914494302,9.271056145010447e-15,0.26042155399918554,0.001205655342588822,0.009620475469461152,0.013738376037460974,0.0089872440686772,0.012796208206557136,baseline,deformation_low_train__baseline__small__n040_te0600_r1_seed0
deformation,deformation_ood_lambda0p5,small,40,600,1,320,69120,0.0025723614273861113,0.0036890134421282196,8.915437832435202e-15,0.041109556518495086,0.00019032202091895872,0.0028134016125604755,0.004122128790309175,0.002331321242211747,0.003197763998250904,baseline,deformation_low_train__baseline__small__n040_te0600_r1_seed1
deformation,deformation_ood_lambda0p75,small,40,600,1,320,69120,0.002713686451534657,0.003954041956181101,8.938683127013292e-15,0.08637501839548349,0.00039988434442353465,0.002877785019839722,0.004333062462164705,0.0025495878832295926,0.0035346096363615695,baseline,deformation_low_train__baseline__small__n040_te0600_r1_seed1
deformation,deformation_ood_lambda1p0,small,40,600,1,320,69120,0.0030354959989095614,0.004409247808407215,9.196463035543444e-15,0.22327095307409764,0.0010336618197874891,0.003067195457511738,0.004564667761294172,0.003003796540307385,0.004248145560228522,baseline,deformation_low_train__baseline__small__n040_te0600_r1_seed1
deformation,deformation_ood_lambda0p5,small,40,600,2,320,69120,0.005043914082699803,0.007276328901992411,9.141645773702578e-15,0.10649733217433095,0.0004930432045107914,0.0066211429699014265,0.008947165731607282,0.003466685195498178,0.005083124034596493,baseline,deformation_low_train__baseline__small__n040_te0600_r1_seed2
deformation,deformation_ood_lambda0p75,small,40,600,2,320,69120,0.005576047664635178,0.008118337480684462,9.23879028835728e-15,0.2594620643183589,0.001201213260733143,0.0071257971045120385,0.009857107111653081,0.004026298224758318,0.0058866158605747785,baseline,deformation_low_train__baseline__small__n040_te0600_r1_seed2
deformation,deformation_ood_lambda1p0,small,40,600,2,320,69120,0.006849499728474912,0.009713819475653918,8.560166464555153e-15,0.4769507825374603,0.0022081054747104647,0.00817695041906519,0.011310736693192084,0.005522049037884634,0.00779639744166913,baseline,deformation_low_train__baseline__small__n040_te0600_r1_seed2
deformation,deformation_ood_lambda0p5,small,80,300,0,320,69120,0.008174609515891988,0.011564471181424625,8.707617960013182e-15,0.14179666666314006,0.0006564660493663892,0.0087110988329058,0.01218932059736288,0.007638120198878172,0.010903873201147675,baseline,deformation_low_train__baseline__small__n080_te0300_r1_seed0
deformation,deformation_ood_lambda0p75,small,80,300,0,320,69120,0.009228609947129046,0.013359273776689903,9.423885283244005e-15,0.1858709705993533,0.0008605137527747838,0.009774942981719267,0.014106278979598529,0.008682276912538821,0.012567946730904207,baseline,deformation_low_train__baseline__small__n080_te0300_r1_seed0
deformation,deformation_ood_lambda1p0,small,80,300,0,320,69120,0.011830687343163046,0.016798736999425443,9.413650414735742e-15,0.27495374595746397,0.001272934009062333,0.012166878741417546,0.017273075550567573,0.011494495944908548,0.01631060975488395,baseline,deformation_low_train__baseline__small__n080_te0300_r1_seed0
deformation,deformation_ood_lambda0p5,small,80,300,1,320,69120,0.0029017545469201054,0.004155052854111514,9.237055564881303e-15,0.04473443198949099,0.00020710385180319898,0.0030844140378023734,0.004519438061564202,0.002719095056037839,0.003755477073369679,baseline,deformation_low_train__baseline__small__n080_te0300_r1_seed1
deformation,deformation_ood_lambda0p75,small,80,300,1,320,69120,0.0030789496528099082,0.004480806895266489,9.35848620819968e-15,0.09066052343696356,0.000419724645541498,0.003182646754310838,0.00476845291246932,0.002975252551308977,0.004173382044205668,baseline,deformation_low_train__baseline__small__n080_te0300_r1_seed1
deformation,deformation_ood_lambda1p0,small,80,300,1,320,69120,0.0034947101000583998,0.005065263558736711,8.822109709427651e-15,0.2395656045526266,0.0011091000210769753,0.003451830002738595,0.0050692448595016084,0.0035375901973782047,0.005061279126204037,baseline,deformation_low_train__baseline__small__n080_te0300_r1_seed1
deformation,deformation_ood_lambda0p5,small,80,300,2,320,69120,0.006297153784152962,0.009139328363795378,8.660433481466611e-15,0.1884482391178608,0.0008724455514715777,0.008436553173494718,0.011368941601090957,0.004157754394811206,0.006148317880000415,baseline,deformation_low_train__baseline__small__n080_te0300_r1_seed2
deformation,deformation_ood_lambda0p75,small,80,300,2,320,69120,0.006992197169247436,0.010238953246715938,1.030148188974067e-14,0.4226952842436731,0.0019569226122392275,0.009064805420324467,0.012522257806630193,0.004919588918170403,0.007270858725154741,baseline,deformation_low_train__baseline__small__n080_te0300_r1_seed2
deformation,deformation_ood_lambda1p0,small,80,300,2,320,69120,0.008725760161130278,0.012354593133676019,9.083706009604952e-15,0.7131426877342164,0.0033015865172880392,0.010414534696107614,0.0144057804875918,0.007036985626152943,0.009886628927024042,baseline,deformation_low_train__baseline__small__n080_te0300_r1_seed2
deformation,deformation_ood_lambda0p5,small,80,600,0,320,69120,0.003335488211040657,0.00480598413798294,9.113543253391754e-15,0.050808649696409705,0.00023522523007597085,0.003619079672781283,0.0052250949795338555,0.0030518967493000306,0.00434664807914528,baseline,deformation_low_train__baseline__small__n080_te0600_r1_seed0
deformation,deformation_ood_lambda0p75,small,80,600,0,320,69120,0.003699870511812167,0.00541208430046604,8.975112320008805e-15,0.06761410403996707,0.0003130282594442919,0.004031861554103072,0.005965382621297961,0.0033678794695212616,0.004795364754866749,baseline,deformation_low_train__baseline__small__n080_te0600_r1_seed0
deformation,deformation_ood_lambda1p0,small,80,600,0,320,69120,0.004304664234652482,0.006357739685153796,9.538897449701267e-15,0.0746073329821229,0.00034540431936168006,0.00467973469013338,0.006929804271311933,0.003929593779171583,0.005728832391479598,baseline,deformation_low_train__baseline__small__n080_te0600_r1_seed0
deformation,deformation_ood_lambda0p5,small,80,600,1,320,69120,0.0019759724083687437,0.0028412312541563245,9.526407440674234e-15,0.03486542850732803,0.00016141402086725941,0.0021991145017937553,0.0032694865019163755,0.0017528303149437331,0.002335732881340686,baseline,deformation_low_train__baseline__small__n080_te0600_r1_seed1
deformation,deformation_ood_lambda0p75,small,80,600,1,320,69120,0.002082517750584233,0.00303508155750233,8.663209039028175e-15,0.06316260248422623,0.0002924194559454918,0.00225678694157239,0.003470870060446819,0.001908248559596076,0.0025251734880747177,baseline,deformation_low_train__baseline__small__n080_te0600_r1_seed1
deformation,deformation_ood_lambda1p0,small,80,600,1,320,69120,0.0022918923925566875,0.0033345849827838944,9.079542673262608e-15,0.14709272813051938,0.0006809848524561082,0.002402203666066702,0.0036976153907471655,0.0021815811190466733,0.002926867683535663,baseline,deformation_low_train__baseline__small__n080_te0600_r1_seed1
deformation,deformation_ood_lambda0p5,small,80,600,2,320,69120,0.002695349387548907,0.003752532779863514,9.168013570537425e-15,0.06473010666668415,0.00029967641975316736,0.0030694646661173657,0.004196038033133723,0.0023212341089804485,0.0032490412974284667,baseline,deformation_low_train__baseline__small__n080_te0600_r1_seed2
deformation,deformation_ood_lambda0p75,small,80,600,2,320,69120,0.0029191411081404494,0.0040944500732306805,9.028888747764086e-15,0.10743191167712211,0.0004973699614681579,0.0032913980636821065,0.004549716090921947,0.002546884152598791,0.0035817769746821714,baseline,deformation_low_train__baseline__small__n080_te0600_r1_seed2
deformation,deformation_ood_lambda1p0,small,80,600,2,320,69120,0.0033416818466487203,0.004716852308170809,9.294301439588537e-15,0.1563155423849821,0.0007236830665971394,0.003667190036080415,0.005012230783625023,0.003016173657217026,0.004401696714435727,baseline,deformation_low_train__baseline__small__n080_te0600_r1_seed2
deformation,deformation_ood_lambda0p5,small,160,300,0,320,69120,0.0037140293813193027,0.005369347527669444,1.0363931934875836e-14,0.049566556513309476,0.00022947479867272907,0.00406533493122229,0.005848372825826579,0.003362723831416316,0.004843172620908031,baseline,deformation_low_train__baseline__small__n160_te0300_r1_seed0
deformation,deformation_ood_lambda0p75,small,160,300,0,320,69120,0.00413509881434022,0.006084755572348605,9.821310431590292e-15,0.07500825375318527,0.0003472604340425244,0.004532373958763594,0.006699784131774922,0.003737823669916845,0.005400129011243319,baseline,deformation_low_train__baseline__small__n160_te0300_r1_seed0
deformation,deformation_ood_lambda1p0,small,160,300,0,320,69120,0.004886731144123224,0.007235780635078308,9.041031812095924e-15,0.10116605721414089,0.000468361375991393,0.0052958987713778655,0.007828239045236642,0.004477563516868582,0.0065902743682324065,baseline,deformation_low_train__baseline__small__n160_te0300_r1_seed0
deformation,deformation_ood_lambda0p5,small,160,300,1,320,69120,0.002069545055554977,0.0030007615123337694,9.182932192430827e-15,0.05481969490647316,0.0002537948838262646,0.002309327043349559,0.0034586918857774165,0.001829763067760396,0.0024589814450427967,baseline,deformation_low_train__baseline__small__n160_te0300_r1_seed1
deformation,deformation_ood_lambda0p75,small,160,300,1,320,69120,0.002185643580374889,0.0032068066206017943,9.51322354225681e-15,0.09931208770722151,0.0004597781838297292,0.0023748242243260796,0.003667050833959874,0.001996462936423698,0.002668324490204516,baseline,deformation_low_train__baseline__small__n160_te0300_r1_seed1
deformation,deformation_ood_lambda1p0,small,160,300,1,320,69120,0.002415698514179747,0.0035316114444269783,9.829637104274979e-15,0.1998928554356098,0.0009254298862759714,0.0025335878388322536,0.003904835069988449,0.00229780918952724,0.003113972039855773,baseline,deformation_low_train__baseline__small__n160_te0300_r1_seed1
deformation,deformation_ood_lambda0p5,small,160,300,2,320,69120,0.003445826417498868,0.004833698855508326,9.136788547969843e-15,0.04612260311841965,0.00021353056999268356,0.003959124731934733,0.005396193316520576,0.0029325281030630037,0.004196473155189207,baseline,deformation_low_train__baseline__small__n160_te0300_r1_seed2
deformation,deformation_ood_lambda0p75,small,160,300,2,320,69120,0.0037992980171171298,0.0053805616866649045,8.92619311798626e-15,0.08249644730240106,0.0003819279967703753,0.004274317218515822,0.005902375449732303,0.003324278815718437,0.00480237984528608,baseline,deformation_low_train__baseline__small__n160_te0300_r1_seed2
deformation,deformation_ood_lambda1p0,small,160,300,2,320,69120,0.004484364636450308,0.006374527863759431,9.2970769971501e-15,0.1567612512037158,0.0007257465333505362,0.00485465838458895,0.006652059635510928,0.004114070888311668,0.00608434988945384,baseline,deformation_low_train__baseline__small__n160_te0300_r1_seed2
deformation,deformation_ood_lambda0p5,small,160,600,0,320,69120,0.0018423203583001905,0.002636175762522058,9.399425682232731e-15,0.03808968160301447,0.0001763411185324744,0.002105953188888366,0.003022224325585381,0.001578687527712015,0.002182889238522536,baseline,deformation_low_train__baseline__small__n160_te0600_r1_seed0
deformation,deformation_ood_lambda0p75,small,160,600,0,320,69120,0.0020362428185882607,0.002972189460472032,9.192299699201101e-15,0.04114771652966738,0.00019049868763734894,0.002366034410953322,0.003475493316529126,0.0017064512262231987,0.0023640572295618055,baseline,deformation_low_train__baseline__small__n160_te0600_r1_seed0
deformation,deformation_ood_lambda1p0,small,160,600,0,320,69120,0.0023800743788251442,0.003537387933815066,9.360914821066046e-15,0.06342087779194117,0.0002936151749626906,0.0027963894587208164,0.00413172861857808,0.001963759298929472,0.0028204690055066567,baseline,deformation_low_train__baseline__small__n160_te0600_r1_seed0
deformation,deformation_ood_lambda0p5,small,160,600,1,320,69120,0.0013760339813013093,0.0019127503468154088,9.41295652534535e-15,0.02860366739332676,0.00013242438608021648,0.0014700354169223798,0.0020992580779153752,0.001282032545680239,0.0017059728311998345,baseline,deformation_low_train__baseline__small__n160_te0600_r1_seed1
deformation,deformation_ood_lambda0p75,small,160,600,1,320,69120,0.001451664976041064,0.0020517355835695406,9.625633623500108e-15,0.044913689605891705,0.00020793374817542454,0.0015550231156246008,0.0022912085992654726,0.0013483068364575272,0.0017803373175954143,baseline,deformation_low_train__baseline__small__n160_te0600_r1_seed1
deformation,deformation_ood_lambda1p0,small,160,600,1,320,69120,0.0015900949301981898,0.002254847560092816,9.210340823351259e-15,0.07352876421064139,0.00034041094541963605,0.0017027391335097835,0.0024980005183637913,0.0014774507268865958,0.0019820868923352674,baseline,deformation_low_train__baseline__small__n160_te0600_r1_seed1
deformation,deformation_ood_lambda0p5,small,160,600,2,320,69120,0.001375645650025337,0.0018270935007561264,9.112849364001363e-15,0.01716454904526472,7.946550483918852e-05,0.0013645532992425722,0.0018006553005144735,0.0013867380008081018,0.0018531545563551044,baseline,deformation_low_train__baseline__small__n160_te0600_r1_seed2
deformation,deformation_ood_lambda0p75,small,160,600,2,320,69120,0.0014752032087869244,0.0019780015185431213,8.973724541228023e-15,0.0306469751521945,0.0001418841442231227,0.0014506809720839788,0.0019292835839396633,0.0014997254454898704,0.002025548041261602,baseline,deformation_low_train__baseline__small__n160_te0600_r1_seed2
deformation,deformation_ood_lambda1p0,small,160,600,2,320,69120,0.001636050694282914,0.0022574568413044984,8.866518630412656e-15,0.06797948628664016,0.0003147198439196304,0.0015549518036226833,0.002069535414456177,0.0017171495849431448,0.002430894063717435,baseline,deformation_low_train__baseline__small__n160_te0600_r1_seed2
deformation,deformation_ood_lambda0p5,medium,5,300,0,320,69120,0.02245326465000852,0.028784450176782484,8.946142437959992e-15,0.3542145974934101,0.0016398823958028246,0.02295022756953574,0.029161433077872948,0.021956301730481298,0.02840246406219157,baseline,deformation_low_train__baseline__medium__n005_te0300_r1_seed0
deformation,deformation_ood_lambda0p75,medium,5,300,0,320,69120,0.02341234683527772,0.030347326849192818,8.307417254105331e-15,0.5369092646054924,0.0024856910398402426,0.024052928644088728,0.030989190031037228,0.0227717650264667,0.02969159131814497,baseline,deformation_low_train__baseline__medium__n005_te0300_r1_seed0
deformation,deformation_ood_lambda1p0,medium,5,300,0,320,69120,0.026036771152997157,0.03382686900330291,8.42052122473902e-15,0.5779735211282968,0.0026758033385569304,0.026587783548537327,0.0342030734373391,0.025485758757456976,0.0334464333012239,baseline,deformation_low_train__baseline__medium__n005_te0300_r1_seed0
deformation,deformation_ood_lambda0p5,medium,5,300,1,320,69120,0.020547722397522717,0.026392336850927015,8.314182675661641e-15,0.20775027982890606,0.0009618068510597503,0.023362024388838474,0.02969683631255783,0.017733420406206953,0.022609927066020066,baseline,deformation_low_train__baseline__medium__n005_te0300_r1_seed1
deformation,deformation_ood_lambda0p75,medium,5,300,1,320,69120,0.020929983722467443,0.027143216771892777,8.629555403594225e-15,0.25427442640066145,0.0011771964185215808,0.02360738951769378,0.030454307256515187,0.018252577927241116,0.02336757589005948,baseline,deformation_low_train__baseline__medium__n005_te0300_r1_seed1
deformation,deformation_ood_lambda1p0,medium,5,300,1,320,69120,0.0224937824027524,0.029329171946792857,8.286947517088806e-15,0.325177361164242,0.00150545074613075,0.024973680130907096,0.03243199672456277,0.02001388467459771,0.0258566479387223,baseline,deformation_low_train__baseline__medium__n005_te0300_r1_seed1
deformation,deformation_ood_lambda0p5,medium,5,300,2,320,69120,0.02122205935099781,0.02803273145163788,8.469266954413967e-15,0.23804704770445823,0.001102069665298418,0.02489575072576832,0.03224053623387217,0.017548367976227296,0.023069804694268024,baseline,deformation_low_train__baseline__medium__n005_te0300_r1_seed2
deformation,deformation_ood_lambda0p75,medium,5,300,2,320,69120,0.023006686372110754,0.03064923215156896,9.059593353288875e-15,0.24566715164110065,0.0011373479242643549,0.02654750625720594,0.03497790983732029,0.019465866487015576,0.025598763375870894,baseline,deformation_low_train__baseline__medium__n005_te0300_r1_seed2
deformation,deformation_ood_lambda1p0,medium,5,300,2,320,69120,0.027511210437196235,0.03601298084916265,8.511941151922997e-15,0.3331360532902181,0.001542296543010269,0.030504104310388906,0.0399066064638642,0.024518316564003554,0.03164383573182278,baseline,deformation_low_train__baseline__medium__n005_te0300_r1_seed2
deformation,deformation_ood_lambda0p5,medium,5,600,0,320,69120,0.015098160224923907,0.019926240942898417,8.48626724447854e-15,0.16535951867699622,0.0007655533272083159,0.015095570283690886,0.019791384221818833,0.015100750166156926,0.020060191096129238,baseline,deformation_low_train__baseline__medium__n005_te0600_r1_seed0
deformation,deformation_ood_lambda0p75,medium,5,600,0,320,69120,0.01621729635301529,0.021786973991018848,8.831650688545523e-15,0.16138909878209234,0.000747171753620798,0.016245800494981304,0.021827448022165886,0.016188792211049272,0.021746424630506737,baseline,deformation_low_train__baseline__medium__n005_te0600_r1_seed0
deformation,deformation_ood_lambda1p0,medium,5,600,0,320,69120,0.019390517531344645,0.025845979192014246,8.894274206028285e-15,0.21726993275806308,0.001005879318324366,0.019358564155806744,0.025650856694684043,0.01942247090688255,0.02603963962148573,baseline,deformation_low_train__baseline__medium__n005_te0600_r1_seed0
deformation,deformation_ood_lambda0p5,medium,5,600,1,320,69120,0.010719324383028401,0.01428558158825142,8.818640262475697e-15,0.17366018537431954,0.0008039823396959239,0.010642625816686678,0.014539930667903996,0.010796022949370127,0.014026621075716018,baseline,deformation_low_train__baseline__medium__n005_te0600_r1_seed1
deformation,deformation_ood_lambda0p75,medium,5,600,1,320,69120,0.011752492050503428,0.01597442805857166,8.748904378741428e-15,0.1856233178637922,0.0008593672123323712,0.011794622289072736,0.016627896092520838,0.011710361811934125,0.015293062974214598,baseline,deformation_low_train__baseline__medium__n005_te0600_r1_seed1
deformation,deformation_ood_lambda1p0,medium,5,600,1,320,69120,0.014364522134360446,0.019333136656628443,8.702760734280446e-15,0.2016594300046563,0.0009336084722437793,0.014503817002802247,0.02018398348797215,0.014225227265918643,0.018443078824453597,baseline,deformation_low_train__baseline__medium__n005_te0600_r1_seed1
deformation,deformation_ood_lambda0p5,medium,5,600,2,320,69120,0.015829330558634065,0.02125750851655394,8.48106307405061e-15,0.2534822355955839,0.0011735288684980737,0.017813167210745936,0.023552466205392968,0.013845493906522196,0.018682737280884428,baseline,deformation_low_train__baseline__medium__n005_te0600_r1_seed2
deformation,deformation_ood_lambda0p75,medium,5,600,2,320,69120,0.01737142904091975,0.023640705821421373,8.949091467869153e-15,0.40619494654238225,0.0018805321599184362,0.019427257236845432,0.026174110946249166,0.015315600844994073,0.02080100621708989,baseline,deformation_low_train__baseline__medium__n005_te0600_r1_seed2
deformation,deformation_ood_lambda1p0,medium,5,600,2,320,69120,0.021417203833682324,0.0285383761314142,8.227793446557996e-15,0.6361593334935606,0.0029451820995072247,0.023155546308929784,0.030786303750441852,0.019678861358434864,0.026097534861010786,baseline,deformation_low_train__baseline__medium__n005_te0600_r1_seed2
deformation,deformation_ood_lambda0p5,medium,10,300,0,320,69120,0.022802468622183176,0.029225847061369277,8.136373519374019e-15,0.3290230413898826,0.0015232548212494562,0.02378546475799785,0.03017421264548998,0.021819472486368507,0.028245657438513396,baseline,deformation_low_train__baseline__medium__n010_te0300_r1_seed0
deformation,deformation_ood_lambda0p75,medium,10,300,0,320,69120,0.023767512366980496,0.03079623099203422,8.908498938531295e-15,0.5536342769861221,0.002563121652713529,0.02489820072224264,0.031993105683035865,0.022636824011718355,0.029550920042928554,baseline,deformation_low_train__baseline__medium__n010_te0300_r1_seed0
deformation,deformation_ood_lambda1p0,medium,10,300,0,320,69120,0.02637585950349838,0.03424716377946111,8.41306191379232e-15,0.635945713892579,0.0029441931198730515,0.027373491870042958,0.035133925715533185,0.025378227136953795,0.033336822249426565,baseline,deformation_low_train__baseline__medium__n010_te0300_r1_seed0
deformation,deformation_ood_lambda0p5,medium,10,300,1,320,69120,0.02119267383117334,0.02728241739063657,8.172976184717128e-15,0.2173949858173728,0.0010064582676730222,0.024608870320161357,0.031206909209940806,0.017776477342185314,0.022688971217671574,baseline,deformation_low_train__baseline__medium__n010_te0300_r1_seed1
deformation,deformation_ood_lambda0p75,medium,10,300,1,320,69120,0.02156497961916579,0.027998358532260806,8.582891342090448e-15,0.30995777416974307,0.001434989695230292,0.02479790456342959,0.03187415054987751,0.018332054674901985,0.02349158759483459,baseline,deformation_low_train__baseline__medium__n010_te0300_r1_seed1
deformation,deformation_ood_lambda1p0,medium,10,300,1,320,69120,0.023125216477906364,0.030117321324074322,8.182170219139806e-15,0.43330128137022256,0.0020060244507880674,0.026071660538026432,0.033685320123389824,0.020178772417786282,0.026065404191376592,baseline,deformation_low_train__baseline__medium__n010_te0300_r1_seed1
deformation,deformation_ood_lambda0p5,medium,10,300,2,320,69120,0.021327556171337917,0.02807067522420319,8.715597688002674e-15,0.2290836780332029,0.0010605725834870504,0.024989878073295092,0.03224276247801422,0.01766523426938074,0.02315879709466249,baseline,deformation_low_train__baseline__medium__n010_te0300_r1_seed2
deformation,deformation_ood_lambda0p75,medium,10,300,2,320,69120,0.023061660113179127,0.030625875950892455,8.972683707142436e-15,0.2365550484508276,0.001095162261346424,0.026580065921795668,0.034905528558437884,0.01954325430456259,0.025641619129356537,baseline,deformation_low_train__baseline__medium__n010_te0300_r1_seed2
deformation,deformation_ood_lambda1p0,medium,10,300,2,320,69120,0.027461409931518563,0.03586235249342001,8.266130835377084e-15,0.31844971934333444,0.0014743042562191408,0.030409992838430763,0.039671893401465395,0.024512827024606356,0.031596796145612345,baseline,deformation_low_train__baseline__medium__n010_te0300_r1_seed2
deformation,deformation_ood_lambda0p5,medium,10,600,0,320,69120,0.015378323996793933,0.020249682044851704,8.826273045769994e-15,0.16590272057801486,0.0007680681508241428,0.015732925729835673,0.02050780999068425,0.015023722263752192,0.019988220911856317,baseline,deformation_low_train__baseline__medium__n010_te0600_r1_seed0
deformation,deformation_ood_lambda0p75,medium,10,600,0,320,69120,0.016584867251701895,0.02221749078485232,9.006163870228789e-15,0.1583813587203622,0.000733247031112788,0.01693914935883232,0.02260239019886579,0.01623058514457148,0.02182580470104623,baseline,deformation_low_train__baseline__medium__n010_te0600_r1_seed0
deformation,deformation_ood_lambda1p0,medium,10,600,0,320,69120,0.019897499227621185,0.026412487049628175,9.298811720626076e-15,0.19534523086622357,0.0009043760688251093,0.020107946000320634,0.02648483188428592,0.01968705245492174,0.02633994351464452,baseline,deformation_low_train__baseline__medium__n010_te0600_r1_seed0
deformation,deformation_ood_lambda0p5,medium,10,600,1,320,69120,0.010802283189469465,0.01436527678662766,9.532305500492555e-15,0.16722324369475244,0.0007741816837720021,0.010599871574086935,0.014439245839561772,0.011004694804851993,0.014290924879011332,baseline,deformation_low_train__baseline__medium__n010_te0600_r1_seed1
deformation,deformation_ood_lambda0p75,medium,10,600,1,320,69120,0.011758678511845616,0.01596552112989228,9.226300279330247e-15,0.17855953127145768,0.0008266644966271188,0.011638220336827333,0.0163911192014196,0.011879136686863901,0.015528262659516281,baseline,deformation_low_train__baseline__medium__n010_te0600_r1_seed1
deformation,deformation_ood_lambda1p0,medium,10,600,1,320,69120,0.014277882536403566,0.01923424733008411,8.989337052511814e-15,0.19286717278882862,0.0008929035777260586,0.014237696420717842,0.01981749562105013,0.014318068652089292,0.018632750951465923,baseline,deformation_low_train__baseline__medium__n010_te0600_r1_seed1
deformation,deformation_ood_lambda0p5,medium,10,600,2,320,69120,0.015807334461874763,0.021134312291263335,8.690617669948608e-15,0.25497675128281116,0.0011804479226056068,0.01778280494080867,0.02336069701615832,0.013831863982940862,0.018643930566501814,baseline,deformation_low_train__baseline__medium__n010_te0600_r1_seed2
deformation,deformation_ood_lambda0p75,medium,10,600,2,320,69120,0.0173499479425965,0.0235284001228031,8.665637651894542e-15,0.4498670859262347,0.002082717990399235,0.019377075918357363,0.025966053183652298,0.015322819966835636,0.02080709750881132,baseline,deformation_low_train__baseline__medium__n010_te0600_r1_seed2
deformation,deformation_ood_lambda1p0,medium,10,600,2,320,69120,0.021448322036814595,0.028457695525769173,8.34193825127727e-15,0.7032377403229475,0.0032557302792729052,0.023136961628891787,0.030574559731562655,0.0197596824447374,0.02617015793792374,baseline,deformation_low_train__baseline__medium__n010_te0600_r1_seed2
deformation,deformation_ood_lambda0p5,medium,20,300,0,320,69120,0.014743447966796355,0.019435422608742908,8.708311849403572e-15,0.17827332485467196,0.0008253394669197776,0.01509180307131681,0.019700471231848055,0.014395092862275902,0.019166709086434138,baseline,deformation_low_train__baseline__medium__n020_te0300_r1_seed0
deformation,deformation_ood_lambda0p75,medium,20,300,0,320,69120,0.01587687933642484,0.021350573211246733,9.254576271988668e-15,0.1674896501004696,0.0007754150467614333,0.016224242213227824,0.021741094652228475,0.015529516459621846,0.020952774427756712,baseline,deformation_low_train__baseline__medium__n020_te0300_r1_seed0
deformation,deformation_ood_lambda1p0,medium,20,300,0,320,69120,0.019176165259508538,0.02556258235151972,8.571789111844197e-15,0.19941227780655027,0.0009232049898451402,0.019390745731305385,0.025635631064694502,0.01896158478771169,0.025489324292168384,baseline,deformation_low_train__baseline__medium__n020_te0300_r1_seed0
deformation,deformation_ood_lambda0p5,medium,20,300,1,320,69120,0.010591033765256011,0.013989118661272419,9.438977377485002e-15,0.20258519183844328,0.0009378944066594597,0.010712306111359865,0.014415307002274424,0.010469761419152158,0.013549531573766618,baseline,deformation_low_train__baseline__medium__n020_te0300_r1_seed1
deformation,deformation_ood_lambda0p75,medium,20,300,1,320,69120,0.01142433750323711,0.015480515483874132,9.351200369600577e-15,0.20189789179712533,0.0009347124620237284,0.011642224148962781,0.016258246651031517,0.01120645085751144,0.014661587060313633,baseline,deformation_low_train__baseline__medium__n020_te0300_r1_seed1
deformation,deformation_ood_lambda1p0,medium,20,300,1,320,69120,0.013794015072505224,0.0186482771795212,9.32101618111858e-15,0.2099186393432319,0.0009718455525149625,0.014058788104857278,0.019572035071486284,0.013529242040153173,0.017676309758799014,baseline,deformation_low_train__baseline__medium__n020_te0300_r1_seed1
deformation,deformation_ood_lambda0p5,medium,20,300,2,320,69120,0.015399407470548993,0.02062478823109772,8.618106228652778e-15,0.3737439435906708,0.0017302960351419947,0.01751322671069204,0.022993301079400136,0.013285588230405945,0.01794636131998101,baseline,deformation_low_train__baseline__medium__n020_te0300_r1_seed2
deformation,deformation_ood_lambda0p75,medium,20,300,2,320,69120,0.016818433259979507,0.022909955594011957,8.492338776644459e-15,0.6508019899018109,0.003012972175471347,0.0190273397817645,0.025508043258098693,0.014609526738194514,0.01997678301884879,baseline,deformation_low_train__baseline__medium__n020_te0300_r1_seed2
deformation,deformation_ood_lambda1p0,medium,20,300,2,320,69120,0.020805251030498108,0.027763150663105612,8.765037307068013e-15,0.9716188975609839,0.004498235636856407,0.022680717064272122,0.030054863691682223,0.01892978499672409,0.025264406542782773,baseline,deformation_low_train__baseline__medium__n020_te0300_r1_seed2
deformation,deformation_ood_lambda0p5,medium,20,600,0,320,69120,0.0061732004246347425,0.008681483894961982,9.10625741479265e-15,0.1226531257852912,0.000567838545302274,0.005441848287982956,0.007635760792036461,0.00690455256128653,0.009614129308666867,baseline,deformation_low_train__baseline__medium__n020_te0600_r1_seed0
deformation,deformation_ood_lambda0p75,medium,20,600,0,320,69120,0.00698391883824064,0.00993757463129974,9.1100738064398e-15,0.09798262193799019,0.0004536232497129175,0.006251336993210129,0.00900597375164368,0.007716500683271151,0.010789032203585703,baseline,deformation_low_train__baseline__medium__n020_te0600_r1_seed0
deformation,deformation_ood_lambda1p0,medium,20,600,0,320,69120,0.009042884898228272,0.012539254386020932,9.36369037862761e-15,0.10276344390586019,0.00047575668474935274,0.008272046244585699,0.011429775539199393,0.009813723551870842,0.013558245913030552,baseline,deformation_low_train__baseline__medium__n020_te0600_r1_seed0
deformation,deformation_ood_lambda0p5,medium,20,600,1,320,69120,0.0034228884137685275,0.0049612649892755946,8.765210779415611e-15,0.09734136946499347,0.00045065448826385875,0.004428873277353621,0.0062416158852618584,0.0024169035501834337,0.0032047670318558837,baseline,deformation_low_train__baseline__medium__n020_te0600_r1_seed1
deformation,deformation_ood_lambda0p75,medium,20,600,1,320,69120,0.0038543087379596178,0.0056384512831179874,9.20132026127618e-15,0.16061883885413408,0.0007436057354358058,0.004915235687730086,0.007049239422770658,0.0027933817881891517,0.0037272629776614555,baseline,deformation_low_train__baseline__medium__n020_te0600_r1_seed1
deformation,deformation_ood_lambda1p0,medium,20,600,1,320,69120,0.004708141532005738,0.006720733286643168,9.007031231966777e-15,0.21605173144489526,0.0010002394974300709,0.005734079253150147,0.008192742558524911,0.0036822038108613284,0.004818244617090508,baseline,deformation_low_train__baseline__medium__n020_te0600_r1_seed1
deformation,deformation_ood_lambda0p5,medium,20,600,2,320,69120,0.007502258997862463,0.0105065963041903,9.493447694630675e-15,0.1801513319835067,0.0008340339443680864,0.007688845973254268,0.01071605123757284,0.00731567202247066,0.010292879950342573,baseline,deformation_low_train__baseline__medium__n020_te0600_r1_seed2
deformation,deformation_ood_lambda0p75,medium,20,600,2,320,69120,0.008295445228517707,0.011793389436047363,9.083706009604952e-15,0.28207947220653296,0.0013059234824376526,0.008547069739045086,0.01215368373454963,0.008043820717990327,0.011421735439988567,baseline,deformation_low_train__baseline__medium__n020_te0600_r1_seed2
deformation,deformation_ood_lambda1p0,medium,20,600,2,320,69120,0.010363109531681902,0.01446015181971926,8.723577415992168e-15,0.38485310394316913,0.0017817273330702275,0.010535440739948143,0.014619708569915435,0.01019077832341566,0.014298814728130497,baseline,deformation_low_train__baseline__medium__n020_te0600_r1_seed2
deformation,deformation_ood_lambda0p5,medium,40,300,0,320,69120,0.009165319292497085,0.012641309037230522,9.353628982466944e-15,0.1426739901304245,0.0006605277320852985,0.008602445745856318,0.011832864904932319,0.009728192839137851,0.013401070721817463,baseline,deformation_low_train__baseline__medium__n040_te0300_r1_seed0
deformation,deformation_ood_lambda0p75,medium,40,300,0,320,69120,0.010291468700071775,0.01442035597498093,9.109726861744604e-15,0.14912050664424897,0.000690372715945597,0.009789290261567942,0.013792419694909921,0.01079364713857561,0.015022066830160137,baseline,deformation_low_train__baseline__medium__n040_te0300_r1_seed0
deformation,deformation_ood_lambda1p0,medium,40,300,0,320,69120,0.013331954596800198,0.018153080965000255,9.324138683375338e-15,0.20768989492207765,0.000961527291305915,0.012869286841343362,0.01735350971338467,0.013794622352257035,0.01891888996931831,baseline,deformation_low_train__baseline__medium__n040_te0300_r1_seed0
deformation,deformation_ood_lambda0p5,medium,40,300,1,320,69120,0.005944467951862693,0.008115769815941285,9.325873406851315e-15,0.11200212128460407,0.0005185283392805744,0.006792955861675371,0.009289507182653919,0.005095980042050017,0.006740659887140762,baseline,deformation_low_train__baseline__medium__n040_te0300_r1_seed1
deformation,deformation_ood_lambda0p75,medium,40,300,1,320,69120,0.006613958122175819,0.009243565251313748,9.358139263504484e-15,0.12066185846924782,0.0005586197151354065,0.0075820102767740335,0.01065438487535813,0.005645905967577603,0.007574369943323992,baseline,deformation_low_train__baseline__medium__n040_te0300_r1_seed1
deformation,deformation_ood_lambda1p0,medium,40,300,1,320,69120,0.008320596098424917,0.011403072470980694,9.243647514090015e-15,0.14468224681913852,0.0006698252167552708,0.00925264353707397,0.012884043459561107,0.007388548659775868,0.009698533275140949,baseline,deformation_low_train__baseline__medium__n040_te0300_r1_seed1
deformation,deformation_ood_lambda0p5,medium,40,300,2,320,69120,0.010670685828962034,0.014519074242937623,9.025766245507327e-15,0.2066005589440465,0.0009564840691854004,0.011171984805106549,0.015100057164514161,0.010169386852817515,0.013913853074266453,baseline,deformation_low_train__baseline__medium__n040_te0300_r1_seed2
deformation,deformation_ood_lambda0p75,medium,40,300,2,320,69120,0.011631284940795237,0.016234077549561382,9.088563235337687e-15,0.34046902488917113,0.0015762454855980143,0.012285805096224128,0.01705407681429842,0.010976764785366347,0.015370394002183381,baseline,deformation_low_train__baseline__medium__n040_te0300_r1_seed2
deformation,deformation_ood_lambda1p0,medium,40,300,2,320,69120,0.014579273305604344,0.02001861691884048,9.300372971754456e-15,0.5014776074327528,0.0023216555899664482,0.01515201546828421,0.020652790038925815,0.014006531142924473,0.019363685348988177,baseline,deformation_low_train__baseline__medium__n040_te0300_r1_seed2
deformation,deformation_ood_lambda0p5,medium,40,600,0,320,69120,0.0038661923405614697,0.00559118670138911,8.70102601080447e-15,0.057445809431374076,0.00026595282144154664,0.0028734495034038925,0.004130535136682101,0.004858935177719045,0.0067425082086872866,baseline,deformation_low_train__baseline__medium__n040_te0600_r1_seed0
deformation,deformation_ood_lambda0p75,medium,40,600,0,320,69120,0.004252781952965738,0.006170780448211915,8.840150833577809e-15,0.09961939938366413,0.0004612009230725191,0.003188868801764868,0.0047299151268490516,0.00531669510416661,0.007333823393897171,baseline,deformation_low_train__baseline__medium__n040_te0600_r1_seed0
deformation,deformation_ood_lambda1p0,medium,40,600,0,320,69120,0.00504736914705844,0.007287177015096268,9.505937703657708e-15,0.21014564130455254,0.0009728964875210767,0.003894666526837092,0.0056869918278302884,0.00620007176727979,0.00859441805178723,baseline,deformation_low_train__baseline__medium__n040_te0600_r1_seed0
deformation,deformation_ood_lambda0p5,medium,40,600,1,320,69120,0.002281420582716017,0.0033756718438664054,9.511835763476028e-15,0.05442817620933056,0.00025198229726541924,0.0029396407105142324,0.004250159864776032,0.0016232004549178018,0.00217404275919123,baseline,deformation_low_train__baseline__medium__n040_te0600_r1_seed1
deformation,deformation_ood_lambda0p75,medium,40,600,1,320,69120,0.0025730855453954898,0.0037891863158954105,9.547571067081151e-15,0.09249068778008222,0.00042819762861149175,0.0032364002192125938,0.0047047907817615794,0.0019097708715783846,0.002565308865027628,baseline,deformation_low_train__baseline__medium__n040_te0600_r1_seed1
deformation,deformation_ood_lambda1p0,medium,40,600,1,320,69120,0.003028545554033295,0.004388015321764653,9.991313332236019e-15,0.11690092757344246,0.0005412079980251965,0.003682706693416673,0.005345037605813661,0.0023743844146499184,0.0031527654401367167,baseline,deformation_low_train__baseline__medium__n040_te0600_r1_seed1
deformation,deformation_ood_lambda0p5,medium,40,600,2,320,69120,0.004465205393781419,0.006298778133174378,9.119441313210075e-15,0.05524833928793669,0.00025577934855526243,0.004632041825713598,0.006540627878391375,0.004298368961849239,0.006047263752997793,baseline,deformation_low_train__baseline__medium__n040_te0600_r1_seed2
deformation,deformation_ood_lambda0p75,medium,40,600,2,320,69120,0.004727491013343549,0.006743450726400409,9.45563072285438e-15,0.08150911424309015,0.0003773570103846766,0.004922945647061623,0.00706524484563583,0.004532036379625476,0.0064055109608833535,baseline,deformation_low_train__baseline__medium__n040_te0600_r1_seed2
deformation,deformation_ood_lambda1p0,medium,40,600,2,320,69120,0.005281591078575346,0.007640220216088239,8.841191667663396e-15,0.11227919962257146,0.0005198111093637569,0.005386785092550893,0.00774119679889847,0.005176397064599798,0.007537891085799191,baseline,deformation_low_train__baseline__medium__n040_te0600_r1_seed2
deformation,deformation_ood_lambda0p5,medium,80,300,0,320,69120,0.0047355931619053205,0.0067828950780798964,9.885842144896629e-15,0.07633227668702602,0.0003533901698473427,0.0037619162737985946,0.005344947933333613,0.005709270050012045,0.00796535390741891,baseline,deformation_low_train__baseline__medium__n080_te0300_r1_seed0
deformation,deformation_ood_lambda0p75,medium,80,300,0,320,69120,0.0052429865073429895,0.00757758529857182,9.305056725139593e-15,0.11890878602862358,0.0005505036390214056,0.004227966052353566,0.006199443196421779,0.006258006962332414,0.008741081281432136,baseline,deformation_low_train__baseline__medium__n080_te0300_r1_seed0
deformation,deformation_ood_lambda1p0,medium,80,300,0,320,69120,0.006444212100746439,0.009219903598142856,9.618000840205809e-15,0.21886513847857714,0.0010132645299934127,0.005357651271527076,0.007658525323690385,0.007530772929965803,0.010552735881490083,baseline,deformation_low_train__baseline__medium__n080_te0300_r1_seed0
deformation,deformation_ood_lambda0p5,medium,80,300,1,320,69120,0.002550209909824422,0.003812954161415771,8.478981405879438e-15,0.06726461891084909,0.0003114102727354124,0.003389907448516778,0.004879515436588311,0.0017105123711320658,0.0022951182928581445,baseline,deformation_low_train__baseline__medium__n080_te0300_r1_seed1
deformation,deformation_ood_lambda0p75,medium,80,300,1,320,69120,0.0028655060278398683,0.004288787922926429,8.658004868600244e-15,0.11482966113835573,0.0005316188015664617,0.003741678813729813,0.005430458924646425,0.0019893332419499235,0.0027013921528366044,baseline,deformation_low_train__baseline__medium__n080_te0300_r1_seed1
deformation,deformation_ood_lambda1p0,medium,80,300,1,320,69120,0.003415464140183838,0.005016417214231103,9.040684867400728e-15,0.14796968270093203,0.00068504482731913,0.004292635792538661,0.006220850748821444,0.0025382924878290143,0.003410263816093405,baseline,deformation_low_train__baseline__medium__n080_te0300_r1_seed1
deformation,deformation_ood_lambda0p5,medium,80,300,2,320,69120,0.005711250031389781,0.008005141988465433,8.66286209433298e-15,0.08008845141157508,0.00037077986764618093,0.005873721720176828,0.008203745554826725,0.005548778342602733,0.007801484178196181,baseline,deformation_low_train__baseline__medium__n080_te0300_r1_seed2
deformation,deformation_ood_lambda0p75,medium,80,300,2,320,69120,0.0061105344836397,0.00871078620572579,9.148584667606486e-15,0.11264408081769943,0.0005215003741560159,0.00630770231451327,0.008999764501666802,0.00591336665276613,0.008411886325804903,baseline,deformation_low_train__baseline__medium__n080_te0300_r1_seed2
deformation,deformation_ood_lambda1p0,medium,80,300,2,320,69120,0.007128287644742091,0.010219462288720173,9.194381367372273e-15,0.153283513430506,0.0007096458955116017,0.007227520972368307,0.010261211968412997,0.007029054317115876,0.01017754134751834,baseline,deformation_low_train__baseline__medium__n080_te0300_r1_seed2
deformation,deformation_ood_lambda0p5,medium,80,600,0,320,69120,0.0026780426124396986,0.0037586659786679358,9.627368346976084e-15,0.06600196417421103,0.0003055646489546807,0.0021811013778611586,0.003093339323537888,0.0031749838470182395,0.004322775926166628,baseline,deformation_low_train__baseline__medium__n080_te0600_r1_seed0
deformation,deformation_ood_lambda0p75,medium,80,600,0,320,69120,0.002853456786372194,0.004022109306599257,8.945622020917199e-15,0.08856316022574902,0.000410014630674764,0.002323572939378049,0.0034121172043576195,0.003383340633366339,0.004551063912118951,baseline,deformation_low_train__baseline__medium__n080_te0600_r1_seed0
deformation,deformation_ood_lambda1p0,medium,80,600,0,320,69120,0.003140674964543968,0.004493223423092408,9.292219771417366e-15,0.14197542276233435,0.0006572936238996959,0.002556521162363242,0.0038257701608109375,0.003724828766724695,0.005073617657677917,baseline,deformation_low_train__baseline__medium__n080_te0600_r1_seed0
deformation,deformation_ood_lambda0p5,medium,80,600,1,320,69120,0.001822874903588189,0.0025762950318368,8.98968399720701e-15,0.05473699010908604,0.00025341199124576867,0.0021836319820289804,0.0030929742404960173,0.0014621178251473979,0.0019256434066986642,baseline,deformation_low_train__baseline__medium__n080_te0600_r1_seed1
deformation,deformation_ood_lambda0p75,medium,80,600,1,320,69120,0.0020204549654120572,0.002913747519485084,9.258566135983415e-15,0.09190204702317714,0.0004254724399221164,0.002405715665961417,0.0034970561238133807,0.0016351942648626964,0.002179552174532715,baseline,deformation_low_train__baseline__medium__n080_te0600_r1_seed1
deformation,deformation_ood_lambda1p0,medium,80,600,1,320,69120,0.00234512194922604,0.0034078243050754066,9.09584907393679e-15,0.12136093191802502,0.000561856166287153,0.00274107644153345,0.004067277274210045,0.0019491674569186302,0.002585302412333976,baseline,deformation_low_train__baseline__medium__n080_te0600_r1_seed1
deformation,deformation_ood_lambda0p5,medium,80,600,2,320,69120,0.0027135787264489283,0.0038500130832229687,8.97615315409439e-15,0.04355664998292923,0.00020165115732837606,0.0025994205081021596,0.0037620461550895634,0.002827736944795698,0.003936014508224265,baseline,deformation_low_train__baseline__medium__n080_te0600_r1_seed2
deformation,deformation_ood_lambda0p75,medium,80,600,2,320,69120,0.0029043438270131045,0.004093237209605875,9.063583217283622e-15,0.06204848382622004,0.00028726149919546315,0.002826610411771551,0.004054156220338986,0.0029820772422546596,0.004131948577764598,baseline,deformation_low_train__baseline__medium__n080_te0600_r1_seed2
deformation,deformation_ood_lambda1p0,medium,80,600,2,320,69120,0.0032877162840094067,0.004685916327818828,9.509407150609661e-15,0.07515890002250672,0.00034795787047456816,0.0031989566390932785,0.004513000909900669,0.003376475928925535,0.004852674154512531,baseline,deformation_low_train__baseline__medium__n080_te0600_r1_seed2
deformation,deformation_ood_lambda0p5,medium,160,300,0,320,69120,0.0028673592724119392,0.004132572090678947,8.839456944187419e-15,0.05998790506273508,0.0002777217826978476,0.0022310292252131184,0.0032356360260268617,0.0035036893196107592,0.0048669254849847705,baseline,deformation_low_train__baseline__medium__n160_te0300_r1_seed0
deformation,deformation_ood_lambda0p75,medium,160,300,0,320,69120,0.003102139035266644,0.004460322130319089,9.132278266932303e-15,0.09129380155354738,0.0004226564886738305,0.002413368703071181,0.003607111131463783,0.0037909093674621066,0.0051747170258574044,baseline,deformation_low_train__baseline__medium__n160_te0300_r1_seed0
deformation,deformation_ood_lambda1p0,medium,160,300,0,320,69120,0.0034785639998485144,0.005028428481745233,8.93660145884212e-15,0.16402077153325081,0.00075935542376505,0.0027170650289229156,0.004097300361609703,0.004240062970774114,0.005812255649814995,baseline,deformation_low_train__baseline__medium__n160_te0300_r1_seed0
deformation,deformation_ood_lambda0p5,medium,160,300,1,320,69120,0.0018845433014603422,0.0026800082761559217,9.77655456591009e-15,0.054532347992062566,0.0002524645740373267,0.002284508836324696,0.003242145289574208,0.0014845777665959882,0.0019630034747346345,baseline,deformation_low_train__baseline__medium__n160_te0300_r1_seed1
deformation,deformation_ood_lambda0p75,medium,160,300,1,320,69120,0.002097446676776444,0.00302594623434046,9.631184738623233e-15,0.08799564354121685,0.0004073872386167446,0.002517627310330388,0.0036460467042200156,0.0016772660432225002,0.002240322444846897,baseline,deformation_low_train__baseline__medium__n160_te0300_r1_seed1
deformation,deformation_ood_lambda1p0,medium,160,300,1,320,69120,0.0024422080219475444,0.003537118478583498,9.199932482495398e-15,0.11027976926416158,0.0005105544873340814,0.0028700922124933535,0.004226887073032801,0.0020143238314017345,0.002675040174446337,baseline,deformation_low_train__baseline__medium__n160_te0300_r1_seed1
deformation,deformation_ood_lambda0p5,medium,160,300,2,320,69120,0.0029291060045412622,0.004193574585808988,1.0054110322066379e-14,0.047842461988329886,0.00022149287957560132,0.00285942576787612,0.004166006267323331,0.002998786241206403,0.004220962851543328,baseline,deformation_low_train__baseline__medium__n160_te0300_r1_seed2
deformation,deformation_ood_lambda0p75,medium,160,300,2,320,69120,0.0031161401543714526,0.004427050625570499,9.161421621328713e-15,0.0695553993806243,0.00032201573787326063,0.003085535589448433,0.0044562121976840985,0.003146744719294471,0.0043976956843260265,baseline,deformation_low_train__baseline__medium__n160_te0300_r1_seed2
deformation,deformation_ood_lambda1p0,medium,160,300,2,320,69120,0.0034611137101263198,0.004971447713583176,9.22005527481673e-15,0.08582154959440232,0.00039732198886297367,0.003416804726371626,0.004848742935705372,0.003505422693881013,0.005091195997133683,baseline,deformation_low_train__baseline__medium__n160_te0300_r1_seed2
deformation,deformation_ood_lambda0p5,medium,160,600,0,320,69120,0.0015437625612857895,0.0021003809242115474,9.454589888768794e-15,0.03786420915275812,0.0001752972645961024,0.0014426146539704894,0.0019675694126506816,0.0016449104686010894,0.0022252799059859765,baseline,deformation_low_train__baseline__medium__n160_te0600_r1_seed0
deformation,deformation_ood_lambda0p75,medium,160,600,0,320,69120,0.0016519610254401894,0.0022653912323391543,9.63222557270882e-15,0.0266385518014431,0.00012332662871038474,0.0015739688416942959,0.0021908798600998813,0.0017299532091860825,0.00233752867570153,baseline,deformation_low_train__baseline__medium__n160_te0600_r1_seed0
deformation,deformation_ood_lambda1p0,medium,160,600,0,320,69120,0.0018384817478423287,0.0025738055419919277,9.087869345947297e-15,0.029422688856720926,0.00013621615211444873,0.001770268927602319,0.002473391493056777,0.0019066945680823386,0.0026704464903927754,baseline,deformation_low_train__baseline__medium__n160_te0600_r1_seed0
deformation,deformation_ood_lambda0p5,medium,160,600,1,320,69120,0.001651386961981907,0.002164983836891904,8.559125630469566e-15,0.02798764146864414,0.00012957241420668585,0.0018280820095616518,0.0024345922507717326,0.0014746919144021623,0.0018566288267956547,baseline,deformation_low_train__baseline__medium__n160_te0600_r1_seed1
deformation,deformation_ood_lambda0p75,medium,160,600,1,320,69120,0.0017225725081476506,0.0023480073987821614,9.528836053540601e-15,0.03417931217700243,0.00015823755637501126,0.0019773704899680657,0.0027301595885284298,0.0014677745263272355,0.0018901074336232363,baseline,deformation_low_train__baseline__medium__n160_te0600_r1_seed1
deformation,deformation_ood_lambda1p0,medium,160,600,1,320,69120,0.0018982759103021204,0.0026726398748181785,9.653389199115736e-15,0.04216177091002464,0.00019519338384270664,0.0022478703350187717,0.0031999021242301914,0.001548681485585469,0.0020116247652788937,baseline,deformation_low_train__baseline__medium__n160_te0600_r1_seed1
deformation,deformation_ood_lambda0p5,medium,160,600,2,320,69120,0.001629394494226734,0.0022257103421833443,9.192993588591491e-15,0.03195942621678114,0.00014796030655917194,0.0015146827823143906,0.0020807562364226857,0.0017441062061390768,0.002361784608975149,baseline,deformation_low_train__baseline__medium__n160_te0600_r1_seed2
deformation,deformation_ood_lambda0p75,medium,160,600,2,320,69120,0.0017937119091003084,0.002464559452396197,8.897396708285044e-15,0.05397618096321821,0.00024988972668156577,0.0017021723563651293,0.0023467104161757316,0.0018852514618354882,0.0025770247983679185,baseline,deformation_low_train__baseline__medium__n160_te0600_r1_seed2
deformation,deformation_ood_lambda1p0,medium,160,600,2,320,69120,0.0021112666566267257,0.0029574309593862593,9.415385138211719e-15,0.06999588161706924,0.0003240550074864317,0.002026252019291281,0.002778205508560889,0.002196281293962171,0.003126398872708758,baseline,deformation_low_train__baseline__medium__n160_te0600_r1_seed2
deformation,deformation_ood_lambda0p5,large,5,300,0,320,69120,0.01635312112870282,0.02150374791593716,8.36067326481782e-15,0.1798728544265032,0.0008327446964189962,0.018168583732625004,0.02355116238639193,0.014537658524780634,0.01923967513016115,baseline,deformation_low_train__baseline__large__n005_te0300_r1_seed0
deformation,deformation_ood_lambda0p75,large,5,300,0,320,69120,0.017158420577285036,0.022960601707996867,8.62313692673311e-15,0.1866543771699071,0.0008641406350458662,0.01899927863764956,0.025144306305342784,0.015317562516920513,0.020546102355669227,baseline,deformation_low_train__baseline__large__n005_te0300_r1_seed0
deformation,deformation_ood_lambda1p0,large,5,300,0,320,69120,0.019522542965354717,0.02614467114156063,8.602146772673791e-15,0.20458509353920817,0.0009471532108296675,0.02112936253821674,0.028013387748568284,0.01791572339249269,0.02413167555411499,baseline,deformation_low_train__baseline__large__n005_te0300_r1_seed0
deformation,deformation_ood_lambda0p5,large,5,300,1,320,69120,0.013341707350977313,0.017621736416444232,9.244341403480405e-15,0.1557462309487164,0.0007210473655033169,0.013454326516127825,0.01776669068887277,0.013229088185826797,0.017475579836651923,baseline,deformation_low_train__baseline__large__n005_te0300_r1_seed1
deformation,deformation_ood_lambda0p75,large,5,300,1,320,69120,0.013795537333585774,0.018566486375591097,8.691658504034194e-15,0.22311486033722758,0.0010329391682279054,0.014101521950502547,0.019144034762879205,0.013489552716669002,0.017970385796295313,baseline,deformation_low_train__baseline__large__n005_te0300_r1_seed1
deformation,deformation_ood_lambda1p0,large,5,300,1,320,69120,0.015721362725424674,0.02128104536492304,8.922376726339109e-15,0.35686913058161734,0.001652171900840821,0.016062317171559794,0.021927208082464976,0.015380408279289551,0.020614638715148695,baseline,deformation_low_train__baseline__large__n005_te0300_r1_seed1
deformation,deformation_ood_lambda0p5,large,5,300,2,320,69120,0.018841678993730133,0.024755908384777054,9.02333763264096e-15,0.21823990643024443,0.0010103699371770576,0.020797149175366028,0.027058104208796726,0.016886208812094232,0.022216412773822126,baseline,deformation_low_train__baseline__large__n005_te0300_r1_seed2
deformation,deformation_ood_lambda0p75,large,5,300,2,320,69120,0.02038704585522734,0.02710460349526643,9.082144758476574e-15,0.2572361394762993,0.0011909080531310153,0.022336536355561605,0.029571758380667557,0.01843755535489307,0.02438914036096059,baseline,deformation_low_train__baseline__large__n005_te0300_r1_seed2
deformation,deformation_ood_lambda1p0,large,5,300,2,320,69120,0.024582946969188054,0.03218238995624619,9.00460261910041e-15,0.36072163488715886,0.0016700075689220317,0.026218193903492268,0.034286603127383,0.022947700034883847,0.02993060795535436,baseline,deformation_low_train__baseline__large__n005_te0300_r1_seed2
deformation,deformation_ood_lambda0p5,large,5,600,0,320,69120,0.00708391299948019,0.00988420600088637,9.453549054683209e-15,0.12957545639947057,0.0005998863722197713,0.007590880870810468,0.010496440532899422,0.0065769451281499115,0.009231456693026427,baseline,deformation_low_train__baseline__large__n005_te0600_r1_seed0
deformation,deformation_ood_lambda0p75,large,5,600,0,320,69120,0.007817337603139147,0.011107034113820845,8.973030651837633e-15,0.15910762827843428,0.0007366093901779364,0.008313341188980382,0.011839121547464578,0.007321334017297913,0.010323159138341321,baseline,deformation_low_train__baseline__large__n005_te0600_r1_seed0
deformation,deformation_ood_lambda1p0,large,5,600,0,320,69120,0.009620669729960061,0.0135084950967585,9.669001710399528e-15,0.23018313655629755,0.0010656626692421183,0.009951690433743958,0.014061526698695141,0.009289649026176159,0.012931834613084895,baseline,deformation_low_train__baseline__large__n005_te0600_r1_seed0
deformation,deformation_ood_lambda0p5,large,5,600,1,320,69120,0.006336314176858099,0.008914866897963652,9.161074676633518e-15,0.09351101480424404,0.0004329213648344631,0.006208102679749137,0.008679884074837054,0.00646452567396706,0.009143812993724569,baseline,deformation_low_train__baseline__large__n005_te0600_r1_seed1
deformation,deformation_ood_lambda0p75,large,5,600,1,320,69120,0.00693059344821487,0.009918005167249907,9.357792318809288e-15,0.09890585774555802,0.00045789748956276866,0.006937242831587051,0.010024659901048082,0.006923944064842688,0.009810190969777822,baseline,deformation_low_train__baseline__large__n005_te0600_r1_seed1
deformation,deformation_ood_lambda1p0,large,5,600,1,320,69120,0.008492807381155943,0.012004040943949525,9.049011540085416e-15,0.14406118635088205,0.0006669499368096391,0.008495194414147944,0.012161382740719711,0.00849042034816394,0.011844609229592925,baseline,deformation_low_train__baseline__large__n005_te0600_r1_seed1
deformation,deformation_ood_lambda0p5,large,5,600,2,320,69120,0.008603192065010135,0.0118384258904416,9.603429163007604e-15,0.16979746352881192,0.000786099368188944,0.009477591828749079,0.012947935244794024,0.007728792301271191,0.010613558687997944,baseline,deformation_low_train__baseline__large__n005_te0600_r1_seed2
deformation,deformation_ood_lambda0p75,large,5,600,2,320,69120,0.00954836113819155,0.013309328415969443,8.740924650751936e-15,0.2730912075378001,0.0012643111460083336,0.01041867787349619,0.014587000845845839,0.008678044402886907,0.011895202902496288,baseline,deformation_low_train__baseline__large__n005_te0600_r1_seed2
deformation,deformation_ood_lambda1p0,large,5,600,2,320,69120,0.011934107580495743,0.016240670970070984,9.111461585220581e-15,0.4743921376764774,0.0021962598966503584,0.012605675280712794,0.017380747132222853,0.011262539880278692,0.015014273750066625,baseline,deformation_low_train__baseline__large__n005_te0600_r1_seed2
deformation,deformation_ood_lambda0p5,large,10,300,0,320,69120,0.016514381616815812,0.021729055215679496,8.550798957784877e-15,0.17584780538454653,0.0008141102101136414,0.018751109823880303,0.024176149312116237,0.014277653409751317,0.018968855673718393,baseline,deformation_low_train__baseline__large__n010_te0300_r1_seed0
deformation,deformation_ood_lambda0p75,large,10,300,0,320,69120,0.017370285745438654,0.023241407658013895,8.8182933177805e-15,0.1986670636571944,0.0009197549243388629,0.0195976863772112,0.02577190811555382,0.015142885113666115,0.020399382636134476,baseline,deformation_low_train__baseline__large__n010_te0300_r1_seed0
deformation,deformation_ood_lambda1p0,large,10,300,0,320,69120,0.019808741612511584,0.026464243615534046,8.563809383854703e-15,0.23389699393883348,0.0010828564534205252,0.02172831997244372,0.028601530072258772,0.017889163252579457,0.024138451851979784,baseline,deformation_low_train__baseline__large__n010_te0300_r1_seed0
deformation,deformation_ood_lambda0p5,large,10,300,1,320,69120,0.013641383350693138,0.017979150246202575,8.546982566137729e-15,0.15461613098159432,0.000715815421211085,0.01416390902994824,0.018581385161310603,0.013118857671438035,0.01735603101628015,baseline,deformation_low_train__baseline__large__n010_te0300_r1_seed1
deformation,deformation_ood_lambda0p75,large,10,300,1,320,69120,0.014175637992337186,0.019038025659929843,9.203054984752157e-15,0.21256476156413556,0.0009840961183524794,0.014838399199680434,0.01999506744277746,0.013512876784993941,0.018030255683574626,baseline,deformation_low_train__baseline__large__n010_te0300_r1_seed1
deformation,deformation_ood_lambda1p0,large,10,300,1,320,69120,0.016268804438110532,0.02190516554841375,8.912315330178445e-15,0.33346432987600566,0.0015438163420185447,0.0168823584518571,0.02283424519144764,0.01565525042436396,0.020934894361894343,baseline,deformation_low_train__baseline__large__n010_te0300_r1_seed1
deformation,deformation_ood_lambda0p5,large,10,300,2,320,69120,0.019001893164984122,0.02487343588052935,8.856804178947187e-15,0.20848990622907876,0.0009652310473568462,0.020958785406014892,0.027097118156156702,0.017045000923953346,0.022430377006124807,baseline,deformation_low_train__baseline__large__n010_te0300_r1_seed2
deformation,deformation_ood_lambda0p75,large,10,300,2,320,69120,0.020609307659301107,0.027300322341071458,8.400571904765287e-15,0.26152198752388356,0.0012107499422402018,0.022530749285803144,0.029637505242327198,0.018687866032799063,0.02474335229640152,baseline,deformation_low_train__baseline__large__n010_te0300_r1_seed2
deformation,deformation_ood_lambda1p0,large,10,300,2,320,69120,0.02494712688543978,0.032509697741150284,7.505107646466058e-15,0.3638216553255916,0.0016843595153962572,0.026523425962559726,0.03441540555909497,0.023370827808319845,0.030485090694385656,baseline,deformation_low_train__baseline__large__n010_te0300_r1_seed2
deformation,deformation_ood_lambda0p5,large,10,600,0,320,69120,0.006932523200345584,0.009613112856639875,9.125339373028395e-15,0.11836532577872276,0.0005479876193459387,0.007166191734662932,0.00988940258936246,0.006698854666028238,0.009328643739284978,baseline,deformation_low_train__baseline__large__n010_te0600_r1_seed0
deformation,deformation_ood_lambda0p75,large,10,600,0,320,69120,0.007649605967731544,0.010807691242845988,9.132972156322694e-15,0.14223487777635455,0.0006584948045201598,0.007891809251619341,0.011194817495020671,0.007407402683843747,0.010406173228164077,baseline,deformation_low_train__baseline__large__n010_te0600_r1_seed0
deformation,deformation_ood_lambda1p0,large,10,600,0,320,69120,0.009441604305765993,0.013198688691316525,9.254749744336266e-15,0.20025317706167697,0.0009270980419522082,0.009559108564843818,0.013395495915279845,0.009324100046688169,0.012998902089187934,baseline,deformation_low_train__baseline__large__n010_te0600_r1_seed0
deformation,deformation_ood_lambda0p5,large,10,600,1,320,69120,0.006284409248043651,0.008795378425445243,9.659287258934057e-15,0.09781414438039064,0.00045284326102032707,0.005996160959219368,0.00840385004931842,0.006572657536867934,0.00917020543074941,baseline,deformation_low_train__baseline__large__n010_te0600_r1_seed1
deformation,deformation_ood_lambda0p75,large,10,600,1,320,69120,0.006965505955423023,0.009899792777764151,9.332118411364832e-15,0.13428573720157147,0.0006216932277850531,0.006778715790213636,0.009779180256876676,0.007152296120632409,0.010018953417840403,baseline,deformation_low_train__baseline__large__n010_te0600_r1_seed1
deformation,deformation_ood_lambda1p0,large,10,600,1,320,69120,0.00864010567002194,0.012082639289107126,8.751332991607797e-15,0.21764551410451533,0.0010076181208542377,0.008462979886470046,0.01198128980826427,0.008817231453573831,0.012183145690326984,baseline,deformation_low_train__baseline__large__n010_te0600_r1_seed1
deformation,deformation_ood_lambda0p5,large,10,600,2,320,69120,0.008628053664584644,0.0117554732650634,9.130543543456326e-15,0.14680224619805812,0.0006796400286947136,0.009082726521091088,0.012355869209426409,0.008173380808078202,0.011122715471088394,baseline,deformation_low_train__baseline__large__n010_te0600_r1_seed2
deformation,deformation_ood_lambda0p75,large,10,600,2,320,69120,0.009637546731423861,0.01330748380313577,8.295447662121092e-15,0.21634159069508313,0.0010015814384031628,0.010107050076049125,0.014051793003530618,0.009168043386798597,0.012519000108929213,baseline,deformation_low_train__baseline__large__n010_te0600_r1_seed2
deformation,deformation_ood_lambda1p0,large,10,600,2,320,69120,0.012178838355671129,0.01641000440783,9.379649834606596e-15,0.36065263897180555,0.0016696881433879889,0.012511131035873667,0.017000149752883508,0.011846545675468589,0.015797828892272978,baseline,deformation_low_train__baseline__large__n010_te0600_r1_seed2
deformation,deformation_ood_lambda0p5,large,20,300,0,320,69120,0.00694190853163814,0.00943489498684538,8.830089437417143e-15,0.1629269110970199,0.0007542912550787959,0.007353392947977473,0.009891743074809533,0.006530424115298806,0.008954770000818435,baseline,deformation_low_train__baseline__large__n020_te0300_r1_seed0
deformation,deformation_ood_lambda0p75,large,20,300,0,320,69120,0.00747309844364094,0.010437073922627669,1.0192888200144523e-14,0.23195302113890648,0.0010738565793467895,0.007905665870876637,0.01100389610813348,0.007040531016405241,0.009837646800642615,baseline,deformation_low_train__baseline__large__n020_te0300_r1_seed0
deformation,deformation_ood_lambda1p0,large,20,300,0,320,69120,0.009024771112326338,0.012633191615196257,8.998704559282088e-15,0.33046369357034566,0.0015299245072701183,0.00929802509856893,0.012995481443569958,0.008751517126083743,0.012260200765989066,baseline,deformation_low_train__baseline__large__n020_te0300_r1_seed0
deformation,deformation_ood_lambda0p5,large,20,300,1,320,69120,0.0063263464896953754,0.00880032958239251,8.72496519477295e-15,0.09226898588240147,0.0004271712309370438,0.00622228430742168,0.008633296723245636,0.00643040867196907,0.008964250621544538,baseline,deformation_low_train__baseline__large__n020_te0300_r1_seed1
deformation,deformation_ood_lambda0p75,large,20,300,1,320,69120,0.006945016025174319,0.009836748861130574,9.018480406908225e-15,0.08795717526227236,0.00040720914473274235,0.006950784527022131,0.009932111193657533,0.006939247523326508,0.00974045294381786,baseline,deformation_low_train__baseline__large__n020_te0300_r1_seed1
deformation,deformation_ood_lambda1p0,large,20,300,1,320,69120,0.00849148750645958,0.01191723519226486,8.443939991664707e-15,0.12382222302258014,0.0005732510325119452,0.008477515211540936,0.0120138294881664,0.008505459801378228,0.011819851533956576,baseline,deformation_low_train__baseline__large__n020_te0300_r1_seed1
deformation,deformation_ood_lambda0p5,large,20,300,2,320,69120,0.00847155506586412,0.011487871886148806,9.573591919220803e-15,0.18094067964702845,0.0008376883316992057,0.009242330011461358,0.012435652484565615,0.00770078012026688,0.010454518077283776,baseline,deformation_low_train__baseline__large__n020_te0300_r1_seed2
deformation,deformation_ood_lambda0p75,large,20,300,2,320,69120,0.00940540324448958,0.012944060314652327,9.068440443016357e-15,0.32316134832799437,0.0014961173533703442,0.010181696911411749,0.01402689958663963,0.008629109577567412,0.011761950639457877,baseline,deformation_low_train__baseline__large__n020_te0300_r1_seed2
deformation,deformation_ood_lambda1p0,large,20,300,2,320,69120,0.011793625764643796,0.015900407929425577,9.180850524259653e-15,0.552436000853777,0.0025575740780267447,0.01238514689500418,0.016834792058422247,0.01120210463428341,0.014907572605691475,baseline,deformation_low_train__baseline__large__n020_te0300_r1_seed2
deformation,deformation_ood_lambda0p5,large,20,600,0,320,69120,0.0029071152932521604,0.004181512069348665,9.593020822151743e-15,0.04843595214188099,0.00022424051917537493,0.0027421600091276214,0.003916967551827203,0.0030720705773767,0.004430287978241361,baseline,deformation_low_train__baseline__large__n020_te0600_r1_seed0
deformation,deformation_ood_lambda0p75,large,20,600,0,320,69120,0.003086615434035899,0.004405066128077375,9.265505029887322e-15,0.055632371455430984,0.00025755727525662495,0.0029210304263474567,0.0041558986352549085,0.003252200441724341,0.004640875102710219,baseline,deformation_low_train__baseline__large__n020_te0600_r1_seed0
deformation,deformation_ood_lambda1p0,large,20,600,0,320,69120,0.003361788919880292,0.004865456499076983,9.05109320825659e-15,0.0741421204060316,0.00034325055743533153,0.003108673876318161,0.004401797679857374,0.0036149039634424214,0.005288620904774999,baseline,deformation_low_train__baseline__large__n020_te0600_r1_seed0
deformation,deformation_ood_lambda0p5,large,20,600,1,320,69120,0.003121918387797601,0.004521469722432024,8.273243201628588e-15,0.10628728680312634,0.0004920707722366959,0.0027266874301454264,0.003945348450306826,0.0035171493454497762,0.005032057482521495,baseline,deformation_low_train__baseline__large__n020_te0600_r1_seed1
deformation,deformation_ood_lambda0p75,large,20,600,1,320,69120,0.0032943318791279316,0.004834283882014296,1.0418402252021508e-14,0.10823746658861637,0.0005010993823547055,0.00292429889453925,0.004420119510028125,0.003664364863716613,0.005215663411386431,baseline,deformation_low_train__baseline__large__n020_te0600_r1_seed1
deformation,deformation_ood_lambda1p0,large,20,600,1,320,69120,0.003546444627251004,0.005290328293060999,9.498651865058606e-15,0.12087963558733464,0.0005596279425339566,0.003155606743702039,0.004905376672503243,0.003937282510799968,0.005649108478121518,baseline,deformation_low_train__baseline__large__n020_te0600_r1_seed1
deformation,deformation_ood_lambda0p5,large,20,600,2,320,69120,0.002876965027512977,0.004102516743033542,8.881090307610862e-15,0.09307723380625248,0.00043091311947339114,0.0027500307056331037,0.0038834162736593758,0.0030038993493928514,0.004310494785893915,baseline,deformation_low_train__baseline__large__n020_te0600_r1_seed2
deformation,deformation_ood_lambda0p75,large,20,600,2,320,69120,0.003029167420153835,0.004323273728830174,9.816800150552751e-15,0.17552765235304832,0.0008126280201530014,0.002940544846214722,0.004174061135782527,0.0031177899940929466,0.004467505467655993,baseline,deformation_low_train__baseline__large__n020_te0600_r1_seed2
deformation,deformation_ood_lambda1p0,large,20,600,2,320,69120,0.003361031902334059,0.004868174884014693,9.188830252249147e-15,0.283773235976696,0.0013137649813735927,0.0032552034107058616,0.004622639608403907,0.003466860393962256,0.005101907138856833,baseline,deformation_low_train__baseline__large__n020_te0600_r1_seed2
deformation,deformation_ood_lambda0p5,large,40,300,0,320,69120,0.003928596991350982,0.005465930791638365,1.0196704591791672e-14,0.05225595273077488,0.00024192570708692074,0.00382931580198852,0.005246327669017482,0.004027878180713443,0.005677045431143068,baseline,deformation_low_train__baseline__large__n040_te0300_r1_seed0
deformation,deformation_ood_lambda0p75,large,40,300,0,320,69120,0.00415296731435276,0.005832700992619629,9.47505962578532e-15,0.04863092806190252,0.00022514318547177094,0.004093605257198343,0.005686160656605515,0.004212329371507179,0.0059756488121277315,baseline,deformation_low_train__baseline__large__n040_te0300_r1_seed0
deformation,deformation_ood_lambda1p0,large,40,300,0,320,69120,0.004614080925071574,0.006601201947966099,8.473083346061116e-15,0.06439777873456479,0.00029813786451187406,0.0045041934260172285,0.00628579775753113,0.004723968424125918,0.006902208405074382,baseline,deformation_low_train__baseline__large__n040_te0300_r1_seed0
deformation,deformation_ood_lambda0p5,large,40,300,1,320,69120,0.0040805958034403605,0.005833455206678715,9.213116380912822e-15,0.056387818045914175,0.0002610547131755286,0.0036500106223434758,0.005162235663966317,0.004511180984537247,0.006435038635962356,baseline,deformation_low_train__baseline__large__n040_te0300_r1_seed1
deformation,deformation_ood_lambda0p75,large,40,300,1,320,69120,0.004379710620654036,0.006370192221231654,9.678022272474607e-15,0.061657386086881164,0.0002854508615133388,0.0040057379761499964,0.005877129212791837,0.004753683265158076,0.006827741214122672,baseline,deformation_low_train__baseline__large__n040_te0300_r1_seed1
deformation,deformation_ood_lambda1p0,large,40,300,1,320,69120,0.004974126288932729,0.0073059191976366155,8.197956202771195e-15,0.09239202775061131,0.000427740869215793,0.004596305974016274,0.006829445800013314,0.005351946603849182,0.007753165850765157,baseline,deformation_low_train__baseline__large__n040_te0300_r1_seed1
deformation,deformation_ood_lambda0p5,large,40,300,2,320,69120,0.004132778890277943,0.005784675319279882,8.518186156436513e-15,0.0827472921460867,0.0003830893154911421,0.0041384427235091285,0.005739960588787624,0.004127115057046756,0.005829047052317936,baseline,deformation_low_train__baseline__large__n040_te0300_r1_seed2
deformation,deformation_ood_lambda0p75,large,40,300,2,320,69120,0.0044398032088408855,0.006229086565207849,9.510794929390443e-15,0.17262658886611462,0.0007991971706764567,0.004488815584817879,0.006292897217327516,0.004390790832863892,0.006164615436980433,baseline,deformation_low_train__baseline__large__n040_te0300_r1_seed2
deformation,deformation_ood_lambda1p0,large,40,300,2,320,69120,0.005025528660120728,0.007035497868701208,8.642392357316453e-15,0.31812409944832326,0.0014727967567052002,0.005009267988518283,0.007014385121074995,0.0050417893317231685,0.0070565474485927045,baseline,deformation_low_train__baseline__large__n040_te0300_r1_seed2
deformation,deformation_ood_lambda0p5,large,40,600,0,320,69120,0.0021996478795023454,0.003120235575409791,8.859232791813554e-15,0.04874615650624037,0.00022567665049185356,0.0020414207945418103,0.0028858348063661916,0.0023578749644628818,0.003338217722448783,baseline,deformation_low_train__baseline__large__n040_te0600_r1_seed0
deformation,deformation_ood_lambda0p75,large,40,600,0,320,69120,0.0023620111003772974,0.0033295404190488266,8.84535500400574e-15,0.048397849500179294,0.00022406411805638563,0.0022136620880808524,0.003131545508072437,0.0025103601126737424,0.0035164046318691784,baseline,deformation_low_train__baseline__large__n040_te0600_r1_seed0
deformation,deformation_ood_lambda1p0,large,40,600,0,320,69120,0.002712173184208426,0.003878782344586351,8.7360674250192e-15,0.042346852086484435,0.00019605024114113163,0.002516954802155536,0.003584303469401551,0.0029073915662613165,0.004152429841982354,baseline,deformation_low_train__baseline__large__n040_te0600_r1_seed0
deformation,deformation_ood_lambda0p5,large,40,600,1,320,69120,0.0022977708234047374,0.003385853818379835,8.650719030001142e-15,0.03903873208910227,0.00018073487078288088,0.0021663392509911235,0.003198656076381133,0.0024292023958183504,0.0035632304814458286,baseline,deformation_low_train__baseline__large__n040_te0600_r1_seed1
deformation,deformation_ood_lambda0p75,large,40,600,1,320,69120,0.0024354546069373876,0.003577384590956847,8.909192827921686e-15,0.041428342647850516,0.00019179788262893756,0.0023488317384730783,0.0035530370704567405,0.002522077475401697,0.0036015675197323687,baseline,deformation_low_train__baseline__large__n040_te0600_r1_seed1
deformation,deformation_ood_lambda1p0,large,40,600,1,320,69120,0.002659971976056452,0.003907864522709309,9.316158955385844e-15,0.04545502047985792,0.00021043990962897187,0.0026106121040885798,0.003962665444235709,0.0027093318480243254,0.0038522841059247317,baseline,deformation_low_train__baseline__large__n040_te0600_r1_seed1
deformation,deformation_ood_lambda0p5,large,40,600,2,320,69120,0.0022450806242231775,0.003105068028875466,9.557632463241817e-15,0.03278260752558708,0.0001517713311369772,0.002253678519328589,0.003154210009347185,0.0022364827291177646,0.0030551356999032257,baseline,deformation_low_train__baseline__large__n040_te0600_r1_seed2
deformation,deformation_ood_lambda0p75,large,40,600,2,320,69120,0.0023919443568101075,0.0033526341532877867,8.993847333549355e-15,0.059976229816675185,0.00027766773063275546,0.002444915233444377,0.0034943278606112357,0.0023389734801758377,0.0032046816275785543,baseline,deformation_low_train__baseline__large__n040_te0600_r1_seed2
deformation,deformation_ood_lambda1p0,large,40,600,2,320,69120,0.0027614745151028626,0.003979089237772269,9.55659162915623e-15,0.10325442682951688,0.00047802975384035596,0.002870135768463603,0.004197210060879173,0.0026528132617421214,0.0037482969505049668,baseline,deformation_low_train__baseline__large__n040_te0600_r1_seed2
deformation,deformation_ood_lambda0p5,large,80,300,0,320,69120,0.002489470705412014,0.003545269816765986,9.67038948918031e-15,0.03996957950294018,0.00018504434955064896,0.002285836621322408,0.003225828080438661,0.0026931047895016207,0.003838216948375545,baseline,deformation_low_train__baseline__large__n080_te0300_r1_seed0
deformation,deformation_ood_lambda0p75,large,80,300,0,320,69120,0.0026659170641779094,0.0037636834155082735,8.468226120328382e-15,0.04283178336918354,0.0001982952933758497,0.002448553566463848,0.003437979612004234,0.0028832805618919707,0.004063363371861698,baseline,deformation_low_train__baseline__large__n080_te0300_r1_seed0
deformation,deformation_ood_lambda1p0,large,80,300,0,320,69120,0.0030098228257443927,0.004320645792184133,9.469508510662195e-15,0.04541933219879866,0.00021027468610554934,0.002693592429315015,0.0037909994517670606,0.003326053222173771,0.00479210635104635,baseline,deformation_low_train__baseline__large__n080_te0300_r1_seed0
deformation,deformation_ood_lambda0p5,large,80,300,1,320,69120,0.002544411222417858,0.0038097754396174952,9.003561785014824e-15,0.04081172924488783,0.00018894319094855478,0.0023122686697444805,0.0034532580000679767,0.0027765537750912353,0.004135672494962806,baseline,deformation_low_train__baseline__large__n080_te0300_r1_seed1
deformation,deformation_ood_lambda0p75,large,80,300,1,320,69120,0.0026994964107072594,0.004027887194103498,9.792167077193881e-15,0.04339698012918234,0.00020091194504251081,0.0025095960429699677,0.0038509863477469357,0.0028893967784445517,0.004197338995877343,baseline,deformation_low_train__baseline__large__n080_te0300_r1_seed1
deformation,deformation_ood_lambda1p0,large,80,300,1,320,69120,0.0029306973562309513,0.004382357491272332,9.395609290585582e-15,0.04653215445578098,0.00021542664099898608,0.0027569545698812063,0.004270159388303262,0.0031044401425806955,0.004491753907006367,baseline,deformation_low_train__baseline__large__n080_te0300_r1_seed1
deformation,deformation_ood_lambda0p5,large,80,300,2,320,69120,0.002527324751400183,0.0035302753319328153,9.069481277101943e-15,0.05706975907087326,0.0002642118475503392,0.002460712852452808,0.0034656602312003694,0.0025939366503475577,0.003593728843469258,baseline,deformation_low_train__baseline__large__n080_te0300_r1_seed2
deformation,deformation_ood_lambda0p75,large,80,300,2,320,69120,0.002669674669748839,0.0037700276688268806,9.393874567109605e-15,0.1108606593683362,0.000513243793371927,0.002655357138502229,0.003798497365778832,0.00268399220099545,0.0037413413382918915,baseline,deformation_low_train__baseline__large__n080_te0300_r1_seed2
deformation,deformation_ood_lambda1p0,large,80,300,2,320,69120,0.0030438954659353754,0.004417468709012186,9.337322581792762e-15,0.17330077961087226,0.0008023184241244086,0.0030720641058984634,0.004477650702177959,0.0030157268259722856,0.004356455414610461,baseline,deformation_low_train__baseline__large__n080_te0300_r1_seed2
deformation,deformation_ood_lambda0p5,large,80,600,0,320,69120,0.001704054463649008,0.002414828608513859,8.969214260190483e-15,0.03059631884098053,0.00014164962426379876,0.001621482426486526,0.0022682607003161937,0.0017866265008114894,0.0025529958504461087,baseline,deformation_low_train__baseline__large__n080_te0600_r1_seed0
deformation,deformation_ood_lambda0p75,large,80,600,0,320,69120,0.0018119876947674252,0.0025823756691115383,9.370976217226712e-15,0.04100607857108116,0.00018984295634759797,0.0017446370968794442,0.0024971677850700326,0.0018793382926554061,0.002664860455267209,baseline,deformation_low_train__baseline__large__n080_te0600_r1_seed0
deformation,deformation_ood_lambda1p0,large,80,600,0,320,69120,0.002053147024244762,0.0030094379952005576,9.4840801878604e-15,0.04447202421724796,0.0002058890010057776,0.0019912858687491965,0.00290706023562391,0.0021150081797403288,0.003108445733862465,baseline,deformation_low_train__baseline__large__n080_te0600_r1_seed0
deformation,deformation_ood_lambda0p5,large,80,600,1,320,69120,0.0018663279426910768,0.0025902916104868505,8.971295928361656e-15,0.03164432402700186,0.0001465015001250086,0.001838020547273964,0.002565458124169086,0.0018946353381081888,0.0026148892649311088,baseline,deformation_low_train__baseline__large__n080_te0600_r1_seed1
deformation,deformation_ood_lambda0p75,large,80,600,1,320,69120,0.002014235953259983,0.002798811977882993,9.109032972354214e-15,0.0346859997138381,0.00016058333200850972,0.0020201928155536325,0.0028736729519581897,0.002008279090966334,0.0027218928598066686,baseline,deformation_low_train__baseline__large__n080_te0600_r1_seed1
deformation,deformation_ood_lambda1p0,large,80,600,1,320,69120,0.0022976007246024604,0.003197978653766066,9.411221801869374e-15,0.06443896926939488,0.00029832856143238365,0.0023409558609907293,0.003283179955324979,0.002254245588214192,0.0031104443928222066,baseline,deformation_low_train__baseline__large__n080_te0600_r1_seed1
deformation,deformation_ood_lambda0p5,large,80,600,2,320,69120,0.0015747909162663668,0.0021814466461854403,9.35918009759007e-15,0.06554917972534895,0.00030346842465439334,0.0016354401829679315,0.002296988711290113,0.001514141649564802,0.0020594323976555287,baseline,deformation_low_train__baseline__large__n080_te0600_r1_seed2
deformation,deformation_ood_lambda0p75,large,80,600,2,320,69120,0.0016994789506555295,0.0023982144201889835,9.67177726796109e-15,0.10064599066972732,0.0004659536605079969,0.0017952670576689644,0.002578966094219751,0.0016036908436420953,0.0022026798894232646,baseline,deformation_low_train__baseline__large__n080_te0600_r1_seed2
deformation,deformation_ood_lambda1p0,large,80,600,2,320,69120,0.001964727736361496,0.0028431737679618964,9.007725121357169e-15,0.11181947737932205,0.0005176827656450096,0.0021137289433172854,0.0030722557092572314,0.0018157265294057065,0.0025939388980062046,baseline,deformation_low_train__baseline__large__n080_te0600_r1_seed2
deformation,deformation_ood_lambda0p5,large,160,300,0,320,69120,0.0017709380331122164,0.002474653998964994,9.11458408747734e-15,0.02906442116945982,0.00013455750541416586,0.0016523110065468684,0.002283108330117235,0.0018895650596775643,0.002652402907202479,baseline,deformation_low_train__baseline__large__n160_te0300_r1_seed0
deformation,deformation_ood_lambda0p75,large,160,300,0,320,69120,0.0019552225869663817,0.0027220239437839313,8.9230706157295e-15,0.035540283843874934,0.00016453835112905063,0.0018664687775479143,0.002596775164565708,0.0020439763963848493,0.002841757809131664,baseline,deformation_low_train__baseline__large__n160_te0300_r1_seed0
deformation,deformation_ood_lambda1p0,large,160,300,0,320,69120,0.0023354735296661614,0.0032926706949730957,9.414691248821327e-15,0.03565374501049519,0.00016506363430784807,0.002241798678610412,0.0031376841655835685,0.0024291483807219105,0.003440682881073954,baseline,deformation_low_train__baseline__large__n160_te0300_r1_seed0
deformation,deformation_ood_lambda0p5,large,160,300,1,320,69120,0.0018942391413803096,0.0027268204480675913,1.0096437574880212e-14,0.03987161740660668,0.00018459082132688272,0.0018455957364359942,0.002668181386697347,0.0019428825463246248,0.0027842247753514624,baseline,deformation_low_train__baseline__large__n160_te0300_r1_seed1
deformation,deformation_ood_lambda0p75,large,160,300,1,320,69120,0.0020320520686772647,0.0029183534607742033,8.843967225224958e-15,0.058365088701248166,0.00027020874398726006,0.0020155574077394107,0.0029789918826555045,0.002048546729615119,0.002856428050397585,baseline,deformation_low_train__baseline__large__n160_te0300_r1_seed1
deformation,deformation_ood_lambda1p0,large,160,300,1,320,69120,0.002291117179056116,0.003295099839522337,9.396997069366364e-15,0.09742299932986498,0.0004510324043049304,0.002310114126238558,0.0033848437869672607,0.0022721202318736733,0.003202842244424379,baseline,deformation_low_train__baseline__large__n160_te0300_r1_seed1
deformation,deformation_ood_lambda0p5,large,160,300,2,320,69120,0.001688159981767094,0.002337963075326727,8.746128821179866e-15,0.04412732273340225,0.00020429316080278824,0.0017444167188106845,0.002455340740217674,0.0016319032447235033,0.0022143722660405898,baseline,deformation_low_train__baseline__large__n160_te0300_r1_seed2
deformation,deformation_ood_lambda0p75,large,160,300,2,320,69120,0.0018142525269633952,0.0025531122775255973,8.694781006290952e-15,0.07508845422416925,0.00034763173251930204,0.0019128082606261812,0.0027490537123633016,0.0017156967933006093,0.0023408264117284376,baseline,deformation_low_train__baseline__large__n160_te0300_r1_seed2
deformation,deformation_ood_lambda1p0,large,160,300,2,320,69120,0.002088710775155579,0.0030153513449422777,9.347383977953427e-15,0.08712369315326214,0.0004033504312651025,0.0022545903179837985,0.003283675029118459,0.0019228312323273599,0.0027206921490742554,baseline,deformation_low_train__baseline__large__n160_te0300_r1_seed2
deformation,deformation_ood_lambda0p5,large,160,600,0,320,69120,0.0012792060986325396,0.0016500967646579977,9.428915981324337e-15,0.02751165349036455,0.00012736876615909517,0.0012555768210804987,0.0016138845886444796,0.0013028353761845807,0.0016855311329089773,baseline,deformation_low_train__baseline__large__n160_te0600_r1_seed0
deformation,deformation_ood_lambda0p75,large,160,600,0,320,69120,0.0013475732842319105,0.0017459067123753778,8.444980825750292e-15,0.02254334744066,0.00010436734926231481,0.0013423637063172227,0.0017484344192836617,0.0013527828621465988,0.0017433753405675457,baseline,deformation_low_train__baseline__large__n160_te0600_r1_seed0
deformation,deformation_ood_lambda1p0,large,160,600,0,320,69120,0.001482925111563961,0.0019685717594105662,9.239137233052475e-15,0.0215707715600729,9.986468314848565e-05,0.0014894843320438934,0.001979710349726395,0.0014763658910840283,0.0019573697849624167,baseline,deformation_low_train__baseline__large__n160_te0600_r1_seed0
deformation,deformation_ood_lambda0p5,large,160,600,1,320,69120,0.0013057892345321915,0.0017113569784308503,9.072256834663506e-15,0.01885999124497175,8.731477428227664e-05,0.001296070575141138,0.0017008443518986987,0.001315507893923245,0.0017218054204416464,baseline,deformation_low_train__baseline__large__n160_te0600_r1_seed1
deformation,deformation_ood_lambda0p75,large,160,600,1,320,69120,0.0013605652080701258,0.001792808447717997,9.352935093076554e-15,0.01895375791937113,8.774887925634781e-05,0.00137795400227687,0.0018514206209036238,0.0013431764138633817,0.0017322141740878545,baseline,deformation_low_train__baseline__large__n160_te0600_r1_seed1
deformation,deformation_ood_lambda1p0,large,160,600,1,320,69120,0.0014645669804850853,0.0019552764117210407,1.0069375888654975e-14,0.02234455943107605,0.00010344703440312984,0.001515055193811072,0.0020384443012313896,0.0014140787671590984,0.0018684101592644717,baseline,deformation_low_train__baseline__large__n160_te0600_r1_seed1
deformation,deformation_ood_lambda0p5,large,160,600,2,320,69120,0.001218353717823274,0.0015855430345926597,1.004647753877208e-14,0.051903237402439115,0.00024029276575203296,0.0012040156500276037,0.0015820661667608732,0.0012326917856189444,0.0015890122948174939,baseline,deformation_low_train__baseline__large__n160_te0600_r1_seed2
deformation,deformation_ood_lambda0p75,large,160,600,2,320,69120,0.0012547265971718236,0.0016710142647648329,9.823392099761464e-15,0.035148737765848634,0.00016272563780485479,0.001255965926294791,0.0016907626273017183,0.001253487268048856,0.0016510297042194306,baseline,deformation_low_train__baseline__large__n160_te0600_r1_seed2
deformation,deformation_ood_lambda1p0,large,160,600,2,320,69120,0.0013817120063107776,0.0019235718124886963,9.428222091933947e-15,0.027462243288755416,0.00012714001522571954,0.0013909106043171245,0.0019407830202983368,0.0013725134083044312,0.001906205210286595,baseline,deformation_low_train__baseline__large__n160_te0600_r1_seed2
deformation,deformation_ood_lambda0p5,small,5,300,0,320,69120,0.004786416810702639,0.006587947905018832,9.7383906494386e-15,0.057810937892645596,0.00026764323098447035,0.004407202193089691,0.006069741231220917,0.0051656314283155865,0.007068264043207556,ic,deformation_low_train__detaqscf__small__n005_te0300_r3_seed0
deformation,deformation_ood_lambda0p75,small,5,300,0,320,69120,0.005367385641373413,0.007354124090422189,9.052827931732566e-15,0.10252874493598937,0.00047467011544439526,0.005017783856677309,0.006909523671038178,0.005716987426069517,0.007773336794068496,ic,deformation_low_train__detaqscf__small__n005_te0300_r3_seed0
deformation,deformation_ood_lambda1p0,small,5,300,0,320,69120,0.006166061427818218,0.008625984653589332,9.657205590762885e-15,0.18399373888969422,0.0008518228652300659,0.0057788926710097424,0.007994427276414008,0.0065532301846266934,0.009214355919435986,ic,deformation_low_train__detaqscf__small__n005_te0300_r3_seed0
deformation,deformation_ood_lambda0p5,small,5,300,1,320,69120,0.003511898950742307,0.004868149102235702,9.55728551854662e-15,0.07069991901516914,0.00032731443988504234,0.003951995940262578,0.005264216429594665,0.0030718019612220367,0.004436865644301406,ic,deformation_low_train__detaqscf__small__n005_te0300_r3_seed1
deformation,deformation_ood_lambda0p75,small,5,300,1,320,69120,0.0041538223034327925,0.005760800897308986,8.65522931103868e-15,0.0720951559022069,0.0003337738699176246,0.004542987445492006,0.0059908723469034,0.003764657161373578,0.005521150467065736,ic,deformation_low_train__detaqscf__small__n005_te0300_r3_seed1
deformation,deformation_ood_lambda1p0,small,5,300,1,320,69120,0.005795035329709642,0.00803149439253224,8.971295928361656e-15,0.13019216619431973,0.0006027415101588877,0.0058956175105964355,0.007755093176783439,0.005694453148822848,0.008298694727121886,ic,deformation_low_train__detaqscf__small__n005_te0300_r3_seed1
deformation,deformation_ood_lambda0p5,small,5,300,2,320,69120,0.003644084235257565,0.005218739293351366,8.958112029944232e-15,0.09193667396903038,0.0004256327498566221,0.0041086209378689426,0.0059233780040496625,0.003179547532646187,0.004402734678024518,ic,deformation_low_train__detaqscf__small__n005_te0300_r3_seed2
deformation,deformation_ood_lambda0p75,small,5,300,2,320,69120,0.004026983925272342,0.005731652831366248,9.766493169749424e-15,0.12516652047634125,0.0005794746318349132,0.0044967482083659764,0.00645961206063126,0.0035572196421787064,0.004896641745601227,ic,deformation_low_train__detaqscf__small__n005_te0300_r3_seed2
deformation,deformation_ood_lambda1p0,small,5,300,2,320,69120,0.004734873941946847,0.006753027014700093,8.835293607845074e-15,0.09525783415883779,0.0004410084914761009,0.005028868062355886,0.007255718572472151,0.0044408798215378065,0.006209774208425068,ic,deformation_low_train__detaqscf__small__n005_te0300_r3_seed2
deformation,deformation_ood_lambda0p5,small,5,600,0,320,69120,0.0030841818775209397,0.004262701479608231,9.252668076165094e-15,0.042248661257326604,0.00019559565396910466,0.002749364013513436,0.0037809278836345426,0.003418999741528444,0.004695298941203128,ic,deformation_low_train__detaqscf__small__n005_te0600_r3_seed0
deformation,deformation_ood_lambda0p75,small,5,600,0,320,69120,0.0034540096380740195,0.004729787983921606,9.191952754505906e-15,0.06724318061023951,0.0003113110213437014,0.0031294338145473437,0.004303932649398986,0.003778585461600694,0.0051203469116004085,ic,deformation_low_train__detaqscf__small__n005_te0600_r3_seed0
deformation,deformation_ood_lambda1p0,small,5,600,0,320,69120,0.003954376455649365,0.005487965123493485,9.24919862921314e-15,0.11050931010395289,0.0005116171764071893,0.003637163102274201,0.005009958275012252,0.004271589809024531,0.005927549280773462,ic,deformation_low_train__detaqscf__small__n005_te0600_r3_seed0
deformation,deformation_ood_lambda0p5,small,5,600,1,320,69120,0.0021565250436208798,0.003125422885291302,8.626779846032662e-15,0.0439855856820941,0.00020363697075043567,0.0021302862731460096,0.003023578840827709,0.00218276381409575,0.00322405139802457,ic,deformation_low_train__detaqscf__small__n005_te0600_r3_seed1
deformation,deformation_ood_lambda0p75,small,5,600,1,320,69120,0.0026427428508691607,0.003852590220746561,8.894968095418677e-15,0.04291570521891117,0.00019868382045792212,0.002599541045596314,0.003565659590873827,0.002685944656142007,0.004119584263004407,ic,deformation_low_train__detaqscf__small__n005_te0600_r3_seed1
deformation,deformation_ood_lambda1p0,small,5,600,1,320,69120,0.004085269160493659,0.005907736728411265,8.968867315495288e-15,0.08686371967196464,0.00040214685033316964,0.0038656482085284113,0.005171592919518247,0.004304890112458907,0.006561808682004343,ic,deformation_low_train__detaqscf__small__n005_te0600_r3_seed1
deformation,deformation_ood_lambda0p5,small,5,600,2,320,69120,0.002368611128483701,0.0034591174570969487,9.72485980632598e-15,0.06955436524003744,0.00032201095018535847,0.0028028152045788714,0.004040189757172078,0.0019344070523885303,0.002758233835269872,ic,deformation_low_train__detaqscf__small__n005_te0600_r3_seed2
deformation,deformation_ood_lambda0p75,small,5,600,2,320,69120,0.0026531013802178743,0.0038783963645866995,9.732839534315475e-15,0.08378492444753646,0.0003878931687385947,0.003144763361928353,0.004546667154166478,0.0021614393985073944,0.0030678550342058786,ic,deformation_low_train__detaqscf__small__n005_te0600_r3_seed2
deformation,deformation_ood_lambda1p0,small,5,600,2,320,69120,0.003231368870656447,0.004705592787458159,8.845008059310544e-15,0.0551863981410861,0.00025549258398650977,0.0037111397882934986,0.005327090310188216,0.0027515979530193958,0.003988397646907254,ic,deformation_low_train__detaqscf__small__n005_te0600_r3_seed2
deformation,deformation_ood_lambda0p5,small,10,300,0,320,69120,0.004798815110306299,0.006570876264121282,9.572204140440022e-15,0.05175861334428191,0.00023962320992723107,0.004337942010556338,0.00593449111999012,0.005259688210056261,0.007150849243519493,ic,deformation_low_train__detaqscf__small__n010_te0300_r3_seed0
deformation,deformation_ood_lambda0p75,small,10,300,0,320,69120,0.005379066180505833,0.0073196119521580704,8.999745393367675e-15,0.06068022884428501,0.00028092698539020837,0.004927137694117167,0.006719033432875107,0.005830994666894496,0.007874517635275009,ic,deformation_low_train__detaqscf__small__n010_te0300_r3_seed0
deformation,deformation_ood_lambda1p0,small,10,300,0,320,69120,0.006177217790491902,0.008575956530031908,9.210687768046456e-15,0.08309192284941673,0.0003846848280065589,0.005671481012104179,0.0077673099728272086,0.006682954568879625,0.009314663525646692,ic,deformation_low_train__detaqscf__small__n010_te0300_r3_seed0
deformation,deformation_ood_lambda0p5,small,10,300,1,320,69120,0.003364187999534586,0.004673160806024785,8.840844722968199e-15,0.06385200414806605,0.00029561113031512055,0.0036974048919066155,0.004964771707603257,0.0030309711071625557,0.004362098775740261,ic,deformation_low_train__detaqscf__small__n010_te0300_r3_seed1
deformation,deformation_ood_lambda0p75,small,10,300,1,320,69120,0.004034446327653567,0.005593752013878073,9.131931322237108e-15,0.06762761510908603,0.0003130908106902131,0.004273853570175586,0.005668302798791275,0.0037950390851315464,0.005518194140001326,ic,deformation_low_train__detaqscf__small__n010_te0300_r3_seed1
deformation,deformation_ood_lambda1p0,small,10,300,1,320,69120,0.005661411850955286,0.007858103106677198,9.620776397767372e-15,0.16872243545949459,0.000781122386386549,0.005575416244477651,0.0073868683371743574,0.005747407457432921,0.008302634825137777,ic,deformation_low_train__detaqscf__small__n010_te0300_r3_seed1
deformation,deformation_ood_lambda0p5,small,10,300,2,320,69120,0.003934438234226733,0.005577347193545883,9.210687768046456e-15,0.07121361754834651,0.0003296926738349376,0.004295118485861018,0.006195886127328692,0.0035737579825924474,0.0048810448196963075,ic,deformation_low_train__detaqscf__small__n010_te0300_r3_seed2
deformation,deformation_ood_lambda0p75,small,10,300,2,320,69120,0.004342273866424953,0.006077569586791428,8.734679646238419e-15,0.0823491808027029,0.0003812462074199208,0.0046798048575602946,0.006656719195868241,0.004004742875289611,0.005437075842026073,ic,deformation_low_train__detaqscf__small__n010_te0300_r3_seed2
deformation,deformation_ood_lambda1p0,small,10,300,2,320,69120,0.005024824838903132,0.00702849402884524,9.342526752220693e-15,0.07875041728839278,0.0003645852652240406,0.005092290473226151,0.007247697700675129,0.004957359204580113,0.006802230124499967,ic,deformation_low_train__detaqscf__small__n010_te0300_r3_seed2
deformation,deformation_ood_lambda0p5,small,10,600,0,320,69120,0.002996755124514333,0.0041604674379513654,8.872069745535782e-15,0.03629209976643324,0.00016801898040015389,0.0026439618104806906,0.0036523665003167696,0.0033495484385479743,0.004612938060701772,ic,deformation_low_train__detaqscf__small__n010_te0600_r3_seed0
deformation,deformation_ood_lambda0p75,small,10,600,0,320,69120,0.0033609689200719862,0.004619046498374907,9.106604359487847e-15,0.03647187296301126,0.00016885126371764478,0.002993379927985115,0.004126943673176706,0.0037285579121588575,0.005063547869500765,ic,deformation_low_train__detaqscf__small__n010_te0600_r3_seed0
deformation,deformation_ood_lambda1p0,small,10,600,0,320,69120,0.0038788914322771327,0.005390652325939919,9.557979407937012e-15,0.04210387133061886,0.00019492533023434658,0.0035026871081057097,0.004824525968143479,0.004255095756448555,0.005902729384024999,ic,deformation_low_train__detaqscf__small__n010_te0600_r3_seed0
deformation,deformation_ood_lambda0p5,small,10,600,1,320,69120,0.0020062245340971216,0.002894790148086849,9.284933932818262e-15,0.03899159878492355,0.00018051666104131276,0.0019759039253070543,0.0027980199419272286,0.0020365451428871885,0.002988428417663524,ic,deformation_low_train__detaqscf__small__n010_te0600_r3_seed1
deformation,deformation_ood_lambda0p75,small,10,600,1,320,69120,0.0024967673048840143,0.003621957940959871,9.336628692402371e-15,0.042413731664419176,0.00019635986881675545,0.0024044482310977113,0.0032719111851280615,0.0025890863786703186,0.003941034870284507,ic,deformation_low_train__detaqscf__small__n010_te0600_r3_seed1
deformation,deformation_ood_lambda1p0,small,10,600,1,320,69120,0.0038158207928502496,0.0054953050975666,8.520961713998076e-15,0.06877521052956581,0.00031840375245169354,0.0035231967831275764,0.004660464894402899,0.004108444802572923,0.006219069319337186,ic,deformation_low_train__detaqscf__small__n010_te0600_r3_seed1
deformation,deformation_ood_lambda0p5,small,10,600,2,320,69120,0.002406750937166211,0.0035066502207755524,9.403589018575076e-15,0.05815024580806494,0.0002692141009632636,0.0028955608996625256,0.0041570842633153055,0.0019179409746698966,0.002704041783964647,ic,deformation_low_train__detaqscf__small__n010_te0600_r3_seed2
deformation,deformation_ood_lambda0p75,small,10,600,2,320,69120,0.0026736368880791155,0.003857770323866739,9.242259735309233e-15,0.060738599859178066,0.0002811972215702688,0.0031889051077753283,0.004540131850712573,0.0021583686683829023,0.003025225036515299,ic,deformation_low_train__detaqscf__small__n010_te0600_r3_seed2
deformation,deformation_ood_lambda1p0,small,10,600,2,320,69120,0.003186332303548387,0.004555717982194986,9.046235982523854e-15,0.04980878345668316,0.0002305962197068665,0.003599773986144974,0.005097395409441366,0.002772890620951801,0.003940265562927909,ic,deformation_low_train__detaqscf__small__n010_te0600_r3_seed2
deformation,deformation_ood_lambda0p5,small,20,300,0,320,69120,0.003463821792861687,0.004734958527433713,9.308179227396352e-15,0.039537622779607776,0.00018304454990559154,0.00302280389479603,0.004088546751018994,0.003904839690927344,0.005303154719387934,ic,deformation_low_train__detaqscf__small__n020_te0300_r3_seed0
deformation,deformation_ood_lambda0p75,small,20,300,0,320,69120,0.0038784489959423447,0.005213284711452519,9.686695889854491e-15,0.04250418730080128,0.00019677864491111704,0.003438999769258707,0.004584306277180359,0.004317898222625982,0.005774150233786258,ic,deformation_low_train__detaqscf__small__n020_te0300_r3_seed0
deformation,deformation_ood_lambda1p0,small,20,300,0,320,69120,0.0043923464293680456,0.005982115505160165,9.213463325608018e-15,0.05734487399458885,0.00026548552775272616,0.003933008945120987,0.005238295546279624,0.004851683913615106,0.006643167287068901,ic,deformation_low_train__detaqscf__small__n020_te0300_r3_seed0
deformation,deformation_ood_lambda0p5,small,20,300,1,320,69120,0.0024020273619524968,0.003575892921334681,9.005643453185996e-15,0.08900158498436213,0.0004120443749276025,0.0023536883700359234,0.003386724424425163,0.00245036635386907,0.003755544972797558,ic,deformation_low_train__detaqscf__small__n020_te0300_r3_seed1
deformation,deformation_ood_lambda0p75,small,20,300,1,320,69120,0.003053789137246532,0.0046113414258989556,1.0092274238537869e-14,0.09477319177240133,0.0004387647767240803,0.0029375335768686644,0.004066602034419706,0.0031700446976244,0.005098204329573025,ic,deformation_low_train__detaqscf__small__n020_te0300_r3_seed1
deformation,deformation_ood_lambda1p0,small,20,300,1,320,69120,0.004875056749324421,0.0072012392181976205,9.347037033258232e-15,0.07140719518065453,0.00033058886657710433,0.004505370002139655,0.006048028792729557,0.005244743496509186,0.008193719563039072,ic,deformation_low_train__detaqscf__small__n020_te0300_r3_seed1
deformation,deformation_ood_lambda0p5,small,20,300,2,320,69120,0.0029341642716254356,0.004120204274024597,8.493900027772838e-15,0.04328784924000502,0.00020040670944446767,0.003407590377939141,0.004740528329840169,0.0024607381653117305,0.0033881495943012757,ic,deformation_low_train__detaqscf__small__n020_te0300_r3_seed2
deformation,deformation_ood_lambda0p75,small,20,300,2,320,69120,0.0033243310168038654,0.004580739705536071,9.11458408747734e-15,0.04666042532771826,0.00021602048762832526,0.0037849003301207774,0.005181222891685386,0.0028637617034869534,0.003888609243215974,ic,deformation_low_train__detaqscf__small__n020_te0300_r3_seed2
deformation,deformation_ood_lambda1p0,small,20,300,2,320,69120,0.003999561686975823,0.005440447844170934,9.360567876370851e-15,0.07791659105569124,0.0003607249585911631,0.00425885950509952,0.0057698063011899555,0.003740263868852126,0.005089821287337799,ic,deformation_low_train__detaqscf__small__n020_te0300_r3_seed2
deformation,deformation_ood_lambda0p5,small,20,600,0,320,69120,0.002457274912081375,0.0033429507925165714,9.472284068223757e-15,0.0915039038285613,0.0004236291843914875,0.002437879679921314,0.0033104582315669445,0.0024766701442414368,0.0033751305603524438,ic,deformation_low_train__detaqscf__small__n020_te0600_r3_seed0
deformation,deformation_ood_lambda0p75,small,20,600,0,320,69120,0.002748146102989198,0.0037376851672159413,8.98586760555986e-15,0.07744637373834848,0.0003585480265664282,0.002787641186087644,0.0038139819722480626,0.002708651019890751,0.003659798127468085,ic,deformation_low_train__detaqscf__small__n020_te0600_r3_seed0
deformation,deformation_ood_lambda1p0,small,20,600,0,320,69120,0.003216348898308658,0.004460027478484289,9.012582347089903e-15,0.07255079131573439,0.0003358832931284,0.0033432579900020544,0.004601556444315042,0.0030894398066152622,0.004313857729162213,ic,deformation_low_train__detaqscf__small__n020_te0600_r3_seed0
deformation,deformation_ood_lambda0p5,small,20,600,1,320,69120,0.0015545437269267946,0.0021837375399702675,1.0183867638069444e-14,0.062201297096908095,0.0002879689680412411,0.0014682054662577483,0.002076569847119516,0.0016408819875958411,0.002285886470712144,ic,deformation_low_train__detaqscf__small__n020_te0600_r3_seed1
deformation,deformation_ood_lambda0p75,small,20,600,1,320,69120,0.001953667103204639,0.002755963735192791,8.463021949900452e-15,0.04972465913742781,0.0002302067552658695,0.0018614595224799794,0.0025692264789280764,0.002045874683929298,0.002930827104994499,ic,deformation_low_train__detaqscf__small__n020_te0600_r3_seed1
deformation,deformation_ood_lambda1p0,small,20,600,1,320,69120,0.0030490427018882286,0.00421038735499981,9.153441893339221e-15,0.036799606308341025,0.00017036854772380105,0.002912861065168078,0.0038740463775265416,0.0031852243386083804,0.004521779298357902,ic,deformation_low_train__detaqscf__small__n020_te0600_r3_seed1
deformation,deformation_ood_lambda0p5,small,20,600,2,320,69120,0.0017968262598382892,0.0024642210318528476,9.460487948587116e-15,0.03603106047958136,0.00016681046518324702,0.0018885645043521353,0.002599888833052044,0.001705088015324443,0.002320635396485865,ic,deformation_low_train__detaqscf__small__n020_te0600_r3_seed2
deformation,deformation_ood_lambda0p75,small,20,600,2,320,69120,0.0020548209051355023,0.0028276705050992563,9.010500678918731e-15,0.06163215320557356,0.0002853340426183961,0.0021421583895399063,0.002963441104910518,0.0019674834207310987,0.0026850433494719026,ic,deformation_low_train__detaqscf__small__n020_te0600_r3_seed2
deformation,deformation_ood_lambda1p0,small,20,600,2,320,69120,0.002500756736437564,0.003449854545111314,9.325179517460925e-15,0.17270456869155168,0.0007995581883868133,0.0025152570777540752,0.003467224405480909,0.0024862563951210527,0.003432396784593521,ic,deformation_low_train__detaqscf__small__n020_te0600_r3_seed2
deformation,deformation_ood_lambda0p5,small,40,300,0,320,69120,0.002683591264638914,0.003744514632748208,9.07052211118753e-15,0.09656436573714018,0.0004470572487830564,0.0024786757944670434,0.0034457452060186965,0.0028885067348107846,0.004021146558499213,ic,deformation_low_train__detaqscf__small__n040_te0300_r3_seed0
deformation,deformation_ood_lambda0p75,small,40,300,0,320,69120,0.0030170174194605252,0.0041834478640853795,8.734332701543224e-15,0.09231312312185765,0.0004273755700086002,0.002834395349037863,0.003946164496739582,0.0031996394898831863,0.004407976613789267,ic,deformation_low_train__detaqscf__small__n040_te0300_r3_seed0
deformation,deformation_ood_lambda1p0,small,40,300,0,320,69120,0.0035364926197589725,0.004980621924637555,8.938683127013292e-15,0.08859664853662252,0.0004101696691510302,0.0033930480974759597,0.004718586330889926,0.0036799371420419857,0.005229544201008281,ic,deformation_low_train__detaqscf__small__n040_te0300_r3_seed0
deformation,deformation_ood_lambda0p5,small,40,300,1,320,69120,0.001700736266760148,0.0024324247263830512,9.832412661836543e-15,0.028081477060914038,0.0001300068382449724,0.0015804909530098311,0.002238788806443082,0.0018209815805104645,0.0026117436281504515,ic,deformation_low_train__detaqscf__small__n040_te0300_r3_seed1
deformation,deformation_ood_lambda0p75,small,40,300,1,320,69120,0.0022089862542556517,0.003176482531138555,8.88039641822047e-15,0.03875199388712645,0.00017940737910706686,0.0020283982696667055,0.00278585749785562,0.002389574238844597,0.0035240715859497554,ic,deformation_low_train__detaqscf__small__n040_te0300_r3_seed1
deformation,deformation_ood_lambda1p0,small,40,300,1,320,69120,0.003526086659262989,0.004957050166946443,9.366118991493977e-15,0.08168159313499927,0.0003781555237731448,0.0032174188596584843,0.004246340155774506,0.0038347544588674936,0.005577928647509259,ic,deformation_low_train__detaqscf__small__n040_te0300_r3_seed1
deformation,deformation_ood_lambda0p5,small,40,300,2,320,69120,0.0018776266696538383,0.0025736613415608183,8.864090017546289e-15,0.026798507757484914,0.00012406716554391162,0.0019463014109596737,0.0026679907156869956,0.0018089519283480031,0.002475740483794143,ic,deformation_low_train__detaqscf__small__n040_te0300_r3_seed2
deformation,deformation_ood_lambda0p75,small,40,300,2,320,69120,0.0021353866602757256,0.002939582920246113,9.028888747764086e-15,0.028261174075305463,0.0001308387688671549,0.002199338497073404,0.0030383153675217884,0.002071434823478047,0.0028374169974619994,ic,deformation_low_train__detaqscf__small__n040_te0300_r3_seed2
deformation,deformation_ood_lambda1p0,small,40,300,2,320,69120,0.0025929071583889875,0.003602306300911873,9.541326062567634e-15,0.0851600132882595,0.0003942593207789792,0.0025548999713106515,0.0035434775573084387,0.0026309143454673234,0.003660189636074912,ic,deformation_low_train__detaqscf__small__n040_te0300_r3_seed2
deformation,deformation_ood_lambda0p5,small,40,600,0,320,69120,0.0020107090156825597,0.002656967040677126,8.724271305382558e-15,0.025401613488793374,0.00011760006244811746,0.0019903474188900324,0.0026506467993255025,0.0020310706124750865,0.002663272283435285,ic,deformation_low_train__detaqscf__small__n040_te0600_r3_seed0
deformation,deformation_ood_lambda0p75,small,40,600,0,320,69120,0.002240542131381886,0.0029509180265785196,9.616266116729832e-15,0.035442278161644934,0.0001640846211187265,0.0022538744399914286,0.003011211432949654,0.0022272098227723437,0.0028893667308331453,ic,deformation_low_train__detaqscf__small__n040_te0600_r3_seed0
deformation,deformation_ood_lambda1p0,small,40,600,0,320,69120,0.0025511181984698484,0.003450990916310622,9.205483597618525e-15,0.06143338438123465,0.0002844138165797901,0.002602347487197941,0.003547105436562989,0.002499888909741756,0.0033521216611009427,ic,deformation_low_train__detaqscf__small__n040_te0600_r3_seed0
deformation,deformation_ood_lambda0p5,small,40,600,1,320,69120,0.0012333363611669512,0.0016989132531255704,8.897049763589849e-15,0.019671074114739895,9.106978756824027e-05,0.0010467411944641391,0.001426475692037992,0.001419931527869763,0.0019333338002828556,ic,deformation_low_train__detaqscf__small__n040_te0600_r3_seed1
deformation,deformation_ood_lambda0p75,small,40,600,1,320,69120,0.0014682714945051581,0.002031022760724814,8.314876565052031e-15,0.032173098810017106,0.000148949531527857,0.0012582338729998498,0.001700647155359994,0.001678309116010466,0.0023147151362814503,ic,deformation_low_train__detaqscf__small__n040_te0600_r3_seed1
deformation,deformation_ood_lambda1p0,small,40,600,1,320,69120,0.0021707172783181727,0.0029237711620699516,9.270362255620057e-15,0.05869447644799948,0.0002717336872592568,0.0019174716797873217,0.002459878871567131,0.0024239628768490244,0.003323532992693372,ic,deformation_low_train__detaqscf__small__n040_te0600_r3_seed1
deformation,deformation_ood_lambda0p5,small,40,600,2,320,69120,0.0012549040911815654,0.001703291975054602,9.290831992636584e-15,0.05813103467226029,0.00026912516051972354,0.0011496893350298127,0.0015421992072591254,0.0013601188473333185,0.0018504131186575985,ic,deformation_low_train__detaqscf__small__n040_te0600_r3_seed2
deformation,deformation_ood_lambda0p75,small,40,600,2,320,69120,0.001374933264380837,0.0019028874071849835,9.389711230767262e-15,0.0656704168766737,0.00030402970776237826,0.0012556989436914232,0.001719892461760964,0.0014941675850702507,0.0020697659019377505,ic,deformation_low_train__detaqscf__small__n040_te0600_r3_seed2
deformation,deformation_ood_lambda1p0,small,40,600,2,320,69120,0.0016044007305570703,0.0022806546696369596,9.485467966641181e-15,0.0598010677844286,0.00027685679529828054,0.001413602734671903,0.001966228486566054,0.0017951987264422375,0.0025567004092951337,ic,deformation_low_train__detaqscf__small__n040_te0600_r3_seed2
deformation,deformation_ood_lambda0p5,small,80,300,0,320,69120,0.001929138685526794,0.0026532710535307064,9.7383906494386e-15,0.06941090766340494,0.0003213467947379858,0.0019152720332489348,0.0026659251967254094,0.001943005337804653,0.0026405562695145266,ic,deformation_low_train__detaqscf__small__n080_te0300_r3_seed0
deformation,deformation_ood_lambda0p75,small,80,300,0,320,69120,0.0021576496419708907,0.002958283631800749,9.341485918135106e-15,0.08350374754518271,0.00038659142382029026,0.0021694092633169457,0.003028101762305595,0.002145890020624835,0.0028867774090639902,ic,deformation_low_train__detaqscf__small__n080_te0300_r3_seed0
deformation,deformation_ood_lambda1p0,small,80,300,0,320,69120,0.002515529182671527,0.0035039103690093017,9.23115750506298e-15,0.10964671801775694,0.0005076236945266524,0.0025481363185151226,0.0035708441808552796,0.002482922046827932,0.003435672799344226,ic,deformation_low_train__detaqscf__small__n080_te0300_r3_seed0
deformation,deformation_ood_lambda0p5,small,80,300,1,320,69120,0.0013544246948733595,0.0018919211821129228,9.183973026516412e-15,0.05362898074090481,0.00024828231824492966,0.0011861901920012855,0.0016598868664855664,0.0015226591977454329,0.002098453504160587,ic,deformation_low_train__detaqscf__small__n080_te0300_r3_seed1
deformation,deformation_ood_lambda0p75,small,80,300,1,320,69120,0.0016041135357466713,0.0022563689783349403,9.22074916420712e-15,0.071972774900496,0.0003332072912060001,0.0014118747736662062,0.0019434701449499818,0.0017963522978271366,0.0025308744987597906,ic,deformation_low_train__detaqscf__small__n080_te0300_r3_seed1
deformation,deformation_ood_lambda1p0,small,80,300,1,320,69120,0.0023775759453767724,0.0032927155670350585,9.752268437246414e-15,0.08734545856714249,0.00040437712299603,0.0021301374587853823,0.0028029102939457194,0.0026250144319681624,0.0037185542210492416,ic,deformation_low_train__detaqscf__small__n080_te0300_r3_seed1
deformation,deformation_ood_lambda0p5,small,80,300,2,320,69120,0.0013928490783348525,0.0018915628681313939,9.033399028801625e-15,0.04949211087077856,0.0002291301429202711,0.0012924224355760118,0.0017496776354112295,0.0014932757210936935,0.0020235237434556327,ic,deformation_low_train__detaqscf__small__n080_te0300_r3_seed2
deformation,deformation_ood_lambda0p75,small,80,300,2,320,69120,0.0015570643128535297,0.002149310251225943,8.824885266989213e-15,0.05198095701634884,0.00024065257877939277,0.0014408036032135861,0.001984133893596224,0.0016733250224934735,0.0023026684095484836,ic,deformation_low_train__detaqscf__small__n080_te0300_r3_seed2
deformation,deformation_ood_lambda1p0,small,80,300,2,320,69120,0.0018512148503182183,0.002604367196094946,9.092379626984836e-15,0.03372662104666233,0.0001561417641049182,0.0016497788847320612,0.0022807427661790365,0.0020526508159043754,0.0028920009368450933,ic,deformation_low_train__detaqscf__small__n080_te0300_r3_seed2
deformation,deformation_ood_lambda0p5,small,80,600,0,320,69120,0.0012416320508240564,0.0016872524548336401,9.046235982523854e-15,0.01858267579227686,8.603090644572622e-05,0.0013271070597437814,0.00182482953164615,0.001156157041904331,0.0015374130457090516,ic,deformation_low_train__detaqscf__small__n080_te0600_r3_seed0
deformation,deformation_ood_lambda0p75,small,80,600,0,320,69120,0.0013471712906278329,0.0018413017734110256,8.783598848260964e-15,0.028854612074792386,0.00013358616701292773,0.0014596633673792472,0.0020250597897427643,0.0012346792138764181,0.001637045292440062,ic,deformation_low_train__detaqscf__small__n080_te0600_r3_seed0
deformation,deformation_ood_lambda1p0,small,80,600,0,320,69120,0.0015263196767757506,0.0021247338956976447,8.907111159750514e-15,0.057592328265309335,0.0002666311493764321,0.0016717381254783917,0.0023539397986757104,0.00138090122807311,0.001867606939177389,ic,deformation_low_train__detaqscf__small__n080_te0600_r3_seed0
deformation,deformation_ood_lambda0p5,small,80,600,1,320,69120,0.0011204468829008596,0.0014978975139709543,9.368200659665148e-15,0.017816145345568656,8.248215437763267e-05,0.0010043010970773062,0.0013365411713667573,0.0012365926687244132,0.0016434876397351781,ic,deformation_low_train__detaqscf__small__n080_te0600_r3_seed1
deformation,deformation_ood_lambda0p75,small,80,600,1,320,69120,0.0012512352872899872,0.0016607553752875236,9.345302309782255e-15,0.021991217322647572,0.00010181119130855357,0.0011194407718418363,0.0014917230251145902,0.001383029802738138,0.0018141056334832829,ic,deformation_low_train__detaqscf__small__n080_te0600_r3_seed1
deformation,deformation_ood_lambda1p0,small,80,600,1,320,69120,0.0015804746922486257,0.0020702111771359463,9.386241783815308e-15,0.029609032906591892,0.0001370788560490365,0.0013979830105395519,0.0018284060214013072,0.0017629663739576994,0.0022865869886756207,ic,deformation_low_train__detaqscf__small__n080_te0600_r3_seed1
deformation,deformation_ood_lambda0p5,small,80,600,2,320,69120,0.0011009242296917045,0.0014646707881142188,8.906070325664928e-15,0.05051744319498539,0.00023387705182863607,0.0010158401390151794,0.001333126145495867,0.0011860083203682297,0.0015853377290992558,ic,deformation_low_train__detaqscf__small__n080_te0600_r3_seed2
deformation,deformation_ood_lambda0p75,small,80,600,2,320,69120,0.0011368889556284257,0.001548504464976732,9.16836051523262e-15,0.06844170019030571,0.0003168597231032671,0.0010399220324158473,0.0013976134700644303,0.0012338558788410037,0.001685944466582518,ic,deformation_low_train__detaqscf__small__n080_te0600_r3_seed2
deformation,deformation_ood_lambda1p0,small,80,600,2,320,69120,0.0012608541139952118,0.001789174327618889,9.608633333435534e-15,0.09521478377282619,0.0004408091841334546,0.0011139549726022432,0.0015359194195284508,0.0014077532553881794,0.002010781212846488,ic,deformation_low_train__detaqscf__small__n080_te0600_r3_seed2
deformation,deformation_ood_lambda0p5,small,160,300,0,320,69120,0.0014101488507590391,0.0019016670562440091,8.614636781700824e-15,0.03281392976641655,0.00015191634151118775,0.0014648815010934915,0.00199308062168501,0.0013554162004245868,0.0018056314189421952,ic,deformation_low_train__detaqscf__small__n160_te0300_r3_seed0
deformation,deformation_ood_lambda0p75,small,160,300,0,320,69120,0.0015473785864148386,0.0020864338569083264,9.223871666463878e-15,0.025570386461913584,0.00011838141880515549,0.0016254875884648154,0.0022265529704021893,0.0014692695843648614,0.0019362010093220943,ic,deformation_low_train__detaqscf__small__n160_te0300_r3_seed0
deformation,deformation_ood_lambda1p0,small,160,300,0,320,69120,0.00176191786300124,0.002425153396216676,8.740230761361544e-15,0.0441435731947422,0.0002043683944201028,0.0018624874471593522,0.002600696892990379,0.0016613482788431272,0.0022358697773244185,ic,deformation_low_train__detaqscf__small__n160_te0300_r3_seed0
deformation,deformation_ood_lambda0p5,small,160,300,1,320,69120,0.0011187655204014063,0.0015170568154743629,9.161768566023908e-15,0.020632953383028504,9.552293232883569e-05,0.0009832744819427673,0.0013148771318175225,0.0012542565588600455,0.001695293747696179,ic,deformation_low_train__detaqscf__small__n160_te0300_r3_seed1
deformation,deformation_ood_lambda0p75,small,160,300,1,320,69120,0.0012537016693406208,0.0017025217550633682,9.7383906494386e-15,0.03152453377842903,0.00014594691564087515,0.001103350558124651,0.0014732661942743976,0.001404052780556591,0.001904375848863962,ic,deformation_low_train__detaqscf__small__n160_te0300_r3_seed1
deformation,deformation_ood_lambda1p0,small,160,300,1,320,69120,0.0016560216733961608,0.0022269066520793526,9.066011830149989e-15,0.04302165135741234,0.00019917431183987195,0.0014534005247387352,0.001888609856460679,0.0018586428220535862,0.002520194294936427,ic,deformation_low_train__detaqscf__small__n160_te0300_r3_seed1
deformation,deformation_ood_lambda0p5,small,160,300,2,320,69120,0.0011252263326144206,0.001514220835778659,8.852293897909647e-15,0.024734094552695752,0.00011450969700322106,0.0010010826668736554,0.0013217163461953687,0.0012493699983551854,0.0016848725112638067,ic,deformation_low_train__detaqscf__small__n160_te0300_r3_seed2
deformation,deformation_ood_lambda0p75,small,160,300,2,320,69120,0.0012157050297459501,0.001660825685019035,9.469161565967e-15,0.03976734932512045,0.0001841080987274095,0.0010839584178453507,0.0014524676733751144,0.0013474516416465499,0.0018458118999069692,ic,deformation_low_train__detaqscf__small__n160_te0300_r3_seed2
deformation,deformation_ood_lambda1p0,small,160,300,2,320,69120,0.0014081358761812172,0.0019721856581258424,9.64402169234546e-15,0.05857629142701626,0.00027118653438433455,0.0012240045175367685,0.001659688258252198,0.0015922672348256657,0.002241532383360613,ic,deformation_low_train__detaqscf__small__n160_te0300_r3_seed2
deformation,deformation_ood_lambda0p5,small,160,600,0,320,69120,0.0010156381909370764,0.0013421574881942945,9.05699126807491e-15,0.05079494584351778,0.00023516178631258235,0.0010624656427060143,0.001425787916100325,0.0009688107391681384,0.001252957407310531,ic,deformation_low_train__detaqscf__small__n160_te0600_r3_seed0
deformation,deformation_ood_lambda0p75,small,160,600,0,320,69120,0.0010838988742667194,0.0014433672577614598,9.770309561396573e-15,0.04586000740528107,0.00021231484909852347,0.0011562291981967927,0.0015635460192828694,0.0010115685503366458,0.001312227848790128,ic,deformation_low_train__detaqscf__small__n160_te0600_r3_seed0
deformation,deformation_ood_lambda1p0,small,160,600,0,320,69120,0.0012062968194452137,0.0016366670257565244,8.59624871285547e-15,0.03313831090927124,0.0001534181060614409,0.0013098094182469675,0.0017972483390425369,0.001102784220643459,0.0014585116777750726,ic,deformation_low_train__detaqscf__small__n160_te0600_r3_seed0
deformation,deformation_ood_lambda0p5,small,160,600,1,320,69120,0.0009671523020074503,0.0012673590526510183,1.0188030974411788e-14,0.03443106524646282,0.00015940307984473528,0.0009052413387035003,0.001173621699804039,0.0010290632653114004,0.0013546254251349528,ic,deformation_low_train__detaqscf__small__n160_te0600_r3_seed1
deformation,deformation_ood_lambda0p75,small,160,600,1,320,69120,0.001035786060313279,0.0013604266550192718,9.18189135834524e-15,0.04528437256813049,0.00020964987300060414,0.0009647934937744886,0.0012569617038281533,0.0011067786268520693,0.0014565605522886015,ic,deformation_low_train__detaqscf__small__n160_te0600_r3_seed1
deformation,deformation_ood_lambda1p0,small,160,600,1,320,69120,0.0012320893989995363,0.0016263320788847096,9.910128273560304e-15,0.05914523657411337,0.0002738205396949693,0.0011310621577382744,0.0014623182934346063,0.0013331166402607976,0.0017752569589514144,ic,deformation_low_train__detaqscf__small__n160_te0600_r3_seed1
deformation,deformation_ood_lambda0p5,small,160,600,2,320,69120,0.0009255714007411842,0.0011988079896958813,9.924699950758508e-15,0.016703395545482634,7.733053493278999e-05,0.0008734596581313253,0.0011207024998150046,0.000977683143351043,0.0012721269980728183,ic,deformation_low_train__detaqscf__small__n160_te0600_r3_seed2
deformation,deformation_ood_lambda0p75,small,160,600,2,320,69120,0.0009745679365292787,0.0012744369602930062,9.655470867286908e-15,0.014603821933269501,6.761028672809954e-05,0.0009160497628244351,0.0011838209210047349,0.0010330861102341223,0.0013590243406625415,ic,deformation_low_train__detaqscf__small__n160_te0600_r3_seed2
deformation,deformation_ood_lambda1p0,small,160,600,2,320,69120,0.0010855072958120854,0.0014508065164204615,8.982398158607907e-15,0.028116550482809543,0.00013016921519819235,0.0009937626011707961,0.0012868405743182928,0.0011772519904533745,0.0015980364302681947,ic,deformation_low_train__detaqscf__small__n160_te0600_r3_seed2
deformation,deformation_ood_lambda0p5,medium,5,300,0,320,69120,0.005912434909858746,0.00822445987411178,9.2297697262822e-15,0.08293843381106854,0.0003839742306067988,0.004603347679905451,0.006404922089743725,0.007221522139812038,0.009708782285439421,ic,deformation_low_train__detaqscf__medium__n005_te0300_r3_seed0
deformation,deformation_ood_lambda0p75,medium,5,300,0,320,69120,0.006628226046865635,0.00905920438107501,9.327608130327292e-15,0.09767404533922672,0.00045219465434827186,0.005143281950842749,0.007101588494109322,0.008113170142888522,0.01066329259171441,ic,deformation_low_train__detaqscf__medium__n005_te0300_r3_seed0
deformation,deformation_ood_lambda1p0,medium,5,300,0,320,69120,0.007628679347290166,0.010376514670192748,9.514958265732787e-15,0.09373034713789821,0.0004339367923050842,0.005883772208236237,0.008003354589962217,0.009373586486344097,0.012300017427173888,ic,deformation_low_train__detaqscf__medium__n005_te0300_r3_seed0
deformation,deformation_ood_lambda0p5,medium,5,300,1,320,69120,0.004868028044966669,0.006794561685998533,9.154135782729611e-15,0.10899266749620437,0.000504595682852798,0.004432391764200708,0.006197928263308026,0.0053036643257326314,0.007342875611949721,ic,deformation_low_train__detaqscf__medium__n005_te0300_r3_seed1
deformation,deformation_ood_lambda0p75,medium,5,300,1,320,69120,0.005453190325353894,0.007448598092493735,9.435507930533049e-15,0.17516612550243735,0.0008109542847335062,0.00493223543449903,0.006855846256082811,0.005974145216208758,0.007997537070871126,ic,deformation_low_train__detaqscf__medium__n005_te0300_r3_seed1
deformation,deformation_ood_lambda1p0,medium,5,300,1,320,69120,0.006666515144967923,0.008848916678180867,9.07642017100585e-15,0.3076915431767702,0.00142449788507764,0.005971888472218786,0.007971689026660135,0.007361141817717058,0.009646700307203568,ic,deformation_low_train__detaqscf__medium__n005_te0300_r3_seed1
deformation,deformation_ood_lambda0p5,medium,5,300,2,320,69120,0.004798000586653174,0.006719437054858532,9.353975927162139e-15,0.08417026307433843,0.00038967714386267796,0.005825256057746648,0.008003714145979408,0.0037707451155597023,0.005122716909791224,ic,deformation_low_train__detaqscf__medium__n005_te0300_r3_seed2
deformation,deformation_ood_lambda0p75,medium,5,300,2,320,69120,0.0053977403049826735,0.0076084291279811655,9.416772916992499e-15,0.17081064619123937,0.0007907900286631453,0.006747585920433658,0.009285479236297208,0.0040478946895316885,0.005436567202133888,ic,deformation_low_train__detaqscf__medium__n005_te0300_r3_seed2
deformation,deformation_ood_lambda1p0,medium,5,300,2,320,69120,0.006294917139535789,0.008995412567771635,9.241565845918841e-15,0.275688336789608,0.0012763348925444817,0.008083693888319454,0.011111188952473289,0.004506140390752121,0.006194866793667424,ic,deformation_low_train__detaqscf__medium__n005_te0300_r3_seed2
deformation,deformation_ood_lambda0p5,medium,5,600,0,320,69120,0.003778373709563945,0.0053134930312146635,9.872658246479204e-15,0.05629780553281307,0.0002606379885778383,0.003134951593522979,0.004469118611600676,0.004421795825604912,0.0060409763466659945,ic,deformation_low_train__detaqscf__medium__n005_te0600_r3_seed0
deformation,deformation_ood_lambda0p75,medium,5,600,0,320,69120,0.004176900724314131,0.005793594559044822,9.767880948530206e-15,0.06346698813140392,0.00029382864875649963,0.0033854688631928948,0.004828027902509989,0.004968332585435366,0.006619790208290028,ic,deformation_low_train__detaqscf__medium__n005_te0600_r3_seed0
deformation,deformation_ood_lambda1p0,medium,5,600,0,320,69120,0.004731064316277189,0.006546984217182714,8.599371215112228e-15,0.06215988416224718,0.0002877772414918851,0.0036890078906419545,0.005219794399258363,0.005773120741912424,0.007647205444445059,ic,deformation_low_train__detaqscf__medium__n005_te0600_r3_seed0
deformation,deformation_ood_lambda0p5,medium,5,600,1,320,69120,0.003394066131436132,0.004688555824863398,9.347730922648623e-15,0.10280179027467966,0.00047593421423462804,0.003183464597593175,0.004479305238187956,0.003604667665279088,0.0048888583563919015,ic,deformation_low_train__detaqscf__medium__n005_te0600_r3_seed1
deformation,deformation_ood_lambda0p75,medium,5,600,1,320,69120,0.003732343342732344,0.0050952041470346396,9.192299699201101e-15,0.18178038131445645,0.0008415758394187799,0.003523597776901299,0.004971659483187721,0.00394108890856339,0.005215823289102842,ic,deformation_low_train__detaqscf__medium__n005_te0600_r3_seed1
deformation,deformation_ood_lambda1p0,medium,5,600,1,320,69120,0.0043534367853332945,0.00586722378213274,9.577408310867952e-15,0.318236269056797,0.0014733160604481345,0.004087976389436821,0.0056801652819638854,0.004618897181229771,0.00604849999494256,ic,deformation_low_train__detaqscf__medium__n005_te0600_r3_seed1
deformation,deformation_ood_lambda0p5,medium,5,600,2,320,69120,0.0034708970890825024,0.004874237271868206,9.444528492608128e-15,0.04646747373044491,0.0002151271931965042,0.004263695395444309,0.005805708147102416,0.0026780987827206954,0.003716198444056379,ic,deformation_low_train__detaqscf__medium__n005_te0600_r3_seed2
deformation,deformation_ood_lambda0p75,medium,5,600,2,320,69120,0.0038993757157519443,0.005499069344623308,9.49448852871626e-15,0.06677738428115845,0.00030915455685721503,0.004929140734866988,0.006720978764009066,0.0028696106966369017,0.003912540321541849,ic,deformation_low_train__detaqscf__medium__n005_te0600_r3_seed2
deformation,deformation_ood_lambda1p0,medium,5,600,2,320,69120,0.004531933161066283,0.0065075710323594695,8.788803018688895e-15,0.0755310969427228,0.0003496810043644574,0.005892404542810479,0.008051240788789285,0.003171461779322087,0.004458080668106386,ic,deformation_low_train__detaqscf__medium__n005_te0600_r3_seed2
deformation,deformation_ood_lambda0p5,medium,10,300,0,320,69120,0.007339732031331848,0.009945173315791417,9.641940024174289e-15,0.10284916069358588,0.0004761535217295642,0.006361262060063718,0.008586848957032565,0.00831820200259998,0.011139073998828092,ic,deformation_low_train__detaqscf__medium__n010_te0300_r3_seed0
deformation,deformation_ood_lambda0p75,medium,10,300,0,320,69120,0.008181011160704356,0.010935258666131127,9.01952124099381e-15,0.10811911020427942,0.0005005514361309234,0.007096593770622026,0.009539245800521852,0.009265428550786686,0.012172204145002582,ic,deformation_low_train__detaqscf__medium__n010_te0300_r3_seed0
deformation,deformation_ood_lambda1p0,medium,10,300,0,320,69120,0.00943156818529356,0.01253137423744636,9.336975637097566e-15,0.2101866180077195,0.0009730861944801829,0.008187265356233542,0.010851843520164222,0.010675871014353579,0.0140110018475389,ic,deformation_low_train__detaqscf__medium__n010_te0300_r3_seed0
deformation,deformation_ood_lambda0p5,medium,10,300,1,320,69120,0.005542605830814316,0.007630539147609804,8.621228730909536e-15,0.0773552750237286,0.0003581262732580028,0.004951737029485938,0.006832784811010115,0.006133474632142691,0.008352443181060319,ic,deformation_low_train__detaqscf__medium__n010_te0300_r3_seed1
deformation,deformation_ood_lambda0p75,medium,10,300,1,320,69120,0.006202483602404398,0.008381199864675488,8.960193698115404e-15,0.10596314128488302,0.0004905700985411251,0.005477007297688485,0.007484526275415381,0.00692795990712031,0.009190804577178737,ic,deformation_low_train__detaqscf__medium__n010_te0300_r3_seed1
deformation,deformation_ood_lambda1p0,medium,10,300,1,320,69120,0.007485409721633769,0.009901703153876323,9.557632463241817e-15,0.20021836459636688,0.0009269368731313281,0.0064695077479257415,0.00851305790927424,0.008501311695341799,0.011118241575371167,ic,deformation_low_train__detaqscf__medium__n010_te0300_r3_seed1
deformation,deformation_ood_lambda0p5,medium,10,300,2,320,69120,0.004756878929834529,0.006510375694984913,8.772496618014713e-15,0.13542303275316953,0.0006269584849683774,0.005495066316900532,0.007505110803512563,0.004018691542768528,0.005333225591206469,ic,deformation_low_train__detaqscf__medium__n010_te0300_r3_seed2
deformation,deformation_ood_lambda0p75,medium,10,300,2,320,69120,0.0053270216855260104,0.007296652224790078,8.851946953214452e-15,0.2841939400881529,0.0013157126855933006,0.006316702046006182,0.00860904421419079,0.004337341325045839,0.005689167346561012,ic,deformation_low_train__detaqscf__medium__n010_te0300_r3_seed2
deformation,deformation_ood_lambda1p0,medium,10,300,2,320,69120,0.006164224054638822,0.008555950168420232,9.179115800783676e-15,0.5040751231834293,0.002333681125849209,0.007504942067911586,0.010245952124649979,0.00482350604136606,0.006436538792577961,ic,deformation_low_train__detaqscf__medium__n010_te0300_r3_seed2
deformation,deformation_ood_lambda0p5,medium,10,600,0,320,69120,0.0035475060024837846,0.00502824684116786,8.923417560424696e-15,0.04644477050751448,0.00021502208568293738,0.0029740148404547983,0.004261662450664297,0.004120997164512771,0.005692518401202328,ic,deformation_low_train__detaqscf__medium__n010_te0600_r3_seed0
deformation,deformation_ood_lambda0p75,medium,10,600,0,320,69120,0.003869137780548269,0.005423375642158511,1.0141887329950804e-14,0.04773476924747229,0.000220994302071631,0.003155508982410478,0.004503233255542346,0.00458276657868606,0.006208614737451017,ic,deformation_low_train__detaqscf__medium__n010_te0600_r3_seed0
deformation,deformation_ood_lambda1p0,medium,10,600,0,320,69120,0.004304558822199439,0.00606469929056252,9.856698790500218e-15,0.060683691687881944,0.00028094301707352757,0.0033370823367525645,0.004705797123639238,0.005272035307646313,0.007170538919847499,ic,deformation_low_train__detaqscf__medium__n010_te0600_r3_seed0
deformation,deformation_ood_lambda0p5,medium,10,600,1,320,69120,0.0031925824894959466,0.004409896801361474,9.456671556939966e-15,0.0654969982802868,0.00030322684389021663,0.0031353608304276986,0.0043965677787367805,0.003249804148564194,0.004423185657904248,ic,deformation_low_train__detaqscf__medium__n010_te0600_r3_seed1
deformation,deformation_ood_lambda0p75,medium,10,600,1,320,69120,0.0034944454332017077,0.004758421329613192,9.071909889968311e-15,0.09526604562997817,0.00044104650754619534,0.003414985494300421,0.004771482513435277,0.0035739053721029947,0.00474532419590242,ic,deformation_low_train__detaqscf__medium__n010_te0600_r3_seed1
deformation,deformation_ood_lambda1p0,medium,10,600,1,320,69120,0.004004929577304174,0.005383919537412133,9.195075256762664e-15,0.15039781257510185,0.0006962861693291752,0.0038328405532255185,0.00528344656867993,0.004177018601382828,0.005482551552567511,ic,deformation_low_train__detaqscf__medium__n010_te0600_r3_seed1
deformation,deformation_ood_lambda0p5,medium,10,600,2,320,69120,0.003476401196467909,0.004859911287079339,9.571163306354435e-15,0.07292805742472411,0.00033762989548483373,0.00426063048135903,0.005793605044941057,0.002692171911576787,0.0036975148437559885,ic,deformation_low_train__detaqscf__medium__n010_te0600_r3_seed2
deformation,deformation_ood_lambda0p75,medium,10,600,2,320,69120,0.003877322172159355,0.005419158744879525,9.245729182261187e-15,0.13272422626614572,0.0006144640104914154,0.004845661251289599,0.006580497970330028,0.002908983093029111,0.003928308728561291,ic,deformation_low_train__detaqscf__medium__n010_te0600_r3_seed2
deformation,deformation_ood_lambda1p0,medium,10,600,2,320,69120,0.004487360579631418,0.0063670191610365095,9.587816651723813e-15,0.21797059215605258,0.001009123111833577,0.00570241915945485,0.007776730101497261,0.0032723019998079864,0.004538759183133483,ic,deformation_low_train__detaqscf__medium__n010_te0600_r3_seed2
deformation,deformation_ood_lambda0p5,medium,20,300,0,320,69120,0.004855155384146311,0.006755280408914884,9.439324322180197e-15,0.05736217778176069,0.00026556563787852175,0.004136117044880997,0.005781404894867759,0.005574193723411625,0.0076054575304670274,ic,deformation_low_train__detaqscf__medium__n020_te0300_r3_seed0
deformation,deformation_ood_lambda0p75,medium,20,300,0,320,69120,0.005423116194281028,0.007385544976675922,9.128461875285154e-15,0.059341490641236304,0.000274729123339057,0.004605789002975186,0.006343062775759085,0.006240443385586869,0.008298078321381725,ic,deformation_low_train__detaqscf__medium__n020_te0300_r3_seed0
deformation,deformation_ood_lambda1p0,medium,20,300,0,320,69120,0.006251865045955744,0.008445689694095228,9.213116380912822e-15,0.10129446685314178,0.0004689558650608417,0.00524938022416016,0.007083741811828159,0.0072543498677513285,0.009616649664059215,ic,deformation_low_train__detaqscf__medium__n020_te0300_r3_seed0
deformation,deformation_ood_lambda0p5,medium,20,300,1,320,69120,0.0036430370456709002,0.005229056866972761,8.846742782786521e-15,0.12263725493103265,0.0005677650691251512,0.003460678969067873,0.005005423824240001,0.0038253951222739285,0.005443510243932731,ic,deformation_low_train__detaqscf__medium__n020_te0300_r3_seed1
deformation,deformation_ood_lambda0p75,medium,20,300,1,320,69120,0.00399948642399917,0.005629032856190714,9.492059915849893e-15,0.15595958717167377,0.000722035125794786,0.003746121309315006,0.005402954370416657,0.004252851538683336,0.005846375446663061,ic,deformation_low_train__detaqscf__medium__n020_te0300_r3_seed1
deformation,deformation_ood_lambda1p0,medium,20,300,1,320,69120,0.0047146737629586676,0.006477675700853023,9.314077287214672e-15,0.19485161863267422,0.0009020908270031214,0.004315499875557818,0.006116388188196613,0.0051138476503595175,0.006819850475056793,ic,deformation_low_train__detaqscf__medium__n020_te0300_r3_seed1
deformation,deformation_ood_lambda0p5,medium,20,300,2,320,69120,0.00363506321860439,0.005060539934731485,8.891151703771526e-15,0.18341791834682225,0.0008491570293834363,0.0044804382412304755,0.006063794975750587,0.0027896881959783054,0.003801120802353725,ic,deformation_low_train__detaqscf__medium__n020_te0300_r3_seed2
deformation,deformation_ood_lambda0p75,medium,20,300,2,320,69120,0.004036507459417424,0.005655191562567002,9.133666045713084e-15,0.2218018289655447,0.001026860319284929,0.005126523652062234,0.0069435648507475516,0.002946491266772615,0.003968537562140636,ic,deformation_low_train__detaqscf__medium__n020_te0300_r3_seed2
deformation,deformation_ood_lambda1p0,medium,20,300,2,320,69120,0.004633000468864298,0.006638454516165681,9.434467096447464e-15,0.28532972410321233,0.0013209709449222794,0.006076234974754676,0.008277479738506484,0.003189765962973922,0.004429614645205118,ic,deformation_low_train__detaqscf__medium__n020_te0300_r3_seed2
deformation,deformation_ood_lambda0p5,medium,20,600,0,320,69120,0.002766153594679857,0.0038099400643550993,9.056644323379715e-15,0.0427703371271491,0.0001980108200330977,0.002466900777011032,0.0034334535346438634,0.003065406412348683,0.004152431024520195,ic,deformation_low_train__detaqscf__medium__n020_te0600_r3_seed0
deformation,deformation_ood_lambda0p75,medium,20,600,0,320,69120,0.002994996556195856,0.004100541748635482,9.5812247025151e-15,0.05898069515824318,0.00027305877388075544,0.0026409014335109122,0.0036865638033975324,0.0033490916788807995,0.004476397277731746,ic,deformation_low_train__detaqscf__medium__n020_te0600_r3_seed0
deformation,deformation_ood_lambda1p0,medium,20,600,0,320,69120,0.0033425391754451686,0.0045949435168853685,9.333159245450417e-15,0.10451643411070108,0.00048387238014213456,0.0028829828290356943,0.003990700354306023,0.0038020955218546425,0.005128481503220571,ic,deformation_low_train__detaqscf__medium__n020_te0600_r3_seed0
deformation,deformation_ood_lambda0p5,medium,20,600,1,320,69120,0.0024943693401739105,0.003417871506657314,8.423123309952985e-15,0.057376342825591564,0.00026563121678514615,0.002368653191439424,0.0033089986293016113,0.0026200854889083967,0.003523381804931157,ic,deformation_low_train__detaqscf__medium__n020_te0600_r3_seed1
deformation,deformation_ood_lambda0p75,medium,20,600,1,320,69120,0.002715139177767433,0.003681808893157494,8.748557434046233e-15,0.05883739404380321,0.00027239534279538527,0.0025386656604327804,0.0035591122781964083,0.0028916126951020835,0.003800546440008173,ic,deformation_low_train__detaqscf__medium__n020_te0600_r3_seed1
deformation,deformation_ood_lambda1p0,medium,20,600,1,320,69120,0.0030914137042264886,0.0041894793829775545,9.583653315381469e-15,0.04993489906191826,0.00023118008824962155,0.002801931873382298,0.003913646551811156,0.0033808955350706784,0.004448240738571219,ic,deformation_low_train__detaqscf__medium__n020_te0600_r3_seed1
deformation,deformation_ood_lambda0p5,medium,20,600,2,320,69120,0.00246798237006401,0.00349537926030716,9.20132026127618e-15,0.07521495763212442,0.0003482173964450205,0.0027667927584005326,0.0038577550423333226,0.0021691719817274868,0.0030908054581488434,ic,deformation_low_train__detaqscf__medium__n020_te0600_r3_seed2
deformation,deformation_ood_lambda0p75,medium,20,600,2,320,69120,0.0027442240983915904,0.0038599190059603124,9.314424231909867e-15,0.04744620267301798,0.00021965834570841655,0.0031394154593522242,0.004386446202503443,0.002349032737430957,0.003249159764876208,ic,deformation_low_train__detaqscf__medium__n020_te0600_r3_seed2
deformation,deformation_ood_lambda1p0,medium,20,600,2,320,69120,0.003253462451426452,0.004618919291717364,8.993500388854158e-15,0.06757860444486141,0.000312863909466951,0.003815930184543475,0.005359052972293962,0.00269099471830943,0.0037348871585290125,ic,deformation_low_train__detaqscf__medium__n020_te0600_r3_seed2
deformation,deformation_ood_lambda0p5,medium,40,300,0,320,69120,0.003436178826907105,0.004856682073369492,9.362996489237218e-15,0.09176022987812757,0.0004248158790654054,0.0029279518790737264,0.004148334949669973,0.003944405774740485,0.005474124465969311,ic,deformation_low_train__detaqscf__medium__n040_te0300_r3_seed0
deformation,deformation_ood_lambda0p75,medium,40,300,0,320,69120,0.0037499206697482706,0.005235445541683388,9.112502419306168e-15,0.11469895765185356,0.0005310136928326554,0.0031511493307309663,0.004431343106184916,0.004348692008765575,0.005931524114014236,ic,deformation_low_train__detaqscf__medium__n040_te0300_r3_seed0
deformation,deformation_ood_lambda1p0,medium,40,300,0,320,69120,0.00419672653994067,0.005886058260373501,9.380690668692183e-15,0.17445339411497116,0.0008076546023841258,0.003410261782765803,0.004729610669707156,0.004983191297115536,0.006849974204478034,ic,deformation_low_train__detaqscf__medium__n040_te0300_r3_seed0
deformation,deformation_ood_lambda0p5,medium,40,300,1,320,69120,0.0025113940075188693,0.003360929454171252,9.24919862921314e-15,0.0645616827532649,0.0002988966794132635,0.0023741806623658775,0.0031834296816451984,0.0026486073526718616,0.0035295139968347044,ic,deformation_low_train__detaqscf__medium__n040_te0300_r3_seed1
deformation,deformation_ood_lambda0p75,medium,40,300,1,320,69120,0.0027150985255210806,0.0035911962345505444,9.628756125756866e-15,0.10164415054023265,0.00047057477101959574,0.0025636351672454704,0.003424020832877787,0.002866561883796691,0.003750928168616259,ic,deformation_low_train__detaqscf__medium__n040_te0300_r3_seed1
deformation,deformation_ood_lambda1p0,medium,40,300,1,320,69120,0.0030470231622208386,0.004055164946042934,9.371670106617102e-15,0.10675383042544126,0.00049423069641408,0.002811887152560071,0.003739426636190235,0.003282159171881607,0.004348035638283312,ic,deformation_low_train__detaqscf__medium__n040_te0300_r3_seed1
deformation,deformation_ood_lambda0p5,medium,40,300,2,320,69120,0.0030242767096343814,0.004188194021619373,9.208259155180087e-15,0.04581844210624695,0.00021212241715855068,0.003530996774364165,0.004816819249905879,0.0025175566449045974,0.0034467652428316993,ic,deformation_low_train__detaqscf__medium__n040_te0300_r3_seed2
deformation,deformation_ood_lambda0p75,medium,40,300,2,320,69120,0.0033817964724079156,0.004667867302005928,9.538550505006072e-15,0.09595914762467146,0.0004442553130771827,0.004043837503462376,0.005504519229215706,0.0027197554413534554,0.0036439317163562135,ic,deformation_low_train__detaqscf__medium__n040_te0300_r3_seed2
deformation,deformation_ood_lambda1p0,medium,40,300,2,320,69120,0.003962309842117052,0.005556736746907548,9.022990687945764e-15,0.18172728978097438,0.0008413300452822889,0.004859829456491117,0.006647979422708448,0.003064790227742986,0.004190347974107926,ic,deformation_low_train__detaqscf__medium__n040_te0300_r3_seed2
deformation,deformation_ood_lambda0p5,medium,40,600,0,320,69120,0.0017009606403017618,0.0023358836288721193,9.001133172148457e-15,0.0778772197663784,0.00036054268410360383,0.0014872939337526583,0.0020174270434443315,0.001914627346850865,0.0026158541204824525,ic,deformation_low_train__detaqscf__medium__n040_te0600_r3_seed0
deformation,deformation_ood_lambda0p75,medium,40,600,0,320,69120,0.001826800687164477,0.002510184533479693,9.593367766846938e-15,0.10016237013041973,0.00046371467652972097,0.0015968410286091687,0.00218150867404725,0.002056760345719785,0.002800548640766295,ic,deformation_low_train__detaqscf__medium__n040_te0600_r3_seed0
deformation,deformation_ood_lambda1p0,medium,40,600,0,320,69120,0.002040580980103164,0.0028658588402395925,9.771697340177354e-15,0.13249313924461603,0.0006133941631695185,0.0017567962351215517,0.00239180957604889,0.0023243657250847766,0.0032719322634002794,ic,deformation_low_train__detaqscf__medium__n040_te0600_r3_seed0
deformation,deformation_ood_lambda0p5,medium,40,600,1,320,69120,0.001969647361300963,0.002723939918631861,9.20132026127618e-15,0.03893662244081497,0.00018026214092969894,0.0018277094245119216,0.002519054540520704,0.0021115852980900032,0.0029144573392853638,ic,deformation_low_train__detaqscf__medium__n040_te0600_r3_seed1
deformation,deformation_ood_lambda0p75,medium,40,600,1,320,69120,0.0021194497589660686,0.002915770821933741,8.55357451534644e-15,0.08001788966357708,0.0003704531928869309,0.0019810442324403282,0.002717101341547498,0.0022578552854918095,0.0031017413289700854,ic,deformation_low_train__detaqscf__medium__n040_te0600_r3_seed1
deformation,deformation_ood_lambda1p0,medium,40,600,1,320,69120,0.002404042169927915,0.0033594414380730187,9.524672717198258e-15,0.1147283473983407,0.0005311497564737996,0.0022360796864024416,0.003035143611118086,0.002572004653453388,0.0036550782223604035,ic,deformation_low_train__detaqscf__medium__n040_te0600_r3_seed1
deformation,deformation_ood_lambda0p5,medium,40,600,2,320,69120,0.0020659396272942813,0.0028190638290844913,9.577408310867952e-15,0.12874782476574181,0.0005960547442858419,0.0022013665840287786,0.0030307199298352425,0.0019305126705597853,0.0025901695797388422,ic,deformation_low_train__detaqscf__medium__n040_te0600_r3_seed2
deformation,deformation_ood_lambda0p75,medium,40,600,2,320,69120,0.0023384700595230038,0.0031862247980339892,9.209299989265674e-15,0.1749474486336112,0.0008099418918222741,0.0025669091221121416,0.003551657186264313,0.0021100309969338655,0.002773046728504684,ic,deformation_low_train__detaqscf__medium__n040_te0600_r3_seed2
deformation,deformation_ood_lambda1p0,medium,40,600,2,320,69120,0.0028851880708872886,0.003976046835401127,9.092726571680033e-15,0.24990534409880638,0.001156969185642622,0.003299834078819132,0.0045678390486582725,0.0024705420629554447,0.003279137584816976,ic,deformation_low_train__detaqscf__medium__n040_te0600_r3_seed2
deformation,deformation_ood_lambda0p5,medium,80,300,0,320,69120,0.0020994963328001457,0.0029219716868301064,9.802922362744937e-15,0.03942243773490191,0.00018251128580973105,0.001856716625987768,0.0025752283712798347,0.0023422760396125237,0.0032317233657955568,ic,deformation_low_train__detaqscf__medium__n080_te0300_r3_seed0
deformation,deformation_ood_lambda0p75,medium,80,300,0,320,69120,0.0022624692323969598,0.003139698366352096,8.944581186831612e-15,0.034784098714590074,0.0001610374940490281,0.0019915079853825767,0.0027811189156525438,0.0025334304794113424,0.003461327670179127,ic,deformation_low_train__detaqscf__medium__n080_te0300_r3_seed0
deformation,deformation_ood_lambda1p0,medium,80,300,0,320,69120,0.00250935627568982,0.0035411970115540752,9.377568166435424e-15,0.04070490561425686,0.000188448637103041,0.0021700886284340996,0.0030158557664467754,0.00284862392294554,0.003998095364704144,ic,deformation_low_train__detaqscf__medium__n080_te0300_r3_seed0
deformation,deformation_ood_lambda0p5,medium,80,300,1,320,69120,0.0019850961664140314,0.0027256871225654514,9.298117831235686e-15,0.1256295248866081,0.0005816181707713339,0.0018158871063768402,0.002485735273753703,0.0021543052264512224,0.0029461603366169433,ic,deformation_low_train__detaqscf__medium__n080_te0300_r3_seed1
deformation,deformation_ood_lambda0p75,medium,80,300,1,320,69120,0.002136690228107859,0.002905540114403383,9.343220641611083e-15,0.16397890411317348,0.000759161593116544,0.001957950742905052,0.0026634877409914496,0.002315429713310666,0.003128923100110118,ic,deformation_low_train__detaqscf__medium__n080_te0300_r3_seed1
deformation,deformation_ood_lambda1p0,medium,80,300,1,320,69120,0.002435427796888001,0.003344781300498223,9.228381947501419e-15,0.1743765812367201,0.0008072989872070373,0.0021957248405090933,0.0029591355104600695,0.002675130753266908,0.003690344282998456,ic,deformation_low_train__detaqscf__medium__n080_te0300_r3_seed1
deformation,deformation_ood_lambda0p5,medium,80,300,2,320,69120,0.0021379819364524583,0.0029638270515386293,8.927927841462236e-15,0.060409870184957984,0.000279675324930361,0.0023011824623611343,0.003193587365545954,0.0019747814105437822,0.0027146899125847844,ic,deformation_low_train__detaqscf__medium__n080_te0300_r3_seed2
deformation,deformation_ood_lambda0p75,medium,80,300,2,320,69120,0.002404541929885783,0.003320851127494774,1.0210235434904292e-14,0.10869041662663222,0.0005031963732714455,0.0026562356460323394,0.0037044791035672955,0.002152848213739228,0.0028866830434254235,ic,deformation_low_train__detaqscf__medium__n080_te0300_r3_seed2
deformation,deformation_ood_lambda1p0,medium,80,300,2,320,69120,0.0029246257505407087,0.00408828802954051,9.056644323379715e-15,0.18915163706988097,0.0008757020234716711,0.003349876113808285,0.004692276026454368,0.0024993753872731323,0.003377979235657031,ic,deformation_low_train__detaqscf__medium__n080_te0300_r3_seed2
deformation,deformation_ood_lambda0p5,medium,80,600,0,320,69120,0.0014483786401893325,0.0019949649490906157,9.01431707056588e-15,0.024627932533621787,0.00011401820617417495,0.0012542484409433874,0.001735918669243987,0.0016425088394352776,0.0022240406178778366,ic,deformation_low_train__detaqscf__medium__n080_te0600_r3_seed0
deformation,deformation_ood_lambda0p75,medium,80,600,0,320,69120,0.001569838878905927,0.0021661741949848667,9.096889908022376e-15,0.029141043685376643,0.00013491223928415114,0.0013431162007289735,0.0018776725615792197,0.00179656155708288,0.002420530321547161,ic,deformation_low_train__detaqscf__medium__n080_te0600_r3_seed0
deformation,deformation_ood_lambda1p0,medium,80,600,0,320,69120,0.0018191795125849601,0.0025535594517213296,9.347730922648623e-15,0.03071156144142151,0.00014218315482139587,0.0015164409589088828,0.0021181715710674744,0.0021219180662610374,0.002924838618192844,ic,deformation_low_train__detaqscf__medium__n080_te0600_r3_seed0
deformation,deformation_ood_lambda0p5,medium,80,600,1,320,69120,0.0014593128095616028,0.002006758324628366,8.83702833132105e-15,0.04672493208199739,0.0002163191300092472,0.0013534991558646306,0.0018629957400671377,0.0015651264632585752,0.0021408887919324975,ic,deformation_low_train__detaqscf__medium__n080_te0600_r3_seed1
deformation,deformation_ood_lambda0p75,medium,80,600,1,320,69120,0.0015753440803398515,0.002148187823277587,9.185360805297194e-15,0.07122054044157267,0.00032972472426654007,0.001476661050874249,0.002017136505026185,0.0016740271098054536,0.0022716914773461077,ic,deformation_low_train__detaqscf__medium__n080_te0600_r3_seed1
deformation,deformation_ood_lambda1p0,medium,80,600,1,320,69120,0.001828130180584982,0.002496720461655837,8.754455493864555e-15,0.07761635463684798,0.00035933497517059244,0.0017133540257496,0.002310114747711361,0.0019429063354203641,0.0026703175803091937,ic,deformation_low_train__detaqscf__medium__n080_te0600_r3_seed1
deformation,deformation_ood_lambda0p5,medium,80,600,2,320,69120,0.001626876658879461,0.0022422205246733296,9.56561219123131e-15,0.030035854130983353,0.00013905488023603402,0.0017546524267690964,0.002438734971317357,0.0014991008909898257,0.002026740610489268,ic,deformation_low_train__detaqscf__medium__n080_te0600_r3_seed2
deformation,deformation_ood_lambda0p75,medium,80,600,2,320,69120,0.0018326472145612563,0.00252761430920493,9.512876597561615e-15,0.053899987041950224,0.0002495369770460658,0.0020343899586977663,0.0028461991581211457,0.0016309044704247463,0.0021625953261083107,ic,deformation_low_train__detaqscf__medium__n080_te0600_r3_seed2
deformation,deformation_ood_lambda1p0,medium,80,600,2,320,69120,0.0022555764904517214,0.0031443729971121323,9.212769436217627e-15,0.09706130512058735,0.0004493578940767933,0.0026373375209261737,0.0036765031745267574,0.0018738154599772692,0.002501497051293595,ic,deformation_low_train__detaqscf__medium__n080_te0600_r3_seed2
deformation,deformation_ood_lambda0p5,medium,160,300,0,320,69120,0.0014676517842239119,0.002047554547489695,9.308526172091547e-15,0.03675566893070936,0.00017016513393846924,0.0012795823910471628,0.0017842935820952682,0.0016557211774006605,0.00228062615585832,ic,deformation_low_train__detaqscf__medium__n160_te0300_r3_seed0
deformation,deformation_ood_lambda0p75,medium,160,300,0,320,69120,0.0016042698482520985,0.00223319353739237,8.986561494950251e-15,0.04098223466426134,0.0001897325678900988,0.0013833455319340062,0.0019429576672384237,0.001825194164570191,0.0024898237395891126,ic,deformation_low_train__detaqscf__medium__n160_te0300_r3_seed0
deformation,deformation_ood_lambda1p0,medium,160,300,0,320,69120,0.0018664722767944698,0.0026443386897570128,9.174258575050943e-15,0.0572925828397274,0.000265243439072812,0.0015560785280374502,0.002184754860109159,0.0021768660255514893,0.003035111268721639,ic,deformation_low_train__detaqscf__medium__n160_te0300_r3_seed0
deformation,deformation_ood_lambda0p5,medium,160,300,1,320,69120,0.0015103364369700393,0.0020592873724080514,9.771003450786964e-15,0.04949166215956211,0.0002291280655535283,0.0014228366684252906,0.0019288338425884094,0.0015978362055147888,0.0021819553093508,ic,deformation_low_train__detaqscf__medium__n160_te0300_r3_seed1
deformation,deformation_ood_lambda0p75,medium,160,300,1,320,69120,0.0016469225743517217,0.0022256283055925442,9.535081058054119e-15,0.07766709104180336,0.0003595698659342748,0.001568298586561192,0.0021016996837561197,0.0017255465621422513,0.0023430111285712893,ic,deformation_low_train__detaqscf__medium__n160_te0300_r3_seed1
deformation,deformation_ood_lambda1p0,medium,160,300,1,320,69120,0.0019424042887398042,0.002621358407938295,8.754108549169359e-15,0.08223996050655842,0.0003807405579007335,0.001826097688507366,0.0024201863978335634,0.0020587108889722422,0.002808155552222666,ic,deformation_low_train__detaqscf__medium__n160_te0300_r3_seed1
deformation,deformation_ood_lambda0p5,medium,160,300,2,320,69120,0.001686425604480632,0.0023543354999082523,9.338016471183153e-15,0.02773358505219221,0.00012839622709348247,0.0018298138282261797,0.0025640103945095754,0.001543037380735084,0.002124062614214405,ic,deformation_low_train__detaqscf__medium__n160_te0300_r3_seed2
deformation,deformation_ood_lambda0p75,medium,160,300,2,320,69120,0.0019089223261902156,0.002658929345642622,9.45632461224477e-15,0.044300883822143075,0.0002050966843617735,0.002132344481120696,0.0030020845545896155,0.0016855001712597353,0.0022643539602574237,ic,deformation_low_train__detaqscf__medium__n160_te0300_r3_seed2
deformation,deformation_ood_lambda1p0,medium,160,300,2,320,69120,0.002368431703983748,0.0033210557224965507,8.903988657493756e-15,0.08886464275419712,0.00041141038312128304,0.0027821108676008995,0.0038965346786931044,0.001954752540366598,0.0026221822441615684,ic,deformation_low_train__detaqscf__medium__n160_te0300_r3_seed2
deformation,deformation_ood_lambda0p5,medium,160,600,0,320,69120,0.0011429945792570397,0.0015358014379689652,9.563877467755333e-15,0.0666231207549572,0.0003084403738655426,0.0010187381683671218,0.001371416417396753,0.0012672509901469574,0.0016842176592797432,ic,deformation_low_train__detaqscf__medium__n160_te0600_r3_seed0
deformation,deformation_ood_lambda0p75,medium,160,600,0,320,69120,0.0012516402258104624,0.0016841443212969839,8.824538322294018e-15,0.05807325318455696,0.0002688576536322082,0.001087531368395081,0.0014791289552309708,0.001415749083225844,0.0018667784345527173,ic,deformation_low_train__detaqscf__medium__n160_te0600_r3_seed0
deformation,deformation_ood_lambda1p0,medium,160,600,0,320,69120,0.0014683970437427937,0.002015034636054945,9.096196018631986e-15,0.053930725529789926,0.00024967928486013856,0.001227853873384342,0.0016771231316895262,0.0017089402141012458,0.0023039069360879317,ic,deformation_low_train__detaqscf__medium__n160_te0600_r3_seed0
deformation,deformation_ood_lambda0p5,medium,160,600,1,320,69120,0.0012377408369612308,0.0016863279175766716,9.294995328978927e-15,0.043033679760992524,0.00019922999889348392,0.0011874764737390769,0.0016179521700008094,0.0012880052001833845,0.0017520372332763422,ic,deformation_low_train__detaqscf__medium__n160_te0600_r3_seed1
deformation,deformation_ood_lambda0p75,medium,160,600,1,320,69120,0.001323490397021269,0.0017879449485697287,8.886641422733988e-15,0.06078130267560482,0.00028139491979446674,0.0012873470747941753,0.0017459044142273175,0.0013596337192483623,0.0018290194243401534,ic,deformation_low_train__detaqscf__medium__n160_te0600_r3_seed1
deformation,deformation_ood_lambda1p0,medium,160,600,1,320,69120,0.0015075338383435826,0.002031838497316435,9.287015600989435e-15,0.06315990034490823,0.00029240694604124186,0.0014626620008881025,0.0019568285377098396,0.0015524056757990632,0.0021041761885257112,ic,deformation_low_train__detaqscf__medium__n160_te0600_r3_seed1
deformation,deformation_ood_lambda0p5,medium,160,600,2,320,69120,0.0012136023351012385,0.0016523588721053717,8.931050343718993e-15,0.030902716517448425,0.0001430681320252242,0.0012718915670090678,0.0017645488196775844,0.0011553131031934098,0.0015319749173616113,ic,deformation_low_train__detaqscf__medium__n160_te0600_r3_seed2
deformation,deformation_ood_lambda0p75,medium,160,600,2,320,69120,0.0013550580026398553,0.0018582834869203936,9.499345754448996e-15,0.028133692033588887,0.00013024857422957818,0.0014643948826528772,0.002053197233471037,0.0012457211226268331,0.0016403707373605866,ic,deformation_low_train__detaqscf__medium__n160_te0600_r3_seed2
deformation,deformation_ood_lambda1p0,medium,160,600,2,320,69120,0.0016707133037703744,0.0023121994025858735,9.259260025373806e-15,0.031820719316601756,0.00014731814498426736,0.00190395049160584,0.002649394455581269,0.001437476115934909,0.00191657015873987,ic,deformation_low_train__detaqscf__medium__n160_te0600_r3_seed2
deformation,deformation_ood_lambda0p5,large,5,300,0,320,69120,0.007042293762572592,0.009584177358062813,9.428915981324337e-15,0.11612751642242074,0.0005376273908445405,0.007386316865633417,0.010078042790046633,0.006698270659511768,0.009063441111608598,ic,deformation_low_train__detaqscf__large__n005_te0300_r3_seed0
deformation,deformation_ood_lambda0p75,large,5,300,0,320,69120,0.007830473594143936,0.010685346790191032,9.247810850432359e-15,0.1461018804460764,0.0006763975946577611,0.008351768057262244,0.011508286164203333,0.007309179131025626,0.009793498946551116,ic,deformation_low_train__detaqscf__large__n005_te0300_r3_seed0
deformation,deformation_ood_lambda1p0,large,5,300,0,320,69120,0.009012019994311912,0.012367869686271162,9.22074916420712e-15,0.32968516517430546,0.0015263202091403028,0.009707855135065072,0.013315755870434579,0.008316184853558749,0.01134103376029528,ic,deformation_low_train__detaqscf__large__n005_te0300_r3_seed0
deformation,deformation_ood_lambda0p5,large,5,300,1,320,69120,0.006946664758335443,0.00936090781227671,9.376180387654642e-15,0.11116082575172186,0.000514633452554268,0.007307284721748236,0.009803983897749979,0.006586044794922651,0.008895790570407182,ic,deformation_low_train__detaqscf__large__n005_te0300_r3_seed1
deformation,deformation_ood_lambda0p75,large,5,300,1,320,69120,0.0076631974119369525,0.010254069400452237,9.037215420448775e-15,0.12649771431460977,0.0005856375662713414,0.008123804378635935,0.010881592013980002,0.007202590445237967,0.009585553389339006,ic,deformation_low_train__detaqscf__large__n005_te0300_r3_seed1
deformation,deformation_ood_lambda1p0,large,5,300,1,320,69120,0.009022602185280225,0.011939161219142411,9.171483017489379e-15,0.18855071421712638,0.0008729199732274369,0.009432580983358856,0.012361540720836702,0.008612623387201599,0.011501280460907136,ic,deformation_low_train__detaqscf__large__n005_te0300_r3_seed1
deformation,deformation_ood_lambda0p5,large,5,300,2,320,69120,0.006858214387377604,0.00920162634701138,9.022296798555374e-15,0.11094518769532442,0.0005136351282190945,0.006674491810556169,0.009093284953401629,0.0070419369641990396,0.009308706871325768,ic,deformation_low_train__detaqscf__large__n005_te0300_r3_seed2
deformation,deformation_ood_lambda0p75,large,5,300,2,320,69120,0.007840741106568655,0.010294389757809832,9.574632753306388e-15,0.13463643863797187,0.0006233168455461661,0.00803027972237262,0.01074371746718162,0.007651202490764693,0.009824533370943196,ic,deformation_low_train__detaqscf__large__n005_te0300_r3_seed2
deformation,deformation_ood_lambda1p0,large,5,300,2,320,69120,0.009409412502538572,0.012110372523722483,9.401507350403904e-15,0.277293486520648,0.001283766141299296,0.010130600543773832,0.013179837713444994,0.00868822446130331,0.010936824181357125,ic,deformation_low_train__detaqscf__large__n005_te0300_r3_seed2
deformation,deformation_ood_lambda0p5,large,5,600,0,320,69120,0.003425806521897016,0.004978601107015702,9.520856325551107e-15,0.04244077168405056,0.00019648505409282667,0.0036783798476067897,0.005420145735307576,0.0031732331961872437,0.004493880080018052,ic,deformation_low_train__detaqscf__large__n005_te0600_r3_seed0
deformation,deformation_ood_lambda0p75,large,5,600,0,320,69120,0.0039460584184104405,0.005872617621076839,8.586881206085195e-15,0.0537188533693552,0.00024869839522849636,0.004387861427363004,0.00667508897026331,0.003504255409457878,0.004941504091451663,ic,deformation_low_train__detaqscf__large__n005_te0600_r3_seed0
deformation,deformation_ood_lambda1p0,large,5,600,0,320,69120,0.00483316584291104,0.007351166981583537,8.700332121414078e-15,0.08647176111117005,0.00040033222736652805,0.00559046733435352,0.008482998541131652,0.004075864351468559,0.006009829259921306,ic,deformation_low_train__detaqscf__large__n005_te0600_r3_seed0
deformation,deformation_ood_lambda0p5,large,5,600,1,320,69120,0.0034752355371403866,0.004899390236427516,9.567346914707286e-15,0.06474744770675897,0.00029975670234610644,0.00355978565966386,0.005163588661379774,0.0033906854146169125,0.004620108387654208,ic,deformation_low_train__detaqscf__large__n005_te0600_r3_seed1
deformation,deformation_ood_lambda0p75,large,5,600,1,320,69120,0.003910591986604592,0.005486012731558191,8.632677905850982e-15,0.0568873830139637,0.00026336751395353563,0.004060007017955378,0.005930992180808523,0.003761176955253806,0.005001600057264205,ic,deformation_low_train__detaqscf__large__n005_te0600_r3_seed1
deformation,deformation_ood_lambda1p0,large,5,600,1,320,69120,0.00460733245652289,0.006362611292818519,8.679168495007161e-15,0.07346756476908922,0.0003401276146717094,0.0048731211339256425,0.006903788055878119,0.004341543779120141,0.005770905943308912,ic,deformation_low_train__detaqscf__large__n005_te0600_r3_seed1
deformation,deformation_ood_lambda0p5,large,5,600,2,320,69120,0.0032578126779043296,0.004577055585086372,9.289097269160607e-15,0.04351481962949037,0.0002014574982846777,0.0032638813974367725,0.004654779876463996,0.0032517439583718867,0.004497988434801329,ic,deformation_low_train__detaqscf__large__n005_te0600_r3_seed2
deformation,deformation_ood_lambda0p75,large,5,600,2,320,69120,0.0036121554871694035,0.004988903099833025,8.666331541284933e-15,0.048698142357170585,0.0002254543627646786,0.0037810847106030717,0.005356455757411314,0.0034432262637357344,0.004592024607723953,ic,deformation_low_train__detaqscf__large__n005_te0600_r3_seed2
deformation,deformation_ood_lambda1p0,large,5,600,2,320,69120,0.0041573139776355,0.005653477446610654,8.588962874256367e-15,0.06802092902362347,0.0003149117084427013,0.004598517845904095,0.006275452726098677,0.0037161101093669048,0.004954019333952111,ic,deformation_low_train__detaqscf__large__n005_te0600_r3_seed2
deformation,deformation_ood_lambda0p5,large,10,300,0,320,69120,0.005917580412844175,0.008080205569867998,8.811007479181398e-15,0.08711878769099712,0.00040332772079165334,0.005955772628718335,0.008179173539258927,0.005879388196970016,0.007980010295565932,ic,deformation_low_train__detaqscf__large__n010_te0300_r3_seed0
deformation,deformation_ood_lambda0p75,large,10,300,0,320,69120,0.006599553876397724,0.009031237812951114,8.834252773759488e-15,0.0877219656482339,0.00040612021133441616,0.006762184489733029,0.009400977989819977,0.006436923263062415,0.008645699838826027,ic,deformation_low_train__detaqscf__large__n010_te0300_r3_seed0
deformation,deformation_ood_lambda1p0,large,10,300,0,320,69120,0.007595449269099119,0.010514516664678623,9.61418444855866e-15,0.1261943549849093,0.0005842331249301355,0.007900058506518176,0.010972438768299316,0.007290840031680062,0.010035721641194078,ic,deformation_low_train__detaqscf__large__n010_te0300_r3_seed0
deformation,deformation_ood_lambda0p5,large,10,300,1,320,69120,0.00501712686077622,0.0069465915630836615,9.334547024231199e-15,0.07074391124770045,0.00032751810762824286,0.005368158638671191,0.007408004498926952,0.004666095082881248,0.006452266116062499,ic,deformation_low_train__detaqscf__large__n010_te0300_r3_seed1
deformation,deformation_ood_lambda0p75,large,10,300,1,320,69120,0.0055253453821244684,0.007515640074689949,8.945968965612394e-15,0.07133988989517093,0.00033027726803319874,0.005881023800734492,0.008009058946872502,0.005169666963514447,0.006987464937306851,ic,deformation_low_train__detaqscf__large__n010_te0300_r3_seed1
deformation,deformation_ood_lambda1p0,large,10,300,1,320,69120,0.006472839999521426,0.008624123171912608,9.345302309782255e-15,0.10780909741297365,0.0004991161917267297,0.006715982805746535,0.008818272954909157,0.0062296971932963175,0.00842550076027281,ic,deformation_low_train__detaqscf__large__n010_te0300_r3_seed1
deformation,deformation_ood_lambda0p5,large,10,300,2,320,69120,0.007360551985140713,0.00976421787211809,7.990830219739564e-15,0.15720435958355666,0.0007277979610349846,0.0070868104132402075,0.009514319357533498,0.007634293557041221,0.010007878320165767,ic,deformation_low_train__detaqscf__large__n010_te0300_r3_seed2
deformation,deformation_ood_lambda0p75,large,10,300,2,320,69120,0.008346884679694407,0.010852653778910268,9.361955655151633e-15,0.2890851229429245,0.0013383570506616874,0.008412998382625552,0.011110592546937616,0.008280770976763266,0.010588433375420795,ic,deformation_low_train__detaqscf__large__n010_te0300_r3_seed2
deformation,deformation_ood_lambda1p0,large,10,300,2,320,69120,0.009869434751928892,0.012619740764563294,9.015704849346662e-15,0.6350376293063164,0.0029399890245662796,0.010369385373430512,0.01341256525453024,0.009369484130427274,0.01177364884912614,ic,deformation_low_train__detaqscf__large__n010_te0300_r3_seed2
deformation,deformation_ood_lambda0p5,large,10,600,0,320,69120,0.003394601443164122,0.004859429538344741,8.996275946415722e-15,0.043554270267486574,0.00020164014012725266,0.003663607872974649,0.00525621012748897,0.0031255950133535952,0.004427230056362236,ic,deformation_low_train__detaqscf__large__n010_te0600_r3_seed0
deformation,deformation_ood_lambda0p75,large,10,600,0,320,69120,0.003886153795520056,0.005680275729074,8.800599138325537e-15,0.049475787580013274,0.00022905457212969108,0.004298918818513925,0.006356594419608711,0.0034733887725261867,0.0049116974765567286,ic,deformation_low_train__detaqscf__large__n010_te0600_r3_seed0
deformation,deformation_ood_lambda1p0,large,10,600,0,320,69120,0.004742444236371577,0.007099291716514205,9.893474928190926e-15,0.058592233993113044,0.00027126034256070853,0.005401562958708562,0.008027972020265561,0.004083325514034591,0.006029224742383361,ic,deformation_low_train__detaqscf__large__n010_te0600_r3_seed0
deformation,deformation_ood_lambda0p5,large,10,600,1,320,69120,0.003216352386161204,0.004569990312828481,9.205136652923329e-15,0.0461666626855731,0.00021373454947024587,0.0031958582574234634,0.0046834963920887145,0.003236846514898946,0.004453592310032915,ic,deformation_low_train__detaqscf__large__n010_te0600_r3_seed1
deformation,deformation_ood_lambda0p75,large,10,600,1,320,69120,0.0035720795271225116,0.005046217962338621,9.151013280472852e-15,0.06379686258733272,0.00029535584531172553,0.0035323527671616466,0.005222114559765584,0.0036118062870833766,0.004863964532307178,ic,deformation_low_train__detaqscf__large__n010_te0600_r3_seed1
deformation,deformation_ood_lambda1p0,large,10,600,1,320,69120,0.004122792881207965,0.005729759729094004,9.196809980238641e-15,0.09618522506207228,0.0004453019678799642,0.004065288084099869,0.005845465028244992,0.004180297678316061,0.005611669244517141,ic,deformation_low_train__detaqscf__large__n010_te0600_r3_seed1
deformation,deformation_ood_lambda0p5,large,10,600,2,320,69120,0.003115048039018206,0.004316350645623511,9.13331910101789e-15,0.05184525176882744,0.00024002431374457148,0.0030734650411103964,0.004298294130527692,0.003156631036926015,0.00433433193922895,ic,deformation_low_train__detaqscf__large__n010_te0600_r3_seed2
deformation,deformation_ood_lambda0p75,large,10,600,2,320,69120,0.0034040740678669434,0.004633572634863953,9.073644613444288e-15,0.10191609673202037,0.000471833781166761,0.0034617662719490495,0.004800141502920798,0.0033463818637848365,0.004460788302201463,ic,deformation_low_train__detaqscf__large__n010_te0600_r3_seed2
deformation,deformation_ood_lambda1p0,large,10,600,2,320,69120,0.0038427868927445705,0.005170997214609535,8.556350072908003e-15,0.20574839804321526,0.0009525388798297002,0.004025544562608268,0.005431293820451897,0.003660029222880873,0.004896883889058448,ic,deformation_low_train__detaqscf__large__n010_te0600_r3_seed2
deformation,deformation_ood_lambda0p5,large,20,300,0,320,69120,0.004341471803391196,0.0059593526312996204,9.270362255620057e-15,0.04765143282711506,0.00022060848531071787,0.0043407292884713195,0.005951839998489558,0.004342214318311074,0.005966855805257509,ic,deformation_low_train__detaqscf__large__n020_te0300_r3_seed0
deformation,deformation_ood_lambda0p75,large,20,300,0,320,69120,0.004846243416439852,0.006733463376580302,9.048317650695026e-15,0.053470717184245585,0.0002475496165937296,0.004947122031489365,0.0069641851249989065,0.004745364801390339,0.0064945503025413825,ic,deformation_low_train__detaqscf__large__n020_te0300_r3_seed0
deformation,deformation_ood_lambda1p0,large,20,300,0,320,69120,0.005569647610764337,0.008030110162479627,9.615572227339442e-15,0.06993383560329676,0.0003237677574226702,0.005843416980096613,0.008412326551736776,0.005295878241432062,0.007628767949679793,ic,deformation_low_train__detaqscf__large__n020_te0300_r3_seed0
deformation,deformation_ood_lambda0p5,large,20,300,1,320,69120,0.005172362417215482,0.006985945438087106,9.165584957671059e-15,0.06460189847275614,0.000299082863299797,0.005522364592138136,0.007439120454475592,0.004822360242292827,0.0065012578930283135,ic,deformation_low_train__detaqscf__large__n020_te0300_r3_seed1
deformation,deformation_ood_lambda0p75,large,20,300,1,320,69120,0.005753312506153254,0.007695544564103686,9.259953914764196e-15,0.1155197481624782,0.000534813648900362,0.006169528443507138,0.00825887135413051,0.005337096568799369,0.007087584654318706,ic,deformation_low_train__detaqscf__large__n020_te0300_r3_seed1
deformation,deformation_ood_lambda1p0,large,20,300,1,320,69120,0.006762548776238707,0.008953344045769059,9.549999679947518e-15,0.1982748611830175,0.0009179391721435994,0.007174985529942723,0.009344634305105258,0.006350112022534689,0.008544152907554173,ic,deformation_low_train__detaqscf__large__n020_te0300_r3_seed1
deformation,deformation_ood_lambda0p5,large,20,300,2,320,69120,0.0038717263869175347,0.005434526050461528,9.103134912535894e-15,0.10139836557209492,0.0004694368776485876,0.0036211350312474375,0.005137236245393768,0.004122317742587633,0.005716375647672437,ic,deformation_low_train__detaqscf__large__n020_te0300_r3_seed2
deformation,deformation_ood_lambda0p75,large,20,300,2,320,69120,0.004260550238010351,0.005841413449208907,8.763476055939634e-15,0.18492196407169104,0.0008561202040356067,0.0041731538008630215,0.005834522008942286,0.004347946675157683,0.005848296768834963,ic,deformation_low_train__detaqscf__large__n020_te0300_r3_seed2
deformation,deformation_ood_lambda1p0,large,20,300,2,320,69120,0.004922755019096031,0.00660394050762756,9.411915691259765e-15,0.3444922177121043,0.0015948713782967792,0.0050618406812518585,0.006830924778971819,0.004783669356940204,0.006368871730581259,ic,deformation_low_train__detaqscf__large__n020_te0300_r3_seed2
deformation,deformation_ood_lambda0p5,large,20,600,0,320,69120,0.0026039790838640006,0.003665618673818504,9.57602053208717e-15,0.03622460588812828,0.00016770650874133462,0.0028184181742947575,0.003983009565723643,0.0023895399934332436,0.0033180047201665955,ic,deformation_low_train__detaqscf__large__n020_te0600_r3_seed0
deformation,deformation_ood_lambda0p75,large,20,600,0,320,69120,0.002937057127074859,0.004227846843301644,9.936149125699956e-15,0.039011149853467944,0.00018060717524753675,0.00321539086656995,0.004708126850126813,0.0026587233875797664,0.0036855012445997544,ic,deformation_low_train__detaqscf__large__n020_te0600_r3_seed0
deformation,deformation_ood_lambda1p0,large,20,600,0,320,69120,0.0035690195540372485,0.005263660420290819,9.059766825636473e-15,0.053842147812247276,0.00024926920283447815,0.003947297142517073,0.005837836150666378,0.003190741965557425,0.00461864819165143,ic,deformation_low_train__detaqscf__large__n020_te0600_r3_seed0
deformation,deformation_ood_lambda0p5,large,20,600,1,320,69120,0.0026114957183787915,0.0038165297970501858,9.26342336171615e-15,0.13027494344860316,0.0006031247381879776,0.002482263745634021,0.003773388922519369,0.002740727691123561,0.0038591884409746014,ic,deformation_low_train__detaqscf__large__n020_te0600_r3_seed1
deformation,deformation_ood_lambda0p75,large,20,600,1,320,69120,0.002859037039686181,0.0040911542937919635,8.763476055939634e-15,0.16954704020172356,0.0007849400009339055,0.0027071325495661544,0.004074414682491016,0.003010941529806208,0.004107825690840164,ic,deformation_low_train__detaqscf__large__n020_te0600_r3_seed1
deformation,deformation_ood_lambda1p0,large,20,600,1,320,69120,0.0032948299869383964,0.004582440777681296,9.409834023088592e-15,0.2067477334290743,0.0009571654325420106,0.0030969709096143,0.004407909012986005,0.0034926890642624935,0.004750564713289301,ic,deformation_low_train__detaqscf__large__n020_te0600_r3_seed1
deformation,deformation_ood_lambda0p5,large,20,600,2,320,69120,0.0022169712545820966,0.003109633548214865,9.036174586363188e-15,0.04092666693031788,0.0001894753098625828,0.002222865096607025,0.0031423489446507596,0.002211077412557168,0.003076570284979526,ic,deformation_low_train__detaqscf__large__n020_te0600_r3_seed2
deformation,deformation_ood_lambda0p75,large,20,600,2,320,69120,0.0023725751211176233,0.0032971563732534666,9.058379046855692e-15,0.0983336029574275,0.00045524816183994217,0.00241354730840011,0.0034193413248847235,0.0023316029338351363,0.0031702657937951336,ic,deformation_low_train__detaqscf__large__n020_te0600_r3_seed2
deformation,deformation_ood_lambda1p0,large,20,600,2,320,69120,0.0026481611813375127,0.0036527988249576383,9.373751774788275e-15,0.2273337634280324,0.0010524711269816315,0.002745243119470652,0.003840166972129252,0.0025510792432043737,0.0034552852468922824,ic,deformation_low_train__detaqscf__large__n020_te0600_r3_seed2
deformation,deformation_ood_lambda0p5,large,40,300,0,320,69120,0.0027548483732432404,0.004042473142516205,9.212769436217627e-15,0.051771463640034196,0.00023968270203719543,0.0029518016362026205,0.004287446904633194,0.0025578951102838594,0.0037816632922407206,ic,deformation_low_train__detaqscf__large__n040_te0300_r3_seed0
deformation,deformation_ood_lambda0p75,large,40,300,0,320,69120,0.003114655102526166,0.004645099779777875,8.920988947558329e-15,0.04585620500147343,0.0002122972453771918,0.0033924792837338787,0.005062137255625352,0.002836830921318454,0.004186725490570733,ic,deformation_low_train__detaqscf__large__n040_te0300_r3_seed0
deformation,deformation_ood_lambda1p0,large,40,300,0,320,69120,0.0038392750284281935,0.005793398058275321,9.386241783815308e-15,0.04528046678751707,0.0002096317906829494,0.0042367297400680804,0.0062932659411062755,0.003441820316788305,0.005246115316857632,ic,deformation_low_train__detaqscf__large__n040_te0300_r3_seed0
deformation,deformation_ood_lambda0p5,large,40,300,1,320,69120,0.003134940239875188,0.004294200140715852,9.212075546827236e-15,0.08834878113120795,0.0004090221348667035,0.0029480041727642133,0.0040776371723278216,0.0033218763069861623,0.004500353851409738,ic,deformation_low_train__detaqscf__large__n040_te0300_r3_seed1
deformation,deformation_ood_lambda0p75,large,40,300,1,320,69120,0.003435792424835824,0.00467144787710221,9.08613462247132e-15,0.07940424624830485,0.0003676122511495595,0.0032357499643455084,0.00446869270132945,0.00363583488532614,0.004865761613360275,ic,deformation_low_train__detaqscf__large__n040_te0300_r3_seed1
deformation,deformation_ood_lambda1p0,large,40,300,1,320,69120,0.0039495546144381576,0.005382612859920113,9.581918591905492e-15,0.0912908224388957,0.000422642696476369,0.003662510575702356,0.00490489771481193,0.00423659865317396,0.005821255947541514,ic,deformation_low_train__detaqscf__large__n040_te0300_r3_seed1
deformation,deformation_ood_lambda0p5,large,40,300,2,320,69120,0.002569655144026002,0.0035458328239842585,8.960887587505795e-15,0.05072282440960407,0.0002348278907852041,0.0025485595552485808,0.003511426503843899,0.0025907507328034236,0.003579908481985395,ic,deformation_low_train__detaqscf__large__n040_te0300_r3_seed2
deformation,deformation_ood_lambda0p75,large,40,300,2,320,69120,0.002771981404361281,0.0037846637284942772,8.984132882083884e-15,0.0430211341008544,0.00019917191713358516,0.002806630761976469,0.003856973964499716,0.002737332046746093,0.0037109447466557297,ic,deformation_low_train__detaqscf__large__n040_te0300_r3_seed2
deformation,deformation_ood_lambda1p0,large,40,300,2,320,69120,0.003097245046306486,0.00425067612554679,9.075032392225068e-15,0.13752781711518763,0.0006367028570147576,0.0031578581911142524,0.00429015213122103,0.0030366319014987196,0.004210830053512798,ic,deformation_low_train__detaqscf__large__n040_te0300_r3_seed2
deformation,deformation_ood_lambda0p5,large,40,600,0,320,69120,0.002228571272230629,0.002890011769491359,8.854375566080818e-15,0.1493838619440794,0.000691591953444812,0.0023168617166420347,0.0030485350502014036,0.0021402808278192242,0.0027222729663446093,ic,deformation_low_train__detaqscf__large__n040_te0600_r3_seed0
deformation,deformation_ood_lambda0p75,large,40,600,0,320,69120,0.002421407223880657,0.003193174578168325,9.616613061425028e-15,0.2145941484719515,0.0009934914281108866,0.0024969935383320637,0.003403692605639182,0.0023458209094292487,0.0029677608427294278,ic,deformation_low_train__detaqscf__large__n040_te0600_r3_seed0
deformation,deformation_ood_lambda1p0,large,40,600,0,320,69120,0.002660542367553512,0.0036606062660905067,8.898784487065825e-15,0.33816874008625747,0.0015655960189178586,0.0027303630109258067,0.003886729925998342,0.0025907217241812174,0.003419562392036602,ic,deformation_low_train__detaqscf__large__n040_te0600_r3_seed0
deformation,deformation_ood_lambda0p5,large,40,600,1,320,69120,0.0021447566764979187,0.0029464876482766435,8.949785357259543e-15,0.04680608455091715,0.00021669483588387573,0.0020039721581170174,0.002797132849244381,0.0022855411948788204,0.0030886286190754076,ic,deformation_low_train__detaqscf__large__n040_te0600_r3_seed1
deformation,deformation_ood_lambda0p75,large,40,600,1,320,69120,0.002398379439544265,0.0032481770046171115,9.44591627138891e-15,0.05036862418055534,0.00023318807490997845,0.0022641991889513044,0.0031422711558508174,0.0025325596901372245,0.0033507371860166456,ic,deformation_low_train__detaqscf__large__n040_te0600_r3_seed1
deformation,deformation_ood_lambda1p0,large,40,600,1,320,69120,0.002902308506075106,0.0038645789904964644,9.247116961041969e-15,0.07083937153220177,0.00032796005338982297,0.0027539618664953877,0.0036535269351002852,0.0030506551456548248,0.004064687255136619,ic,deformation_low_train__detaqscf__large__n040_te0600_r3_seed1
deformation,deformation_ood_lambda0p5,large,40,600,2,320,69120,0.0019038059605385811,0.002603420554311627,8.727046862944121e-15,0.08462778478860855,0.0003917952999472618,0.0019149483508425313,0.0026706020475301137,0.001892663570234631,0.0025344588907600146,ic,deformation_low_train__detaqscf__large__n040_te0600_r3_seed2
deformation,deformation_ood_lambda0p75,large,40,600,2,320,69120,0.002071638847262099,0.0028183798489110554,9.373751774788275e-15,0.10970030203461648,0.0005078717686787799,0.0021241357611666025,0.0029699300997973696,0.0020191419333575955,0.0026582033684075784,ic,deformation_low_train__detaqscf__large__n040_te0600_r3_seed2
deformation,deformation_ood_lambda1p0,large,40,600,2,320,69120,0.002465779385400108,0.0033560005589530354,9.616613061425028e-15,0.15839815828949214,0.0007333248068957967,0.0025759654534649777,0.0036028126654661734,0.002355593317335238,0.00308953401032303,ic,deformation_low_train__detaqscf__large__n040_te0600_r3_seed2
deformation,deformation_ood_lambda0p5,large,80,300,0,320,69120,0.002212651221599655,0.003142574948786565,9.267586698058494e-15,0.03081487976014614,0.00014266148037104699,0.002377893740521419,0.003378673826517365,0.0020474087026778904,0.0028872335879676016,ic,deformation_low_train__detaqscf__large__n080_te0300_r3_seed0
deformation,deformation_ood_lambda0p75,large,80,300,0,320,69120,0.002520283091637984,0.0036441523813483725,8.531370054853937e-15,0.05219341609627008,0.00024163618563088,0.0027083486300862464,0.00397397558369481,0.002332217553189722,0.003281342898444405,ic,deformation_low_train__detaqscf__large__n080_te0300_r3_seed0
deformation,deformation_ood_lambda1p0,large,80,300,0,320,69120,0.0031030462198189373,0.004562692291083018,9.544795509519588e-15,0.11335948556661606,0.000524812433178778,0.003315244571370327,0.004886929947097806,0.0028908478682675483,0.004213577764605208,ic,deformation_low_train__detaqscf__large__n080_te0300_r3_seed0
deformation,deformation_ood_lambda0p5,large,80,300,1,320,69120,0.002174251328544392,0.0031048498225774053,8.166037290813221e-15,0.03601777479052544,0.0001667489573635437,0.002034558192603239,0.002987214954707785,0.0023139444644855456,0.003218187635282949,ic,deformation_low_train__detaqscf__large__n080_te0300_r3_seed1
deformation,deformation_ood_lambda0p75,large,80,300,1,320,69120,0.0024114893058689237,0.0033862952017237316,9.01952124099381e-15,0.04071472361683846,0.00018849409081869657,0.002260077620577961,0.0032962363546998837,0.002562900991159886,0.003474020189980069,ic,deformation_low_train__detaqscf__large__n080_te0300_r3_seed1
deformation,deformation_ood_lambda1p0,large,80,300,1,320,69120,0.0028791507806651935,0.003956046066416179,8.312447952185665e-15,0.049497649632394315,0.00022915578533515887,0.002698652081486011,0.003725351577055831,0.0030596494798443767,0.004174009653383841,ic,deformation_low_train__detaqscf__large__n080_te0300_r3_seed1
deformation,deformation_ood_lambda0p5,large,80,300,2,320,69120,0.001953618863162512,0.0026873123885269184,8.42867442507611e-15,0.032554706931114195,0.00015071623579219535,0.0019383053341624939,0.0027077115163371916,0.0019689323921625295,0.0026667572239248644,ic,deformation_low_train__detaqscf__large__n080_te0300_r3_seed2
deformation,deformation_ood_lambda0p75,large,80,300,2,320,69120,0.002100035554166648,0.0028823598982745816,9.592673877456548e-15,0.046485832519829275,0.0002152121875918022,0.0021255529802790825,0.002983083548356107,0.002074518128054214,0.0027779866288177224,ic,deformation_low_train__detaqscf__large__n080_te0300_r3_seed2
deformation,deformation_ood_lambda1p0,large,80,300,2,320,69120,0.002397048224542362,0.003300544779460795,8.744047153008694e-15,0.08644469808787107,0.0004002069355919956,0.002474740828260965,0.003460464384855766,0.0023193556208237582,0.0031324715359595232,ic,deformation_low_train__detaqscf__large__n080_te0300_r3_seed2
deformation,deformation_ood_lambda0p5,large,80,600,0,320,69120,0.0016175113393847203,0.002303669792133478,9.020562075079397e-15,0.03720093332231045,0.00017222654315884466,0.001676033352407792,0.0024099808403385014,0.0015589893263616484,0.0021922092444787147,ic,deformation_low_train__detaqscf__large__n080_te0600_r3_seed0
deformation,deformation_ood_lambda0p75,large,80,600,0,320,69120,0.001805394056704424,0.00260188325885275,9.71445146547012e-15,0.0275320990011096,0.00012746342130143332,0.001878090080165078,0.002767931589639246,0.0017326980332437701,0.0024244891627874057,ic,deformation_low_train__detaqscf__large__n080_te0600_r3_seed0
deformation,deformation_ood_lambda1p0,large,80,600,0,320,69120,0.002123071748008939,0.0031163621248154806,8.73537353562881e-15,0.05983879547566175,0.0002770314605354711,0.0022085150401171838,0.0032756835033621048,0.0020376284559006936,0.002948444229041865,ic,deformation_low_train__detaqscf__large__n080_te0600_r3_seed0
deformation,deformation_ood_lambda0p5,large,80,600,1,320,69120,0.0014805789362857646,0.002046905458752172,9.863637684404125e-15,0.025108291208744048,0.0001162420889293706,0.001400952963896264,0.0019643569752884147,0.0015602049086752656,0.002126251534455562,ic,deformation_low_train__detaqscf__large__n080_te0600_r3_seed1
deformation,deformation_ood_lambda0p75,large,80,600,1,320,69120,0.0016790997554274696,0.002296376318449406,9.480610740908446e-15,0.03463688921183348,0.00016035596857330312,0.0016161400128369295,0.002270595164990581,0.001742059498018009,0.0023218712256694793,ic,deformation_low_train__detaqscf__large__n080_te0600_r3_seed1
deformation,deformation_ood_lambda1p0,large,80,600,1,320,69120,0.0020942992734689575,0.002806352599412332,8.696515729766929e-15,0.06233536973595619,0.00028858967470350087,0.002029373844819136,0.002730961651348463,0.002159224702118779,0.00287977052615669,ic,deformation_low_train__detaqscf__large__n080_te0600_r3_seed1
deformation,deformation_ood_lambda0p5,large,80,600,2,320,69120,0.0013485781984967124,0.001836779243636898,8.828007769245971e-15,0.027137628570199013,0.00012563716930647688,0.001378101554273823,0.0019139798648132574,0.0013190548427196014,0.0017561882179311233,ic,deformation_low_train__detaqscf__large__n080_te0600_r3_seed2
deformation,deformation_ood_lambda0p75,large,80,600,2,320,69120,0.0014747420955060972,0.002003246707948286,9.157605229681565e-15,0.03191158883273602,0.0001477388371885927,0.0015220974559227542,0.002106760466266519,0.0014273867350894402,0.001894084233498545,ic,deformation_low_train__detaqscf__large__n080_te0600_r3_seed2
deformation,deformation_ood_lambda1p0,large,80,600,2,320,69120,0.0017681010680759277,0.002421409758611899,9.200279427190595e-15,0.04480856563895941,0.00020744706314333058,0.0018337491972069153,0.002556623203565105,0.00170245293894494,0.0022781852938675486,ic,deformation_low_train__detaqscf__large__n080_te0600_r3_seed2
deformation,deformation_ood_lambda0p5,large,160,300,0,320,69120,0.001682453968494157,0.0023726614655214047,9.308179227396352e-15,0.027469382062554358,0.00012717306510441837,0.0017520309442817777,0.002485040221151988,0.0016128769927065366,0.0022546884394960736,ic,deformation_low_train__detaqscf__large__n160_te0300_r3_seed0
deformation,deformation_ood_lambda0p75,large,160,300,0,320,69120,0.0018914320837436127,0.0026918312211963637,9.892087149410144e-15,0.05484036449342966,0.00025389057635847066,0.001959206534927105,0.0028514239427069564,0.0018236576325601204,0.002522160214136392,ic,deformation_low_train__detaqscf__large__n160_te0300_r3_seed0
deformation,deformation_ood_lambda1p0,large,160,300,0,320,69120,0.0022309491334838185,0.0032403154855980263,8.945968965612394e-15,0.13427564539015294,0.0006216465064358932,0.002288996902615757,0.003374784724996019,0.0021729013643518795,0.0031000188632242702,ic,deformation_low_train__detaqscf__large__n160_te0300_r3_seed0
deformation,deformation_ood_lambda0p5,large,160,300,1,320,69120,0.0015052274988474907,0.002114061738069253,9.756431773588758e-15,0.06704918406903744,0.0003104128892085068,0.0013912348494135528,0.001973998837551814,0.001619220148281428,0.002245404786242531,ic,deformation_low_train__detaqscf__large__n160_te0300_r3_seed1
deformation,deformation_ood_lambda0p75,large,160,300,1,320,69120,0.0016994843174497735,0.002355452723518154,8.958458974639427e-15,0.08227428272366524,0.00038089945705400567,0.0016009680775411943,0.002277811901901647,0.0017980005573583527,0.0024306147380885722,ic,deformation_low_train__detaqscf__large__n160_te0300_r3_seed1
deformation,deformation_ood_lambda1p0,large,160,300,1,320,69120,0.0021370616871148186,0.002894790296336001,9.22595333463505e-15,0.10074666738510132,0.000466419756412506,0.002024390665745293,0.002749771533934664,0.002249732708484343,0.003032882825083216,ic,deformation_low_train__detaqscf__large__n160_te0300_r3_seed1
deformation,deformation_ood_lambda0p5,large,160,300,2,320,69120,0.0015002323134734575,0.0020947800353853106,9.466386008405436e-15,0.0354378717020154,0.00016406422084266388,0.0015138890045383287,0.0021423418454057127,0.0014865756224085856,0.0020461129516039455,ic,deformation_low_train__detaqscf__large__n160_te0300_r3_seed2
deformation,deformation_ood_lambda0p75,large,160,300,2,320,69120,0.0016052309539701163,0.002235539577888429,8.895315040113872e-15,0.0509589608758688,0.00023592111516605925,0.0016338494022642563,0.002319319545464034,0.0015766125056759766,0.0021484951139436313,ic,deformation_low_train__detaqscf__large__n160_te0300_r3_seed2
deformation,deformation_ood_lambda1p0,large,160,300,2,320,69120,0.0018661344872544223,0.0026190656259392387,9.208259155180087e-15,0.0760362109169364,0.00035201949498581673,0.0018977206083945922,0.0027308246800649355,0.0018345483661142523,0.002502320137932242,ic,deformation_low_train__detaqscf__large__n160_te0300_r3_seed2
deformation,deformation_ood_lambda0p5,large,160,600,0,320,69120,0.0019732134223232798,0.0024108874216730446,9.751227603160828e-15,0.07497090008109808,0.00034708750037545406,0.0019669361943660114,0.002425328529269388,0.001979490650280547,0.0023963592896463983,ic,deformation_low_train__detaqscf__large__n160_te0600_r3_seed0
deformation,deformation_ood_lambda0p75,large,160,600,0,320,69120,0.0019596805137218664,0.0024575534396978492,9.788697630241927e-15,0.06336873937398195,0.00029337379339806457,0.0019638663655739707,0.002506459218502438,0.0019554946618697625,0.0024076544610731852,ic,deformation_low_train__detaqscf__large__n160_te0600_r3_seed0
deformation,deformation_ood_lambda1p0,large,160,600,0,320,69120,0.0019475580009137405,0.0025571712507162342,9.014664015261076e-15,0.03388924673199654,0.00015689466079628025,0.0019778063504340884,0.002635416662162165,0.001917309651393393,0.002476454850744768,ic,deformation_low_train__detaqscf__large__n160_te0600_r3_seed0
deformation,deformation_ood_lambda0p5,large,160,600,1,320,69120,0.0012569724437295217,0.0017203331698787397,9.451467386512035e-15,0.027467147260904313,0.00012716271880048292,0.0011846561910902678,0.0016271266936029856,0.0013292886963687752,0.001808742976139695,ic,deformation_low_train__detaqscf__large__n160_te0600_r3_seed1
deformation,deformation_ood_lambda0p75,large,160,600,1,320,69120,0.0014150508073019952,0.001917869473750552,9.03305208410643e-15,0.029273058474063873,0.00013552341886140682,0.001345494791558102,0.001859183993153479,0.0014846068230458878,0.001974811767306019,ic,deformation_low_train__detaqscf__large__n160_te0600_r3_seed1
deformation,deformation_ood_lambda1p0,large,160,600,1,320,69120,0.0017409663667694113,0.0023303718953456135,8.765557724110806e-15,0.03180819116532803,0.00014726014428392606,0.001653678895712706,0.0022100499653405726,0.0018282538378261164,0.0024447792317367936,ic,deformation_low_train__detaqscf__large__n160_te0600_r3_seed1
deformation,deformation_ood_lambda0p5,large,160,600,2,320,69120,0.0011295548762355783,0.0015063098823452142,9.328302019717682e-15,0.07995827719569207,0.0003701772092393151,0.0011381823817377878,0.0015343708783500333,0.0011209273707333683,0.0014777161198867167,ic,deformation_low_train__detaqscf__large__n160_te0600_r3_seed2
deformation,deformation_ood_lambda0p75,large,160,600,2,320,69120,0.0012357869016473525,0.0016437709584393282,8.649678195915555e-15,0.08442971482872963,0.0003908783093922668,0.0012501788319220102,0.0016744440158649528,0.001221394971372695,0.0016125145473300836,ic,deformation_low_train__detaqscf__large__n160_te0600_r3_seed2
deformation,deformation_ood_lambda1p0,large,160,600,2,320,69120,0.0014866551122115865,0.0020020375998673666,9.335587858316786e-15,0.10992051251232623,0.00050889126163114,0.0015052888203068646,0.002028601299147978,0.0014680214041163083,0.001975116672923528,ic,deformation_low_train__detaqscf__large__n160_te0600_r3_seed2
